INFO - 2024-11-06 09:12:40 --> Session: Class initialized using 'CodeIgniter\Session\Handlers\FileHandler' driver.
WARNING - 2024-11-06 09:12:42 --> [DEPRECATED] Creation of dynamic property App\Controllers\User::$db is deprecated in APPPATH/Controllers/Api.php on line 8.
 1 SYSTEMPATH/CodeIgniter.php(906): App\Controllers\Api->__construct()
 2 SYSTEMPATH/CodeIgniter.php(490): CodeIgniter\CodeIgniter->createController()
 3 SYSTEMPATH/CodeIgniter.php(368): CodeIgniter\CodeIgniter->handleRequest(null, Object(Config\Cache), false)
 4 FCPATH/index.php(67): CodeIgniter\CodeIgniter->run()
WARNING - 2024-11-06 09:12:42 --> [DEPRECATED] Creation of dynamic property App\Controllers\User::$simrs is deprecated in APPPATH/Controllers/Api.php on line 9.
 1 SYSTEMPATH/CodeIgniter.php(906): App\Controllers\Api->__construct()
 2 SYSTEMPATH/CodeIgniter.php(490): CodeIgniter\CodeIgniter->createController()
 3 SYSTEMPATH/CodeIgniter.php(368): CodeIgniter\CodeIgniter->handleRequest(null, Object(Config\Cache), false)
 4 FCPATH/index.php(67): CodeIgniter\CodeIgniter->run()
WARNING - 2024-11-06 09:12:42 --> [DEPRECATED] Creation of dynamic property App\Controllers\Laporan::$db is deprecated in APPPATH/Controllers/Api.php on line 8.
 1 SYSTEMPATH/CodeIgniter.php(906): App\Controllers\Api->__construct()
 2 SYSTEMPATH/CodeIgniter.php(490): CodeIgniter\CodeIgniter->createController()
 3 SYSTEMPATH/CodeIgniter.php(368): CodeIgniter\CodeIgniter->handleRequest(null, Object(Config\Cache), false)
 4 FCPATH/index.php(67): CodeIgniter\CodeIgniter->run()
WARNING - 2024-11-06 09:12:42 --> [DEPRECATED] Creation of dynamic property App\Controllers\Laporan::$simrs is deprecated in APPPATH/Controllers/Api.php on line 9.
 1 SYSTEMPATH/CodeIgniter.php(906): App\Controllers\Api->__construct()
 2 SYSTEMPATH/CodeIgniter.php(490): CodeIgniter\CodeIgniter->createController()
 3 SYSTEMPATH/CodeIgniter.php(368): CodeIgniter\CodeIgniter->handleRequest(null, Object(Config\Cache), false)
 4 FCPATH/index.php(67): CodeIgniter\CodeIgniter->run()
WARNING - 2024-11-06 09:12:42 --> [DEPRECATED] Creation of dynamic property App\Controllers\User::$db is deprecated in APPPATH/Controllers/Api.php on line 8.
 1 SYSTEMPATH/CodeIgniter.php(906): App\Controllers\Api->__construct()
 2 SYSTEMPATH/CodeIgniter.php(490): CodeIgniter\CodeIgniter->createController()
 3 SYSTEMPATH/CodeIgniter.php(368): CodeIgniter\CodeIgniter->handleRequest(null, Object(Config\Cache), false)
 4 FCPATH/index.php(67): CodeIgniter\CodeIgniter->run()
WARNING - 2024-11-06 09:12:42 --> [DEPRECATED] Creation of dynamic property App\Controllers\User::$simrs is deprecated in APPPATH/Controllers/Api.php on line 9.
 1 SYSTEMPATH/CodeIgniter.php(906): App\Controllers\Api->__construct()
 2 SYSTEMPATH/CodeIgniter.php(490): CodeIgniter\CodeIgniter->createController()
 3 SYSTEMPATH/CodeIgniter.php(368): CodeIgniter\CodeIgniter->handleRequest(null, Object(Config\Cache), false)
 4 FCPATH/index.php(67): CodeIgniter\CodeIgniter->run()
WARNING - 2024-11-06 09:12:42 --> [DEPRECATED] Creation of dynamic property App\Controllers\User::$db is deprecated in APPPATH/Controllers/Api.php on line 8.
 1 SYSTEMPATH/CodeIgniter.php(906): App\Controllers\Api->__construct()
 2 SYSTEMPATH/CodeIgniter.php(490): CodeIgniter\CodeIgniter->createController()
 3 SYSTEMPATH/CodeIgniter.php(368): CodeIgniter\CodeIgniter->handleRequest(null, Object(Config\Cache), false)
 4 FCPATH/index.php(67): CodeIgniter\CodeIgniter->run()
WARNING - 2024-11-06 09:12:42 --> [DEPRECATED] Creation of dynamic property App\Controllers\User::$simrs is deprecated in APPPATH/Controllers/Api.php on line 9.
 1 SYSTEMPATH/CodeIgniter.php(906): App\Controllers\Api->__construct()
 2 SYSTEMPATH/CodeIgniter.php(490): CodeIgniter\CodeIgniter->createController()
 3 SYSTEMPATH/CodeIgniter.php(368): CodeIgniter\CodeIgniter->handleRequest(null, Object(Config\Cache), false)
 4 FCPATH/index.php(67): CodeIgniter\CodeIgniter->run()
WARNING - 2024-11-06 09:20:06 --> [DEPRECATED] Creation of dynamic property App\Controllers\Laporan::$db is deprecated in APPPATH/Controllers/Api.php on line 8.
 1 SYSTEMPATH/CodeIgniter.php(906): App\Controllers\Api->__construct()
 2 SYSTEMPATH/CodeIgniter.php(490): CodeIgniter\CodeIgniter->createController()
 3 SYSTEMPATH/CodeIgniter.php(368): CodeIgniter\CodeIgniter->handleRequest(null, Object(Config\Cache), false)
 4 FCPATH/index.php(67): CodeIgniter\CodeIgniter->run()
WARNING - 2024-11-06 09:20:06 --> [DEPRECATED] Creation of dynamic property App\Controllers\Laporan::$simrs is deprecated in APPPATH/Controllers/Api.php on line 9.
 1 SYSTEMPATH/CodeIgniter.php(906): App\Controllers\Api->__construct()
 2 SYSTEMPATH/CodeIgniter.php(490): CodeIgniter\CodeIgniter->createController()
 3 SYSTEMPATH/CodeIgniter.php(368): CodeIgniter\CodeIgniter->handleRequest(null, Object(Config\Cache), false)
 4 FCPATH/index.php(67): CodeIgniter\CodeIgniter->run()
WARNING - 2024-11-06 09:20:06 --> [DEPRECATED] Creation of dynamic property App\Controllers\User::$db is deprecated in APPPATH/Controllers/Api.php on line 8.
 1 SYSTEMPATH/CodeIgniter.php(906): App\Controllers\Api->__construct()
 2 SYSTEMPATH/CodeIgniter.php(490): CodeIgniter\CodeIgniter->createController()
 3 SYSTEMPATH/CodeIgniter.php(368): CodeIgniter\CodeIgniter->handleRequest(null, Object(Config\Cache), false)
 4 FCPATH/index.php(67): CodeIgniter\CodeIgniter->run()
WARNING - 2024-11-06 09:20:06 --> [DEPRECATED] Creation of dynamic property App\Controllers\User::$simrs is deprecated in APPPATH/Controllers/Api.php on line 9.
 1 SYSTEMPATH/CodeIgniter.php(906): App\Controllers\Api->__construct()
 2 SYSTEMPATH/CodeIgniter.php(490): CodeIgniter\CodeIgniter->createController()
 3 SYSTEMPATH/CodeIgniter.php(368): CodeIgniter\CodeIgniter->handleRequest(null, Object(Config\Cache), false)
 4 FCPATH/index.php(67): CodeIgniter\CodeIgniter->run()
WARNING - 2024-11-06 09:20:06 --> [DEPRECATED] Creation of dynamic property App\Controllers\User::$db is deprecated in APPPATH/Controllers/Api.php on line 8.
 1 SYSTEMPATH/CodeIgniter.php(906): App\Controllers\Api->__construct()
 2 SYSTEMPATH/CodeIgniter.php(490): CodeIgniter\CodeIgniter->createController()
 3 SYSTEMPATH/CodeIgniter.php(368): CodeIgniter\CodeIgniter->handleRequest(null, Object(Config\Cache), false)
 4 FCPATH/index.php(67): CodeIgniter\CodeIgniter->run()
WARNING - 2024-11-06 09:20:06 --> [DEPRECATED] Creation of dynamic property App\Controllers\User::$simrs is deprecated in APPPATH/Controllers/Api.php on line 9.
 1 SYSTEMPATH/CodeIgniter.php(906): App\Controllers\Api->__construct()
 2 SYSTEMPATH/CodeIgniter.php(490): CodeIgniter\CodeIgniter->createController()
 3 SYSTEMPATH/CodeIgniter.php(368): CodeIgniter\CodeIgniter->handleRequest(null, Object(Config\Cache), false)
 4 FCPATH/index.php(67): CodeIgniter\CodeIgniter->run()
INFO - 2024-11-06 09:20:41 --> Session: Class initialized using 'CodeIgniter\Session\Handlers\FileHandler' driver.
WARNING - 2024-11-06 09:20:44 --> [DEPRECATED] Creation of dynamic property App\Controllers\User::$db is deprecated in APPPATH/Controllers/Api.php on line 8.
 1 SYSTEMPATH/CodeIgniter.php(906): App\Controllers\Api->__construct()
 2 SYSTEMPATH/CodeIgniter.php(490): CodeIgniter\CodeIgniter->createController()
 3 SYSTEMPATH/CodeIgniter.php(368): CodeIgniter\CodeIgniter->handleRequest(null, Object(Config\Cache), false)
 4 FCPATH/index.php(67): CodeIgniter\CodeIgniter->run()
WARNING - 2024-11-06 09:20:44 --> [DEPRECATED] Creation of dynamic property App\Controllers\User::$simrs is deprecated in APPPATH/Controllers/Api.php on line 9.
 1 SYSTEMPATH/CodeIgniter.php(906): App\Controllers\Api->__construct()
 2 SYSTEMPATH/CodeIgniter.php(490): CodeIgniter\CodeIgniter->createController()
 3 SYSTEMPATH/CodeIgniter.php(368): CodeIgniter\CodeIgniter->handleRequest(null, Object(Config\Cache), false)
 4 FCPATH/index.php(67): CodeIgniter\CodeIgniter->run()
WARNING - 2024-11-06 09:20:50 --> [DEPRECATED] Creation of dynamic property App\Controllers\User::$db is deprecated in APPPATH/Controllers/Api.php on line 8.
 1 SYSTEMPATH/CodeIgniter.php(906): App\Controllers\Api->__construct()
 2 SYSTEMPATH/CodeIgniter.php(490): CodeIgniter\CodeIgniter->createController()
 3 SYSTEMPATH/CodeIgniter.php(368): CodeIgniter\CodeIgniter->handleRequest(null, Object(Config\Cache), false)
 4 FCPATH/index.php(67): CodeIgniter\CodeIgniter->run()
WARNING - 2024-11-06 09:20:50 --> [DEPRECATED] Creation of dynamic property App\Controllers\User::$simrs is deprecated in APPPATH/Controllers/Api.php on line 9.
 1 SYSTEMPATH/CodeIgniter.php(906): App\Controllers\Api->__construct()
 2 SYSTEMPATH/CodeIgniter.php(490): CodeIgniter\CodeIgniter->createController()
 3 SYSTEMPATH/CodeIgniter.php(368): CodeIgniter\CodeIgniter->handleRequest(null, Object(Config\Cache), false)
 4 FCPATH/index.php(67): CodeIgniter\CodeIgniter->run()
WARNING - 2024-11-06 09:20:50 --> [DEPRECATED] Creation of dynamic property App\Controllers\Laporan::$db is deprecated in APPPATH/Controllers/Api.php on line 8.
 1 SYSTEMPATH/CodeIgniter.php(906): App\Controllers\Api->__construct()
 2 SYSTEMPATH/CodeIgniter.php(490): CodeIgniter\CodeIgniter->createController()
 3 SYSTEMPATH/CodeIgniter.php(368): CodeIgniter\CodeIgniter->handleRequest(null, Object(Config\Cache), false)
 4 FCPATH/index.php(67): CodeIgniter\CodeIgniter->run()
WARNING - 2024-11-06 09:20:50 --> [DEPRECATED] Creation of dynamic property App\Controllers\Laporan::$simrs is deprecated in APPPATH/Controllers/Api.php on line 9.
 1 SYSTEMPATH/CodeIgniter.php(906): App\Controllers\Api->__construct()
 2 SYSTEMPATH/CodeIgniter.php(490): CodeIgniter\CodeIgniter->createController()
 3 SYSTEMPATH/CodeIgniter.php(368): CodeIgniter\CodeIgniter->handleRequest(null, Object(Config\Cache), false)
 4 FCPATH/index.php(67): CodeIgniter\CodeIgniter->run()
WARNING - 2024-11-06 09:20:50 --> [DEPRECATED] Creation of dynamic property App\Controllers\User::$db is deprecated in APPPATH/Controllers/Api.php on line 8.
 1 SYSTEMPATH/CodeIgniter.php(906): App\Controllers\Api->__construct()
 2 SYSTEMPATH/CodeIgniter.php(490): CodeIgniter\CodeIgniter->createController()
 3 SYSTEMPATH/CodeIgniter.php(368): CodeIgniter\CodeIgniter->handleRequest(null, Object(Config\Cache), false)
 4 FCPATH/index.php(67): CodeIgniter\CodeIgniter->run()
WARNING - 2024-11-06 09:20:50 --> [DEPRECATED] Creation of dynamic property App\Controllers\User::$simrs is deprecated in APPPATH/Controllers/Api.php on line 9.
 1 SYSTEMPATH/CodeIgniter.php(906): App\Controllers\Api->__construct()
 2 SYSTEMPATH/CodeIgniter.php(490): CodeIgniter\CodeIgniter->createController()
 3 SYSTEMPATH/CodeIgniter.php(368): CodeIgniter\CodeIgniter->handleRequest(null, Object(Config\Cache), false)
 4 FCPATH/index.php(67): CodeIgniter\CodeIgniter->run()
WARNING - 2024-11-06 09:20:50 --> [DEPRECATED] Creation of dynamic property App\Controllers\User::$db is deprecated in APPPATH/Controllers/Api.php on line 8.
 1 SYSTEMPATH/CodeIgniter.php(906): App\Controllers\Api->__construct()
 2 SYSTEMPATH/CodeIgniter.php(490): CodeIgniter\CodeIgniter->createController()
 3 SYSTEMPATH/CodeIgniter.php(368): CodeIgniter\CodeIgniter->handleRequest(null, Object(Config\Cache), false)
 4 FCPATH/index.php(67): CodeIgniter\CodeIgniter->run()
WARNING - 2024-11-06 09:20:50 --> [DEPRECATED] Creation of dynamic property App\Controllers\User::$simrs is deprecated in APPPATH/Controllers/Api.php on line 9.
 1 SYSTEMPATH/CodeIgniter.php(906): App\Controllers\Api->__construct()
 2 SYSTEMPATH/CodeIgniter.php(490): CodeIgniter\CodeIgniter->createController()
 3 SYSTEMPATH/CodeIgniter.php(368): CodeIgniter\CodeIgniter->handleRequest(null, Object(Config\Cache), false)
 4 FCPATH/index.php(67): CodeIgniter\CodeIgniter->run()
INFO - 2024-11-06 09:20:57 --> Session: Class initialized using 'CodeIgniter\Session\Handlers\FileHandler' driver.
WARNING - 2024-11-06 09:20:59 --> [DEPRECATED] Creation of dynamic property App\Controllers\User::$db is deprecated in APPPATH/Controllers/Api.php on line 8.
 1 SYSTEMPATH/CodeIgniter.php(906): App\Controllers\Api->__construct()
 2 SYSTEMPATH/CodeIgniter.php(490): CodeIgniter\CodeIgniter->createController()
 3 SYSTEMPATH/CodeIgniter.php(368): CodeIgniter\CodeIgniter->handleRequest(null, Object(Config\Cache), false)
 4 FCPATH/index.php(67): CodeIgniter\CodeIgniter->run()
WARNING - 2024-11-06 09:20:59 --> [DEPRECATED] Creation of dynamic property App\Controllers\User::$simrs is deprecated in APPPATH/Controllers/Api.php on line 9.
 1 SYSTEMPATH/CodeIgniter.php(906): App\Controllers\Api->__construct()
 2 SYSTEMPATH/CodeIgniter.php(490): CodeIgniter\CodeIgniter->createController()
 3 SYSTEMPATH/CodeIgniter.php(368): CodeIgniter\CodeIgniter->handleRequest(null, Object(Config\Cache), false)
 4 FCPATH/index.php(67): CodeIgniter\CodeIgniter->run()
WARNING - 2024-11-06 09:20:59 --> [DEPRECATED] Creation of dynamic property App\Controllers\Laporan::$db is deprecated in APPPATH/Controllers/Api.php on line 8.
 1 SYSTEMPATH/CodeIgniter.php(906): App\Controllers\Api->__construct()
 2 SYSTEMPATH/CodeIgniter.php(490): CodeIgniter\CodeIgniter->createController()
 3 SYSTEMPATH/CodeIgniter.php(368): CodeIgniter\CodeIgniter->handleRequest(null, Object(Config\Cache), false)
 4 FCPATH/index.php(67): CodeIgniter\CodeIgniter->run()
WARNING - 2024-11-06 09:20:59 --> [DEPRECATED] Creation of dynamic property App\Controllers\Laporan::$simrs is deprecated in APPPATH/Controllers/Api.php on line 9.
 1 SYSTEMPATH/CodeIgniter.php(906): App\Controllers\Api->__construct()
 2 SYSTEMPATH/CodeIgniter.php(490): CodeIgniter\CodeIgniter->createController()
 3 SYSTEMPATH/CodeIgniter.php(368): CodeIgniter\CodeIgniter->handleRequest(null, Object(Config\Cache), false)
 4 FCPATH/index.php(67): CodeIgniter\CodeIgniter->run()
WARNING - 2024-11-06 09:20:59 --> [DEPRECATED] Creation of dynamic property App\Controllers\User::$db is deprecated in APPPATH/Controllers/Api.php on line 8.
 1 SYSTEMPATH/CodeIgniter.php(906): App\Controllers\Api->__construct()
 2 SYSTEMPATH/CodeIgniter.php(490): CodeIgniter\CodeIgniter->createController()
 3 SYSTEMPATH/CodeIgniter.php(368): CodeIgniter\CodeIgniter->handleRequest(null, Object(Config\Cache), false)
 4 FCPATH/index.php(67): CodeIgniter\CodeIgniter->run()
WARNING - 2024-11-06 09:20:59 --> [DEPRECATED] Creation of dynamic property App\Controllers\User::$simrs is deprecated in APPPATH/Controllers/Api.php on line 9.
 1 SYSTEMPATH/CodeIgniter.php(906): App\Controllers\Api->__construct()
 2 SYSTEMPATH/CodeIgniter.php(490): CodeIgniter\CodeIgniter->createController()
 3 SYSTEMPATH/CodeIgniter.php(368): CodeIgniter\CodeIgniter->handleRequest(null, Object(Config\Cache), false)
 4 FCPATH/index.php(67): CodeIgniter\CodeIgniter->run()
WARNING - 2024-11-06 09:20:59 --> [DEPRECATED] Creation of dynamic property App\Controllers\User::$db is deprecated in APPPATH/Controllers/Api.php on line 8.
 1 SYSTEMPATH/CodeIgniter.php(906): App\Controllers\Api->__construct()
 2 SYSTEMPATH/CodeIgniter.php(490): CodeIgniter\CodeIgniter->createController()
 3 SYSTEMPATH/CodeIgniter.php(368): CodeIgniter\CodeIgniter->handleRequest(null, Object(Config\Cache), false)
 4 FCPATH/index.php(67): CodeIgniter\CodeIgniter->run()
WARNING - 2024-11-06 09:20:59 --> [DEPRECATED] Creation of dynamic property App\Controllers\User::$simrs is deprecated in APPPATH/Controllers/Api.php on line 9.
 1 SYSTEMPATH/CodeIgniter.php(906): App\Controllers\Api->__construct()
 2 SYSTEMPATH/CodeIgniter.php(490): CodeIgniter\CodeIgniter->createController()
 3 SYSTEMPATH/CodeIgniter.php(368): CodeIgniter\CodeIgniter->handleRequest(null, Object(Config\Cache), false)
 4 FCPATH/index.php(67): CodeIgniter\CodeIgniter->run()
WARNING - 2024-11-06 09:21:04 --> [DEPRECATED] Creation of dynamic property App\Controllers\Rawatjalan::$db is deprecated in APPPATH/Controllers/Api.php on line 8.
 1 SYSTEMPATH/CodeIgniter.php(906): App\Controllers\Api->__construct()
 2 SYSTEMPATH/CodeIgniter.php(490): CodeIgniter\CodeIgniter->createController()
 3 SYSTEMPATH/CodeIgniter.php(368): CodeIgniter\CodeIgniter->handleRequest(null, Object(Config\Cache), false)
 4 FCPATH/index.php(67): CodeIgniter\CodeIgniter->run()
WARNING - 2024-11-06 09:21:04 --> [DEPRECATED] Creation of dynamic property App\Controllers\Datasosial::$db is deprecated in APPPATH/Controllers/Api.php on line 8.
 1 SYSTEMPATH/CodeIgniter.php(906): App\Controllers\Api->__construct()
 2 SYSTEMPATH/CodeIgniter.php(490): CodeIgniter\CodeIgniter->createController()
 3 SYSTEMPATH/CodeIgniter.php(368): CodeIgniter\CodeIgniter->handleRequest(null, Object(Config\Cache), false)
 4 FCPATH/index.php(67): CodeIgniter\CodeIgniter->run()
WARNING - 2024-11-06 09:21:04 --> [DEPRECATED] Creation of dynamic property App\Controllers\Rawatjalan::$simrs is deprecated in APPPATH/Controllers/Api.php on line 9.
 1 SYSTEMPATH/CodeIgniter.php(906): App\Controllers\Api->__construct()
 2 SYSTEMPATH/CodeIgniter.php(490): CodeIgniter\CodeIgniter->createController()
 3 SYSTEMPATH/CodeIgniter.php(368): CodeIgniter\CodeIgniter->handleRequest(null, Object(Config\Cache), false)
 4 FCPATH/index.php(67): CodeIgniter\CodeIgniter->run()
WARNING - 2024-11-06 09:21:04 --> [DEPRECATED] Creation of dynamic property App\Controllers\Rawatjalan::$db is deprecated in APPPATH/Controllers/Api.php on line 8.
 1 SYSTEMPATH/CodeIgniter.php(906): App\Controllers\Api->__construct()
 2 SYSTEMPATH/CodeIgniter.php(490): CodeIgniter\CodeIgniter->createController()
 3 SYSTEMPATH/CodeIgniter.php(368): CodeIgniter\CodeIgniter->handleRequest(null, Object(Config\Cache), false)
 4 FCPATH/index.php(67): CodeIgniter\CodeIgniter->run()
WARNING - 2024-11-06 09:21:04 --> [DEPRECATED] Creation of dynamic property App\Controllers\Datasosial::$simrs is deprecated in APPPATH/Controllers/Api.php on line 9.
 1 SYSTEMPATH/CodeIgniter.php(906): App\Controllers\Api->__construct()
 2 SYSTEMPATH/CodeIgniter.php(490): CodeIgniter\CodeIgniter->createController()
 3 SYSTEMPATH/CodeIgniter.php(368): CodeIgniter\CodeIgniter->handleRequest(null, Object(Config\Cache), false)
 4 FCPATH/index.php(67): CodeIgniter\CodeIgniter->run()
WARNING - 2024-11-06 09:21:04 --> [DEPRECATED] Creation of dynamic property App\Controllers\Rawatjalan::$simrs is deprecated in APPPATH/Controllers/Api.php on line 9.
 1 SYSTEMPATH/CodeIgniter.php(906): App\Controllers\Api->__construct()
 2 SYSTEMPATH/CodeIgniter.php(490): CodeIgniter\CodeIgniter->createController()
 3 SYSTEMPATH/CodeIgniter.php(368): CodeIgniter\CodeIgniter->handleRequest(null, Object(Config\Cache), false)
 4 FCPATH/index.php(67): CodeIgniter\CodeIgniter->run()
WARNING - 2024-11-06 09:21:04 --> [DEPRECATED] Creation of dynamic property App\Controllers\Rawatjalan::$db is deprecated in APPPATH/Controllers/Api.php on line 8.
 1 SYSTEMPATH/CodeIgniter.php(906): App\Controllers\Api->__construct()
 2 SYSTEMPATH/CodeIgniter.php(490): CodeIgniter\CodeIgniter->createController()
 3 SYSTEMPATH/CodeIgniter.php(368): CodeIgniter\CodeIgniter->handleRequest(null, Object(Config\Cache), false)
 4 FCPATH/index.php(67): CodeIgniter\CodeIgniter->run()
WARNING - 2024-11-06 09:21:04 --> [DEPRECATED] Creation of dynamic property App\Controllers\Rawatjalan::$simrs is deprecated in APPPATH/Controllers/Api.php on line 9.
 1 SYSTEMPATH/CodeIgniter.php(906): App\Controllers\Api->__construct()
 2 SYSTEMPATH/CodeIgniter.php(490): CodeIgniter\CodeIgniter->createController()
 3 SYSTEMPATH/CodeIgniter.php(368): CodeIgniter\CodeIgniter->handleRequest(null, Object(Config\Cache), false)
 4 FCPATH/index.php(67): CodeIgniter\CodeIgniter->run()
WARNING - 2024-11-06 09:21:04 --> [DEPRECATED] Creation of dynamic property App\Controllers\Rawatjalan::$db is deprecated in APPPATH/Controllers/Api.php on line 8.
 1 SYSTEMPATH/CodeIgniter.php(906): App\Controllers\Api->__construct()
 2 SYSTEMPATH/CodeIgniter.php(490): CodeIgniter\CodeIgniter->createController()
 3 SYSTEMPATH/CodeIgniter.php(368): CodeIgniter\CodeIgniter->handleRequest(null, Object(Config\Cache), false)
 4 FCPATH/index.php(67): CodeIgniter\CodeIgniter->run()
WARNING - 2024-11-06 09:21:04 --> [DEPRECATED] Creation of dynamic property App\Controllers\Datasosial::$db is deprecated in APPPATH/Controllers/Api.php on line 8.
 1 SYSTEMPATH/CodeIgniter.php(906): App\Controllers\Api->__construct()
 2 SYSTEMPATH/CodeIgniter.php(490): CodeIgniter\CodeIgniter->createController()
 3 SYSTEMPATH/CodeIgniter.php(368): CodeIgniter\CodeIgniter->handleRequest(null, Object(Config\Cache), false)
 4 FCPATH/index.php(67): CodeIgniter\CodeIgniter->run()
WARNING - 2024-11-06 09:21:04 --> [DEPRECATED] Creation of dynamic property App\Controllers\Rawatjalan::$simrs is deprecated in APPPATH/Controllers/Api.php on line 9.
 1 SYSTEMPATH/CodeIgniter.php(906): App\Controllers\Api->__construct()
 2 SYSTEMPATH/CodeIgniter.php(490): CodeIgniter\CodeIgniter->createController()
 3 SYSTEMPATH/CodeIgniter.php(368): CodeIgniter\CodeIgniter->handleRequest(null, Object(Config\Cache), false)
 4 FCPATH/index.php(67): CodeIgniter\CodeIgniter->run()
WARNING - 2024-11-06 09:21:04 --> [DEPRECATED] Creation of dynamic property App\Controllers\Datasosial::$simrs is deprecated in APPPATH/Controllers/Api.php on line 9.
 1 SYSTEMPATH/CodeIgniter.php(906): App\Controllers\Api->__construct()
 2 SYSTEMPATH/CodeIgniter.php(490): CodeIgniter\CodeIgniter->createController()
 3 SYSTEMPATH/CodeIgniter.php(368): CodeIgniter\CodeIgniter->handleRequest(null, Object(Config\Cache), false)
 4 FCPATH/index.php(67): CodeIgniter\CodeIgniter->run()
ERROR - 2024-11-06 09:21:04 --> ErrorException: pg_query(): Query failed: ERROR:  column &quot;jenis_unit&quot; does not exist
LINE 1: SELECT * FROM unit where jenis_unit = '1' 
                                 ^ in /var/www/html/SIMRSHEBAT/system/Database/Postgre/Connection.php:147
Stack trace:
#0 [internal function]: CodeIgniter\Debug\Exceptions->errorHandler()
#1 /var/www/html/SIMRSHEBAT/system/Database/Postgre/Connection.php(147): pg_query()
#2 /var/www/html/SIMRSHEBAT/system/Database/BaseConnection.php(691): CodeIgniter\Database\Postgre\Connection->execute()
#3 /var/www/html/SIMRSHEBAT/system/Database/BaseConnection.php(605): CodeIgniter\Database\BaseConnection->simpleQuery()
#4 /var/www/html/SIMRSHEBAT/app/Controllers/Rawatjalan.php(15): CodeIgniter\Database\BaseConnection->query()
#5 /var/www/html/SIMRSHEBAT/system/CodeIgniter.php(934): App\Controllers\Rawatjalan->unit()
#6 /var/www/html/SIMRSHEBAT/system/CodeIgniter.php(499): CodeIgniter\CodeIgniter->runController()
#7 /var/www/html/SIMRSHEBAT/system/CodeIgniter.php(368): CodeIgniter\CodeIgniter->handleRequest()
#8 /var/www/html/SIMRSHEBAT/index.php(67): CodeIgniter\CodeIgniter->run()
#9 {main}
CRITICAL - 2024-11-06 09:21:04 --> Call to a member function getResult() on bool
in APPPATH/Controllers/Rawatjalan.php on line 18.
 1 SYSTEMPATH/CodeIgniter.php(934): App\Controllers\Rawatjalan->unit()
 2 SYSTEMPATH/CodeIgniter.php(499): CodeIgniter\CodeIgniter->runController()
 3 SYSTEMPATH/CodeIgniter.php(368): CodeIgniter\CodeIgniter->handleRequest()
 4 FCPATH/index.php(67): CodeIgniter\CodeIgniter->run()
WARNING - 2024-11-06 09:21:04 --> [DEPRECATED] Creation of dynamic property App\Controllers\Rawatjalan::$db is deprecated in APPPATH/Controllers/Api.php on line 8.
 1 SYSTEMPATH/CodeIgniter.php(906): App\Controllers\Api->__construct()
 2 SYSTEMPATH/CodeIgniter.php(490): CodeIgniter\CodeIgniter->createController()
 3 SYSTEMPATH/CodeIgniter.php(368): CodeIgniter\CodeIgniter->handleRequest(null, Object(Config\Cache), false)
 4 FCPATH/index.php(67): CodeIgniter\CodeIgniter->run()
WARNING - 2024-11-06 09:21:04 --> [DEPRECATED] Creation of dynamic property App\Controllers\Rawatjalan::$simrs is deprecated in APPPATH/Controllers/Api.php on line 9.
 1 SYSTEMPATH/CodeIgniter.php(906): App\Controllers\Api->__construct()
 2 SYSTEMPATH/CodeIgniter.php(490): CodeIgniter\CodeIgniter->createController()
 3 SYSTEMPATH/CodeIgniter.php(368): CodeIgniter\CodeIgniter->handleRequest(null, Object(Config\Cache), false)
 4 FCPATH/index.php(67): CodeIgniter\CodeIgniter->run()
WARNING - 2024-11-06 09:21:04 --> [DEPRECATED] Creation of dynamic property App\Controllers\Datasosial::$db is deprecated in APPPATH/Controllers/Api.php on line 8.
 1 SYSTEMPATH/CodeIgniter.php(906): App\Controllers\Api->__construct()
 2 SYSTEMPATH/CodeIgniter.php(490): CodeIgniter\CodeIgniter->createController()
 3 SYSTEMPATH/CodeIgniter.php(368): CodeIgniter\CodeIgniter->handleRequest(null, Object(Config\Cache), false)
 4 FCPATH/index.php(67): CodeIgniter\CodeIgniter->run()
WARNING - 2024-11-06 09:21:04 --> [DEPRECATED] Creation of dynamic property App\Controllers\Datasosial::$simrs is deprecated in APPPATH/Controllers/Api.php on line 9.
 1 SYSTEMPATH/CodeIgniter.php(906): App\Controllers\Api->__construct()
 2 SYSTEMPATH/CodeIgniter.php(490): CodeIgniter\CodeIgniter->createController()
 3 SYSTEMPATH/CodeIgniter.php(368): CodeIgniter\CodeIgniter->handleRequest(null, Object(Config\Cache), false)
 4 FCPATH/index.php(67): CodeIgniter\CodeIgniter->run()
ERROR - 2024-11-06 09:21:04 --> ErrorException: pg_query(): Query failed: ERROR:  column &quot;jenis_pegawai&quot; does not exist
LINE 1: SELECT * FROM pegawai where jenis_pegawai='1'
                                    ^ in /var/www/html/SIMRSHEBAT/system/Database/Postgre/Connection.php:147
Stack trace:
#0 [internal function]: CodeIgniter\Debug\Exceptions->errorHandler()
#1 /var/www/html/SIMRSHEBAT/system/Database/Postgre/Connection.php(147): pg_query()
#2 /var/www/html/SIMRSHEBAT/system/Database/BaseConnection.php(691): CodeIgniter\Database\Postgre\Connection->execute()
#3 /var/www/html/SIMRSHEBAT/system/Database/BaseConnection.php(605): CodeIgniter\Database\BaseConnection->simpleQuery()
#4 /var/www/html/SIMRSHEBAT/app/Controllers/Rawatjalan.php(32): CodeIgniter\Database\BaseConnection->query()
#5 /var/www/html/SIMRSHEBAT/system/CodeIgniter.php(934): App\Controllers\Rawatjalan->pegawai()
#6 /var/www/html/SIMRSHEBAT/system/CodeIgniter.php(499): CodeIgniter\CodeIgniter->runController()
#7 /var/www/html/SIMRSHEBAT/system/CodeIgniter.php(368): CodeIgniter\CodeIgniter->handleRequest()
#8 /var/www/html/SIMRSHEBAT/index.php(67): CodeIgniter\CodeIgniter->run()
#9 {main}
CRITICAL - 2024-11-06 09:21:04 --> Call to a member function getResult() on bool
in APPPATH/Controllers/Rawatjalan.php on line 35.
 1 SYSTEMPATH/CodeIgniter.php(934): App\Controllers\Rawatjalan->pegawai()
 2 SYSTEMPATH/CodeIgniter.php(499): CodeIgniter\CodeIgniter->runController()
 3 SYSTEMPATH/CodeIgniter.php(368): CodeIgniter\CodeIgniter->handleRequest()
 4 FCPATH/index.php(67): CodeIgniter\CodeIgniter->run()
WARNING - 2024-11-06 09:41:19 --> [DEPRECATED] Creation of dynamic property App\Controllers\Laporan::$db is deprecated in APPPATH/Controllers/Api.php on line 8.
 1 SYSTEMPATH/CodeIgniter.php(906): App\Controllers\Api->__construct()
 2 SYSTEMPATH/CodeIgniter.php(490): CodeIgniter\CodeIgniter->createController()
 3 SYSTEMPATH/CodeIgniter.php(368): CodeIgniter\CodeIgniter->handleRequest(null, Object(Config\Cache), false)
 4 FCPATH/index.php(67): CodeIgniter\CodeIgniter->run()
WARNING - 2024-11-06 09:41:19 --> [DEPRECATED] Creation of dynamic property App\Controllers\Laporan::$simrs is deprecated in APPPATH/Controllers/Api.php on line 9.
 1 SYSTEMPATH/CodeIgniter.php(906): App\Controllers\Api->__construct()
 2 SYSTEMPATH/CodeIgniter.php(490): CodeIgniter\CodeIgniter->createController()
 3 SYSTEMPATH/CodeIgniter.php(368): CodeIgniter\CodeIgniter->handleRequest(null, Object(Config\Cache), false)
 4 FCPATH/index.php(67): CodeIgniter\CodeIgniter->run()
WARNING - 2024-11-06 09:41:19 --> [DEPRECATED] Creation of dynamic property App\Controllers\User::$db is deprecated in APPPATH/Controllers/Api.php on line 8.
 1 SYSTEMPATH/CodeIgniter.php(906): App\Controllers\Api->__construct()
 2 SYSTEMPATH/CodeIgniter.php(490): CodeIgniter\CodeIgniter->createController()
 3 SYSTEMPATH/CodeIgniter.php(368): CodeIgniter\CodeIgniter->handleRequest(null, Object(Config\Cache), false)
 4 FCPATH/index.php(67): CodeIgniter\CodeIgniter->run()
WARNING - 2024-11-06 09:41:19 --> [DEPRECATED] Creation of dynamic property App\Controllers\User::$simrs is deprecated in APPPATH/Controllers/Api.php on line 9.
 1 SYSTEMPATH/CodeIgniter.php(906): App\Controllers\Api->__construct()
 2 SYSTEMPATH/CodeIgniter.php(490): CodeIgniter\CodeIgniter->createController()
 3 SYSTEMPATH/CodeIgniter.php(368): CodeIgniter\CodeIgniter->handleRequest(null, Object(Config\Cache), false)
 4 FCPATH/index.php(67): CodeIgniter\CodeIgniter->run()
WARNING - 2024-11-06 09:41:19 --> [DEPRECATED] Creation of dynamic property App\Controllers\User::$db is deprecated in APPPATH/Controllers/Api.php on line 8.
 1 SYSTEMPATH/CodeIgniter.php(906): App\Controllers\Api->__construct()
 2 SYSTEMPATH/CodeIgniter.php(490): CodeIgniter\CodeIgniter->createController()
 3 SYSTEMPATH/CodeIgniter.php(368): CodeIgniter\CodeIgniter->handleRequest(null, Object(Config\Cache), false)
 4 FCPATH/index.php(67): CodeIgniter\CodeIgniter->run()
WARNING - 2024-11-06 09:41:19 --> [DEPRECATED] Creation of dynamic property App\Controllers\User::$simrs is deprecated in APPPATH/Controllers/Api.php on line 9.
 1 SYSTEMPATH/CodeIgniter.php(906): App\Controllers\Api->__construct()
 2 SYSTEMPATH/CodeIgniter.php(490): CodeIgniter\CodeIgniter->createController()
 3 SYSTEMPATH/CodeIgniter.php(368): CodeIgniter\CodeIgniter->handleRequest(null, Object(Config\Cache), false)
 4 FCPATH/index.php(67): CodeIgniter\CodeIgniter->run()
INFO - 2024-11-06 09:41:22 --> Session: Class initialized using 'CodeIgniter\Session\Handlers\FileHandler' driver.
WARNING - 2024-11-06 09:41:24 --> [DEPRECATED] Creation of dynamic property App\Controllers\User::$db is deprecated in APPPATH/Controllers/Api.php on line 8.
 1 SYSTEMPATH/CodeIgniter.php(906): App\Controllers\Api->__construct()
 2 SYSTEMPATH/CodeIgniter.php(490): CodeIgniter\CodeIgniter->createController()
 3 SYSTEMPATH/CodeIgniter.php(368): CodeIgniter\CodeIgniter->handleRequest(null, Object(Config\Cache), false)
 4 FCPATH/index.php(67): CodeIgniter\CodeIgniter->run()
WARNING - 2024-11-06 09:41:24 --> [DEPRECATED] Creation of dynamic property App\Controllers\User::$simrs is deprecated in APPPATH/Controllers/Api.php on line 9.
 1 SYSTEMPATH/CodeIgniter.php(906): App\Controllers\Api->__construct()
 2 SYSTEMPATH/CodeIgniter.php(490): CodeIgniter\CodeIgniter->createController()
 3 SYSTEMPATH/CodeIgniter.php(368): CodeIgniter\CodeIgniter->handleRequest(null, Object(Config\Cache), false)
 4 FCPATH/index.php(67): CodeIgniter\CodeIgniter->run()
WARNING - 2024-11-06 09:41:24 --> [DEPRECATED] Creation of dynamic property App\Controllers\Laporan::$db is deprecated in APPPATH/Controllers/Api.php on line 8.
 1 SYSTEMPATH/CodeIgniter.php(906): App\Controllers\Api->__construct()
 2 SYSTEMPATH/CodeIgniter.php(490): CodeIgniter\CodeIgniter->createController()
 3 SYSTEMPATH/CodeIgniter.php(368): CodeIgniter\CodeIgniter->handleRequest(null, Object(Config\Cache), false)
 4 FCPATH/index.php(67): CodeIgniter\CodeIgniter->run()
WARNING - 2024-11-06 09:41:24 --> [DEPRECATED] Creation of dynamic property App\Controllers\Laporan::$simrs is deprecated in APPPATH/Controllers/Api.php on line 9.
 1 SYSTEMPATH/CodeIgniter.php(906): App\Controllers\Api->__construct()
 2 SYSTEMPATH/CodeIgniter.php(490): CodeIgniter\CodeIgniter->createController()
 3 SYSTEMPATH/CodeIgniter.php(368): CodeIgniter\CodeIgniter->handleRequest(null, Object(Config\Cache), false)
 4 FCPATH/index.php(67): CodeIgniter\CodeIgniter->run()
WARNING - 2024-11-06 09:41:24 --> [DEPRECATED] Creation of dynamic property App\Controllers\User::$db is deprecated in APPPATH/Controllers/Api.php on line 8.
 1 SYSTEMPATH/CodeIgniter.php(906): App\Controllers\Api->__construct()
 2 SYSTEMPATH/CodeIgniter.php(490): CodeIgniter\CodeIgniter->createController()
 3 SYSTEMPATH/CodeIgniter.php(368): CodeIgniter\CodeIgniter->handleRequest(null, Object(Config\Cache), false)
 4 FCPATH/index.php(67): CodeIgniter\CodeIgniter->run()
WARNING - 2024-11-06 09:41:24 --> [DEPRECATED] Creation of dynamic property App\Controllers\User::$simrs is deprecated in APPPATH/Controllers/Api.php on line 9.
 1 SYSTEMPATH/CodeIgniter.php(906): App\Controllers\Api->__construct()
 2 SYSTEMPATH/CodeIgniter.php(490): CodeIgniter\CodeIgniter->createController()
 3 SYSTEMPATH/CodeIgniter.php(368): CodeIgniter\CodeIgniter->handleRequest(null, Object(Config\Cache), false)
 4 FCPATH/index.php(67): CodeIgniter\CodeIgniter->run()
WARNING - 2024-11-06 09:41:24 --> [DEPRECATED] Creation of dynamic property App\Controllers\User::$db is deprecated in APPPATH/Controllers/Api.php on line 8.
 1 SYSTEMPATH/CodeIgniter.php(906): App\Controllers\Api->__construct()
 2 SYSTEMPATH/CodeIgniter.php(490): CodeIgniter\CodeIgniter->createController()
 3 SYSTEMPATH/CodeIgniter.php(368): CodeIgniter\CodeIgniter->handleRequest(null, Object(Config\Cache), false)
 4 FCPATH/index.php(67): CodeIgniter\CodeIgniter->run()
WARNING - 2024-11-06 09:41:24 --> [DEPRECATED] Creation of dynamic property App\Controllers\User::$simrs is deprecated in APPPATH/Controllers/Api.php on line 9.
 1 SYSTEMPATH/CodeIgniter.php(906): App\Controllers\Api->__construct()
 2 SYSTEMPATH/CodeIgniter.php(490): CodeIgniter\CodeIgniter->createController()
 3 SYSTEMPATH/CodeIgniter.php(368): CodeIgniter\CodeIgniter->handleRequest(null, Object(Config\Cache), false)
 4 FCPATH/index.php(67): CodeIgniter\CodeIgniter->run()
WARNING - 2024-11-06 09:47:32 --> [DEPRECATED] Creation of dynamic property App\Controllers\Laporan::$db is deprecated in APPPATH/Controllers/Api.php on line 8.
 1 SYSTEMPATH/CodeIgniter.php(906): App\Controllers\Api->__construct()
 2 SYSTEMPATH/CodeIgniter.php(490): CodeIgniter\CodeIgniter->createController()
 3 SYSTEMPATH/CodeIgniter.php(368): CodeIgniter\CodeIgniter->handleRequest(null, Object(Config\Cache), false)
 4 FCPATH/index.php(67): CodeIgniter\CodeIgniter->run()
WARNING - 2024-11-06 09:47:32 --> [DEPRECATED] Creation of dynamic property App\Controllers\Laporan::$simrs is deprecated in APPPATH/Controllers/Api.php on line 9.
 1 SYSTEMPATH/CodeIgniter.php(906): App\Controllers\Api->__construct()
 2 SYSTEMPATH/CodeIgniter.php(490): CodeIgniter\CodeIgniter->createController()
 3 SYSTEMPATH/CodeIgniter.php(368): CodeIgniter\CodeIgniter->handleRequest(null, Object(Config\Cache), false)
 4 FCPATH/index.php(67): CodeIgniter\CodeIgniter->run()
WARNING - 2024-11-06 09:47:32 --> [DEPRECATED] Creation of dynamic property App\Controllers\User::$db is deprecated in APPPATH/Controllers/Api.php on line 8.
 1 SYSTEMPATH/CodeIgniter.php(906): App\Controllers\Api->__construct()
 2 SYSTEMPATH/CodeIgniter.php(490): CodeIgniter\CodeIgniter->createController()
 3 SYSTEMPATH/CodeIgniter.php(368): CodeIgniter\CodeIgniter->handleRequest(null, Object(Config\Cache), false)
 4 FCPATH/index.php(67): CodeIgniter\CodeIgniter->run()
WARNING - 2024-11-06 09:47:32 --> [DEPRECATED] Creation of dynamic property App\Controllers\User::$simrs is deprecated in APPPATH/Controllers/Api.php on line 9.
 1 SYSTEMPATH/CodeIgniter.php(906): App\Controllers\Api->__construct()
 2 SYSTEMPATH/CodeIgniter.php(490): CodeIgniter\CodeIgniter->createController()
 3 SYSTEMPATH/CodeIgniter.php(368): CodeIgniter\CodeIgniter->handleRequest(null, Object(Config\Cache), false)
 4 FCPATH/index.php(67): CodeIgniter\CodeIgniter->run()
WARNING - 2024-11-06 09:47:32 --> [DEPRECATED] Creation of dynamic property App\Controllers\User::$db is deprecated in APPPATH/Controllers/Api.php on line 8.
 1 SYSTEMPATH/CodeIgniter.php(906): App\Controllers\Api->__construct()
 2 SYSTEMPATH/CodeIgniter.php(490): CodeIgniter\CodeIgniter->createController()
 3 SYSTEMPATH/CodeIgniter.php(368): CodeIgniter\CodeIgniter->handleRequest(null, Object(Config\Cache), false)
 4 FCPATH/index.php(67): CodeIgniter\CodeIgniter->run()
WARNING - 2024-11-06 09:47:32 --> [DEPRECATED] Creation of dynamic property App\Controllers\User::$simrs is deprecated in APPPATH/Controllers/Api.php on line 9.
 1 SYSTEMPATH/CodeIgniter.php(906): App\Controllers\Api->__construct()
 2 SYSTEMPATH/CodeIgniter.php(490): CodeIgniter\CodeIgniter->createController()
 3 SYSTEMPATH/CodeIgniter.php(368): CodeIgniter\CodeIgniter->handleRequest(null, Object(Config\Cache), false)
 4 FCPATH/index.php(67): CodeIgniter\CodeIgniter->run()
WARNING - 2024-11-06 09:47:42 --> [DEPRECATED] Creation of dynamic property App\Controllers\Rekammedisirna::$db is deprecated in APPPATH/Controllers/Api.php on line 8.
 1 SYSTEMPATH/CodeIgniter.php(906): App\Controllers\Api->__construct()
 2 SYSTEMPATH/CodeIgniter.php(490): CodeIgniter\CodeIgniter->createController()
 3 SYSTEMPATH/CodeIgniter.php(368): CodeIgniter\CodeIgniter->handleRequest(null, Object(Config\Cache), false)
 4 FCPATH/index.php(67): CodeIgniter\CodeIgniter->run()
WARNING - 2024-11-06 09:47:42 --> [DEPRECATED] Creation of dynamic property App\Controllers\Rekammedisirna::$simrs is deprecated in APPPATH/Controllers/Api.php on line 9.
 1 SYSTEMPATH/CodeIgniter.php(906): App\Controllers\Api->__construct()
 2 SYSTEMPATH/CodeIgniter.php(490): CodeIgniter\CodeIgniter->createController()
 3 SYSTEMPATH/CodeIgniter.php(368): CodeIgniter\CodeIgniter->handleRequest(null, Object(Config\Cache), false)
 4 FCPATH/index.php(67): CodeIgniter\CodeIgniter->run()
WARNING - 2024-11-06 09:47:42 --> [DEPRECATED] Creation of dynamic property App\Controllers\Rekammedisirna::$db is deprecated in APPPATH/Controllers/Api.php on line 8.
 1 SYSTEMPATH/CodeIgniter.php(906): App\Controllers\Api->__construct()
 2 SYSTEMPATH/CodeIgniter.php(490): CodeIgniter\CodeIgniter->createController()
 3 SYSTEMPATH/CodeIgniter.php(368): CodeIgniter\CodeIgniter->handleRequest(null, Object(Config\Cache), false)
 4 FCPATH/index.php(67): CodeIgniter\CodeIgniter->run()
WARNING - 2024-11-06 09:47:42 --> [DEPRECATED] Creation of dynamic property App\Controllers\Rekammedisirna::$simrs is deprecated in APPPATH/Controllers/Api.php on line 9.
 1 SYSTEMPATH/CodeIgniter.php(906): App\Controllers\Api->__construct()
 2 SYSTEMPATH/CodeIgniter.php(490): CodeIgniter\CodeIgniter->createController()
 3 SYSTEMPATH/CodeIgniter.php(368): CodeIgniter\CodeIgniter->handleRequest(null, Object(Config\Cache), false)
 4 FCPATH/index.php(67): CodeIgniter\CodeIgniter->run()
WARNING - 2024-11-06 09:47:42 --> [DEPRECATED] Creation of dynamic property App\Controllers\Rekammedisirna::$db is deprecated in APPPATH/Controllers/Api.php on line 8.
 1 SYSTEMPATH/CodeIgniter.php(906): App\Controllers\Api->__construct()
 2 SYSTEMPATH/CodeIgniter.php(490): CodeIgniter\CodeIgniter->createController()
 3 SYSTEMPATH/CodeIgniter.php(368): CodeIgniter\CodeIgniter->handleRequest(null, Object(Config\Cache), false)
 4 FCPATH/index.php(67): CodeIgniter\CodeIgniter->run()
WARNING - 2024-11-06 09:47:42 --> [DEPRECATED] Creation of dynamic property App\Controllers\Rekammedisirna::$simrs is deprecated in APPPATH/Controllers/Api.php on line 9.
 1 SYSTEMPATH/CodeIgniter.php(906): App\Controllers\Api->__construct()
 2 SYSTEMPATH/CodeIgniter.php(490): CodeIgniter\CodeIgniter->createController()
 3 SYSTEMPATH/CodeIgniter.php(368): CodeIgniter\CodeIgniter->handleRequest(null, Object(Config\Cache), false)
 4 FCPATH/index.php(67): CodeIgniter\CodeIgniter->run()
WARNING - 2024-11-06 09:48:42 --> [DEPRECATED] Creation of dynamic property App\Controllers\Rekammedisirna::$db is deprecated in APPPATH/Controllers/Api.php on line 8.
 1 SYSTEMPATH/CodeIgniter.php(906): App\Controllers\Api->__construct()
 2 SYSTEMPATH/CodeIgniter.php(490): CodeIgniter\CodeIgniter->createController()
 3 SYSTEMPATH/CodeIgniter.php(368): CodeIgniter\CodeIgniter->handleRequest(null, Object(Config\Cache), false)
 4 FCPATH/index.php(67): CodeIgniter\CodeIgniter->run()
WARNING - 2024-11-06 09:48:42 --> [DEPRECATED] Creation of dynamic property App\Controllers\Rekammedisirna::$simrs is deprecated in APPPATH/Controllers/Api.php on line 9.
 1 SYSTEMPATH/CodeIgniter.php(906): App\Controllers\Api->__construct()
 2 SYSTEMPATH/CodeIgniter.php(490): CodeIgniter\CodeIgniter->createController()
 3 SYSTEMPATH/CodeIgniter.php(368): CodeIgniter\CodeIgniter->handleRequest(null, Object(Config\Cache), false)
 4 FCPATH/index.php(67): CodeIgniter\CodeIgniter->run()
WARNING - 2024-11-06 09:48:42 --> [DEPRECATED] Creation of dynamic property App\Controllers\Rekammedisirna::$db is deprecated in APPPATH/Controllers/Api.php on line 8.
 1 SYSTEMPATH/CodeIgniter.php(906): App\Controllers\Api->__construct()
 2 SYSTEMPATH/CodeIgniter.php(490): CodeIgniter\CodeIgniter->createController()
 3 SYSTEMPATH/CodeIgniter.php(368): CodeIgniter\CodeIgniter->handleRequest(null, Object(Config\Cache), false)
 4 FCPATH/index.php(67): CodeIgniter\CodeIgniter->run()
WARNING - 2024-11-06 09:48:42 --> [DEPRECATED] Creation of dynamic property App\Controllers\Rekammedisirna::$simrs is deprecated in APPPATH/Controllers/Api.php on line 9.
 1 SYSTEMPATH/CodeIgniter.php(906): App\Controllers\Api->__construct()
 2 SYSTEMPATH/CodeIgniter.php(490): CodeIgniter\CodeIgniter->createController()
 3 SYSTEMPATH/CodeIgniter.php(368): CodeIgniter\CodeIgniter->handleRequest(null, Object(Config\Cache), false)
 4 FCPATH/index.php(67): CodeIgniter\CodeIgniter->run()
WARNING - 2024-11-06 09:48:42 --> [DEPRECATED] Creation of dynamic property App\Controllers\Rekammedisirna::$db is deprecated in APPPATH/Controllers/Api.php on line 8.
 1 SYSTEMPATH/CodeIgniter.php(906): App\Controllers\Api->__construct()
 2 SYSTEMPATH/CodeIgniter.php(490): CodeIgniter\CodeIgniter->createController()
 3 SYSTEMPATH/CodeIgniter.php(368): CodeIgniter\CodeIgniter->handleRequest(null, Object(Config\Cache), false)
 4 FCPATH/index.php(67): CodeIgniter\CodeIgniter->run()
WARNING - 2024-11-06 09:48:42 --> [DEPRECATED] Creation of dynamic property App\Controllers\Rekammedisirna::$simrs is deprecated in APPPATH/Controllers/Api.php on line 9.
 1 SYSTEMPATH/CodeIgniter.php(906): App\Controllers\Api->__construct()
 2 SYSTEMPATH/CodeIgniter.php(490): CodeIgniter\CodeIgniter->createController()
 3 SYSTEMPATH/CodeIgniter.php(368): CodeIgniter\CodeIgniter->handleRequest(null, Object(Config\Cache), false)
 4 FCPATH/index.php(67): CodeIgniter\CodeIgniter->run()
WARNING - 2024-11-06 10:11:31 --> [DEPRECATED] Creation of dynamic property App\Controllers\Laporan::$db is deprecated in APPPATH/Controllers/Api.php on line 8.
 1 SYSTEMPATH/CodeIgniter.php(906): App\Controllers\Api->__construct()
 2 SYSTEMPATH/CodeIgniter.php(490): CodeIgniter\CodeIgniter->createController()
 3 SYSTEMPATH/CodeIgniter.php(368): CodeIgniter\CodeIgniter->handleRequest(null, Object(Config\Cache), false)
 4 FCPATH/index.php(67): CodeIgniter\CodeIgniter->run()
WARNING - 2024-11-06 10:11:31 --> [DEPRECATED] Creation of dynamic property App\Controllers\Laporan::$simrs is deprecated in APPPATH/Controllers/Api.php on line 9.
 1 SYSTEMPATH/CodeIgniter.php(906): App\Controllers\Api->__construct()
 2 SYSTEMPATH/CodeIgniter.php(490): CodeIgniter\CodeIgniter->createController()
 3 SYSTEMPATH/CodeIgniter.php(368): CodeIgniter\CodeIgniter->handleRequest(null, Object(Config\Cache), false)
 4 FCPATH/index.php(67): CodeIgniter\CodeIgniter->run()
WARNING - 2024-11-06 10:11:31 --> [DEPRECATED] Creation of dynamic property App\Controllers\User::$db is deprecated in APPPATH/Controllers/Api.php on line 8.
 1 SYSTEMPATH/CodeIgniter.php(906): App\Controllers\Api->__construct()
 2 SYSTEMPATH/CodeIgniter.php(490): CodeIgniter\CodeIgniter->createController()
 3 SYSTEMPATH/CodeIgniter.php(368): CodeIgniter\CodeIgniter->handleRequest(null, Object(Config\Cache), false)
 4 FCPATH/index.php(67): CodeIgniter\CodeIgniter->run()
WARNING - 2024-11-06 10:11:31 --> [DEPRECATED] Creation of dynamic property App\Controllers\User::$simrs is deprecated in APPPATH/Controllers/Api.php on line 9.
 1 SYSTEMPATH/CodeIgniter.php(906): App\Controllers\Api->__construct()
 2 SYSTEMPATH/CodeIgniter.php(490): CodeIgniter\CodeIgniter->createController()
 3 SYSTEMPATH/CodeIgniter.php(368): CodeIgniter\CodeIgniter->handleRequest(null, Object(Config\Cache), false)
 4 FCPATH/index.php(67): CodeIgniter\CodeIgniter->run()
WARNING - 2024-11-06 10:12:54 --> [DEPRECATED] Creation of dynamic property App\Controllers\Rekammedisirna::$db is deprecated in APPPATH/Controllers/Api.php on line 8.
 1 SYSTEMPATH/CodeIgniter.php(906): App\Controllers\Api->__construct()
 2 SYSTEMPATH/CodeIgniter.php(490): CodeIgniter\CodeIgniter->createController()
 3 SYSTEMPATH/CodeIgniter.php(368): CodeIgniter\CodeIgniter->handleRequest(null, Object(Config\Cache), false)
 4 FCPATH/index.php(67): CodeIgniter\CodeIgniter->run()
WARNING - 2024-11-06 10:12:54 --> [DEPRECATED] Creation of dynamic property App\Controllers\Rekammedisirna::$simrs is deprecated in APPPATH/Controllers/Api.php on line 9.
 1 SYSTEMPATH/CodeIgniter.php(906): App\Controllers\Api->__construct()
 2 SYSTEMPATH/CodeIgniter.php(490): CodeIgniter\CodeIgniter->createController()
 3 SYSTEMPATH/CodeIgniter.php(368): CodeIgniter\CodeIgniter->handleRequest(null, Object(Config\Cache), false)
 4 FCPATH/index.php(67): CodeIgniter\CodeIgniter->run()
WARNING - 2024-11-06 10:12:54 --> [DEPRECATED] Creation of dynamic property App\Controllers\Rekammedisirna::$db is deprecated in APPPATH/Controllers/Api.php on line 8.
 1 SYSTEMPATH/CodeIgniter.php(906): App\Controllers\Api->__construct()
 2 SYSTEMPATH/CodeIgniter.php(490): CodeIgniter\CodeIgniter->createController()
 3 SYSTEMPATH/CodeIgniter.php(368): CodeIgniter\CodeIgniter->handleRequest(null, Object(Config\Cache), false)
 4 FCPATH/index.php(67): CodeIgniter\CodeIgniter->run()
WARNING - 2024-11-06 10:12:54 --> [DEPRECATED] Creation of dynamic property App\Controllers\Rekammedisirna::$simrs is deprecated in APPPATH/Controllers/Api.php on line 9.
 1 SYSTEMPATH/CodeIgniter.php(906): App\Controllers\Api->__construct()
 2 SYSTEMPATH/CodeIgniter.php(490): CodeIgniter\CodeIgniter->createController()
 3 SYSTEMPATH/CodeIgniter.php(368): CodeIgniter\CodeIgniter->handleRequest(null, Object(Config\Cache), false)
 4 FCPATH/index.php(67): CodeIgniter\CodeIgniter->run()
WARNING - 2024-11-06 10:12:54 --> [DEPRECATED] Creation of dynamic property App\Controllers\Rekammedisirna::$db is deprecated in APPPATH/Controllers/Api.php on line 8.
 1 SYSTEMPATH/CodeIgniter.php(906): App\Controllers\Api->__construct()
 2 SYSTEMPATH/CodeIgniter.php(490): CodeIgniter\CodeIgniter->createController()
 3 SYSTEMPATH/CodeIgniter.php(368): CodeIgniter\CodeIgniter->handleRequest(null, Object(Config\Cache), false)
 4 FCPATH/index.php(67): CodeIgniter\CodeIgniter->run()
WARNING - 2024-11-06 10:12:54 --> [DEPRECATED] Creation of dynamic property App\Controllers\Rekammedisirna::$simrs is deprecated in APPPATH/Controllers/Api.php on line 9.
 1 SYSTEMPATH/CodeIgniter.php(906): App\Controllers\Api->__construct()
 2 SYSTEMPATH/CodeIgniter.php(490): CodeIgniter\CodeIgniter->createController()
 3 SYSTEMPATH/CodeIgniter.php(368): CodeIgniter\CodeIgniter->handleRequest(null, Object(Config\Cache), false)
 4 FCPATH/index.php(67): CodeIgniter\CodeIgniter->run()
WARNING - 2024-11-06 10:12:56 --> [DEPRECATED] Creation of dynamic property App\Controllers\Rekammedisirja::$db is deprecated in APPPATH/Controllers/Api.php on line 8.
 1 SYSTEMPATH/CodeIgniter.php(906): App\Controllers\Api->__construct()
 2 SYSTEMPATH/CodeIgniter.php(490): CodeIgniter\CodeIgniter->createController()
 3 SYSTEMPATH/CodeIgniter.php(368): CodeIgniter\CodeIgniter->handleRequest(null, Object(Config\Cache), false)
 4 FCPATH/index.php(67): CodeIgniter\CodeIgniter->run()
WARNING - 2024-11-06 10:12:56 --> [DEPRECATED] Creation of dynamic property App\Controllers\Rekammedisirja::$db is deprecated in APPPATH/Controllers/Api.php on line 8.
 1 SYSTEMPATH/CodeIgniter.php(906): App\Controllers\Api->__construct()
 2 SYSTEMPATH/CodeIgniter.php(490): CodeIgniter\CodeIgniter->createController()
 3 SYSTEMPATH/CodeIgniter.php(368): CodeIgniter\CodeIgniter->handleRequest(null, Object(Config\Cache), false)
 4 FCPATH/index.php(67): CodeIgniter\CodeIgniter->run()
WARNING - 2024-11-06 10:12:56 --> [DEPRECATED] Creation of dynamic property App\Controllers\Rekammedisirja::$simrs is deprecated in APPPATH/Controllers/Api.php on line 9.
 1 SYSTEMPATH/CodeIgniter.php(906): App\Controllers\Api->__construct()
 2 SYSTEMPATH/CodeIgniter.php(490): CodeIgniter\CodeIgniter->createController()
 3 SYSTEMPATH/CodeIgniter.php(368): CodeIgniter\CodeIgniter->handleRequest(null, Object(Config\Cache), false)
 4 FCPATH/index.php(67): CodeIgniter\CodeIgniter->run()
WARNING - 2024-11-06 10:12:56 --> [DEPRECATED] Creation of dynamic property App\Controllers\Rawatjalan::$db is deprecated in APPPATH/Controllers/Api.php on line 8.
 1 SYSTEMPATH/CodeIgniter.php(906): App\Controllers\Api->__construct()
 2 SYSTEMPATH/CodeIgniter.php(490): CodeIgniter\CodeIgniter->createController()
 3 SYSTEMPATH/CodeIgniter.php(368): CodeIgniter\CodeIgniter->handleRequest(null, Object(Config\Cache), false)
 4 FCPATH/index.php(67): CodeIgniter\CodeIgniter->run()
WARNING - 2024-11-06 10:12:56 --> [DEPRECATED] Creation of dynamic property App\Controllers\Rekammedisirja::$simrs is deprecated in APPPATH/Controllers/Api.php on line 9.
 1 SYSTEMPATH/CodeIgniter.php(906): App\Controllers\Api->__construct()
 2 SYSTEMPATH/CodeIgniter.php(490): CodeIgniter\CodeIgniter->createController()
 3 SYSTEMPATH/CodeIgniter.php(368): CodeIgniter\CodeIgniter->handleRequest(null, Object(Config\Cache), false)
 4 FCPATH/index.php(67): CodeIgniter\CodeIgniter->run()
WARNING - 2024-11-06 10:12:56 --> [DEPRECATED] Creation of dynamic property App\Controllers\Rawatjalan::$simrs is deprecated in APPPATH/Controllers/Api.php on line 9.
 1 SYSTEMPATH/CodeIgniter.php(906): App\Controllers\Api->__construct()
 2 SYSTEMPATH/CodeIgniter.php(490): CodeIgniter\CodeIgniter->createController()
 3 SYSTEMPATH/CodeIgniter.php(368): CodeIgniter\CodeIgniter->handleRequest(null, Object(Config\Cache), false)
 4 FCPATH/index.php(67): CodeIgniter\CodeIgniter->run()
ERROR - 2024-11-06 10:12:56 --> ErrorException: pg_query(): Query failed: ERROR:  column &quot;id_kunjungan&quot; does not exist
LINE 2: ...mr_tindakan inner join icd_9 USING(kd_icd9) where id_kunjung...
                                                             ^ in /var/www/html/SIMRSHEBAT/system/Database/Postgre/Connection.php:147
Stack trace:
#0 [internal function]: CodeIgniter\Debug\Exceptions->errorHandler()
#1 /var/www/html/SIMRSHEBAT/system/Database/Postgre/Connection.php(147): pg_query()
#2 /var/www/html/SIMRSHEBAT/system/Database/BaseConnection.php(691): CodeIgniter\Database\Postgre\Connection->execute()
#3 /var/www/html/SIMRSHEBAT/app/Controllers/Rekammedisirja.php(411): CodeIgniter\Database\BaseConnection->simpleQuery()
#4 /var/www/html/SIMRSHEBAT/system/CodeIgniter.php(934): App\Controllers\Rekammedisirja->datamricd9irja()
#5 /var/www/html/SIMRSHEBAT/system/CodeIgniter.php(499): CodeIgniter\CodeIgniter->runController()
#6 /var/www/html/SIMRSHEBAT/system/CodeIgniter.php(368): CodeIgniter\CodeIgniter->handleRequest()
#7 /var/www/html/SIMRSHEBAT/index.php(67): CodeIgniter\CodeIgniter->run()
#8 {main}
ERROR - 2024-11-06 10:12:56 --> ErrorException: pg_query(): Query failed: ERROR:  column &quot;id_penyakit&quot; specified in USING clause does not exist in left table in /var/www/html/SIMRSHEBAT/system/Database/Postgre/Connection.php:147
Stack trace:
#0 [internal function]: CodeIgniter\Debug\Exceptions->errorHandler()
#1 /var/www/html/SIMRSHEBAT/system/Database/Postgre/Connection.php(147): pg_query()
#2 /var/www/html/SIMRSHEBAT/system/Database/BaseConnection.php(691): CodeIgniter\Database\Postgre\Connection->execute()
#3 /var/www/html/SIMRSHEBAT/app/Controllers/Rekammedisirja.php(453): CodeIgniter\Database\BaseConnection->simpleQuery()
#4 /var/www/html/SIMRSHEBAT/system/CodeIgniter.php(934): App\Controllers\Rekammedisirja->datamrpenyakitirja()
#5 /var/www/html/SIMRSHEBAT/system/CodeIgniter.php(499): CodeIgniter\CodeIgniter->runController()
#6 /var/www/html/SIMRSHEBAT/system/CodeIgniter.php(368): CodeIgniter\CodeIgniter->handleRequest()
#7 /var/www/html/SIMRSHEBAT/index.php(67): CodeIgniter\CodeIgniter->run()
#8 {main}
ERROR - 2024-11-06 10:12:56 --> ErrorException: pg_query(): Query failed: ERROR:  column &quot;jenis_pegawai&quot; does not exist
LINE 1: SELECT * FROM pegawai where jenis_pegawai='1'
                                    ^ in /var/www/html/SIMRSHEBAT/system/Database/Postgre/Connection.php:147
Stack trace:
#0 [internal function]: CodeIgniter\Debug\Exceptions->errorHandler()
#1 /var/www/html/SIMRSHEBAT/system/Database/Postgre/Connection.php(147): pg_query()
#2 /var/www/html/SIMRSHEBAT/system/Database/BaseConnection.php(691): CodeIgniter\Database\Postgre\Connection->execute()
#3 /var/www/html/SIMRSHEBAT/system/Database/BaseConnection.php(605): CodeIgniter\Database\BaseConnection->simpleQuery()
#4 /var/www/html/SIMRSHEBAT/app/Controllers/Rawatjalan.php(32): CodeIgniter\Database\BaseConnection->query()
#5 /var/www/html/SIMRSHEBAT/system/CodeIgniter.php(934): App\Controllers\Rawatjalan->pegawai()
#6 /var/www/html/SIMRSHEBAT/system/CodeIgniter.php(499): CodeIgniter\CodeIgniter->runController()
#7 /var/www/html/SIMRSHEBAT/system/CodeIgniter.php(368): CodeIgniter\CodeIgniter->handleRequest()
#8 /var/www/html/SIMRSHEBAT/index.php(67): CodeIgniter\CodeIgniter->run()
#9 {main}
CRITICAL - 2024-11-06 10:12:56 --> Call to a member function getResult() on bool
in APPPATH/Controllers/Rawatjalan.php on line 35.
 1 SYSTEMPATH/CodeIgniter.php(934): App\Controllers\Rawatjalan->pegawai()
 2 SYSTEMPATH/CodeIgniter.php(499): CodeIgniter\CodeIgniter->runController()
 3 SYSTEMPATH/CodeIgniter.php(368): CodeIgniter\CodeIgniter->handleRequest()
 4 FCPATH/index.php(67): CodeIgniter\CodeIgniter->run()
WARNING - 2024-11-06 10:12:56 --> [DEPRECATED] Creation of dynamic property App\Controllers\Lab::$db is deprecated in APPPATH/Controllers/Api.php on line 8.
 1 SYSTEMPATH/CodeIgniter.php(906): App\Controllers\Api->__construct()
 2 SYSTEMPATH/CodeIgniter.php(490): CodeIgniter\CodeIgniter->createController()
 3 SYSTEMPATH/CodeIgniter.php(368): CodeIgniter\CodeIgniter->handleRequest(null, Object(Config\Cache), false)
 4 FCPATH/index.php(67): CodeIgniter\CodeIgniter->run()
WARNING - 2024-11-06 10:12:56 --> [DEPRECATED] Creation of dynamic property App\Controllers\Lab::$simrs is deprecated in APPPATH/Controllers/Api.php on line 9.
 1 SYSTEMPATH/CodeIgniter.php(906): App\Controllers\Api->__construct()
 2 SYSTEMPATH/CodeIgniter.php(490): CodeIgniter\CodeIgniter->createController()
 3 SYSTEMPATH/CodeIgniter.php(368): CodeIgniter\CodeIgniter->handleRequest(null, Object(Config\Cache), false)
 4 FCPATH/index.php(67): CodeIgniter\CodeIgniter->run()
WARNING - 2024-11-06 10:12:56 --> [DEPRECATED] Creation of dynamic property App\Controllers\Lab::$db is deprecated in APPPATH/Controllers/Api.php on line 8.
 1 SYSTEMPATH/CodeIgniter.php(906): App\Controllers\Api->__construct()
 2 SYSTEMPATH/CodeIgniter.php(490): CodeIgniter\CodeIgniter->createController()
 3 SYSTEMPATH/CodeIgniter.php(368): CodeIgniter\CodeIgniter->handleRequest(null, Object(Config\Cache), false)
 4 FCPATH/index.php(67): CodeIgniter\CodeIgniter->run()
WARNING - 2024-11-06 10:12:56 --> [DEPRECATED] Creation of dynamic property App\Controllers\Lab::$simrs is deprecated in APPPATH/Controllers/Api.php on line 9.
 1 SYSTEMPATH/CodeIgniter.php(906): App\Controllers\Api->__construct()
 2 SYSTEMPATH/CodeIgniter.php(490): CodeIgniter\CodeIgniter->createController()
 3 SYSTEMPATH/CodeIgniter.php(368): CodeIgniter\CodeIgniter->handleRequest(null, Object(Config\Cache), false)
 4 FCPATH/index.php(67): CodeIgniter\CodeIgniter->run()
WARNING - 2024-11-06 10:12:56 --> [DEPRECATED] Creation of dynamic property App\Controllers\Lab::$db is deprecated in APPPATH/Controllers/Api.php on line 8.
 1 SYSTEMPATH/CodeIgniter.php(906): App\Controllers\Api->__construct()
 2 SYSTEMPATH/CodeIgniter.php(490): CodeIgniter\CodeIgniter->createController()
 3 SYSTEMPATH/CodeIgniter.php(368): CodeIgniter\CodeIgniter->handleRequest(null, Object(Config\Cache), false)
 4 FCPATH/index.php(67): CodeIgniter\CodeIgniter->run()
WARNING - 2024-11-06 10:12:56 --> [DEPRECATED] Creation of dynamic property App\Controllers\Lab::$simrs is deprecated in APPPATH/Controllers/Api.php on line 9.
 1 SYSTEMPATH/CodeIgniter.php(906): App\Controllers\Api->__construct()
 2 SYSTEMPATH/CodeIgniter.php(490): CodeIgniter\CodeIgniter->createController()
 3 SYSTEMPATH/CodeIgniter.php(368): CodeIgniter\CodeIgniter->handleRequest(null, Object(Config\Cache), false)
 4 FCPATH/index.php(67): CodeIgniter\CodeIgniter->run()
ERROR - 2024-11-06 10:12:56 --> ErrorException: pg_query(): Query failed: ERROR:  column &quot;id_jenis_produk&quot; does not exist
LINE 1: SELECT * from produk WHERE id_jenis_produk='3' 
                                   ^ in /var/www/html/SIMRSHEBAT/system/Database/Postgre/Connection.php:147
Stack trace:
#0 [internal function]: CodeIgniter\Debug\Exceptions->errorHandler()
#1 /var/www/html/SIMRSHEBAT/system/Database/Postgre/Connection.php(147): pg_query()
#2 /var/www/html/SIMRSHEBAT/system/Database/BaseConnection.php(691): CodeIgniter\Database\Postgre\Connection->execute()
#3 /var/www/html/SIMRSHEBAT/system/Database/BaseConnection.php(605): CodeIgniter\Database\BaseConnection->simpleQuery()
#4 /var/www/html/SIMRSHEBAT/app/Controllers/Lab.php(447): CodeIgniter\Database\BaseConnection->query()
#5 /var/www/html/SIMRSHEBAT/system/CodeIgniter.php(934): App\Controllers\Lab->produk()
#6 /var/www/html/SIMRSHEBAT/system/CodeIgniter.php(499): CodeIgniter\CodeIgniter->runController()
#7 /var/www/html/SIMRSHEBAT/system/CodeIgniter.php(368): CodeIgniter\CodeIgniter->handleRequest()
#8 /var/www/html/SIMRSHEBAT/index.php(67): CodeIgniter\CodeIgniter->run()
#9 {main}
CRITICAL - 2024-11-06 10:12:56 --> Call to a member function getResult() on bool
in APPPATH/Controllers/Lab.php on line 447.
 1 SYSTEMPATH/CodeIgniter.php(934): App\Controllers\Lab->produk()
 2 SYSTEMPATH/CodeIgniter.php(499): CodeIgniter\CodeIgniter->runController()
 3 SYSTEMPATH/CodeIgniter.php(368): CodeIgniter\CodeIgniter->handleRequest()
 4 FCPATH/index.php(67): CodeIgniter\CodeIgniter->run()
ERROR - 2024-11-06 10:12:56 --> ErrorException: pg_query(): Query failed: ERROR:  function left(integer, integer) does not exist
LINE 1: SELECT * from produk WHERE left(kd_produk,2)='XR' 
                                   ^
HINT:  No function matches the given name and argument types. You might need to add explicit type casts. in /var/www/html/SIMRSHEBAT/system/Database/Postgre/Connection.php:147
Stack trace:
#0 [internal function]: CodeIgniter\Debug\Exceptions->errorHandler()
#1 /var/www/html/SIMRSHEBAT/system/Database/Postgre/Connection.php(147): pg_query()
#2 /var/www/html/SIMRSHEBAT/system/Database/BaseConnection.php(691): CodeIgniter\Database\Postgre\Connection->execute()
#3 /var/www/html/SIMRSHEBAT/system/Database/BaseConnection.php(605): CodeIgniter\Database\BaseConnection->simpleQuery()
#4 /var/www/html/SIMRSHEBAT/app/Controllers/Lab.php(465): CodeIgniter\Database\BaseConnection->query()
#5 /var/www/html/SIMRSHEBAT/system/CodeIgniter.php(934): App\Controllers\Lab->produkRad()
#6 /var/www/html/SIMRSHEBAT/system/CodeIgniter.php(499): CodeIgniter\CodeIgniter->runController()
#7 /var/www/html/SIMRSHEBAT/system/CodeIgniter.php(368): CodeIgniter\CodeIgniter->handleRequest()
#8 /var/www/html/SIMRSHEBAT/index.php(67): CodeIgniter\CodeIgniter->run()
#9 {main}
CRITICAL - 2024-11-06 10:12:56 --> Call to a member function getResult() on bool
in APPPATH/Controllers/Lab.php on line 465.
 1 SYSTEMPATH/CodeIgniter.php(934): App\Controllers\Lab->produkRad()
 2 SYSTEMPATH/CodeIgniter.php(499): CodeIgniter\CodeIgniter->runController()
 3 SYSTEMPATH/CodeIgniter.php(368): CodeIgniter\CodeIgniter->handleRequest()
 4 FCPATH/index.php(67): CodeIgniter\CodeIgniter->run()
ERROR - 2024-11-06 10:12:56 --> ErrorException: pg_query(): Query failed: ERROR:  function left(integer, integer) does not exist
LINE 1: SELECT * from produk WHERE left(kd_produk,2)='CT' 
                                   ^
HINT:  No function matches the given name and argument types. You might need to add explicit type casts. in /var/www/html/SIMRSHEBAT/system/Database/Postgre/Connection.php:147
Stack trace:
#0 [internal function]: CodeIgniter\Debug\Exceptions->errorHandler()
#1 /var/www/html/SIMRSHEBAT/system/Database/Postgre/Connection.php(147): pg_query()
#2 /var/www/html/SIMRSHEBAT/system/Database/BaseConnection.php(691): CodeIgniter\Database\Postgre\Connection->execute()
#3 /var/www/html/SIMRSHEBAT/system/Database/BaseConnection.php(605): CodeIgniter\Database\BaseConnection->simpleQuery()
#4 /var/www/html/SIMRSHEBAT/app/Controllers/Lab.php(465): CodeIgniter\Database\BaseConnection->query()
#5 /var/www/html/SIMRSHEBAT/system/CodeIgniter.php(934): App\Controllers\Lab->produkRad()
#6 /var/www/html/SIMRSHEBAT/system/CodeIgniter.php(499): CodeIgniter\CodeIgniter->runController()
#7 /var/www/html/SIMRSHEBAT/system/CodeIgniter.php(368): CodeIgniter\CodeIgniter->handleRequest()
#8 /var/www/html/SIMRSHEBAT/index.php(67): CodeIgniter\CodeIgniter->run()
#9 {main}
CRITICAL - 2024-11-06 10:12:56 --> Call to a member function getResult() on bool
in APPPATH/Controllers/Lab.php on line 465.
 1 SYSTEMPATH/CodeIgniter.php(934): App\Controllers\Lab->produkRad()
 2 SYSTEMPATH/CodeIgniter.php(499): CodeIgniter\CodeIgniter->runController()
 3 SYSTEMPATH/CodeIgniter.php(368): CodeIgniter\CodeIgniter->handleRequest()
 4 FCPATH/index.php(67): CodeIgniter\CodeIgniter->run()
WARNING - 2024-11-06 10:12:56 --> [DEPRECATED] Creation of dynamic property App\Controllers\Lab::$db is deprecated in APPPATH/Controllers/Api.php on line 8.
 1 SYSTEMPATH/CodeIgniter.php(906): App\Controllers\Api->__construct()
 2 SYSTEMPATH/CodeIgniter.php(490): CodeIgniter\CodeIgniter->createController()
 3 SYSTEMPATH/CodeIgniter.php(368): CodeIgniter\CodeIgniter->handleRequest(null, Object(Config\Cache), false)
 4 FCPATH/index.php(67): CodeIgniter\CodeIgniter->run()
WARNING - 2024-11-06 10:12:56 --> [DEPRECATED] Creation of dynamic property App\Controllers\Lab::$simrs is deprecated in APPPATH/Controllers/Api.php on line 9.
 1 SYSTEMPATH/CodeIgniter.php(906): App\Controllers\Api->__construct()
 2 SYSTEMPATH/CodeIgniter.php(490): CodeIgniter\CodeIgniter->createController()
 3 SYSTEMPATH/CodeIgniter.php(368): CodeIgniter\CodeIgniter->handleRequest(null, Object(Config\Cache), false)
 4 FCPATH/index.php(67): CodeIgniter\CodeIgniter->run()
WARNING - 2024-11-06 10:12:56 --> [DEPRECATED] Creation of dynamic property App\Controllers\Rekammedisirna::$db is deprecated in APPPATH/Controllers/Api.php on line 8.
 1 SYSTEMPATH/CodeIgniter.php(906): App\Controllers\Api->__construct()
 2 SYSTEMPATH/CodeIgniter.php(490): CodeIgniter\CodeIgniter->createController()
 3 SYSTEMPATH/CodeIgniter.php(368): CodeIgniter\CodeIgniter->handleRequest(null, Object(Config\Cache), false)
 4 FCPATH/index.php(67): CodeIgniter\CodeIgniter->run()
WARNING - 2024-11-06 10:12:56 --> [DEPRECATED] Creation of dynamic property App\Controllers\Rekammedisirna::$simrs is deprecated in APPPATH/Controllers/Api.php on line 9.
 1 SYSTEMPATH/CodeIgniter.php(906): App\Controllers\Api->__construct()
 2 SYSTEMPATH/CodeIgniter.php(490): CodeIgniter\CodeIgniter->createController()
 3 SYSTEMPATH/CodeIgniter.php(368): CodeIgniter\CodeIgniter->handleRequest(null, Object(Config\Cache), false)
 4 FCPATH/index.php(67): CodeIgniter\CodeIgniter->run()
WARNING - 2024-11-06 10:12:56 --> [DEPRECATED] Creation of dynamic property App\Controllers\Kunjungan::$db is deprecated in APPPATH/Controllers/Api.php on line 8.
 1 SYSTEMPATH/CodeIgniter.php(906): App\Controllers\Api->__construct()
 2 SYSTEMPATH/CodeIgniter.php(490): CodeIgniter\CodeIgniter->createController()
 3 SYSTEMPATH/CodeIgniter.php(368): CodeIgniter\CodeIgniter->handleRequest(null, Object(Config\Cache), false)
 4 FCPATH/index.php(67): CodeIgniter\CodeIgniter->run()
WARNING - 2024-11-06 10:12:56 --> [DEPRECATED] Creation of dynamic property App\Controllers\Kunjungan::$simrs is deprecated in APPPATH/Controllers/Api.php on line 9.
 1 SYSTEMPATH/CodeIgniter.php(906): App\Controllers\Api->__construct()
 2 SYSTEMPATH/CodeIgniter.php(490): CodeIgniter\CodeIgniter->createController()
 3 SYSTEMPATH/CodeIgniter.php(368): CodeIgniter\CodeIgniter->handleRequest(null, Object(Config\Cache), false)
 4 FCPATH/index.php(67): CodeIgniter\CodeIgniter->run()
ERROR - 2024-11-06 10:12:56 --> ErrorException: pg_query(): Query failed: ERROR:  relation &quot;order_lab&quot; does not exist
LINE 2:         order_lab o inner join
                ^ in /var/www/html/SIMRSHEBAT/system/Database/Postgre/Connection.php:147
Stack trace:
#0 [internal function]: CodeIgniter\Debug\Exceptions->errorHandler()
#1 /var/www/html/SIMRSHEBAT/system/Database/Postgre/Connection.php(147): pg_query()
#2 /var/www/html/SIMRSHEBAT/system/Database/BaseConnection.php(691): CodeIgniter\Database\Postgre\Connection->execute()
#3 /var/www/html/SIMRSHEBAT/app/Controllers/Rekammedisirna.php(823): CodeIgniter\Database\BaseConnection->simpleQuery()
#4 /var/www/html/SIMRSHEBAT/system/CodeIgniter.php(934): App\Controllers\Rekammedisirna->datapenunjangpasienirna()
#5 /var/www/html/SIMRSHEBAT/system/CodeIgniter.php(499): CodeIgniter\CodeIgniter->runController()
#6 /var/www/html/SIMRSHEBAT/system/CodeIgniter.php(368): CodeIgniter\CodeIgniter->handleRequest()
#7 /var/www/html/SIMRSHEBAT/index.php(67): CodeIgniter\CodeIgniter->run()
#8 {main}
ERROR - 2024-11-06 10:12:56 --> ErrorException: pg_query(): Query failed: ERROR:  column &quot;id_penyakit&quot; specified in USING clause does not exist in left table in /var/www/html/SIMRSHEBAT/system/Database/Postgre/Connection.php:147
Stack trace:
#0 [internal function]: CodeIgniter\Debug\Exceptions->errorHandler()
#1 /var/www/html/SIMRSHEBAT/system/Database/Postgre/Connection.php(147): pg_query()
#2 /var/www/html/SIMRSHEBAT/system/Database/BaseConnection.php(691): CodeIgniter\Database\Postgre\Connection->execute()
#3 /var/www/html/SIMRSHEBAT/app/Controllers/Kunjungan.php(585): CodeIgniter\Database\BaseConnection->simpleQuery()
#4 /var/www/html/SIMRSHEBAT/system/CodeIgniter.php(934): App\Controllers\Kunjungan->historipenyakit()
#5 /var/www/html/SIMRSHEBAT/system/CodeIgniter.php(499): CodeIgniter\CodeIgniter->runController()
#6 /var/www/html/SIMRSHEBAT/system/CodeIgniter.php(368): CodeIgniter\CodeIgniter->handleRequest()
#7 /var/www/html/SIMRSHEBAT/index.php(67): CodeIgniter\CodeIgniter->run()
#8 {main}
ERROR - 2024-11-06 10:12:56 --> ErrorException: pg_query(): Query failed: ERROR:  function left(integer, integer) does not exist
LINE 1: SELECT * from produk WHERE left(kd_produk,2)='UR' 
                                   ^
HINT:  No function matches the given name and argument types. You might need to add explicit type casts. in /var/www/html/SIMRSHEBAT/system/Database/Postgre/Connection.php:147
Stack trace:
#0 [internal function]: CodeIgniter\Debug\Exceptions->errorHandler()
#1 /var/www/html/SIMRSHEBAT/system/Database/Postgre/Connection.php(147): pg_query()
#2 /var/www/html/SIMRSHEBAT/system/Database/BaseConnection.php(691): CodeIgniter\Database\Postgre\Connection->execute()
#3 /var/www/html/SIMRSHEBAT/system/Database/BaseConnection.php(605): CodeIgniter\Database\BaseConnection->simpleQuery()
#4 /var/www/html/SIMRSHEBAT/app/Controllers/Lab.php(465): CodeIgniter\Database\BaseConnection->query()
#5 /var/www/html/SIMRSHEBAT/system/CodeIgniter.php(934): App\Controllers\Lab->produkRad()
#6 /var/www/html/SIMRSHEBAT/system/CodeIgniter.php(499): CodeIgniter\CodeIgniter->runController()
#7 /var/www/html/SIMRSHEBAT/system/CodeIgniter.php(368): CodeIgniter\CodeIgniter->handleRequest()
#8 /var/www/html/SIMRSHEBAT/index.php(67): CodeIgniter\CodeIgniter->run()
#9 {main}
CRITICAL - 2024-11-06 10:12:56 --> Call to a member function getResult() on bool
in APPPATH/Controllers/Lab.php on line 465.
 1 SYSTEMPATH/CodeIgniter.php(934): App\Controllers\Lab->produkRad()
 2 SYSTEMPATH/CodeIgniter.php(499): CodeIgniter\CodeIgniter->runController()
 3 SYSTEMPATH/CodeIgniter.php(368): CodeIgniter\CodeIgniter->handleRequest()
 4 FCPATH/index.php(67): CodeIgniter\CodeIgniter->run()
WARNING - 2024-11-06 10:12:56 --> [DEPRECATED] Creation of dynamic property App\Controllers\Kunjungan::$db is deprecated in APPPATH/Controllers/Api.php on line 8.
 1 SYSTEMPATH/CodeIgniter.php(906): App\Controllers\Api->__construct()
 2 SYSTEMPATH/CodeIgniter.php(490): CodeIgniter\CodeIgniter->createController()
 3 SYSTEMPATH/CodeIgniter.php(368): CodeIgniter\CodeIgniter->handleRequest(null, Object(Config\Cache), false)
 4 FCPATH/index.php(67): CodeIgniter\CodeIgniter->run()
WARNING - 2024-11-06 10:12:56 --> [DEPRECATED] Creation of dynamic property App\Controllers\Kunjungan::$simrs is deprecated in APPPATH/Controllers/Api.php on line 9.
 1 SYSTEMPATH/CodeIgniter.php(906): App\Controllers\Api->__construct()
 2 SYSTEMPATH/CodeIgniter.php(490): CodeIgniter\CodeIgniter->createController()
 3 SYSTEMPATH/CodeIgniter.php(368): CodeIgniter\CodeIgniter->handleRequest(null, Object(Config\Cache), false)
 4 FCPATH/index.php(67): CodeIgniter\CodeIgniter->run()
WARNING - 2024-11-06 10:12:56 --> [DEPRECATED] Creation of dynamic property App\Controllers\Datasosial::$db is deprecated in APPPATH/Controllers/Api.php on line 8.
 1 SYSTEMPATH/CodeIgniter.php(906): App\Controllers\Api->__construct()
 2 SYSTEMPATH/CodeIgniter.php(490): CodeIgniter\CodeIgniter->createController()
 3 SYSTEMPATH/CodeIgniter.php(368): CodeIgniter\CodeIgniter->handleRequest(null, Object(Config\Cache), false)
 4 FCPATH/index.php(67): CodeIgniter\CodeIgniter->run()
WARNING - 2024-11-06 10:12:56 --> [DEPRECATED] Creation of dynamic property App\Controllers\Datasosial::$simrs is deprecated in APPPATH/Controllers/Api.php on line 9.
 1 SYSTEMPATH/CodeIgniter.php(906): App\Controllers\Api->__construct()
 2 SYSTEMPATH/CodeIgniter.php(490): CodeIgniter\CodeIgniter->createController()
 3 SYSTEMPATH/CodeIgniter.php(368): CodeIgniter\CodeIgniter->handleRequest(null, Object(Config\Cache), false)
 4 FCPATH/index.php(67): CodeIgniter\CodeIgniter->run()
ERROR - 2024-11-06 10:12:56 --> ErrorException: pg_query(): Query failed: ERROR:  relation &quot;alergi&quot; does not exist
LINE 1: SELECT * from alergi where no_rm='5-08-86-53' 
                      ^ in /var/www/html/SIMRSHEBAT/system/Database/Postgre/Connection.php:147
Stack trace:
#0 [internal function]: CodeIgniter\Debug\Exceptions->errorHandler()
#1 /var/www/html/SIMRSHEBAT/system/Database/Postgre/Connection.php(147): pg_query()
#2 /var/www/html/SIMRSHEBAT/system/Database/BaseConnection.php(691): CodeIgniter\Database\Postgre\Connection->execute()
#3 /var/www/html/SIMRSHEBAT/app/Controllers/Kunjungan.php(632): CodeIgniter\Database\BaseConnection->simpleQuery()
#4 /var/www/html/SIMRSHEBAT/system/CodeIgniter.php(934): App\Controllers\Kunjungan->historialergi()
#5 /var/www/html/SIMRSHEBAT/system/CodeIgniter.php(499): CodeIgniter\CodeIgniter->runController()
#6 /var/www/html/SIMRSHEBAT/system/CodeIgniter.php(368): CodeIgniter\CodeIgniter->handleRequest()
#7 /var/www/html/SIMRSHEBAT/index.php(67): CodeIgniter\CodeIgniter->run()
#8 {main}
WARNING - 2024-11-06 10:12:56 --> [DEPRECATED] Creation of dynamic property App\Controllers\Datasosial::$db is deprecated in APPPATH/Controllers/Api.php on line 8.
 1 SYSTEMPATH/CodeIgniter.php(906): App\Controllers\Api->__construct()
 2 SYSTEMPATH/CodeIgniter.php(490): CodeIgniter\CodeIgniter->createController()
 3 SYSTEMPATH/CodeIgniter.php(368): CodeIgniter\CodeIgniter->handleRequest(null, Object(Config\Cache), false)
 4 FCPATH/index.php(67): CodeIgniter\CodeIgniter->run()
WARNING - 2024-11-06 10:12:56 --> [DEPRECATED] Creation of dynamic property App\Controllers\Datasosial::$simrs is deprecated in APPPATH/Controllers/Api.php on line 9.
 1 SYSTEMPATH/CodeIgniter.php(906): App\Controllers\Api->__construct()
 2 SYSTEMPATH/CodeIgniter.php(490): CodeIgniter\CodeIgniter->createController()
 3 SYSTEMPATH/CodeIgniter.php(368): CodeIgniter\CodeIgniter->handleRequest(null, Object(Config\Cache), false)
 4 FCPATH/index.php(67): CodeIgniter\CodeIgniter->run()
WARNING - 2024-11-06 10:12:56 --> [DEPRECATED] Creation of dynamic property App\Controllers\Kunjungan::$db is deprecated in APPPATH/Controllers/Api.php on line 8.
 1 SYSTEMPATH/CodeIgniter.php(906): App\Controllers\Api->__construct()
 2 SYSTEMPATH/CodeIgniter.php(490): CodeIgniter\CodeIgniter->createController()
 3 SYSTEMPATH/CodeIgniter.php(368): CodeIgniter\CodeIgniter->handleRequest(null, Object(Config\Cache), false)
 4 FCPATH/index.php(67): CodeIgniter\CodeIgniter->run()
WARNING - 2024-11-06 10:12:56 --> [DEPRECATED] Creation of dynamic property App\Controllers\Kunjungan::$simrs is deprecated in APPPATH/Controllers/Api.php on line 9.
 1 SYSTEMPATH/CodeIgniter.php(906): App\Controllers\Api->__construct()
 2 SYSTEMPATH/CodeIgniter.php(490): CodeIgniter\CodeIgniter->createController()
 3 SYSTEMPATH/CodeIgniter.php(368): CodeIgniter\CodeIgniter->handleRequest(null, Object(Config\Cache), false)
 4 FCPATH/index.php(67): CodeIgniter\CodeIgniter->run()
ERROR - 2024-11-06 10:12:56 --> ErrorException: pg_query(): Query failed: ERROR:  column &quot;id_penyakit&quot; specified in USING clause does not exist in left table in /var/www/html/SIMRSHEBAT/system/Database/Postgre/Connection.php:147
Stack trace:
#0 [internal function]: CodeIgniter\Debug\Exceptions->errorHandler()
#1 /var/www/html/SIMRSHEBAT/system/Database/Postgre/Connection.php(147): pg_query()
#2 /var/www/html/SIMRSHEBAT/system/Database/BaseConnection.php(691): CodeIgniter\Database\Postgre\Connection->execute()
#3 /var/www/html/SIMRSHEBAT/app/Controllers/Kunjungan.php(617): CodeIgniter\Database\BaseConnection->simpleQuery()
#4 /var/www/html/SIMRSHEBAT/system/CodeIgniter.php(934): App\Controllers\Kunjungan->historipenyakitkeluarga()
#5 /var/www/html/SIMRSHEBAT/system/CodeIgniter.php(499): CodeIgniter\CodeIgniter->runController()
#6 /var/www/html/SIMRSHEBAT/system/CodeIgniter.php(368): CodeIgniter\CodeIgniter->handleRequest()
#7 /var/www/html/SIMRSHEBAT/index.php(67): CodeIgniter\CodeIgniter->run()
#8 {main}
WARNING - 2024-11-06 10:13:17 --> [DEPRECATED] Creation of dynamic property App\Controllers\Rekammedisirna::$db is deprecated in APPPATH/Controllers/Api.php on line 8.
 1 SYSTEMPATH/CodeIgniter.php(906): App\Controllers\Api->__construct()
 2 SYSTEMPATH/CodeIgniter.php(490): CodeIgniter\CodeIgniter->createController()
 3 SYSTEMPATH/CodeIgniter.php(368): CodeIgniter\CodeIgniter->handleRequest(null, Object(Config\Cache), false)
 4 FCPATH/index.php(67): CodeIgniter\CodeIgniter->run()
WARNING - 2024-11-06 10:13:17 --> [DEPRECATED] Creation of dynamic property App\Controllers\Rekammedisirna::$simrs is deprecated in APPPATH/Controllers/Api.php on line 9.
 1 SYSTEMPATH/CodeIgniter.php(906): App\Controllers\Api->__construct()
 2 SYSTEMPATH/CodeIgniter.php(490): CodeIgniter\CodeIgniter->createController()
 3 SYSTEMPATH/CodeIgniter.php(368): CodeIgniter\CodeIgniter->handleRequest(null, Object(Config\Cache), false)
 4 FCPATH/index.php(67): CodeIgniter\CodeIgniter->run()
CRITICAL - 2024-11-06 10:13:17 --> Undefined property: stdClass::$norm
in APPPATH/Controllers/Rekammedisirna.php on line 980.
 1 APPPATH/Controllers/Rekammedisirna.php(980): CodeIgniter\Debug\Exceptions->errorHandler()
 2 SYSTEMPATH/CodeIgniter.php(934): App\Controllers\Rekammedisirna->viewtandavital()
 3 SYSTEMPATH/CodeIgniter.php(499): CodeIgniter\CodeIgniter->runController()
 4 SYSTEMPATH/CodeIgniter.php(368): CodeIgniter\CodeIgniter->handleRequest()
 5 FCPATH/index.php(67): CodeIgniter\CodeIgniter->run()
WARNING - 2024-11-06 10:22:23 --> [DEPRECATED] Creation of dynamic property App\Controllers\Kunjungan::$db is deprecated in APPPATH/Controllers/Api.php on line 8.
 1 SYSTEMPATH/CodeIgniter.php(906): App\Controllers\Api->__construct()
 2 SYSTEMPATH/CodeIgniter.php(490): CodeIgniter\CodeIgniter->createController()
 3 SYSTEMPATH/CodeIgniter.php(368): CodeIgniter\CodeIgniter->handleRequest(null, Object(Config\Cache), false)
 4 FCPATH/index.php(67): CodeIgniter\CodeIgniter->run()
WARNING - 2024-11-06 10:22:23 --> [DEPRECATED] Creation of dynamic property App\Controllers\Kunjungan::$simrs is deprecated in APPPATH/Controllers/Api.php on line 9.
 1 SYSTEMPATH/CodeIgniter.php(906): App\Controllers\Api->__construct()
 2 SYSTEMPATH/CodeIgniter.php(490): CodeIgniter\CodeIgniter->createController()
 3 SYSTEMPATH/CodeIgniter.php(368): CodeIgniter\CodeIgniter->handleRequest(null, Object(Config\Cache), false)
 4 FCPATH/index.php(67): CodeIgniter\CodeIgniter->run()
ERROR - 2024-11-06 10:22:23 --> ErrorException: pg_query(): Query failed: ERROR:  relation &quot;diagnosa_perawat&quot; does not exist
LINE 1: SELECT * from diagnosa_perawat
                      ^ in /var/www/html/SIMRSHEBAT/system/Database/Postgre/Connection.php:147
Stack trace:
#0 [internal function]: CodeIgniter\Debug\Exceptions->errorHandler()
#1 /var/www/html/SIMRSHEBAT/system/Database/Postgre/Connection.php(147): pg_query()
#2 /var/www/html/SIMRSHEBAT/system/Database/BaseConnection.php(691): CodeIgniter\Database\Postgre\Connection->execute()
#3 /var/www/html/SIMRSHEBAT/app/Controllers/Kunjungan.php(767): CodeIgniter\Database\BaseConnection->simpleQuery()
#4 /var/www/html/SIMRSHEBAT/system/CodeIgniter.php(934): App\Controllers\Kunjungan->diagnosaperawat()
#5 /var/www/html/SIMRSHEBAT/system/CodeIgniter.php(499): CodeIgniter\CodeIgniter->runController()
#6 /var/www/html/SIMRSHEBAT/system/CodeIgniter.php(368): CodeIgniter\CodeIgniter->handleRequest()
#7 /var/www/html/SIMRSHEBAT/index.php(67): CodeIgniter\CodeIgniter->run()
#8 {main}
WARNING - 2024-11-06 10:22:44 --> [DEPRECATED] Creation of dynamic property App\Controllers\Kunjungan::$db is deprecated in APPPATH/Controllers/Api.php on line 8.
 1 SYSTEMPATH/CodeIgniter.php(906): App\Controllers\Api->__construct()
 2 SYSTEMPATH/CodeIgniter.php(490): CodeIgniter\CodeIgniter->createController()
 3 SYSTEMPATH/CodeIgniter.php(368): CodeIgniter\CodeIgniter->handleRequest(null, Object(Config\Cache), false)
 4 FCPATH/index.php(67): CodeIgniter\CodeIgniter->run()
WARNING - 2024-11-06 10:22:44 --> [DEPRECATED] Creation of dynamic property App\Controllers\Kunjungan::$simrs is deprecated in APPPATH/Controllers/Api.php on line 9.
 1 SYSTEMPATH/CodeIgniter.php(906): App\Controllers\Api->__construct()
 2 SYSTEMPATH/CodeIgniter.php(490): CodeIgniter\CodeIgniter->createController()
 3 SYSTEMPATH/CodeIgniter.php(368): CodeIgniter\CodeIgniter->handleRequest(null, Object(Config\Cache), false)
 4 FCPATH/index.php(67): CodeIgniter\CodeIgniter->run()
ERROR - 2024-11-06 10:22:44 --> ErrorException: pg_query(): Query failed: ERROR:  relation &quot;diagnosa_perawat&quot; does not exist
LINE 1: SELECT * from diagnosa_perawat
                      ^ in /var/www/html/SIMRSHEBAT/system/Database/Postgre/Connection.php:147
Stack trace:
#0 [internal function]: CodeIgniter\Debug\Exceptions->errorHandler()
#1 /var/www/html/SIMRSHEBAT/system/Database/Postgre/Connection.php(147): pg_query()
#2 /var/www/html/SIMRSHEBAT/system/Database/BaseConnection.php(691): CodeIgniter\Database\Postgre\Connection->execute()
#3 /var/www/html/SIMRSHEBAT/app/Controllers/Kunjungan.php(767): CodeIgniter\Database\BaseConnection->simpleQuery()
#4 /var/www/html/SIMRSHEBAT/system/CodeIgniter.php(934): App\Controllers\Kunjungan->diagnosaperawat()
#5 /var/www/html/SIMRSHEBAT/system/CodeIgniter.php(499): CodeIgniter\CodeIgniter->runController()
#6 /var/www/html/SIMRSHEBAT/system/CodeIgniter.php(368): CodeIgniter\CodeIgniter->handleRequest()
#7 /var/www/html/SIMRSHEBAT/index.php(67): CodeIgniter\CodeIgniter->run()
#8 {main}
WARNING - 2024-11-06 10:24:53 --> [DEPRECATED] Creation of dynamic property App\Controllers\Kunjungan::$db is deprecated in APPPATH/Controllers/Api.php on line 8.
 1 SYSTEMPATH/CodeIgniter.php(906): App\Controllers\Api->__construct()
 2 SYSTEMPATH/CodeIgniter.php(490): CodeIgniter\CodeIgniter->createController()
 3 SYSTEMPATH/CodeIgniter.php(368): CodeIgniter\CodeIgniter->handleRequest(null, Object(Config\Cache), false)
 4 FCPATH/index.php(67): CodeIgniter\CodeIgniter->run()
WARNING - 2024-11-06 10:24:53 --> [DEPRECATED] Creation of dynamic property App\Controllers\Kunjungan::$simrs is deprecated in APPPATH/Controllers/Api.php on line 9.
 1 SYSTEMPATH/CodeIgniter.php(906): App\Controllers\Api->__construct()
 2 SYSTEMPATH/CodeIgniter.php(490): CodeIgniter\CodeIgniter->createController()
 3 SYSTEMPATH/CodeIgniter.php(368): CodeIgniter\CodeIgniter->handleRequest(null, Object(Config\Cache), false)
 4 FCPATH/index.php(67): CodeIgniter\CodeIgniter->run()
WARNING - 2024-11-06 10:24:54 --> [DEPRECATED] Creation of dynamic property App\Controllers\Kunjungan::$db is deprecated in APPPATH/Controllers/Api.php on line 8.
 1 SYSTEMPATH/CodeIgniter.php(906): App\Controllers\Api->__construct()
 2 SYSTEMPATH/CodeIgniter.php(490): CodeIgniter\CodeIgniter->createController()
 3 SYSTEMPATH/CodeIgniter.php(368): CodeIgniter\CodeIgniter->handleRequest(null, Object(Config\Cache), false)
 4 FCPATH/index.php(67): CodeIgniter\CodeIgniter->run()
WARNING - 2024-11-06 10:24:54 --> [DEPRECATED] Creation of dynamic property App\Controllers\Kunjungan::$simrs is deprecated in APPPATH/Controllers/Api.php on line 9.
 1 SYSTEMPATH/CodeIgniter.php(906): App\Controllers\Api->__construct()
 2 SYSTEMPATH/CodeIgniter.php(490): CodeIgniter\CodeIgniter->createController()
 3 SYSTEMPATH/CodeIgniter.php(368): CodeIgniter\CodeIgniter->handleRequest(null, Object(Config\Cache), false)
 4 FCPATH/index.php(67): CodeIgniter\CodeIgniter->run()
ERROR - 2024-11-06 10:24:54 --> ErrorException: pg_query(): Query failed: ERROR:  relation &quot;intervensi_import&quot; does not exist
LINE 1: SELECT * from intervensi_import where kd_diagnosa_perawat ='...
                      ^ in /var/www/html/SIMRSHEBAT/system/Database/Postgre/Connection.php:147
Stack trace:
#0 [internal function]: CodeIgniter\Debug\Exceptions->errorHandler()
#1 /var/www/html/SIMRSHEBAT/system/Database/Postgre/Connection.php(147): pg_query()
#2 /var/www/html/SIMRSHEBAT/system/Database/BaseConnection.php(691): CodeIgniter\Database\Postgre\Connection->execute()
#3 /var/www/html/SIMRSHEBAT/app/Controllers/Kunjungan.php(748): CodeIgniter\Database\BaseConnection->simpleQuery()
#4 /var/www/html/SIMRSHEBAT/system/CodeIgniter.php(934): App\Controllers\Kunjungan->detaildiagnosaperawat()
#5 /var/www/html/SIMRSHEBAT/system/CodeIgniter.php(499): CodeIgniter\CodeIgniter->runController()
#6 /var/www/html/SIMRSHEBAT/system/CodeIgniter.php(368): CodeIgniter\CodeIgniter->handleRequest()
#7 /var/www/html/SIMRSHEBAT/index.php(67): CodeIgniter\CodeIgniter->run()
#8 {main}
WARNING - 2024-11-06 10:25:11 --> [DEPRECATED] Creation of dynamic property App\Controllers\Kunjungan::$db is deprecated in APPPATH/Controllers/Api.php on line 8.
 1 SYSTEMPATH/CodeIgniter.php(906): App\Controllers\Api->__construct()
 2 SYSTEMPATH/CodeIgniter.php(490): CodeIgniter\CodeIgniter->createController()
 3 SYSTEMPATH/CodeIgniter.php(368): CodeIgniter\CodeIgniter->handleRequest(null, Object(Config\Cache), false)
 4 FCPATH/index.php(67): CodeIgniter\CodeIgniter->run()
WARNING - 2024-11-06 10:25:11 --> [DEPRECATED] Creation of dynamic property App\Controllers\Kunjungan::$simrs is deprecated in APPPATH/Controllers/Api.php on line 9.
 1 SYSTEMPATH/CodeIgniter.php(906): App\Controllers\Api->__construct()
 2 SYSTEMPATH/CodeIgniter.php(490): CodeIgniter\CodeIgniter->createController()
 3 SYSTEMPATH/CodeIgniter.php(368): CodeIgniter\CodeIgniter->handleRequest(null, Object(Config\Cache), false)
 4 FCPATH/index.php(67): CodeIgniter\CodeIgniter->run()
ERROR - 2024-11-06 10:25:11 --> ErrorException: pg_query(): Query failed: ERROR:  relation &quot;intervensi_import&quot; does not exist
LINE 1: SELECT * from intervensi_import where kd_diagnosa_perawat ='...
                      ^ in /var/www/html/SIMRSHEBAT/system/Database/Postgre/Connection.php:147
Stack trace:
#0 [internal function]: CodeIgniter\Debug\Exceptions->errorHandler()
#1 /var/www/html/SIMRSHEBAT/system/Database/Postgre/Connection.php(147): pg_query()
#2 /var/www/html/SIMRSHEBAT/system/Database/BaseConnection.php(691): CodeIgniter\Database\Postgre\Connection->execute()
#3 /var/www/html/SIMRSHEBAT/app/Controllers/Kunjungan.php(748): CodeIgniter\Database\BaseConnection->simpleQuery()
#4 /var/www/html/SIMRSHEBAT/system/CodeIgniter.php(934): App\Controllers\Kunjungan->detaildiagnosaperawat()
#5 /var/www/html/SIMRSHEBAT/system/CodeIgniter.php(499): CodeIgniter\CodeIgniter->runController()
#6 /var/www/html/SIMRSHEBAT/system/CodeIgniter.php(368): CodeIgniter\CodeIgniter->handleRequest()
#7 /var/www/html/SIMRSHEBAT/index.php(67): CodeIgniter\CodeIgniter->run()
#8 {main}
WARNING - 2024-11-06 10:25:28 --> [DEPRECATED] Creation of dynamic property App\Controllers\Kunjungan::$db is deprecated in APPPATH/Controllers/Api.php on line 8.
 1 SYSTEMPATH/CodeIgniter.php(906): App\Controllers\Api->__construct()
 2 SYSTEMPATH/CodeIgniter.php(490): CodeIgniter\CodeIgniter->createController()
 3 SYSTEMPATH/CodeIgniter.php(368): CodeIgniter\CodeIgniter->handleRequest(null, Object(Config\Cache), false)
 4 FCPATH/index.php(67): CodeIgniter\CodeIgniter->run()
WARNING - 2024-11-06 10:25:28 --> [DEPRECATED] Creation of dynamic property App\Controllers\Kunjungan::$simrs is deprecated in APPPATH/Controllers/Api.php on line 9.
 1 SYSTEMPATH/CodeIgniter.php(906): App\Controllers\Api->__construct()
 2 SYSTEMPATH/CodeIgniter.php(490): CodeIgniter\CodeIgniter->createController()
 3 SYSTEMPATH/CodeIgniter.php(368): CodeIgniter\CodeIgniter->handleRequest(null, Object(Config\Cache), false)
 4 FCPATH/index.php(67): CodeIgniter\CodeIgniter->run()
ERROR - 2024-11-06 10:25:28 --> ErrorException: pg_query(): Query failed: ERROR:  relation &quot;intervensi_import&quot; does not exist
LINE 1: SELECT * from intervensi_import where kd_diagnosa_perawat ='...
                      ^ in /var/www/html/SIMRSHEBAT/system/Database/Postgre/Connection.php:147
Stack trace:
#0 [internal function]: CodeIgniter\Debug\Exceptions->errorHandler()
#1 /var/www/html/SIMRSHEBAT/system/Database/Postgre/Connection.php(147): pg_query()
#2 /var/www/html/SIMRSHEBAT/system/Database/BaseConnection.php(691): CodeIgniter\Database\Postgre\Connection->execute()
#3 /var/www/html/SIMRSHEBAT/app/Controllers/Kunjungan.php(748): CodeIgniter\Database\BaseConnection->simpleQuery()
#4 /var/www/html/SIMRSHEBAT/system/CodeIgniter.php(934): App\Controllers\Kunjungan->detaildiagnosaperawat()
#5 /var/www/html/SIMRSHEBAT/system/CodeIgniter.php(499): CodeIgniter\CodeIgniter->runController()
#6 /var/www/html/SIMRSHEBAT/system/CodeIgniter.php(368): CodeIgniter\CodeIgniter->handleRequest()
#7 /var/www/html/SIMRSHEBAT/index.php(67): CodeIgniter\CodeIgniter->run()
#8 {main}
WARNING - 2024-11-06 10:54:23 --> [DEPRECATED] Creation of dynamic property App\Controllers\Kunjungan::$db is deprecated in APPPATH/Controllers/Api.php on line 8.
 1 SYSTEMPATH/CodeIgniter.php(906): App\Controllers\Api->__construct()
 2 SYSTEMPATH/CodeIgniter.php(490): CodeIgniter\CodeIgniter->createController()
 3 SYSTEMPATH/CodeIgniter.php(368): CodeIgniter\CodeIgniter->handleRequest(null, Object(Config\Cache), false)
 4 FCPATH/index.php(67): CodeIgniter\CodeIgniter->run()
WARNING - 2024-11-06 10:54:23 --> [DEPRECATED] Creation of dynamic property App\Controllers\Kunjungan::$simrs is deprecated in APPPATH/Controllers/Api.php on line 9.
 1 SYSTEMPATH/CodeIgniter.php(906): App\Controllers\Api->__construct()
 2 SYSTEMPATH/CodeIgniter.php(490): CodeIgniter\CodeIgniter->createController()
 3 SYSTEMPATH/CodeIgniter.php(368): CodeIgniter\CodeIgniter->handleRequest(null, Object(Config\Cache), false)
 4 FCPATH/index.php(67): CodeIgniter\CodeIgniter->run()
WARNING - 2024-11-06 10:54:25 --> [DEPRECATED] Creation of dynamic property App\Controllers\Kunjungan::$db is deprecated in APPPATH/Controllers/Api.php on line 8.
 1 SYSTEMPATH/CodeIgniter.php(906): App\Controllers\Api->__construct()
 2 SYSTEMPATH/CodeIgniter.php(490): CodeIgniter\CodeIgniter->createController()
 3 SYSTEMPATH/CodeIgniter.php(368): CodeIgniter\CodeIgniter->handleRequest(null, Object(Config\Cache), false)
 4 FCPATH/index.php(67): CodeIgniter\CodeIgniter->run()
WARNING - 2024-11-06 10:54:25 --> [DEPRECATED] Creation of dynamic property App\Controllers\Kunjungan::$simrs is deprecated in APPPATH/Controllers/Api.php on line 9.
 1 SYSTEMPATH/CodeIgniter.php(906): App\Controllers\Api->__construct()
 2 SYSTEMPATH/CodeIgniter.php(490): CodeIgniter\CodeIgniter->createController()
 3 SYSTEMPATH/CodeIgniter.php(368): CodeIgniter\CodeIgniter->handleRequest(null, Object(Config\Cache), false)
 4 FCPATH/index.php(67): CodeIgniter\CodeIgniter->run()
ERROR - 2024-11-06 10:54:25 --> ErrorException: pg_query(): Query failed: ERROR:  relation &quot;intervensi_import&quot; does not exist
LINE 1: SELECT * from intervensi_import where kd_diagnosa_perawat ='...
                      ^ in /var/www/html/SIMRSHEBAT/system/Database/Postgre/Connection.php:147
Stack trace:
#0 [internal function]: CodeIgniter\Debug\Exceptions->errorHandler()
#1 /var/www/html/SIMRSHEBAT/system/Database/Postgre/Connection.php(147): pg_query()
#2 /var/www/html/SIMRSHEBAT/system/Database/BaseConnection.php(691): CodeIgniter\Database\Postgre\Connection->execute()
#3 /var/www/html/SIMRSHEBAT/app/Controllers/Kunjungan.php(748): CodeIgniter\Database\BaseConnection->simpleQuery()
#4 /var/www/html/SIMRSHEBAT/system/CodeIgniter.php(934): App\Controllers\Kunjungan->detaildiagnosaperawat()
#5 /var/www/html/SIMRSHEBAT/system/CodeIgniter.php(499): CodeIgniter\CodeIgniter->runController()
#6 /var/www/html/SIMRSHEBAT/system/CodeIgniter.php(368): CodeIgniter\CodeIgniter->handleRequest()
#7 /var/www/html/SIMRSHEBAT/index.php(67): CodeIgniter\CodeIgniter->run()
#8 {main}
WARNING - 2024-11-06 10:55:07 --> [DEPRECATED] Creation of dynamic property App\Controllers\Kunjungan::$db is deprecated in APPPATH/Controllers/Api.php on line 8.
 1 SYSTEMPATH/CodeIgniter.php(906): App\Controllers\Api->__construct()
 2 SYSTEMPATH/CodeIgniter.php(490): CodeIgniter\CodeIgniter->createController()
 3 SYSTEMPATH/CodeIgniter.php(368): CodeIgniter\CodeIgniter->handleRequest(null, Object(Config\Cache), false)
 4 FCPATH/index.php(67): CodeIgniter\CodeIgniter->run()
WARNING - 2024-11-06 10:55:07 --> [DEPRECATED] Creation of dynamic property App\Controllers\Kunjungan::$simrs is deprecated in APPPATH/Controllers/Api.php on line 9.
 1 SYSTEMPATH/CodeIgniter.php(906): App\Controllers\Api->__construct()
 2 SYSTEMPATH/CodeIgniter.php(490): CodeIgniter\CodeIgniter->createController()
 3 SYSTEMPATH/CodeIgniter.php(368): CodeIgniter\CodeIgniter->handleRequest(null, Object(Config\Cache), false)
 4 FCPATH/index.php(67): CodeIgniter\CodeIgniter->run()
WARNING - 2024-11-06 10:55:20 --> [DEPRECATED] Creation of dynamic property App\Controllers\Rekammedisirja::$db is deprecated in APPPATH/Controllers/Api.php on line 8.
 1 SYSTEMPATH/CodeIgniter.php(906): App\Controllers\Api->__construct()
 2 SYSTEMPATH/CodeIgniter.php(490): CodeIgniter\CodeIgniter->createController()
 3 SYSTEMPATH/CodeIgniter.php(368): CodeIgniter\CodeIgniter->handleRequest(null, Object(Config\Cache), false)
 4 FCPATH/index.php(67): CodeIgniter\CodeIgniter->run()
WARNING - 2024-11-06 10:55:20 --> [DEPRECATED] Creation of dynamic property App\Controllers\Rekammedisirja::$simrs is deprecated in APPPATH/Controllers/Api.php on line 9.
 1 SYSTEMPATH/CodeIgniter.php(906): App\Controllers\Api->__construct()
 2 SYSTEMPATH/CodeIgniter.php(490): CodeIgniter\CodeIgniter->createController()
 3 SYSTEMPATH/CodeIgniter.php(368): CodeIgniter\CodeIgniter->handleRequest(null, Object(Config\Cache), false)
 4 FCPATH/index.php(67): CodeIgniter\CodeIgniter->run()
ERROR - 2024-11-06 10:55:20 --> ErrorException: pg_query(): Query failed: ERROR:  relation &quot;mr_diagnosa_perawat&quot; does not exist
LINE 1: SELECT * FROM mr_diagnosa_perawat WHERE id_kunjungan = '2024...
                      ^ in /var/www/html/SIMRSHEBAT/system/Database/Postgre/Connection.php:147
Stack trace:
#0 [internal function]: CodeIgniter\Debug\Exceptions->errorHandler()
#1 /var/www/html/SIMRSHEBAT/system/Database/Postgre/Connection.php(147): pg_query()
#2 /var/www/html/SIMRSHEBAT/system/Database/BaseConnection.php(691): CodeIgniter\Database\Postgre\Connection->execute()
#3 /var/www/html/SIMRSHEBAT/system/Database/BaseConnection.php(605): CodeIgniter\Database\BaseConnection->simpleQuery()
#4 /var/www/html/SIMRSHEBAT/app/Controllers/Rekammedisirja.php(2230): CodeIgniter\Database\BaseConnection->query()
#5 /var/www/html/SIMRSHEBAT/system/CodeIgniter.php(934): App\Controllers\Rekammedisirja->adddiagperawat()
#6 /var/www/html/SIMRSHEBAT/system/CodeIgniter.php(499): CodeIgniter\CodeIgniter->runController()
#7 /var/www/html/SIMRSHEBAT/system/CodeIgniter.php(368): CodeIgniter\CodeIgniter->handleRequest()
#8 /var/www/html/SIMRSHEBAT/index.php(67): CodeIgniter\CodeIgniter->run()
#9 {main}
CRITICAL - 2024-11-06 10:55:20 --> Call to a member function getNumRows() on bool
in APPPATH/Controllers/Rekammedisirja.php on line 2231.
 1 SYSTEMPATH/CodeIgniter.php(934): App\Controllers\Rekammedisirja->adddiagperawat()
 2 SYSTEMPATH/CodeIgniter.php(499): CodeIgniter\CodeIgniter->runController()
 3 SYSTEMPATH/CodeIgniter.php(368): CodeIgniter\CodeIgniter->handleRequest()
 4 FCPATH/index.php(67): CodeIgniter\CodeIgniter->run()
WARNING - 2024-11-06 10:55:20 --> [DEPRECATED] Creation of dynamic property App\Controllers\Rekammedisirja::$db is deprecated in APPPATH/Controllers/Api.php on line 8.
 1 SYSTEMPATH/CodeIgniter.php(906): App\Controllers\Api->__construct()
 2 SYSTEMPATH/CodeIgniter.php(490): CodeIgniter\CodeIgniter->createController()
 3 SYSTEMPATH/CodeIgniter.php(368): CodeIgniter\CodeIgniter->handleRequest(null, Object(Config\Cache), false)
 4 FCPATH/index.php(67): CodeIgniter\CodeIgniter->run()
WARNING - 2024-11-06 10:55:20 --> [DEPRECATED] Creation of dynamic property App\Controllers\Rekammedisirja::$simrs is deprecated in APPPATH/Controllers/Api.php on line 9.
 1 SYSTEMPATH/CodeIgniter.php(906): App\Controllers\Api->__construct()
 2 SYSTEMPATH/CodeIgniter.php(490): CodeIgniter\CodeIgniter->createController()
 3 SYSTEMPATH/CodeIgniter.php(368): CodeIgniter\CodeIgniter->handleRequest(null, Object(Config\Cache), false)
 4 FCPATH/index.php(67): CodeIgniter\CodeIgniter->run()
ERROR - 2024-11-06 10:55:20 --> ErrorException: pg_query(): Query failed: ERROR:  relation &quot;mr_diagnosa_perawat&quot; does not exist
LINE 1: SELECT diagnosa from mr_diagnosa_perawat where id_kunjungan=...
                             ^ in /var/www/html/SIMRSHEBAT/system/Database/Postgre/Connection.php:147
Stack trace:
#0 [internal function]: CodeIgniter\Debug\Exceptions->errorHandler()
#1 /var/www/html/SIMRSHEBAT/system/Database/Postgre/Connection.php(147): pg_query()
#2 /var/www/html/SIMRSHEBAT/system/Database/BaseConnection.php(691): CodeIgniter\Database\Postgre\Connection->execute()
#3 /var/www/html/SIMRSHEBAT/system/Database/BaseConnection.php(605): CodeIgniter\Database\BaseConnection->simpleQuery()
#4 /var/www/html/SIMRSHEBAT/app/Controllers/Rekammedisirja.php(2143): CodeIgniter\Database\BaseConnection->query()
#5 /var/www/html/SIMRSHEBAT/system/CodeIgniter.php(934): App\Controllers\Rekammedisirja->ReviewDiagnosaPerawat()
#6 /var/www/html/SIMRSHEBAT/system/CodeIgniter.php(499): CodeIgniter\CodeIgniter->runController()
#7 /var/www/html/SIMRSHEBAT/system/CodeIgniter.php(368): CodeIgniter\CodeIgniter->handleRequest()
#8 /var/www/html/SIMRSHEBAT/index.php(67): CodeIgniter\CodeIgniter->run()
#9 {main}
CRITICAL - 2024-11-06 10:55:20 --> Call to a member function getRow() on bool
in APPPATH/Controllers/Rekammedisirja.php on line 2143.
 1 SYSTEMPATH/CodeIgniter.php(934): App\Controllers\Rekammedisirja->ReviewDiagnosaPerawat()
 2 SYSTEMPATH/CodeIgniter.php(499): CodeIgniter\CodeIgniter->runController()
 3 SYSTEMPATH/CodeIgniter.php(368): CodeIgniter\CodeIgniter->handleRequest()
 4 FCPATH/index.php(67): CodeIgniter\CodeIgniter->run()
WARNING - 2024-11-06 10:56:37 --> [DEPRECATED] Creation of dynamic property App\Controllers\Rekammedisirna::$db is deprecated in APPPATH/Controllers/Api.php on line 8.
 1 SYSTEMPATH/CodeIgniter.php(906): App\Controllers\Api->__construct()
 2 SYSTEMPATH/CodeIgniter.php(490): CodeIgniter\CodeIgniter->createController()
 3 SYSTEMPATH/CodeIgniter.php(368): CodeIgniter\CodeIgniter->handleRequest(null, Object(Config\Cache), false)
 4 FCPATH/index.php(67): CodeIgniter\CodeIgniter->run()
WARNING - 2024-11-06 10:56:37 --> [DEPRECATED] Creation of dynamic property App\Controllers\Rekammedisirna::$simrs is deprecated in APPPATH/Controllers/Api.php on line 9.
 1 SYSTEMPATH/CodeIgniter.php(906): App\Controllers\Api->__construct()
 2 SYSTEMPATH/CodeIgniter.php(490): CodeIgniter\CodeIgniter->createController()
 3 SYSTEMPATH/CodeIgniter.php(368): CodeIgniter\CodeIgniter->handleRequest(null, Object(Config\Cache), false)
 4 FCPATH/index.php(67): CodeIgniter\CodeIgniter->run()
CRITICAL - 2024-11-06 10:56:37 --> Undefined property: stdClass::$norm
in APPPATH/Controllers/Rekammedisirna.php on line 980.
 1 APPPATH/Controllers/Rekammedisirna.php(980): CodeIgniter\Debug\Exceptions->errorHandler()
 2 SYSTEMPATH/CodeIgniter.php(934): App\Controllers\Rekammedisirna->viewtandavital()
 3 SYSTEMPATH/CodeIgniter.php(499): CodeIgniter\CodeIgniter->runController()
 4 SYSTEMPATH/CodeIgniter.php(368): CodeIgniter\CodeIgniter->handleRequest()
 5 FCPATH/index.php(67): CodeIgniter\CodeIgniter->run()
WARNING - 2024-11-06 10:56:39 --> [DEPRECATED] Creation of dynamic property App\Controllers\Rekammedisirna::$db is deprecated in APPPATH/Controllers/Api.php on line 8.
 1 SYSTEMPATH/CodeIgniter.php(906): App\Controllers\Api->__construct()
 2 SYSTEMPATH/CodeIgniter.php(490): CodeIgniter\CodeIgniter->createController()
 3 SYSTEMPATH/CodeIgniter.php(368): CodeIgniter\CodeIgniter->handleRequest(null, Object(Config\Cache), false)
 4 FCPATH/index.php(67): CodeIgniter\CodeIgniter->run()
WARNING - 2024-11-06 10:56:39 --> [DEPRECATED] Creation of dynamic property App\Controllers\Rekammedisirna::$simrs is deprecated in APPPATH/Controllers/Api.php on line 9.
 1 SYSTEMPATH/CodeIgniter.php(906): App\Controllers\Api->__construct()
 2 SYSTEMPATH/CodeIgniter.php(490): CodeIgniter\CodeIgniter->createController()
 3 SYSTEMPATH/CodeIgniter.php(368): CodeIgniter\CodeIgniter->handleRequest(null, Object(Config\Cache), false)
 4 FCPATH/index.php(67): CodeIgniter\CodeIgniter->run()
ERROR - 2024-11-06 10:56:39 --> ErrorException: pg_query(): Query failed: ERROR:  relation &quot;soap_pasien&quot; does not exist
LINE 1:   SELECT * FROM soap_pasien s 
                        ^ in /var/www/html/SIMRSHEBAT/system/Database/Postgre/Connection.php:147
Stack trace:
#0 [internal function]: CodeIgniter\Debug\Exceptions->errorHandler()
#1 /var/www/html/SIMRSHEBAT/system/Database/Postgre/Connection.php(147): pg_query()
#2 /var/www/html/SIMRSHEBAT/system/Database/BaseConnection.php(691): CodeIgniter\Database\Postgre\Connection->execute()
#3 /var/www/html/SIMRSHEBAT/app/Controllers/Rekammedisirna.php(921): CodeIgniter\Database\BaseConnection->simpleQuery()
#4 /var/www/html/SIMRSHEBAT/system/CodeIgniter.php(934): App\Controllers\Rekammedisirna->datakunjunganhistorirmsoapiirna()
#5 /var/www/html/SIMRSHEBAT/system/CodeIgniter.php(499): CodeIgniter\CodeIgniter->runController()
#6 /var/www/html/SIMRSHEBAT/system/CodeIgniter.php(368): CodeIgniter\CodeIgniter->handleRequest()
#7 /var/www/html/SIMRSHEBAT/index.php(67): CodeIgniter\CodeIgniter->run()
#8 {main}
WARNING - 2024-11-06 10:56:48 --> [DEPRECATED] Creation of dynamic property App\Controllers\Rekammedisirna::$db is deprecated in APPPATH/Controllers/Api.php on line 8.
 1 SYSTEMPATH/CodeIgniter.php(906): App\Controllers\Api->__construct()
 2 SYSTEMPATH/CodeIgniter.php(490): CodeIgniter\CodeIgniter->createController()
 3 SYSTEMPATH/CodeIgniter.php(368): CodeIgniter\CodeIgniter->handleRequest(null, Object(Config\Cache), false)
 4 FCPATH/index.php(67): CodeIgniter\CodeIgniter->run()
WARNING - 2024-11-06 10:56:48 --> [DEPRECATED] Creation of dynamic property App\Controllers\Rekammedisirna::$simrs is deprecated in APPPATH/Controllers/Api.php on line 9.
 1 SYSTEMPATH/CodeIgniter.php(906): App\Controllers\Api->__construct()
 2 SYSTEMPATH/CodeIgniter.php(490): CodeIgniter\CodeIgniter->createController()
 3 SYSTEMPATH/CodeIgniter.php(368): CodeIgniter\CodeIgniter->handleRequest(null, Object(Config\Cache), false)
 4 FCPATH/index.php(67): CodeIgniter\CodeIgniter->run()
WARNING - 2024-11-06 10:56:48 --> [DEPRECATED] Creation of dynamic property App\Controllers\Rekammedisirna::$db is deprecated in APPPATH/Controllers/Api.php on line 8.
 1 SYSTEMPATH/CodeIgniter.php(906): App\Controllers\Api->__construct()
 2 SYSTEMPATH/CodeIgniter.php(490): CodeIgniter\CodeIgniter->createController()
 3 SYSTEMPATH/CodeIgniter.php(368): CodeIgniter\CodeIgniter->handleRequest(null, Object(Config\Cache), false)
 4 FCPATH/index.php(67): CodeIgniter\CodeIgniter->run()
WARNING - 2024-11-06 10:56:48 --> [DEPRECATED] Creation of dynamic property App\Controllers\Rekammedisirna::$simrs is deprecated in APPPATH/Controllers/Api.php on line 9.
 1 SYSTEMPATH/CodeIgniter.php(906): App\Controllers\Api->__construct()
 2 SYSTEMPATH/CodeIgniter.php(490): CodeIgniter\CodeIgniter->createController()
 3 SYSTEMPATH/CodeIgniter.php(368): CodeIgniter\CodeIgniter->handleRequest(null, Object(Config\Cache), false)
 4 FCPATH/index.php(67): CodeIgniter\CodeIgniter->run()
WARNING - 2024-11-06 10:56:48 --> [DEPRECATED] Creation of dynamic property App\Controllers\Rekammedisirna::$db is deprecated in APPPATH/Controllers/Api.php on line 8.
 1 SYSTEMPATH/CodeIgniter.php(906): App\Controllers\Api->__construct()
 2 SYSTEMPATH/CodeIgniter.php(490): CodeIgniter\CodeIgniter->createController()
 3 SYSTEMPATH/CodeIgniter.php(368): CodeIgniter\CodeIgniter->handleRequest(null, Object(Config\Cache), false)
 4 FCPATH/index.php(67): CodeIgniter\CodeIgniter->run()
WARNING - 2024-11-06 10:56:48 --> [DEPRECATED] Creation of dynamic property App\Controllers\Rekammedisirna::$simrs is deprecated in APPPATH/Controllers/Api.php on line 9.
 1 SYSTEMPATH/CodeIgniter.php(906): App\Controllers\Api->__construct()
 2 SYSTEMPATH/CodeIgniter.php(490): CodeIgniter\CodeIgniter->createController()
 3 SYSTEMPATH/CodeIgniter.php(368): CodeIgniter\CodeIgniter->handleRequest(null, Object(Config\Cache), false)
 4 FCPATH/index.php(67): CodeIgniter\CodeIgniter->run()
ERROR - 2024-11-06 10:56:48 --> ErrorException: pg_query(): Query failed: ERROR:  relation &quot;surat_kelahiran&quot; does not exist
LINE 1: SELECT * FROM surat_kelahiran WHERE id_transaksi='GATUTKOCO ...
                      ^ in /var/www/html/SIMRSHEBAT/system/Database/Postgre/Connection.php:147
Stack trace:
#0 [internal function]: CodeIgniter\Debug\Exceptions->errorHandler()
#1 /var/www/html/SIMRSHEBAT/system/Database/Postgre/Connection.php(147): pg_query()
#2 /var/www/html/SIMRSHEBAT/system/Database/BaseConnection.php(691): CodeIgniter\Database\Postgre\Connection->execute()
#3 /var/www/html/SIMRSHEBAT/system/Database/BaseConnection.php(605): CodeIgniter\Database\BaseConnection->simpleQuery()
#4 /var/www/html/SIMRSHEBAT/app/Controllers/Rekammedisirna.php(4710): CodeIgniter\Database\BaseConnection->query()
#5 /var/www/html/SIMRSHEBAT/system/CodeIgniter.php(934): App\Controllers\Rekammedisirna->showsuratkelahiran()
#6 /var/www/html/SIMRSHEBAT/system/CodeIgniter.php(499): CodeIgniter\CodeIgniter->runController()
#7 /var/www/html/SIMRSHEBAT/system/CodeIgniter.php(368): CodeIgniter\CodeIgniter->handleRequest()
#8 /var/www/html/SIMRSHEBAT/index.php(67): CodeIgniter\CodeIgniter->run()
#9 {main}
CRITICAL - 2024-11-06 10:56:48 --> Call to a member function getResult() on bool
in APPPATH/Controllers/Rekammedisirna.php on line 4710.
 1 SYSTEMPATH/CodeIgniter.php(934): App\Controllers\Rekammedisirna->showsuratkelahiran()
 2 SYSTEMPATH/CodeIgniter.php(499): CodeIgniter\CodeIgniter->runController()
 3 SYSTEMPATH/CodeIgniter.php(368): CodeIgniter\CodeIgniter->handleRequest()
 4 FCPATH/index.php(67): CodeIgniter\CodeIgniter->run()
ERROR - 2024-11-06 10:56:48 --> ErrorException: pg_query(): Query failed: ERROR:  column &quot;id_pegawai&quot; specified in USING clause does not exist in left table in /var/www/html/SIMRSHEBAT/system/Database/Postgre/Connection.php:147
Stack trace:
#0 [internal function]: CodeIgniter\Debug\Exceptions->errorHandler()
#1 /var/www/html/SIMRSHEBAT/system/Database/Postgre/Connection.php(147): pg_query()
#2 /var/www/html/SIMRSHEBAT/system/Database/BaseConnection.php(691): CodeIgniter\Database\Postgre\Connection->execute()
#3 /var/www/html/SIMRSHEBAT/system/Database/BaseConnection.php(605): CodeIgniter\Database\BaseConnection->simpleQuery()
#4 /var/www/html/SIMRSHEBAT/app/Controllers/Rekammedisirna.php(4126): CodeIgniter\Database\BaseConnection->query()
#5 /var/www/html/SIMRSHEBAT/system/CodeIgniter.php(934): App\Controllers\Rekammedisirna->searchPerawat()
#6 /var/www/html/SIMRSHEBAT/system/CodeIgniter.php(499): CodeIgniter\CodeIgniter->runController()
#7 /var/www/html/SIMRSHEBAT/system/CodeIgniter.php(368): CodeIgniter\CodeIgniter->handleRequest()
#8 /var/www/html/SIMRSHEBAT/index.php(67): CodeIgniter\CodeIgniter->run()
#9 {main}
ERROR - 2024-11-06 10:56:48 --> ErrorException: pg_query(): Query failed: ERROR:  column &quot;id_pegawai&quot; specified in USING clause does not exist in left table in /var/www/html/SIMRSHEBAT/system/Database/Postgre/Connection.php:147
Stack trace:
#0 [internal function]: CodeIgniter\Debug\Exceptions->errorHandler()
#1 /var/www/html/SIMRSHEBAT/system/Database/Postgre/Connection.php(147): pg_query()
#2 /var/www/html/SIMRSHEBAT/system/Database/BaseConnection.php(691): CodeIgniter\Database\Postgre\Connection->execute()
#3 /var/www/html/SIMRSHEBAT/system/Database/BaseConnection.php(605): CodeIgniter\Database\BaseConnection->simpleQuery()
#4 /var/www/html/SIMRSHEBAT/app/Controllers/Rekammedisirna.php(4101): CodeIgniter\Database\BaseConnection->query()
#5 /var/www/html/SIMRSHEBAT/system/CodeIgniter.php(934): App\Controllers\Rekammedisirna->searchDokter()
#6 /var/www/html/SIMRSHEBAT/system/CodeIgniter.php(499): CodeIgniter\CodeIgniter->runController()
#7 /var/www/html/SIMRSHEBAT/system/CodeIgniter.php(368): CodeIgniter\CodeIgniter->handleRequest()
#8 /var/www/html/SIMRSHEBAT/index.php(67): CodeIgniter\CodeIgniter->run()
#9 {main}
CRITICAL - 2024-11-06 10:56:48 --> Call to a member function getResult() on bool
in APPPATH/Controllers/Rekammedisirna.php on line 4126.
 1 SYSTEMPATH/CodeIgniter.php(934): App\Controllers\Rekammedisirna->searchPerawat()
 2 SYSTEMPATH/CodeIgniter.php(499): CodeIgniter\CodeIgniter->runController()
 3 SYSTEMPATH/CodeIgniter.php(368): CodeIgniter\CodeIgniter->handleRequest()
 4 FCPATH/index.php(67): CodeIgniter\CodeIgniter->run()
CRITICAL - 2024-11-06 10:56:48 --> Call to a member function getResult() on bool
in APPPATH/Controllers/Rekammedisirna.php on line 4101.
 1 SYSTEMPATH/CodeIgniter.php(934): App\Controllers\Rekammedisirna->searchDokter()
 2 SYSTEMPATH/CodeIgniter.php(499): CodeIgniter\CodeIgniter->runController()
 3 SYSTEMPATH/CodeIgniter.php(368): CodeIgniter\CodeIgniter->handleRequest()
 4 FCPATH/index.php(67): CodeIgniter\CodeIgniter->run()
WARNING - 2024-11-06 10:56:48 --> [DEPRECATED] Creation of dynamic property App\Controllers\Datasosial::$db is deprecated in APPPATH/Controllers/Api.php on line 8.
 1 SYSTEMPATH/CodeIgniter.php(906): App\Controllers\Api->__construct()
 2 SYSTEMPATH/CodeIgniter.php(490): CodeIgniter\CodeIgniter->createController()
 3 SYSTEMPATH/CodeIgniter.php(368): CodeIgniter\CodeIgniter->handleRequest(null, Object(Config\Cache), false)
 4 FCPATH/index.php(67): CodeIgniter\CodeIgniter->run()
WARNING - 2024-11-06 10:56:48 --> [DEPRECATED] Creation of dynamic property App\Controllers\Datasosial::$simrs is deprecated in APPPATH/Controllers/Api.php on line 9.
 1 SYSTEMPATH/CodeIgniter.php(906): App\Controllers\Api->__construct()
 2 SYSTEMPATH/CodeIgniter.php(490): CodeIgniter\CodeIgniter->createController()
 3 SYSTEMPATH/CodeIgniter.php(368): CodeIgniter\CodeIgniter->handleRequest(null, Object(Config\Cache), false)
 4 FCPATH/index.php(67): CodeIgniter\CodeIgniter->run()
WARNING - 2024-11-06 10:56:48 --> [DEPRECATED] Creation of dynamic property App\Controllers\Datasosial::$db is deprecated in APPPATH/Controllers/Api.php on line 8.
 1 SYSTEMPATH/CodeIgniter.php(906): App\Controllers\Api->__construct()
 2 SYSTEMPATH/CodeIgniter.php(490): CodeIgniter\CodeIgniter->createController()
 3 SYSTEMPATH/CodeIgniter.php(368): CodeIgniter\CodeIgniter->handleRequest(null, Object(Config\Cache), false)
 4 FCPATH/index.php(67): CodeIgniter\CodeIgniter->run()
WARNING - 2024-11-06 10:56:48 --> [DEPRECATED] Creation of dynamic property App\Controllers\Datasosial::$simrs is deprecated in APPPATH/Controllers/Api.php on line 9.
 1 SYSTEMPATH/CodeIgniter.php(906): App\Controllers\Api->__construct()
 2 SYSTEMPATH/CodeIgniter.php(490): CodeIgniter\CodeIgniter->createController()
 3 SYSTEMPATH/CodeIgniter.php(368): CodeIgniter\CodeIgniter->handleRequest(null, Object(Config\Cache), false)
 4 FCPATH/index.php(67): CodeIgniter\CodeIgniter->run()
WARNING - 2024-11-06 10:57:09 --> [DEPRECATED] Creation of dynamic property App\Controllers\Rekammedisirna::$db is deprecated in APPPATH/Controllers/Api.php on line 8.
 1 SYSTEMPATH/CodeIgniter.php(906): App\Controllers\Api->__construct()
 2 SYSTEMPATH/CodeIgniter.php(490): CodeIgniter\CodeIgniter->createController()
 3 SYSTEMPATH/CodeIgniter.php(368): CodeIgniter\CodeIgniter->handleRequest(null, Object(Config\Cache), false)
 4 FCPATH/index.php(67): CodeIgniter\CodeIgniter->run()
WARNING - 2024-11-06 10:57:09 --> [DEPRECATED] Creation of dynamic property App\Controllers\Rekammedisirna::$simrs is deprecated in APPPATH/Controllers/Api.php on line 9.
 1 SYSTEMPATH/CodeIgniter.php(906): App\Controllers\Api->__construct()
 2 SYSTEMPATH/CodeIgniter.php(490): CodeIgniter\CodeIgniter->createController()
 3 SYSTEMPATH/CodeIgniter.php(368): CodeIgniter\CodeIgniter->handleRequest(null, Object(Config\Cache), false)
 4 FCPATH/index.php(67): CodeIgniter\CodeIgniter->run()
CRITICAL - 2024-11-06 10:57:09 --> Attempt to read property "rm" on null
in APPPATH/Views/view/modal/rm_irna/Rencanapulang.php on line 3.
 1 APPPATH/Views/view/modal/rm_irna/Rencanapulang.php(3): CodeIgniter\Debug\Exceptions->errorHandler()
 2 SYSTEMPATH/View/View.php(213): include('APPPATH/Views/view/modal/rm_irna/Rencanapulang.php')
 3 SYSTEMPATH/View/View.php(216): CodeIgniter\View\View->CodeIgniter\View\{closure}()
 4 SYSTEMPATH/Common.php(1184): CodeIgniter\View\View->render()
 5 APPPATH/Controllers/Rekammedisirna.php(7236): view()
 6 SYSTEMPATH/CodeIgniter.php(934): App\Controllers\Rekammedisirna->viewRencanaPemulanganPasien()
 7 SYSTEMPATH/CodeIgniter.php(499): CodeIgniter\CodeIgniter->runController()
 8 SYSTEMPATH/CodeIgniter.php(368): CodeIgniter\CodeIgniter->handleRequest()
 9 FCPATH/index.php(67): CodeIgniter\CodeIgniter->run()
WARNING - 2024-11-06 10:57:14 --> [DEPRECATED] Creation of dynamic property App\Controllers\Rekammedisirna::$db is deprecated in APPPATH/Controllers/Api.php on line 8.
 1 SYSTEMPATH/CodeIgniter.php(906): App\Controllers\Api->__construct()
 2 SYSTEMPATH/CodeIgniter.php(490): CodeIgniter\CodeIgniter->createController()
 3 SYSTEMPATH/CodeIgniter.php(368): CodeIgniter\CodeIgniter->handleRequest(null, Object(Config\Cache), false)
 4 FCPATH/index.php(67): CodeIgniter\CodeIgniter->run()
WARNING - 2024-11-06 10:57:14 --> [DEPRECATED] Creation of dynamic property App\Controllers\Rekammedisirna::$simrs is deprecated in APPPATH/Controllers/Api.php on line 9.
 1 SYSTEMPATH/CodeIgniter.php(906): App\Controllers\Api->__construct()
 2 SYSTEMPATH/CodeIgniter.php(490): CodeIgniter\CodeIgniter->createController()
 3 SYSTEMPATH/CodeIgniter.php(368): CodeIgniter\CodeIgniter->handleRequest(null, Object(Config\Cache), false)
 4 FCPATH/index.php(67): CodeIgniter\CodeIgniter->run()
CRITICAL - 2024-11-06 10:57:14 --> Attempt to read property "rm" on null
in APPPATH/Views/view/modal/rm_irna/AssesmenpreAnestesi1.php on line 3.
 1 APPPATH/Views/view/modal/rm_irna/AssesmenpreAnestesi1.php(3): CodeIgniter\Debug\Exceptions->errorHandler()
 2 SYSTEMPATH/View/View.php(213): include('APPPATH/Views/view/modal/rm_irna/AssesmenpreAnestesi1.php')
 3 SYSTEMPATH/View/View.php(216): CodeIgniter\View\View->CodeIgniter\View\{closure}()
 4 SYSTEMPATH/Common.php(1184): CodeIgniter\View\View->render()
 5 APPPATH/Controllers/Rekammedisirna.php(7168): view()
 6 SYSTEMPATH/CodeIgniter.php(934): App\Controllers\Rekammedisirna->viewAsspreAnastesi()
 7 SYSTEMPATH/CodeIgniter.php(499): CodeIgniter\CodeIgniter->runController()
 8 SYSTEMPATH/CodeIgniter.php(368): CodeIgniter\CodeIgniter->handleRequest()
 9 FCPATH/index.php(67): CodeIgniter\CodeIgniter->run()
WARNING - 2024-11-06 10:57:17 --> [DEPRECATED] Creation of dynamic property App\Controllers\Rekammedisirna::$db is deprecated in APPPATH/Controllers/Api.php on line 8.
 1 SYSTEMPATH/CodeIgniter.php(906): App\Controllers\Api->__construct()
 2 SYSTEMPATH/CodeIgniter.php(490): CodeIgniter\CodeIgniter->createController()
 3 SYSTEMPATH/CodeIgniter.php(368): CodeIgniter\CodeIgniter->handleRequest(null, Object(Config\Cache), false)
 4 FCPATH/index.php(67): CodeIgniter\CodeIgniter->run()
WARNING - 2024-11-06 10:57:17 --> [DEPRECATED] Creation of dynamic property App\Controllers\Rekammedisirna::$simrs is deprecated in APPPATH/Controllers/Api.php on line 9.
 1 SYSTEMPATH/CodeIgniter.php(906): App\Controllers\Api->__construct()
 2 SYSTEMPATH/CodeIgniter.php(490): CodeIgniter\CodeIgniter->createController()
 3 SYSTEMPATH/CodeIgniter.php(368): CodeIgniter\CodeIgniter->handleRequest(null, Object(Config\Cache), false)
 4 FCPATH/index.php(67): CodeIgniter\CodeIgniter->run()
CRITICAL - 2024-11-06 10:57:17 --> Attempt to read property "rm" on null
in APPPATH/Views/view/modal/rm_irna/Rencanapulang.php on line 3.
 1 APPPATH/Views/view/modal/rm_irna/Rencanapulang.php(3): CodeIgniter\Debug\Exceptions->errorHandler()
 2 SYSTEMPATH/View/View.php(213): include('APPPATH/Views/view/modal/rm_irna/Rencanapulang.php')
 3 SYSTEMPATH/View/View.php(216): CodeIgniter\View\View->CodeIgniter\View\{closure}()
 4 SYSTEMPATH/Common.php(1184): CodeIgniter\View\View->render()
 5 APPPATH/Controllers/Rekammedisirna.php(7236): view()
 6 SYSTEMPATH/CodeIgniter.php(934): App\Controllers\Rekammedisirna->viewRencanaPemulanganPasien()
 7 SYSTEMPATH/CodeIgniter.php(499): CodeIgniter\CodeIgniter->runController()
 8 SYSTEMPATH/CodeIgniter.php(368): CodeIgniter\CodeIgniter->handleRequest()
 9 FCPATH/index.php(67): CodeIgniter\CodeIgniter->run()
WARNING - 2024-11-06 10:57:18 --> [DEPRECATED] Creation of dynamic property App\Controllers\Rekammedisirna::$db is deprecated in APPPATH/Controllers/Api.php on line 8.
 1 SYSTEMPATH/CodeIgniter.php(906): App\Controllers\Api->__construct()
 2 SYSTEMPATH/CodeIgniter.php(490): CodeIgniter\CodeIgniter->createController()
 3 SYSTEMPATH/CodeIgniter.php(368): CodeIgniter\CodeIgniter->handleRequest(null, Object(Config\Cache), false)
 4 FCPATH/index.php(67): CodeIgniter\CodeIgniter->run()
WARNING - 2024-11-06 10:57:18 --> [DEPRECATED] Creation of dynamic property App\Controllers\Rekammedisirna::$simrs is deprecated in APPPATH/Controllers/Api.php on line 9.
 1 SYSTEMPATH/CodeIgniter.php(906): App\Controllers\Api->__construct()
 2 SYSTEMPATH/CodeIgniter.php(490): CodeIgniter\CodeIgniter->createController()
 3 SYSTEMPATH/CodeIgniter.php(368): CodeIgniter\CodeIgniter->handleRequest(null, Object(Config\Cache), false)
 4 FCPATH/index.php(67): CodeIgniter\CodeIgniter->run()
CRITICAL - 2024-11-06 10:57:18 --> Attempt to read property "rm" on null
in APPPATH/Views/view/modal/rm_irna/AssesmenpreAnestesi1.php on line 3.
 1 APPPATH/Views/view/modal/rm_irna/AssesmenpreAnestesi1.php(3): CodeIgniter\Debug\Exceptions->errorHandler()
 2 SYSTEMPATH/View/View.php(213): include('APPPATH/Views/view/modal/rm_irna/AssesmenpreAnestesi1.php')
 3 SYSTEMPATH/View/View.php(216): CodeIgniter\View\View->CodeIgniter\View\{closure}()
 4 SYSTEMPATH/Common.php(1184): CodeIgniter\View\View->render()
 5 APPPATH/Controllers/Rekammedisirna.php(7168): view()
 6 SYSTEMPATH/CodeIgniter.php(934): App\Controllers\Rekammedisirna->viewAsspreAnastesi()
 7 SYSTEMPATH/CodeIgniter.php(499): CodeIgniter\CodeIgniter->runController()
 8 SYSTEMPATH/CodeIgniter.php(368): CodeIgniter\CodeIgniter->handleRequest()
 9 FCPATH/index.php(67): CodeIgniter\CodeIgniter->run()
WARNING - 2024-11-06 10:57:23 --> [DEPRECATED] Creation of dynamic property App\Controllers\Rekammedisirna::$db is deprecated in APPPATH/Controllers/Api.php on line 8.
 1 SYSTEMPATH/CodeIgniter.php(906): App\Controllers\Api->__construct()
 2 SYSTEMPATH/CodeIgniter.php(490): CodeIgniter\CodeIgniter->createController()
 3 SYSTEMPATH/CodeIgniter.php(368): CodeIgniter\CodeIgniter->handleRequest(null, Object(Config\Cache), false)
 4 FCPATH/index.php(67): CodeIgniter\CodeIgniter->run()
WARNING - 2024-11-06 10:57:23 --> [DEPRECATED] Creation of dynamic property App\Controllers\Rekammedisirna::$simrs is deprecated in APPPATH/Controllers/Api.php on line 9.
 1 SYSTEMPATH/CodeIgniter.php(906): App\Controllers\Api->__construct()
 2 SYSTEMPATH/CodeIgniter.php(490): CodeIgniter\CodeIgniter->createController()
 3 SYSTEMPATH/CodeIgniter.php(368): CodeIgniter\CodeIgniter->handleRequest(null, Object(Config\Cache), false)
 4 FCPATH/index.php(67): CodeIgniter\CodeIgniter->run()
CRITICAL - 2024-11-06 10:57:23 --> Attempt to read property "rm" on null
in APPPATH/Views/view/modal/rm_irna/Rencanapulang.php on line 3.
 1 APPPATH/Views/view/modal/rm_irna/Rencanapulang.php(3): CodeIgniter\Debug\Exceptions->errorHandler()
 2 SYSTEMPATH/View/View.php(213): include('APPPATH/Views/view/modal/rm_irna/Rencanapulang.php')
 3 SYSTEMPATH/View/View.php(216): CodeIgniter\View\View->CodeIgniter\View\{closure}()
 4 SYSTEMPATH/Common.php(1184): CodeIgniter\View\View->render()
 5 APPPATH/Controllers/Rekammedisirna.php(7236): view()
 6 SYSTEMPATH/CodeIgniter.php(934): App\Controllers\Rekammedisirna->viewRencanaPemulanganPasien()
 7 SYSTEMPATH/CodeIgniter.php(499): CodeIgniter\CodeIgniter->runController()
 8 SYSTEMPATH/CodeIgniter.php(368): CodeIgniter\CodeIgniter->handleRequest()
 9 FCPATH/index.php(67): CodeIgniter\CodeIgniter->run()
WARNING - 2024-11-06 10:57:40 --> [DEPRECATED] Creation of dynamic property App\Controllers\Laporan::$db is deprecated in APPPATH/Controllers/Api.php on line 8.
 1 SYSTEMPATH/CodeIgniter.php(906): App\Controllers\Api->__construct()
 2 SYSTEMPATH/CodeIgniter.php(490): CodeIgniter\CodeIgniter->createController()
 3 SYSTEMPATH/CodeIgniter.php(368): CodeIgniter\CodeIgniter->handleRequest(null, Object(Config\Cache), false)
 4 FCPATH/index.php(67): CodeIgniter\CodeIgniter->run()
WARNING - 2024-11-06 10:57:40 --> [DEPRECATED] Creation of dynamic property App\Controllers\Laporan::$simrs is deprecated in APPPATH/Controllers/Api.php on line 9.
 1 SYSTEMPATH/CodeIgniter.php(906): App\Controllers\Api->__construct()
 2 SYSTEMPATH/CodeIgniter.php(490): CodeIgniter\CodeIgniter->createController()
 3 SYSTEMPATH/CodeIgniter.php(368): CodeIgniter\CodeIgniter->handleRequest(null, Object(Config\Cache), false)
 4 FCPATH/index.php(67): CodeIgniter\CodeIgniter->run()
WARNING - 2024-11-06 10:57:40 --> [DEPRECATED] Creation of dynamic property App\Controllers\User::$db is deprecated in APPPATH/Controllers/Api.php on line 8.
 1 SYSTEMPATH/CodeIgniter.php(906): App\Controllers\Api->__construct()
 2 SYSTEMPATH/CodeIgniter.php(490): CodeIgniter\CodeIgniter->createController()
 3 SYSTEMPATH/CodeIgniter.php(368): CodeIgniter\CodeIgniter->handleRequest(null, Object(Config\Cache), false)
 4 FCPATH/index.php(67): CodeIgniter\CodeIgniter->run()
WARNING - 2024-11-06 10:57:40 --> [DEPRECATED] Creation of dynamic property App\Controllers\User::$simrs is deprecated in APPPATH/Controllers/Api.php on line 9.
 1 SYSTEMPATH/CodeIgniter.php(906): App\Controllers\Api->__construct()
 2 SYSTEMPATH/CodeIgniter.php(490): CodeIgniter\CodeIgniter->createController()
 3 SYSTEMPATH/CodeIgniter.php(368): CodeIgniter\CodeIgniter->handleRequest(null, Object(Config\Cache), false)
 4 FCPATH/index.php(67): CodeIgniter\CodeIgniter->run()
WARNING - 2024-11-06 10:57:47 --> [DEPRECATED] Creation of dynamic property App\Controllers\Rekammedisirna::$db is deprecated in APPPATH/Controllers/Api.php on line 8.
 1 SYSTEMPATH/CodeIgniter.php(906): App\Controllers\Api->__construct()
 2 SYSTEMPATH/CodeIgniter.php(490): CodeIgniter\CodeIgniter->createController()
 3 SYSTEMPATH/CodeIgniter.php(368): CodeIgniter\CodeIgniter->handleRequest(null, Object(Config\Cache), false)
 4 FCPATH/index.php(67): CodeIgniter\CodeIgniter->run()
WARNING - 2024-11-06 10:57:47 --> [DEPRECATED] Creation of dynamic property App\Controllers\Rekammedisirna::$simrs is deprecated in APPPATH/Controllers/Api.php on line 9.
 1 SYSTEMPATH/CodeIgniter.php(906): App\Controllers\Api->__construct()
 2 SYSTEMPATH/CodeIgniter.php(490): CodeIgniter\CodeIgniter->createController()
 3 SYSTEMPATH/CodeIgniter.php(368): CodeIgniter\CodeIgniter->handleRequest(null, Object(Config\Cache), false)
 4 FCPATH/index.php(67): CodeIgniter\CodeIgniter->run()
WARNING - 2024-11-06 10:57:47 --> [DEPRECATED] Creation of dynamic property App\Controllers\Rekammedisirna::$db is deprecated in APPPATH/Controllers/Api.php on line 8.
 1 SYSTEMPATH/CodeIgniter.php(906): App\Controllers\Api->__construct()
 2 SYSTEMPATH/CodeIgniter.php(490): CodeIgniter\CodeIgniter->createController()
 3 SYSTEMPATH/CodeIgniter.php(368): CodeIgniter\CodeIgniter->handleRequest(null, Object(Config\Cache), false)
 4 FCPATH/index.php(67): CodeIgniter\CodeIgniter->run()
WARNING - 2024-11-06 10:57:47 --> [DEPRECATED] Creation of dynamic property App\Controllers\Rekammedisirna::$db is deprecated in APPPATH/Controllers/Api.php on line 8.
 1 SYSTEMPATH/CodeIgniter.php(906): App\Controllers\Api->__construct()
 2 SYSTEMPATH/CodeIgniter.php(490): CodeIgniter\CodeIgniter->createController()
 3 SYSTEMPATH/CodeIgniter.php(368): CodeIgniter\CodeIgniter->handleRequest(null, Object(Config\Cache), false)
 4 FCPATH/index.php(67): CodeIgniter\CodeIgniter->run()
WARNING - 2024-11-06 10:57:47 --> [DEPRECATED] Creation of dynamic property App\Controllers\Rekammedisirna::$simrs is deprecated in APPPATH/Controllers/Api.php on line 9.
 1 SYSTEMPATH/CodeIgniter.php(906): App\Controllers\Api->__construct()
 2 SYSTEMPATH/CodeIgniter.php(490): CodeIgniter\CodeIgniter->createController()
 3 SYSTEMPATH/CodeIgniter.php(368): CodeIgniter\CodeIgniter->handleRequest(null, Object(Config\Cache), false)
 4 FCPATH/index.php(67): CodeIgniter\CodeIgniter->run()
WARNING - 2024-11-06 10:57:47 --> [DEPRECATED] Creation of dynamic property App\Controllers\Rekammedisirna::$simrs is deprecated in APPPATH/Controllers/Api.php on line 9.
 1 SYSTEMPATH/CodeIgniter.php(906): App\Controllers\Api->__construct()
 2 SYSTEMPATH/CodeIgniter.php(490): CodeIgniter\CodeIgniter->createController()
 3 SYSTEMPATH/CodeIgniter.php(368): CodeIgniter\CodeIgniter->handleRequest(null, Object(Config\Cache), false)
 4 FCPATH/index.php(67): CodeIgniter\CodeIgniter->run()
ERROR - 2024-11-06 10:57:47 --> ErrorException: pg_query(): Query failed: ERROR:  column &quot;id_pegawai&quot; specified in USING clause does not exist in left table in /var/www/html/SIMRSHEBAT/system/Database/Postgre/Connection.php:147
Stack trace:
#0 [internal function]: CodeIgniter\Debug\Exceptions->errorHandler()
#1 /var/www/html/SIMRSHEBAT/system/Database/Postgre/Connection.php(147): pg_query()
#2 /var/www/html/SIMRSHEBAT/system/Database/BaseConnection.php(691): CodeIgniter\Database\Postgre\Connection->execute()
#3 /var/www/html/SIMRSHEBAT/system/Database/BaseConnection.php(605): CodeIgniter\Database\BaseConnection->simpleQuery()
#4 /var/www/html/SIMRSHEBAT/app/Controllers/Rekammedisirna.php(1095): CodeIgniter\Database\BaseConnection->query()
#5 /var/www/html/SIMRSHEBAT/system/CodeIgniter.php(934): App\Controllers\Rekammedisirna->pegawaiperok()
#6 /var/www/html/SIMRSHEBAT/system/CodeIgniter.php(499): CodeIgniter\CodeIgniter->runController()
#7 /var/www/html/SIMRSHEBAT/system/CodeIgniter.php(368): CodeIgniter\CodeIgniter->handleRequest()
#8 /var/www/html/SIMRSHEBAT/index.php(67): CodeIgniter\CodeIgniter->run()
#9 {main}
CRITICAL - 2024-11-06 10:57:47 --> Call to a member function getResult() on bool
in APPPATH/Controllers/Rekammedisirna.php on line 1098.
 1 SYSTEMPATH/CodeIgniter.php(934): App\Controllers\Rekammedisirna->pegawaiperok()
 2 SYSTEMPATH/CodeIgniter.php(499): CodeIgniter\CodeIgniter->runController()
 3 SYSTEMPATH/CodeIgniter.php(368): CodeIgniter\CodeIgniter->handleRequest()
 4 FCPATH/index.php(67): CodeIgniter\CodeIgniter->run()
ERROR - 2024-11-06 10:57:47 --> ErrorException: pg_query(): Query failed: ERROR:  column &quot;id_pegawai&quot; specified in USING clause does not exist in left table in /var/www/html/SIMRSHEBAT/system/Database/Postgre/Connection.php:147
Stack trace:
#0 [internal function]: CodeIgniter\Debug\Exceptions->errorHandler()
#1 /var/www/html/SIMRSHEBAT/system/Database/Postgre/Connection.php(147): pg_query()
#2 /var/www/html/SIMRSHEBAT/system/Database/BaseConnection.php(691): CodeIgniter\Database\Postgre\Connection->execute()
#3 /var/www/html/SIMRSHEBAT/system/Database/BaseConnection.php(605): CodeIgniter\Database\BaseConnection->simpleQuery()
#4 /var/www/html/SIMRSHEBAT/app/Controllers/Rekammedisirna.php(1086): CodeIgniter\Database\BaseConnection->query()
#5 /var/www/html/SIMRSHEBAT/system/CodeIgniter.php(934): App\Controllers\Rekammedisirna->pegawaidokok()
#6 /var/www/html/SIMRSHEBAT/system/CodeIgniter.php(499): CodeIgniter\CodeIgniter->runController()
#7 /var/www/html/SIMRSHEBAT/system/CodeIgniter.php(368): CodeIgniter\CodeIgniter->handleRequest()
#8 /var/www/html/SIMRSHEBAT/index.php(67): CodeIgniter\CodeIgniter->run()
#9 {main}
CRITICAL - 2024-11-06 10:57:47 --> Call to a member function getResult() on bool
in APPPATH/Controllers/Rekammedisirna.php on line 1089.
 1 SYSTEMPATH/CodeIgniter.php(934): App\Controllers\Rekammedisirna->pegawaidokok()
 2 SYSTEMPATH/CodeIgniter.php(499): CodeIgniter\CodeIgniter->runController()
 3 SYSTEMPATH/CodeIgniter.php(368): CodeIgniter\CodeIgniter->handleRequest()
 4 FCPATH/index.php(67): CodeIgniter\CodeIgniter->run()
WARNING - 2024-11-06 10:57:47 --> [DEPRECATED] Creation of dynamic property App\Controllers\Rekammedisirna::$db is deprecated in APPPATH/Controllers/Api.php on line 8.
 1 SYSTEMPATH/CodeIgniter.php(906): App\Controllers\Api->__construct()
 2 SYSTEMPATH/CodeIgniter.php(490): CodeIgniter\CodeIgniter->createController()
 3 SYSTEMPATH/CodeIgniter.php(368): CodeIgniter\CodeIgniter->handleRequest(null, Object(Config\Cache), false)
 4 FCPATH/index.php(67): CodeIgniter\CodeIgniter->run()
WARNING - 2024-11-06 10:57:47 --> [DEPRECATED] Creation of dynamic property App\Controllers\Rekammedisirna::$simrs is deprecated in APPPATH/Controllers/Api.php on line 9.
 1 SYSTEMPATH/CodeIgniter.php(906): App\Controllers\Api->__construct()
 2 SYSTEMPATH/CodeIgniter.php(490): CodeIgniter\CodeIgniter->createController()
 3 SYSTEMPATH/CodeIgniter.php(368): CodeIgniter\CodeIgniter->handleRequest(null, Object(Config\Cache), false)
 4 FCPATH/index.php(67): CodeIgniter\CodeIgniter->run()
WARNING - 2024-11-06 10:57:47 --> [DEPRECATED] Creation of dynamic property App\Controllers\Rekammedisirna::$db is deprecated in APPPATH/Controllers/Api.php on line 8.
 1 SYSTEMPATH/CodeIgniter.php(906): App\Controllers\Api->__construct()
 2 SYSTEMPATH/CodeIgniter.php(490): CodeIgniter\CodeIgniter->createController()
 3 SYSTEMPATH/CodeIgniter.php(368): CodeIgniter\CodeIgniter->handleRequest(null, Object(Config\Cache), false)
 4 FCPATH/index.php(67): CodeIgniter\CodeIgniter->run()
WARNING - 2024-11-06 10:57:47 --> [DEPRECATED] Creation of dynamic property App\Controllers\Rekammedisirna::$simrs is deprecated in APPPATH/Controllers/Api.php on line 9.
 1 SYSTEMPATH/CodeIgniter.php(906): App\Controllers\Api->__construct()
 2 SYSTEMPATH/CodeIgniter.php(490): CodeIgniter\CodeIgniter->createController()
 3 SYSTEMPATH/CodeIgniter.php(368): CodeIgniter\CodeIgniter->handleRequest(null, Object(Config\Cache), false)
 4 FCPATH/index.php(67): CodeIgniter\CodeIgniter->run()
WARNING - 2024-11-06 10:57:51 --> [DEPRECATED] Creation of dynamic property App\Controllers\Rekammedisirna::$db is deprecated in APPPATH/Controllers/Api.php on line 8.
 1 SYSTEMPATH/CodeIgniter.php(906): App\Controllers\Api->__construct()
 2 SYSTEMPATH/CodeIgniter.php(490): CodeIgniter\CodeIgniter->createController()
 3 SYSTEMPATH/CodeIgniter.php(368): CodeIgniter\CodeIgniter->handleRequest(null, Object(Config\Cache), false)
 4 FCPATH/index.php(67): CodeIgniter\CodeIgniter->run()
WARNING - 2024-11-06 10:57:51 --> [DEPRECATED] Creation of dynamic property App\Controllers\Rekammedisirna::$db is deprecated in APPPATH/Controllers/Api.php on line 8.
 1 SYSTEMPATH/CodeIgniter.php(906): App\Controllers\Api->__construct()
 2 SYSTEMPATH/CodeIgniter.php(490): CodeIgniter\CodeIgniter->createController()
 3 SYSTEMPATH/CodeIgniter.php(368): CodeIgniter\CodeIgniter->handleRequest(null, Object(Config\Cache), false)
 4 FCPATH/index.php(67): CodeIgniter\CodeIgniter->run()
WARNING - 2024-11-06 10:57:51 --> [DEPRECATED] Creation of dynamic property App\Controllers\Rekammedisirna::$simrs is deprecated in APPPATH/Controllers/Api.php on line 9.
 1 SYSTEMPATH/CodeIgniter.php(906): App\Controllers\Api->__construct()
 2 SYSTEMPATH/CodeIgniter.php(490): CodeIgniter\CodeIgniter->createController()
 3 SYSTEMPATH/CodeIgniter.php(368): CodeIgniter\CodeIgniter->handleRequest(null, Object(Config\Cache), false)
 4 FCPATH/index.php(67): CodeIgniter\CodeIgniter->run()
WARNING - 2024-11-06 10:57:51 --> [DEPRECATED] Creation of dynamic property App\Controllers\Rekammedisirna::$simrs is deprecated in APPPATH/Controllers/Api.php on line 9.
 1 SYSTEMPATH/CodeIgniter.php(906): App\Controllers\Api->__construct()
 2 SYSTEMPATH/CodeIgniter.php(490): CodeIgniter\CodeIgniter->createController()
 3 SYSTEMPATH/CodeIgniter.php(368): CodeIgniter\CodeIgniter->handleRequest(null, Object(Config\Cache), false)
 4 FCPATH/index.php(67): CodeIgniter\CodeIgniter->run()
WARNING - 2024-11-06 10:57:51 --> [DEPRECATED] Creation of dynamic property App\Controllers\Rekammedisirna::$db is deprecated in APPPATH/Controllers/Api.php on line 8.
 1 SYSTEMPATH/CodeIgniter.php(906): App\Controllers\Api->__construct()
 2 SYSTEMPATH/CodeIgniter.php(490): CodeIgniter\CodeIgniter->createController()
 3 SYSTEMPATH/CodeIgniter.php(368): CodeIgniter\CodeIgniter->handleRequest(null, Object(Config\Cache), false)
 4 FCPATH/index.php(67): CodeIgniter\CodeIgniter->run()
WARNING - 2024-11-06 10:57:51 --> [DEPRECATED] Creation of dynamic property App\Controllers\Rekammedisirna::$simrs is deprecated in APPPATH/Controllers/Api.php on line 9.
 1 SYSTEMPATH/CodeIgniter.php(906): App\Controllers\Api->__construct()
 2 SYSTEMPATH/CodeIgniter.php(490): CodeIgniter\CodeIgniter->createController()
 3 SYSTEMPATH/CodeIgniter.php(368): CodeIgniter\CodeIgniter->handleRequest(null, Object(Config\Cache), false)
 4 FCPATH/index.php(67): CodeIgniter\CodeIgniter->run()
ERROR - 2024-11-06 10:57:51 --> ErrorException: pg_query(): Query failed: ERROR:  relation &quot;ttddokanestesi&quot; does not exist
LINE 1: SELECT * from ttddokanestesi WHERE id_kunjungan='2024-11-06 ...
                      ^ in /var/www/html/SIMRSHEBAT/system/Database/Postgre/Connection.php:147
Stack trace:
#0 [internal function]: CodeIgniter\Debug\Exceptions->errorHandler()
#1 /var/www/html/SIMRSHEBAT/system/Database/Postgre/Connection.php(147): pg_query()
#2 /var/www/html/SIMRSHEBAT/system/Database/BaseConnection.php(691): CodeIgniter\Database\Postgre\Connection->execute()
#3 /var/www/html/SIMRSHEBAT/system/Database/BaseConnection.php(605): CodeIgniter\Database\BaseConnection->simpleQuery()
#4 /var/www/html/SIMRSHEBAT/app/Controllers/Rekammedisirna.php(7059): CodeIgniter\Database\BaseConnection->query()
#5 /var/www/html/SIMRSHEBAT/system/CodeIgniter.php(934): App\Controllers\Rekammedisirna->viewAsuhanperoperatif2()
#6 /var/www/html/SIMRSHEBAT/system/CodeIgniter.php(499): CodeIgniter\CodeIgniter->runController()
#7 /var/www/html/SIMRSHEBAT/system/CodeIgniter.php(368): CodeIgniter\CodeIgniter->handleRequest()
#8 /var/www/html/SIMRSHEBAT/index.php(67): CodeIgniter\CodeIgniter->run()
#9 {main}
ERROR - 2024-11-06 10:57:51 --> ErrorException: pg_query(): Query failed: ERROR:  relation &quot;praoperasi&quot; does not exist
LINE 1: SELECT * FROM praoperasi WHERE id_kunjungan='2024-11-06 00:0...
                      ^ in /var/www/html/SIMRSHEBAT/system/Database/Postgre/Connection.php:147
Stack trace:
#0 [internal function]: CodeIgniter\Debug\Exceptions->errorHandler()
#1 /var/www/html/SIMRSHEBAT/system/Database/Postgre/Connection.php(147): pg_query()
#2 /var/www/html/SIMRSHEBAT/system/Database/BaseConnection.php(691): CodeIgniter\Database\Postgre\Connection->execute()
#3 /var/www/html/SIMRSHEBAT/system/Database/BaseConnection.php(605): CodeIgniter\Database\BaseConnection->simpleQuery()
#4 /var/www/html/SIMRSHEBAT/app/Controllers/Rekammedisirna.php(7088): CodeIgniter\Database\BaseConnection->query()
#5 /var/www/html/SIMRSHEBAT/system/CodeIgniter.php(934): App\Controllers\Rekammedisirna->viewAsuhanperoperatif1()
#6 /var/www/html/SIMRSHEBAT/system/CodeIgniter.php(499): CodeIgniter\CodeIgniter->runController()
#7 /var/www/html/SIMRSHEBAT/system/CodeIgniter.php(368): CodeIgniter\CodeIgniter->handleRequest()
#8 /var/www/html/SIMRSHEBAT/index.php(67): CodeIgniter\CodeIgniter->run()
#9 {main}
CRITICAL - 2024-11-06 10:57:51 --> Call to a member function getResult() on bool
in APPPATH/Controllers/Rekammedisirna.php on line 7059.
 1 SYSTEMPATH/CodeIgniter.php(934): App\Controllers\Rekammedisirna->viewAsuhanperoperatif2()
 2 SYSTEMPATH/CodeIgniter.php(499): CodeIgniter\CodeIgniter->runController()
 3 SYSTEMPATH/CodeIgniter.php(368): CodeIgniter\CodeIgniter->handleRequest()
 4 FCPATH/index.php(67): CodeIgniter\CodeIgniter->run()
CRITICAL - 2024-11-06 10:57:51 --> Call to a member function getResult() on bool
in APPPATH/Controllers/Rekammedisirna.php on line 7088.
 1 SYSTEMPATH/CodeIgniter.php(934): App\Controllers\Rekammedisirna->viewAsuhanperoperatif1()
 2 SYSTEMPATH/CodeIgniter.php(499): CodeIgniter\CodeIgniter->runController()
 3 SYSTEMPATH/CodeIgniter.php(368): CodeIgniter\CodeIgniter->handleRequest()
 4 FCPATH/index.php(67): CodeIgniter\CodeIgniter->run()
ERROR - 2024-11-06 10:57:51 --> ErrorException: pg_query(): Query failed: ERROR:  relation &quot;postoperasi&quot; does not exist
LINE 1: SELECT * from postoperasi WHERE id_kunjungan='2024-11-06 00:...
                      ^ in /var/www/html/SIMRSHEBAT/system/Database/Postgre/Connection.php:147
Stack trace:
#0 [internal function]: CodeIgniter\Debug\Exceptions->errorHandler()
#1 /var/www/html/SIMRSHEBAT/system/Database/Postgre/Connection.php(147): pg_query()
#2 /var/www/html/SIMRSHEBAT/system/Database/BaseConnection.php(691): CodeIgniter\Database\Postgre\Connection->execute()
#3 /var/www/html/SIMRSHEBAT/system/Database/BaseConnection.php(605): CodeIgniter\Database\BaseConnection->simpleQuery()
#4 /var/www/html/SIMRSHEBAT/app/Controllers/Rekammedisirna.php(7140): CodeIgniter\Database\BaseConnection->query()
#5 /var/www/html/SIMRSHEBAT/system/CodeIgniter.php(934): App\Controllers\Rekammedisirna->viewPostoperasi()
#6 /var/www/html/SIMRSHEBAT/system/CodeIgniter.php(499): CodeIgniter\CodeIgniter->runController()
#7 /var/www/html/SIMRSHEBAT/system/CodeIgniter.php(368): CodeIgniter\CodeIgniter->handleRequest()
#8 /var/www/html/SIMRSHEBAT/index.php(67): CodeIgniter\CodeIgniter->run()
#9 {main}
CRITICAL - 2024-11-06 10:57:51 --> Call to a member function getRow() on bool
in APPPATH/Controllers/Rekammedisirna.php on line 7140.
 1 SYSTEMPATH/CodeIgniter.php(934): App\Controllers\Rekammedisirna->viewPostoperasi()
 2 SYSTEMPATH/CodeIgniter.php(499): CodeIgniter\CodeIgniter->runController()
 3 SYSTEMPATH/CodeIgniter.php(368): CodeIgniter\CodeIgniter->handleRequest()
 4 FCPATH/index.php(67): CodeIgniter\CodeIgniter->run()
WARNING - 2024-11-06 10:58:06 --> [DEPRECATED] Creation of dynamic property App\Controllers\Rekammedisirna::$db is deprecated in APPPATH/Controllers/Api.php on line 8.
 1 SYSTEMPATH/CodeIgniter.php(906): App\Controllers\Api->__construct()
 2 SYSTEMPATH/CodeIgniter.php(490): CodeIgniter\CodeIgniter->createController()
 3 SYSTEMPATH/CodeIgniter.php(368): CodeIgniter\CodeIgniter->handleRequest(null, Object(Config\Cache), false)
 4 FCPATH/index.php(67): CodeIgniter\CodeIgniter->run()
WARNING - 2024-11-06 10:58:06 --> [DEPRECATED] Creation of dynamic property App\Controllers\Rekammedisirna::$simrs is deprecated in APPPATH/Controllers/Api.php on line 9.
 1 SYSTEMPATH/CodeIgniter.php(906): App\Controllers\Api->__construct()
 2 SYSTEMPATH/CodeIgniter.php(490): CodeIgniter\CodeIgniter->createController()
 3 SYSTEMPATH/CodeIgniter.php(368): CodeIgniter\CodeIgniter->handleRequest(null, Object(Config\Cache), false)
 4 FCPATH/index.php(67): CodeIgniter\CodeIgniter->run()
WARNING - 2024-11-06 10:58:06 --> [DEPRECATED] Creation of dynamic property App\Controllers\Rawatjalan::$db is deprecated in APPPATH/Controllers/Api.php on line 8.
 1 SYSTEMPATH/CodeIgniter.php(906): App\Controllers\Api->__construct()
 2 SYSTEMPATH/CodeIgniter.php(490): CodeIgniter\CodeIgniter->createController()
 3 SYSTEMPATH/CodeIgniter.php(368): CodeIgniter\CodeIgniter->handleRequest(null, Object(Config\Cache), false)
 4 FCPATH/index.php(67): CodeIgniter\CodeIgniter->run()
WARNING - 2024-11-06 10:58:06 --> [DEPRECATED] Creation of dynamic property App\Controllers\Rawatjalan::$simrs is deprecated in APPPATH/Controllers/Api.php on line 9.
 1 SYSTEMPATH/CodeIgniter.php(906): App\Controllers\Api->__construct()
 2 SYSTEMPATH/CodeIgniter.php(490): CodeIgniter\CodeIgniter->createController()
 3 SYSTEMPATH/CodeIgniter.php(368): CodeIgniter\CodeIgniter->handleRequest(null, Object(Config\Cache), false)
 4 FCPATH/index.php(67): CodeIgniter\CodeIgniter->run()
ERROR - 2024-11-06 10:58:07 --> ErrorException: pg_query(): Query failed: ERROR:  column &quot;jenis_pegawai&quot; does not exist
LINE 1: SELECT * FROM pegawai where jenis_pegawai='1'
                                    ^ in /var/www/html/SIMRSHEBAT/system/Database/Postgre/Connection.php:147
Stack trace:
#0 [internal function]: CodeIgniter\Debug\Exceptions->errorHandler()
#1 /var/www/html/SIMRSHEBAT/system/Database/Postgre/Connection.php(147): pg_query()
#2 /var/www/html/SIMRSHEBAT/system/Database/BaseConnection.php(691): CodeIgniter\Database\Postgre\Connection->execute()
#3 /var/www/html/SIMRSHEBAT/system/Database/BaseConnection.php(605): CodeIgniter\Database\BaseConnection->simpleQuery()
#4 /var/www/html/SIMRSHEBAT/app/Controllers/Rawatjalan.php(32): CodeIgniter\Database\BaseConnection->query()
#5 /var/www/html/SIMRSHEBAT/system/CodeIgniter.php(934): App\Controllers\Rawatjalan->pegawai()
#6 /var/www/html/SIMRSHEBAT/system/CodeIgniter.php(499): CodeIgniter\CodeIgniter->runController()
#7 /var/www/html/SIMRSHEBAT/system/CodeIgniter.php(368): CodeIgniter\CodeIgniter->handleRequest()
#8 /var/www/html/SIMRSHEBAT/index.php(67): CodeIgniter\CodeIgniter->run()
#9 {main}
CRITICAL - 2024-11-06 10:58:07 --> Call to a member function getResult() on bool
in APPPATH/Controllers/Rawatjalan.php on line 35.
 1 SYSTEMPATH/CodeIgniter.php(934): App\Controllers\Rawatjalan->pegawai()
 2 SYSTEMPATH/CodeIgniter.php(499): CodeIgniter\CodeIgniter->runController()
 3 SYSTEMPATH/CodeIgniter.php(368): CodeIgniter\CodeIgniter->handleRequest()
 4 FCPATH/index.php(67): CodeIgniter\CodeIgniter->run()
WARNING - 2024-11-06 10:58:07 --> [DEPRECATED] Creation of dynamic property App\Controllers\Rekammedisirna::$db is deprecated in APPPATH/Controllers/Api.php on line 8.
 1 SYSTEMPATH/CodeIgniter.php(906): App\Controllers\Api->__construct()
 2 SYSTEMPATH/CodeIgniter.php(490): CodeIgniter\CodeIgniter->createController()
 3 SYSTEMPATH/CodeIgniter.php(368): CodeIgniter\CodeIgniter->handleRequest(null, Object(Config\Cache), false)
 4 FCPATH/index.php(67): CodeIgniter\CodeIgniter->run()
WARNING - 2024-11-06 10:58:07 --> [DEPRECATED] Creation of dynamic property App\Controllers\Rekammedisirna::$simrs is deprecated in APPPATH/Controllers/Api.php on line 9.
 1 SYSTEMPATH/CodeIgniter.php(906): App\Controllers\Api->__construct()
 2 SYSTEMPATH/CodeIgniter.php(490): CodeIgniter\CodeIgniter->createController()
 3 SYSTEMPATH/CodeIgniter.php(368): CodeIgniter\CodeIgniter->handleRequest(null, Object(Config\Cache), false)
 4 FCPATH/index.php(67): CodeIgniter\CodeIgniter->run()
WARNING - 2024-11-06 10:58:07 --> [DEPRECATED] Creation of dynamic property App\Controllers\Rekammedisirna::$db is deprecated in APPPATH/Controllers/Api.php on line 8.
 1 SYSTEMPATH/CodeIgniter.php(906): App\Controllers\Api->__construct()
 2 SYSTEMPATH/CodeIgniter.php(490): CodeIgniter\CodeIgniter->createController()
 3 SYSTEMPATH/CodeIgniter.php(368): CodeIgniter\CodeIgniter->handleRequest(null, Object(Config\Cache), false)
 4 FCPATH/index.php(67): CodeIgniter\CodeIgniter->run()
WARNING - 2024-11-06 10:58:07 --> [DEPRECATED] Creation of dynamic property App\Controllers\Rekammedisirna::$simrs is deprecated in APPPATH/Controllers/Api.php on line 9.
 1 SYSTEMPATH/CodeIgniter.php(906): App\Controllers\Api->__construct()
 2 SYSTEMPATH/CodeIgniter.php(490): CodeIgniter\CodeIgniter->createController()
 3 SYSTEMPATH/CodeIgniter.php(368): CodeIgniter\CodeIgniter->handleRequest(null, Object(Config\Cache), false)
 4 FCPATH/index.php(67): CodeIgniter\CodeIgniter->run()
WARNING - 2024-11-06 10:58:08 --> [DEPRECATED] Creation of dynamic property App\Controllers\Rekammedisirna::$db is deprecated in APPPATH/Controllers/Api.php on line 8.
 1 SYSTEMPATH/CodeIgniter.php(906): App\Controllers\Api->__construct()
 2 SYSTEMPATH/CodeIgniter.php(490): CodeIgniter\CodeIgniter->createController()
 3 SYSTEMPATH/CodeIgniter.php(368): CodeIgniter\CodeIgniter->handleRequest(null, Object(Config\Cache), false)
 4 FCPATH/index.php(67): CodeIgniter\CodeIgniter->run()
WARNING - 2024-11-06 10:58:08 --> [DEPRECATED] Creation of dynamic property App\Controllers\Rekammedisirna::$simrs is deprecated in APPPATH/Controllers/Api.php on line 9.
 1 SYSTEMPATH/CodeIgniter.php(906): App\Controllers\Api->__construct()
 2 SYSTEMPATH/CodeIgniter.php(490): CodeIgniter\CodeIgniter->createController()
 3 SYSTEMPATH/CodeIgniter.php(368): CodeIgniter\CodeIgniter->handleRequest(null, Object(Config\Cache), false)
 4 FCPATH/index.php(67): CodeIgniter\CodeIgniter->run()
ERROR - 2024-11-06 10:58:08 --> ErrorException: pg_query(): Query failed: ERROR:  relation &quot;instruksi_bedah&quot; does not exist
LINE 1: SELECT * FROM instruksi_bedah WHERE  id_kunjungan='2024-11-0...
                      ^ in /var/www/html/SIMRSHEBAT/system/Database/Postgre/Connection.php:147
Stack trace:
#0 [internal function]: CodeIgniter\Debug\Exceptions->errorHandler()
#1 /var/www/html/SIMRSHEBAT/system/Database/Postgre/Connection.php(147): pg_query()
#2 /var/www/html/SIMRSHEBAT/system/Database/BaseConnection.php(691): CodeIgniter\Database\Postgre\Connection->execute()
#3 /var/www/html/SIMRSHEBAT/system/Database/BaseConnection.php(605): CodeIgniter\Database\BaseConnection->simpleQuery()
#4 /var/www/html/SIMRSHEBAT/app/Controllers/Rekammedisirna.php(4734): CodeIgniter\Database\BaseConnection->query()
#5 /var/www/html/SIMRSHEBAT/system/CodeIgniter.php(934): App\Controllers\Rekammedisirna->showinstruksipembedahan()
#6 /var/www/html/SIMRSHEBAT/system/CodeIgniter.php(499): CodeIgniter\CodeIgniter->runController()
#7 /var/www/html/SIMRSHEBAT/system/CodeIgniter.php(368): CodeIgniter\CodeIgniter->handleRequest()
#8 /var/www/html/SIMRSHEBAT/index.php(67): CodeIgniter\CodeIgniter->run()
#9 {main}
CRITICAL - 2024-11-06 10:58:08 --> Call to a member function getResult() on bool
in APPPATH/Controllers/Rekammedisirna.php on line 4734.
 1 SYSTEMPATH/CodeIgniter.php(934): App\Controllers\Rekammedisirna->showinstruksipembedahan()
 2 SYSTEMPATH/CodeIgniter.php(499): CodeIgniter\CodeIgniter->runController()
 3 SYSTEMPATH/CodeIgniter.php(368): CodeIgniter\CodeIgniter->handleRequest()
 4 FCPATH/index.php(67): CodeIgniter\CodeIgniter->run()
WARNING - 2024-11-06 10:58:19 --> [DEPRECATED] Creation of dynamic property App\Controllers\Assesmentbos::$db is deprecated in APPPATH/Controllers/Api.php on line 8.
 1 SYSTEMPATH/CodeIgniter.php(906): App\Controllers\Api->__construct()
 2 SYSTEMPATH/CodeIgniter.php(490): CodeIgniter\CodeIgniter->createController()
 3 SYSTEMPATH/CodeIgniter.php(368): CodeIgniter\CodeIgniter->handleRequest(null, Object(Config\Cache), false)
 4 FCPATH/index.php(67): CodeIgniter\CodeIgniter->run()
WARNING - 2024-11-06 10:58:19 --> [DEPRECATED] Creation of dynamic property App\Controllers\Assesmentbos::$simrs is deprecated in APPPATH/Controllers/Api.php on line 9.
 1 SYSTEMPATH/CodeIgniter.php(906): App\Controllers\Api->__construct()
 2 SYSTEMPATH/CodeIgniter.php(490): CodeIgniter\CodeIgniter->createController()
 3 SYSTEMPATH/CodeIgniter.php(368): CodeIgniter\CodeIgniter->handleRequest(null, Object(Config\Cache), false)
 4 FCPATH/index.php(67): CodeIgniter\CodeIgniter->run()
ERROR - 2024-11-06 10:58:19 --> ErrorException: pg_query(): Query failed: ERROR:  relation &quot;kegiatan&quot; does not exist
LINE 1: SELECT * FROM kegiatan WHERE rl='3.5'
                      ^ in /var/www/html/SIMRSHEBAT/system/Database/Postgre/Connection.php:147
Stack trace:
#0 [internal function]: CodeIgniter\Debug\Exceptions->errorHandler()
#1 /var/www/html/SIMRSHEBAT/system/Database/Postgre/Connection.php(147): pg_query()
#2 /var/www/html/SIMRSHEBAT/system/Database/BaseConnection.php(691): CodeIgniter\Database\Postgre\Connection->execute()
#3 /var/www/html/SIMRSHEBAT/system/Database/BaseConnection.php(605): CodeIgniter\Database\BaseConnection->simpleQuery()
#4 /var/www/html/SIMRSHEBAT/app/Controllers/Assesmentbos.php(169): CodeIgniter\Database\BaseConnection->query()
#5 /var/www/html/SIMRSHEBAT/system/CodeIgniter.php(934): App\Controllers\Assesmentbos->Rlkegiatan35()
#6 /var/www/html/SIMRSHEBAT/system/CodeIgniter.php(499): CodeIgniter\CodeIgniter->runController()
#7 /var/www/html/SIMRSHEBAT/system/CodeIgniter.php(368): CodeIgniter\CodeIgniter->handleRequest()
#8 /var/www/html/SIMRSHEBAT/index.php(67): CodeIgniter\CodeIgniter->run()
#9 {main}
CRITICAL - 2024-11-06 10:58:19 --> Call to a member function getResult() on bool
in APPPATH/Controllers/Assesmentbos.php on line 171.
 1 SYSTEMPATH/CodeIgniter.php(934): App\Controllers\Assesmentbos->Rlkegiatan35()
 2 SYSTEMPATH/CodeIgniter.php(499): CodeIgniter\CodeIgniter->runController()
 3 SYSTEMPATH/CodeIgniter.php(368): CodeIgniter\CodeIgniter->handleRequest()
 4 FCPATH/index.php(67): CodeIgniter\CodeIgniter->run()
WARNING - 2024-11-06 10:58:19 --> [DEPRECATED] Creation of dynamic property App\Controllers\Rekammedisirna::$db is deprecated in APPPATH/Controllers/Api.php on line 8.
 1 SYSTEMPATH/CodeIgniter.php(906): App\Controllers\Api->__construct()
 2 SYSTEMPATH/CodeIgniter.php(490): CodeIgniter\CodeIgniter->createController()
 3 SYSTEMPATH/CodeIgniter.php(368): CodeIgniter\CodeIgniter->handleRequest(null, Object(Config\Cache), false)
 4 FCPATH/index.php(67): CodeIgniter\CodeIgniter->run()
WARNING - 2024-11-06 10:58:19 --> [DEPRECATED] Creation of dynamic property App\Controllers\Rekammedisirna::$simrs is deprecated in APPPATH/Controllers/Api.php on line 9.
 1 SYSTEMPATH/CodeIgniter.php(906): App\Controllers\Api->__construct()
 2 SYSTEMPATH/CodeIgniter.php(490): CodeIgniter\CodeIgniter->createController()
 3 SYSTEMPATH/CodeIgniter.php(368): CodeIgniter\CodeIgniter->handleRequest(null, Object(Config\Cache), false)
 4 FCPATH/index.php(67): CodeIgniter\CodeIgniter->run()
WARNING - 2024-11-06 10:58:19 --> [DEPRECATED] Creation of dynamic property App\Controllers\Rekammedisirna::$db is deprecated in APPPATH/Controllers/Api.php on line 8.
 1 SYSTEMPATH/CodeIgniter.php(906): App\Controllers\Api->__construct()
 2 SYSTEMPATH/CodeIgniter.php(490): CodeIgniter\CodeIgniter->createController()
 3 SYSTEMPATH/CodeIgniter.php(368): CodeIgniter\CodeIgniter->handleRequest(null, Object(Config\Cache), false)
 4 FCPATH/index.php(67): CodeIgniter\CodeIgniter->run()
WARNING - 2024-11-06 10:58:19 --> [DEPRECATED] Creation of dynamic property App\Controllers\Rekammedisirna::$simrs is deprecated in APPPATH/Controllers/Api.php on line 9.
 1 SYSTEMPATH/CodeIgniter.php(906): App\Controllers\Api->__construct()
 2 SYSTEMPATH/CodeIgniter.php(490): CodeIgniter\CodeIgniter->createController()
 3 SYSTEMPATH/CodeIgniter.php(368): CodeIgniter\CodeIgniter->handleRequest(null, Object(Config\Cache), false)
 4 FCPATH/index.php(67): CodeIgniter\CodeIgniter->run()
WARNING - 2024-11-06 10:58:19 --> [DEPRECATED] Creation of dynamic property App\Controllers\Rekammedisirna::$db is deprecated in APPPATH/Controllers/Api.php on line 8.
 1 SYSTEMPATH/CodeIgniter.php(906): App\Controllers\Api->__construct()
 2 SYSTEMPATH/CodeIgniter.php(490): CodeIgniter\CodeIgniter->createController()
 3 SYSTEMPATH/CodeIgniter.php(368): CodeIgniter\CodeIgniter->handleRequest(null, Object(Config\Cache), false)
 4 FCPATH/index.php(67): CodeIgniter\CodeIgniter->run()
WARNING - 2024-11-06 10:58:19 --> [DEPRECATED] Creation of dynamic property App\Controllers\Rekammedisirna::$simrs is deprecated in APPPATH/Controllers/Api.php on line 9.
 1 SYSTEMPATH/CodeIgniter.php(906): App\Controllers\Api->__construct()
 2 SYSTEMPATH/CodeIgniter.php(490): CodeIgniter\CodeIgniter->createController()
 3 SYSTEMPATH/CodeIgniter.php(368): CodeIgniter\CodeIgniter->handleRequest(null, Object(Config\Cache), false)
 4 FCPATH/index.php(67): CodeIgniter\CodeIgniter->run()
INFO - 2024-11-06 11:02:13 --> Session: Class initialized using 'CodeIgniter\Session\Handlers\FileHandler' driver.
WARNING - 2024-11-06 11:02:14 --> [DEPRECATED] Creation of dynamic property App\Controllers\User::$db is deprecated in APPPATH/Controllers/Api.php on line 8.
 1 SYSTEMPATH/CodeIgniter.php(906): App\Controllers\Api->__construct()
 2 SYSTEMPATH/CodeIgniter.php(490): CodeIgniter\CodeIgniter->createController()
 3 SYSTEMPATH/CodeIgniter.php(368): CodeIgniter\CodeIgniter->handleRequest(null, Object(Config\Cache), false)
 4 FCPATH/index.php(67): CodeIgniter\CodeIgniter->run()
WARNING - 2024-11-06 11:02:14 --> [DEPRECATED] Creation of dynamic property App\Controllers\User::$simrs is deprecated in APPPATH/Controllers/Api.php on line 9.
 1 SYSTEMPATH/CodeIgniter.php(906): App\Controllers\Api->__construct()
 2 SYSTEMPATH/CodeIgniter.php(490): CodeIgniter\CodeIgniter->createController()
 3 SYSTEMPATH/CodeIgniter.php(368): CodeIgniter\CodeIgniter->handleRequest(null, Object(Config\Cache), false)
 4 FCPATH/index.php(67): CodeIgniter\CodeIgniter->run()
WARNING - 2024-11-06 11:02:14 --> [DEPRECATED] Creation of dynamic property App\Controllers\Laporan::$db is deprecated in APPPATH/Controllers/Api.php on line 8.
 1 SYSTEMPATH/CodeIgniter.php(906): App\Controllers\Api->__construct()
 2 SYSTEMPATH/CodeIgniter.php(490): CodeIgniter\CodeIgniter->createController()
 3 SYSTEMPATH/CodeIgniter.php(368): CodeIgniter\CodeIgniter->handleRequest(null, Object(Config\Cache), false)
 4 FCPATH/index.php(67): CodeIgniter\CodeIgniter->run()
WARNING - 2024-11-06 11:02:14 --> [DEPRECATED] Creation of dynamic property App\Controllers\Laporan::$simrs is deprecated in APPPATH/Controllers/Api.php on line 9.
 1 SYSTEMPATH/CodeIgniter.php(906): App\Controllers\Api->__construct()
 2 SYSTEMPATH/CodeIgniter.php(490): CodeIgniter\CodeIgniter->createController()
 3 SYSTEMPATH/CodeIgniter.php(368): CodeIgniter\CodeIgniter->handleRequest(null, Object(Config\Cache), false)
 4 FCPATH/index.php(67): CodeIgniter\CodeIgniter->run()
WARNING - 2024-11-06 11:02:14 --> [DEPRECATED] Creation of dynamic property App\Controllers\User::$db is deprecated in APPPATH/Controllers/Api.php on line 8.
 1 SYSTEMPATH/CodeIgniter.php(906): App\Controllers\Api->__construct()
 2 SYSTEMPATH/CodeIgniter.php(490): CodeIgniter\CodeIgniter->createController()
 3 SYSTEMPATH/CodeIgniter.php(368): CodeIgniter\CodeIgniter->handleRequest(null, Object(Config\Cache), false)
 4 FCPATH/index.php(67): CodeIgniter\CodeIgniter->run()
WARNING - 2024-11-06 11:02:14 --> [DEPRECATED] Creation of dynamic property App\Controllers\User::$simrs is deprecated in APPPATH/Controllers/Api.php on line 9.
 1 SYSTEMPATH/CodeIgniter.php(906): App\Controllers\Api->__construct()
 2 SYSTEMPATH/CodeIgniter.php(490): CodeIgniter\CodeIgniter->createController()
 3 SYSTEMPATH/CodeIgniter.php(368): CodeIgniter\CodeIgniter->handleRequest(null, Object(Config\Cache), false)
 4 FCPATH/index.php(67): CodeIgniter\CodeIgniter->run()
WARNING - 2024-11-06 11:02:21 --> [DEPRECATED] Creation of dynamic property App\Controllers\Rekammedisirna::$db is deprecated in APPPATH/Controllers/Api.php on line 8.
 1 SYSTEMPATH/CodeIgniter.php(906): App\Controllers\Api->__construct()
 2 SYSTEMPATH/CodeIgniter.php(490): CodeIgniter\CodeIgniter->createController()
 3 SYSTEMPATH/CodeIgniter.php(368): CodeIgniter\CodeIgniter->handleRequest(null, Object(Config\Cache), false)
 4 FCPATH/index.php(67): CodeIgniter\CodeIgniter->run()
WARNING - 2024-11-06 11:02:21 --> [DEPRECATED] Creation of dynamic property App\Controllers\Rekammedisirna::$simrs is deprecated in APPPATH/Controllers/Api.php on line 9.
 1 SYSTEMPATH/CodeIgniter.php(906): App\Controllers\Api->__construct()
 2 SYSTEMPATH/CodeIgniter.php(490): CodeIgniter\CodeIgniter->createController()
 3 SYSTEMPATH/CodeIgniter.php(368): CodeIgniter\CodeIgniter->handleRequest(null, Object(Config\Cache), false)
 4 FCPATH/index.php(67): CodeIgniter\CodeIgniter->run()
WARNING - 2024-11-06 11:02:21 --> [DEPRECATED] Creation of dynamic property App\Controllers\Rekammedisirna::$db is deprecated in APPPATH/Controllers/Api.php on line 8.
 1 SYSTEMPATH/CodeIgniter.php(906): App\Controllers\Api->__construct()
 2 SYSTEMPATH/CodeIgniter.php(490): CodeIgniter\CodeIgniter->createController()
 3 SYSTEMPATH/CodeIgniter.php(368): CodeIgniter\CodeIgniter->handleRequest(null, Object(Config\Cache), false)
 4 FCPATH/index.php(67): CodeIgniter\CodeIgniter->run()
WARNING - 2024-11-06 11:02:21 --> [DEPRECATED] Creation of dynamic property App\Controllers\Rekammedisirna::$simrs is deprecated in APPPATH/Controllers/Api.php on line 9.
 1 SYSTEMPATH/CodeIgniter.php(906): App\Controllers\Api->__construct()
 2 SYSTEMPATH/CodeIgniter.php(490): CodeIgniter\CodeIgniter->createController()
 3 SYSTEMPATH/CodeIgniter.php(368): CodeIgniter\CodeIgniter->handleRequest(null, Object(Config\Cache), false)
 4 FCPATH/index.php(67): CodeIgniter\CodeIgniter->run()
WARNING - 2024-11-06 11:02:21 --> [DEPRECATED] Creation of dynamic property App\Controllers\Rekammedisirna::$db is deprecated in APPPATH/Controllers/Api.php on line 8.
 1 SYSTEMPATH/CodeIgniter.php(906): App\Controllers\Api->__construct()
 2 SYSTEMPATH/CodeIgniter.php(490): CodeIgniter\CodeIgniter->createController()
 3 SYSTEMPATH/CodeIgniter.php(368): CodeIgniter\CodeIgniter->handleRequest(null, Object(Config\Cache), false)
 4 FCPATH/index.php(67): CodeIgniter\CodeIgniter->run()
WARNING - 2024-11-06 11:02:21 --> [DEPRECATED] Creation of dynamic property App\Controllers\Rekammedisirna::$simrs is deprecated in APPPATH/Controllers/Api.php on line 9.
 1 SYSTEMPATH/CodeIgniter.php(906): App\Controllers\Api->__construct()
 2 SYSTEMPATH/CodeIgniter.php(490): CodeIgniter\CodeIgniter->createController()
 3 SYSTEMPATH/CodeIgniter.php(368): CodeIgniter\CodeIgniter->handleRequest(null, Object(Config\Cache), false)
 4 FCPATH/index.php(67): CodeIgniter\CodeIgniter->run()
WARNING - 2024-11-06 11:02:46 --> [DEPRECATED] Creation of dynamic property App\Controllers\Rekammedisirna::$db is deprecated in APPPATH/Controllers/Api.php on line 8.
 1 SYSTEMPATH/CodeIgniter.php(906): App\Controllers\Api->__construct()
 2 SYSTEMPATH/CodeIgniter.php(490): CodeIgniter\CodeIgniter->createController()
 3 SYSTEMPATH/CodeIgniter.php(368): CodeIgniter\CodeIgniter->handleRequest(null, Object(Config\Cache), false)
 4 FCPATH/index.php(67): CodeIgniter\CodeIgniter->run()
WARNING - 2024-11-06 11:02:46 --> [DEPRECATED] Creation of dynamic property App\Controllers\Rekammedisirna::$simrs is deprecated in APPPATH/Controllers/Api.php on line 9.
 1 SYSTEMPATH/CodeIgniter.php(906): App\Controllers\Api->__construct()
 2 SYSTEMPATH/CodeIgniter.php(490): CodeIgniter\CodeIgniter->createController()
 3 SYSTEMPATH/CodeIgniter.php(368): CodeIgniter\CodeIgniter->handleRequest(null, Object(Config\Cache), false)
 4 FCPATH/index.php(67): CodeIgniter\CodeIgniter->run()
WARNING - 2024-11-06 11:02:46 --> [DEPRECATED] Creation of dynamic property App\Controllers\Rekammedisirna::$db is deprecated in APPPATH/Controllers/Api.php on line 8.
 1 SYSTEMPATH/CodeIgniter.php(906): App\Controllers\Api->__construct()
 2 SYSTEMPATH/CodeIgniter.php(490): CodeIgniter\CodeIgniter->createController()
 3 SYSTEMPATH/CodeIgniter.php(368): CodeIgniter\CodeIgniter->handleRequest(null, Object(Config\Cache), false)
 4 FCPATH/index.php(67): CodeIgniter\CodeIgniter->run()
WARNING - 2024-11-06 11:02:46 --> [DEPRECATED] Creation of dynamic property App\Controllers\Rekammedisirna::$simrs is deprecated in APPPATH/Controllers/Api.php on line 9.
 1 SYSTEMPATH/CodeIgniter.php(906): App\Controllers\Api->__construct()
 2 SYSTEMPATH/CodeIgniter.php(490): CodeIgniter\CodeIgniter->createController()
 3 SYSTEMPATH/CodeIgniter.php(368): CodeIgniter\CodeIgniter->handleRequest(null, Object(Config\Cache), false)
 4 FCPATH/index.php(67): CodeIgniter\CodeIgniter->run()
WARNING - 2024-11-06 11:02:46 --> [DEPRECATED] Creation of dynamic property App\Controllers\Rekammedisirna::$db is deprecated in APPPATH/Controllers/Api.php on line 8.
 1 SYSTEMPATH/CodeIgniter.php(906): App\Controllers\Api->__construct()
 2 SYSTEMPATH/CodeIgniter.php(490): CodeIgniter\CodeIgniter->createController()
 3 SYSTEMPATH/CodeIgniter.php(368): CodeIgniter\CodeIgniter->handleRequest(null, Object(Config\Cache), false)
 4 FCPATH/index.php(67): CodeIgniter\CodeIgniter->run()
WARNING - 2024-11-06 11:02:46 --> [DEPRECATED] Creation of dynamic property App\Controllers\Rekammedisirna::$simrs is deprecated in APPPATH/Controllers/Api.php on line 9.
 1 SYSTEMPATH/CodeIgniter.php(906): App\Controllers\Api->__construct()
 2 SYSTEMPATH/CodeIgniter.php(490): CodeIgniter\CodeIgniter->createController()
 3 SYSTEMPATH/CodeIgniter.php(368): CodeIgniter\CodeIgniter->handleRequest(null, Object(Config\Cache), false)
 4 FCPATH/index.php(67): CodeIgniter\CodeIgniter->run()
ERROR - 2024-11-06 11:02:46 --> ErrorException: pg_query(): Query failed: ERROR:  column &quot;id_pegawai&quot; specified in USING clause does not exist in left table in /var/www/html/SIMRSHEBAT/system/Database/Postgre/Connection.php:147
Stack trace:
#0 [internal function]: CodeIgniter\Debug\Exceptions->errorHandler()
#1 /var/www/html/SIMRSHEBAT/system/Database/Postgre/Connection.php(147): pg_query()
#2 /var/www/html/SIMRSHEBAT/system/Database/BaseConnection.php(691): CodeIgniter\Database\Postgre\Connection->execute()
#3 /var/www/html/SIMRSHEBAT/system/Database/BaseConnection.php(605): CodeIgniter\Database\BaseConnection->simpleQuery()
#4 /var/www/html/SIMRSHEBAT/app/Controllers/Rekammedisirna.php(1095): CodeIgniter\Database\BaseConnection->query()
#5 /var/www/html/SIMRSHEBAT/system/CodeIgniter.php(934): App\Controllers\Rekammedisirna->pegawaiperok()
#6 /var/www/html/SIMRSHEBAT/system/CodeIgniter.php(499): CodeIgniter\CodeIgniter->runController()
#7 /var/www/html/SIMRSHEBAT/system/CodeIgniter.php(368): CodeIgniter\CodeIgniter->handleRequest()
#8 /var/www/html/SIMRSHEBAT/index.php(67): CodeIgniter\CodeIgniter->run()
#9 {main}
ERROR - 2024-11-06 11:02:46 --> ErrorException: pg_query(): Query failed: ERROR:  column &quot;id_pegawai&quot; specified in USING clause does not exist in left table in /var/www/html/SIMRSHEBAT/system/Database/Postgre/Connection.php:147
Stack trace:
#0 [internal function]: CodeIgniter\Debug\Exceptions->errorHandler()
#1 /var/www/html/SIMRSHEBAT/system/Database/Postgre/Connection.php(147): pg_query()
#2 /var/www/html/SIMRSHEBAT/system/Database/BaseConnection.php(691): CodeIgniter\Database\Postgre\Connection->execute()
#3 /var/www/html/SIMRSHEBAT/system/Database/BaseConnection.php(605): CodeIgniter\Database\BaseConnection->simpleQuery()
#4 /var/www/html/SIMRSHEBAT/app/Controllers/Rekammedisirna.php(1086): CodeIgniter\Database\BaseConnection->query()
#5 /var/www/html/SIMRSHEBAT/system/CodeIgniter.php(934): App\Controllers\Rekammedisirna->pegawaidokok()
#6 /var/www/html/SIMRSHEBAT/system/CodeIgniter.php(499): CodeIgniter\CodeIgniter->runController()
#7 /var/www/html/SIMRSHEBAT/system/CodeIgniter.php(368): CodeIgniter\CodeIgniter->handleRequest()
#8 /var/www/html/SIMRSHEBAT/index.php(67): CodeIgniter\CodeIgniter->run()
#9 {main}
CRITICAL - 2024-11-06 11:02:46 --> Call to a member function getResult() on bool
in APPPATH/Controllers/Rekammedisirna.php on line 1098.
 1 SYSTEMPATH/CodeIgniter.php(934): App\Controllers\Rekammedisirna->pegawaiperok()
 2 SYSTEMPATH/CodeIgniter.php(499): CodeIgniter\CodeIgniter->runController()
 3 SYSTEMPATH/CodeIgniter.php(368): CodeIgniter\CodeIgniter->handleRequest()
 4 FCPATH/index.php(67): CodeIgniter\CodeIgniter->run()
CRITICAL - 2024-11-06 11:02:46 --> Call to a member function getResult() on bool
in APPPATH/Controllers/Rekammedisirna.php on line 1089.
 1 SYSTEMPATH/CodeIgniter.php(934): App\Controllers\Rekammedisirna->pegawaidokok()
 2 SYSTEMPATH/CodeIgniter.php(499): CodeIgniter\CodeIgniter->runController()
 3 SYSTEMPATH/CodeIgniter.php(368): CodeIgniter\CodeIgniter->handleRequest()
 4 FCPATH/index.php(67): CodeIgniter\CodeIgniter->run()
WARNING - 2024-11-06 11:02:46 --> [DEPRECATED] Creation of dynamic property App\Controllers\Rekammedisirna::$db is deprecated in APPPATH/Controllers/Api.php on line 8.
 1 SYSTEMPATH/CodeIgniter.php(906): App\Controllers\Api->__construct()
 2 SYSTEMPATH/CodeIgniter.php(490): CodeIgniter\CodeIgniter->createController()
 3 SYSTEMPATH/CodeIgniter.php(368): CodeIgniter\CodeIgniter->handleRequest(null, Object(Config\Cache), false)
 4 FCPATH/index.php(67): CodeIgniter\CodeIgniter->run()
WARNING - 2024-11-06 11:02:46 --> [DEPRECATED] Creation of dynamic property App\Controllers\Rekammedisirna::$simrs is deprecated in APPPATH/Controllers/Api.php on line 9.
 1 SYSTEMPATH/CodeIgniter.php(906): App\Controllers\Api->__construct()
 2 SYSTEMPATH/CodeIgniter.php(490): CodeIgniter\CodeIgniter->createController()
 3 SYSTEMPATH/CodeIgniter.php(368): CodeIgniter\CodeIgniter->handleRequest(null, Object(Config\Cache), false)
 4 FCPATH/index.php(67): CodeIgniter\CodeIgniter->run()
WARNING - 2024-11-06 11:02:46 --> [DEPRECATED] Creation of dynamic property App\Controllers\Rekammedisirna::$db is deprecated in APPPATH/Controllers/Api.php on line 8.
 1 SYSTEMPATH/CodeIgniter.php(906): App\Controllers\Api->__construct()
 2 SYSTEMPATH/CodeIgniter.php(490): CodeIgniter\CodeIgniter->createController()
 3 SYSTEMPATH/CodeIgniter.php(368): CodeIgniter\CodeIgniter->handleRequest(null, Object(Config\Cache), false)
 4 FCPATH/index.php(67): CodeIgniter\CodeIgniter->run()
WARNING - 2024-11-06 11:02:46 --> [DEPRECATED] Creation of dynamic property App\Controllers\Rekammedisirna::$simrs is deprecated in APPPATH/Controllers/Api.php on line 9.
 1 SYSTEMPATH/CodeIgniter.php(906): App\Controllers\Api->__construct()
 2 SYSTEMPATH/CodeIgniter.php(490): CodeIgniter\CodeIgniter->createController()
 3 SYSTEMPATH/CodeIgniter.php(368): CodeIgniter\CodeIgniter->handleRequest(null, Object(Config\Cache), false)
 4 FCPATH/index.php(67): CodeIgniter\CodeIgniter->run()
WARNING - 2024-11-06 11:02:51 --> [DEPRECATED] Creation of dynamic property App\Controllers\Rekammedisirna::$db is deprecated in APPPATH/Controllers/Api.php on line 8.
 1 SYSTEMPATH/CodeIgniter.php(906): App\Controllers\Api->__construct()
 2 SYSTEMPATH/CodeIgniter.php(490): CodeIgniter\CodeIgniter->createController()
 3 SYSTEMPATH/CodeIgniter.php(368): CodeIgniter\CodeIgniter->handleRequest(null, Object(Config\Cache), false)
 4 FCPATH/index.php(67): CodeIgniter\CodeIgniter->run()
WARNING - 2024-11-06 11:02:51 --> [DEPRECATED] Creation of dynamic property App\Controllers\Rekammedisirna::$simrs is deprecated in APPPATH/Controllers/Api.php on line 9.
 1 SYSTEMPATH/CodeIgniter.php(906): App\Controllers\Api->__construct()
 2 SYSTEMPATH/CodeIgniter.php(490): CodeIgniter\CodeIgniter->createController()
 3 SYSTEMPATH/CodeIgniter.php(368): CodeIgniter\CodeIgniter->handleRequest(null, Object(Config\Cache), false)
 4 FCPATH/index.php(67): CodeIgniter\CodeIgniter->run()
WARNING - 2024-11-06 11:02:53 --> [DEPRECATED] Creation of dynamic property App\Controllers\Rekammedisirna::$db is deprecated in APPPATH/Controllers/Api.php on line 8.
 1 SYSTEMPATH/CodeIgniter.php(906): App\Controllers\Api->__construct()
 2 SYSTEMPATH/CodeIgniter.php(490): CodeIgniter\CodeIgniter->createController()
 3 SYSTEMPATH/CodeIgniter.php(368): CodeIgniter\CodeIgniter->handleRequest(null, Object(Config\Cache), false)
 4 FCPATH/index.php(67): CodeIgniter\CodeIgniter->run()
WARNING - 2024-11-06 11:02:53 --> [DEPRECATED] Creation of dynamic property App\Controllers\Rekammedisirna::$simrs is deprecated in APPPATH/Controllers/Api.php on line 9.
 1 SYSTEMPATH/CodeIgniter.php(906): App\Controllers\Api->__construct()
 2 SYSTEMPATH/CodeIgniter.php(490): CodeIgniter\CodeIgniter->createController()
 3 SYSTEMPATH/CodeIgniter.php(368): CodeIgniter\CodeIgniter->handleRequest(null, Object(Config\Cache), false)
 4 FCPATH/index.php(67): CodeIgniter\CodeIgniter->run()
WARNING - 2024-11-06 11:02:58 --> [DEPRECATED] Creation of dynamic property App\Controllers\Rekammedisirna::$db is deprecated in APPPATH/Controllers/Api.php on line 8.
 1 SYSTEMPATH/CodeIgniter.php(906): App\Controllers\Api->__construct()
 2 SYSTEMPATH/CodeIgniter.php(490): CodeIgniter\CodeIgniter->createController()
 3 SYSTEMPATH/CodeIgniter.php(368): CodeIgniter\CodeIgniter->handleRequest(null, Object(Config\Cache), false)
 4 FCPATH/index.php(67): CodeIgniter\CodeIgniter->run()
WARNING - 2024-11-06 11:02:58 --> [DEPRECATED] Creation of dynamic property App\Controllers\Rekammedisirna::$simrs is deprecated in APPPATH/Controllers/Api.php on line 9.
 1 SYSTEMPATH/CodeIgniter.php(906): App\Controllers\Api->__construct()
 2 SYSTEMPATH/CodeIgniter.php(490): CodeIgniter\CodeIgniter->createController()
 3 SYSTEMPATH/CodeIgniter.php(368): CodeIgniter\CodeIgniter->handleRequest(null, Object(Config\Cache), false)
 4 FCPATH/index.php(67): CodeIgniter\CodeIgniter->run()
WARNING - 2024-11-06 11:03:00 --> [DEPRECATED] Creation of dynamic property App\Controllers\Rekammedisirna::$db is deprecated in APPPATH/Controllers/Api.php on line 8.
 1 SYSTEMPATH/CodeIgniter.php(906): App\Controllers\Api->__construct()
 2 SYSTEMPATH/CodeIgniter.php(490): CodeIgniter\CodeIgniter->createController()
 3 SYSTEMPATH/CodeIgniter.php(368): CodeIgniter\CodeIgniter->handleRequest(null, Object(Config\Cache), false)
 4 FCPATH/index.php(67): CodeIgniter\CodeIgniter->run()
WARNING - 2024-11-06 11:03:00 --> [DEPRECATED] Creation of dynamic property App\Controllers\Rekammedisirna::$simrs is deprecated in APPPATH/Controllers/Api.php on line 9.
 1 SYSTEMPATH/CodeIgniter.php(906): App\Controllers\Api->__construct()
 2 SYSTEMPATH/CodeIgniter.php(490): CodeIgniter\CodeIgniter->createController()
 3 SYSTEMPATH/CodeIgniter.php(368): CodeIgniter\CodeIgniter->handleRequest(null, Object(Config\Cache), false)
 4 FCPATH/index.php(67): CodeIgniter\CodeIgniter->run()
WARNING - 2024-11-06 11:23:47 --> [DEPRECATED] Creation of dynamic property App\Controllers\Rekammedisirna::$db is deprecated in APPPATH/Controllers/Api.php on line 8.
 1 SYSTEMPATH/CodeIgniter.php(906): App\Controllers\Api->__construct()
 2 SYSTEMPATH/CodeIgniter.php(490): CodeIgniter\CodeIgniter->createController()
 3 SYSTEMPATH/CodeIgniter.php(368): CodeIgniter\CodeIgniter->handleRequest(null, Object(Config\Cache), false)
 4 FCPATH/index.php(67): CodeIgniter\CodeIgniter->run()
WARNING - 2024-11-06 11:23:47 --> [DEPRECATED] Creation of dynamic property App\Controllers\Rekammedisirna::$simrs is deprecated in APPPATH/Controllers/Api.php on line 9.
 1 SYSTEMPATH/CodeIgniter.php(906): App\Controllers\Api->__construct()
 2 SYSTEMPATH/CodeIgniter.php(490): CodeIgniter\CodeIgniter->createController()
 3 SYSTEMPATH/CodeIgniter.php(368): CodeIgniter\CodeIgniter->handleRequest(null, Object(Config\Cache), false)
 4 FCPATH/index.php(67): CodeIgniter\CodeIgniter->run()
WARNING - 2024-11-06 11:23:48 --> [DEPRECATED] Creation of dynamic property App\Controllers\Rekammedisirna::$db is deprecated in APPPATH/Controllers/Api.php on line 8.
 1 SYSTEMPATH/CodeIgniter.php(906): App\Controllers\Api->__construct()
 2 SYSTEMPATH/CodeIgniter.php(490): CodeIgniter\CodeIgniter->createController()
 3 SYSTEMPATH/CodeIgniter.php(368): CodeIgniter\CodeIgniter->handleRequest(null, Object(Config\Cache), false)
 4 FCPATH/index.php(67): CodeIgniter\CodeIgniter->run()
WARNING - 2024-11-06 11:23:48 --> [DEPRECATED] Creation of dynamic property App\Controllers\Rekammedisirna::$simrs is deprecated in APPPATH/Controllers/Api.php on line 9.
 1 SYSTEMPATH/CodeIgniter.php(906): App\Controllers\Api->__construct()
 2 SYSTEMPATH/CodeIgniter.php(490): CodeIgniter\CodeIgniter->createController()
 3 SYSTEMPATH/CodeIgniter.php(368): CodeIgniter\CodeIgniter->handleRequest(null, Object(Config\Cache), false)
 4 FCPATH/index.php(67): CodeIgniter\CodeIgniter->run()
WARNING - 2024-11-06 11:23:49 --> [DEPRECATED] Creation of dynamic property App\Controllers\Rekammedisirna::$db is deprecated in APPPATH/Controllers/Api.php on line 8.
 1 SYSTEMPATH/CodeIgniter.php(906): App\Controllers\Api->__construct()
 2 SYSTEMPATH/CodeIgniter.php(490): CodeIgniter\CodeIgniter->createController()
 3 SYSTEMPATH/CodeIgniter.php(368): CodeIgniter\CodeIgniter->handleRequest(null, Object(Config\Cache), false)
 4 FCPATH/index.php(67): CodeIgniter\CodeIgniter->run()
WARNING - 2024-11-06 11:23:49 --> [DEPRECATED] Creation of dynamic property App\Controllers\Rekammedisirna::$simrs is deprecated in APPPATH/Controllers/Api.php on line 9.
 1 SYSTEMPATH/CodeIgniter.php(906): App\Controllers\Api->__construct()
 2 SYSTEMPATH/CodeIgniter.php(490): CodeIgniter\CodeIgniter->createController()
 3 SYSTEMPATH/CodeIgniter.php(368): CodeIgniter\CodeIgniter->handleRequest(null, Object(Config\Cache), false)
 4 FCPATH/index.php(67): CodeIgniter\CodeIgniter->run()
WARNING - 2024-11-06 11:23:50 --> [DEPRECATED] Creation of dynamic property App\Controllers\Rekammedisirna::$db is deprecated in APPPATH/Controllers/Api.php on line 8.
 1 SYSTEMPATH/CodeIgniter.php(906): App\Controllers\Api->__construct()
 2 SYSTEMPATH/CodeIgniter.php(490): CodeIgniter\CodeIgniter->createController()
 3 SYSTEMPATH/CodeIgniter.php(368): CodeIgniter\CodeIgniter->handleRequest(null, Object(Config\Cache), false)
 4 FCPATH/index.php(67): CodeIgniter\CodeIgniter->run()
WARNING - 2024-11-06 11:23:50 --> [DEPRECATED] Creation of dynamic property App\Controllers\Rekammedisirna::$simrs is deprecated in APPPATH/Controllers/Api.php on line 9.
 1 SYSTEMPATH/CodeIgniter.php(906): App\Controllers\Api->__construct()
 2 SYSTEMPATH/CodeIgniter.php(490): CodeIgniter\CodeIgniter->createController()
 3 SYSTEMPATH/CodeIgniter.php(368): CodeIgniter\CodeIgniter->handleRequest(null, Object(Config\Cache), false)
 4 FCPATH/index.php(67): CodeIgniter\CodeIgniter->run()
WARNING - 2024-11-06 11:28:51 --> [DEPRECATED] Creation of dynamic property App\Controllers\Rekammedisirna::$db is deprecated in APPPATH/Controllers/Api.php on line 8.
 1 SYSTEMPATH/CodeIgniter.php(906): App\Controllers\Api->__construct()
 2 SYSTEMPATH/CodeIgniter.php(490): CodeIgniter\CodeIgniter->createController()
 3 SYSTEMPATH/CodeIgniter.php(368): CodeIgniter\CodeIgniter->handleRequest(null, Object(Config\Cache), false)
 4 FCPATH/index.php(67): CodeIgniter\CodeIgniter->run()
WARNING - 2024-11-06 11:28:51 --> [DEPRECATED] Creation of dynamic property App\Controllers\Rekammedisirna::$simrs is deprecated in APPPATH/Controllers/Api.php on line 9.
 1 SYSTEMPATH/CodeIgniter.php(906): App\Controllers\Api->__construct()
 2 SYSTEMPATH/CodeIgniter.php(490): CodeIgniter\CodeIgniter->createController()
 3 SYSTEMPATH/CodeIgniter.php(368): CodeIgniter\CodeIgniter->handleRequest(null, Object(Config\Cache), false)
 4 FCPATH/index.php(67): CodeIgniter\CodeIgniter->run()
WARNING - 2024-11-06 11:35:21 --> [DEPRECATED] Creation of dynamic property App\Controllers\Rekammedisirna::$db is deprecated in APPPATH/Controllers/Api.php on line 8.
 1 SYSTEMPATH/CodeIgniter.php(906): App\Controllers\Api->__construct()
 2 SYSTEMPATH/CodeIgniter.php(490): CodeIgniter\CodeIgniter->createController()
 3 SYSTEMPATH/CodeIgniter.php(368): CodeIgniter\CodeIgniter->handleRequest(null, Object(Config\Cache), false)
 4 FCPATH/index.php(67): CodeIgniter\CodeIgniter->run()
WARNING - 2024-11-06 11:35:21 --> [DEPRECATED] Creation of dynamic property App\Controllers\Rekammedisirna::$simrs is deprecated in APPPATH/Controllers/Api.php on line 9.
 1 SYSTEMPATH/CodeIgniter.php(906): App\Controllers\Api->__construct()
 2 SYSTEMPATH/CodeIgniter.php(490): CodeIgniter\CodeIgniter->createController()
 3 SYSTEMPATH/CodeIgniter.php(368): CodeIgniter\CodeIgniter->handleRequest(null, Object(Config\Cache), false)
 4 FCPATH/index.php(67): CodeIgniter\CodeIgniter->run()
WARNING - 2024-11-06 11:35:21 --> [DEPRECATED] Creation of dynamic property App\Controllers\Rekammedisirna::$db is deprecated in APPPATH/Controllers/Api.php on line 8.
 1 SYSTEMPATH/CodeIgniter.php(906): App\Controllers\Api->__construct()
 2 SYSTEMPATH/CodeIgniter.php(490): CodeIgniter\CodeIgniter->createController()
 3 SYSTEMPATH/CodeIgniter.php(368): CodeIgniter\CodeIgniter->handleRequest(null, Object(Config\Cache), false)
 4 FCPATH/index.php(67): CodeIgniter\CodeIgniter->run()
WARNING - 2024-11-06 11:35:21 --> [DEPRECATED] Creation of dynamic property App\Controllers\Rekammedisirna::$simrs is deprecated in APPPATH/Controllers/Api.php on line 9.
 1 SYSTEMPATH/CodeIgniter.php(906): App\Controllers\Api->__construct()
 2 SYSTEMPATH/CodeIgniter.php(490): CodeIgniter\CodeIgniter->createController()
 3 SYSTEMPATH/CodeIgniter.php(368): CodeIgniter\CodeIgniter->handleRequest(null, Object(Config\Cache), false)
 4 FCPATH/index.php(67): CodeIgniter\CodeIgniter->run()
WARNING - 2024-11-06 12:02:15 --> [DEPRECATED] Creation of dynamic property App\Controllers\Apotek::$db is deprecated in APPPATH/Controllers/Apotek.php on line 11.
 1 SYSTEMPATH/CodeIgniter.php(906): App\Controllers\Apotek->__construct()
 2 SYSTEMPATH/CodeIgniter.php(490): CodeIgniter\CodeIgniter->createController()
 3 SYSTEMPATH/CodeIgniter.php(368): CodeIgniter\CodeIgniter->handleRequest(null, Object(Config\Cache), false)
 4 FCPATH/index.php(67): CodeIgniter\CodeIgniter->run()
ERROR - 2024-11-06 12:02:15 --> ErrorException: pg_query(): Query failed: ERROR:  relation &quot;order_resep&quot; does not exist
LINE 6:                                             order_resep 
                                                    ^ in /var/www/html/SIMRSHEBAT/system/Database/Postgre/Connection.php:147
Stack trace:
#0 [internal function]: CodeIgniter\Debug\Exceptions->errorHandler()
#1 /var/www/html/SIMRSHEBAT/system/Database/Postgre/Connection.php(147): pg_query()
#2 /var/www/html/SIMRSHEBAT/system/Database/BaseConnection.php(691): CodeIgniter\Database\Postgre\Connection->execute()
#3 /var/www/html/SIMRSHEBAT/system/Database/BaseConnection.php(605): CodeIgniter\Database\BaseConnection->simpleQuery()
#4 /var/www/html/SIMRSHEBAT/app/Controllers/Apotek.php(6661): CodeIgniter\Database\BaseConnection->query()
#5 /var/www/html/SIMRSHEBAT/system/CodeIgniter.php(934): App\Controllers\Apotek->countorderresep()
#6 /var/www/html/SIMRSHEBAT/system/CodeIgniter.php(499): CodeIgniter\CodeIgniter->runController()
#7 /var/www/html/SIMRSHEBAT/system/CodeIgniter.php(368): CodeIgniter\CodeIgniter->handleRequest()
#8 /var/www/html/SIMRSHEBAT/index.php(67): CodeIgniter\CodeIgniter->run()
#9 {main}
CRITICAL - 2024-11-06 12:02:15 --> Call to a member function getNumRows() on bool
in APPPATH/Controllers/Apotek.php on line 6671.
 1 SYSTEMPATH/CodeIgniter.php(934): App\Controllers\Apotek->countorderresep()
 2 SYSTEMPATH/CodeIgniter.php(499): CodeIgniter\CodeIgniter->runController()
 3 SYSTEMPATH/CodeIgniter.php(368): CodeIgniter\CodeIgniter->handleRequest()
 4 FCPATH/index.php(67): CodeIgniter\CodeIgniter->run()
INFO - 2024-11-06 12:40:00 --> Session: Class initialized using 'CodeIgniter\Session\Handlers\FileHandler' driver.
WARNING - 2024-11-06 12:40:03 --> [DEPRECATED] Creation of dynamic property App\Controllers\User::$db is deprecated in APPPATH/Controllers/Api.php on line 8.
 1 SYSTEMPATH/CodeIgniter.php(906): App\Controllers\Api->__construct()
 2 SYSTEMPATH/CodeIgniter.php(490): CodeIgniter\CodeIgniter->createController()
 3 SYSTEMPATH/CodeIgniter.php(368): CodeIgniter\CodeIgniter->handleRequest(null, Object(Config\Cache), false)
 4 FCPATH/index.php(67): CodeIgniter\CodeIgniter->run()
WARNING - 2024-11-06 12:40:03 --> [DEPRECATED] Creation of dynamic property App\Controllers\User::$simrs is deprecated in APPPATH/Controllers/Api.php on line 9.
 1 SYSTEMPATH/CodeIgniter.php(906): App\Controllers\Api->__construct()
 2 SYSTEMPATH/CodeIgniter.php(490): CodeIgniter\CodeIgniter->createController()
 3 SYSTEMPATH/CodeIgniter.php(368): CodeIgniter\CodeIgniter->handleRequest(null, Object(Config\Cache), false)
 4 FCPATH/index.php(67): CodeIgniter\CodeIgniter->run()
WARNING - 2024-11-06 12:40:03 --> [DEPRECATED] Creation of dynamic property App\Controllers\Laporan::$db is deprecated in APPPATH/Controllers/Api.php on line 8.
 1 SYSTEMPATH/CodeIgniter.php(906): App\Controllers\Api->__construct()
 2 SYSTEMPATH/CodeIgniter.php(490): CodeIgniter\CodeIgniter->createController()
 3 SYSTEMPATH/CodeIgniter.php(368): CodeIgniter\CodeIgniter->handleRequest(null, Object(Config\Cache), false)
 4 FCPATH/index.php(67): CodeIgniter\CodeIgniter->run()
WARNING - 2024-11-06 12:40:03 --> [DEPRECATED] Creation of dynamic property App\Controllers\Laporan::$simrs is deprecated in APPPATH/Controllers/Api.php on line 9.
 1 SYSTEMPATH/CodeIgniter.php(906): App\Controllers\Api->__construct()
 2 SYSTEMPATH/CodeIgniter.php(490): CodeIgniter\CodeIgniter->createController()
 3 SYSTEMPATH/CodeIgniter.php(368): CodeIgniter\CodeIgniter->handleRequest(null, Object(Config\Cache), false)
 4 FCPATH/index.php(67): CodeIgniter\CodeIgniter->run()
WARNING - 2024-11-06 12:40:03 --> [DEPRECATED] Creation of dynamic property App\Controllers\User::$db is deprecated in APPPATH/Controllers/Api.php on line 8.
 1 SYSTEMPATH/CodeIgniter.php(906): App\Controllers\Api->__construct()
 2 SYSTEMPATH/CodeIgniter.php(490): CodeIgniter\CodeIgniter->createController()
 3 SYSTEMPATH/CodeIgniter.php(368): CodeIgniter\CodeIgniter->handleRequest(null, Object(Config\Cache), false)
 4 FCPATH/index.php(67): CodeIgniter\CodeIgniter->run()
WARNING - 2024-11-06 12:40:03 --> [DEPRECATED] Creation of dynamic property App\Controllers\User::$simrs is deprecated in APPPATH/Controllers/Api.php on line 9.
 1 SYSTEMPATH/CodeIgniter.php(906): App\Controllers\Api->__construct()
 2 SYSTEMPATH/CodeIgniter.php(490): CodeIgniter\CodeIgniter->createController()
 3 SYSTEMPATH/CodeIgniter.php(368): CodeIgniter\CodeIgniter->handleRequest(null, Object(Config\Cache), false)
 4 FCPATH/index.php(67): CodeIgniter\CodeIgniter->run()
INFO - 2024-11-06 12:43:10 --> Session: Class initialized using 'CodeIgniter\Session\Handlers\FileHandler' driver.
WARNING - 2024-11-06 12:43:12 --> [DEPRECATED] Creation of dynamic property App\Controllers\User::$db is deprecated in APPPATH/Controllers/Api.php on line 8.
 1 SYSTEMPATH/CodeIgniter.php(906): App\Controllers\Api->__construct()
 2 SYSTEMPATH/CodeIgniter.php(490): CodeIgniter\CodeIgniter->createController()
 3 SYSTEMPATH/CodeIgniter.php(368): CodeIgniter\CodeIgniter->handleRequest(null, Object(Config\Cache), false)
 4 FCPATH/index.php(67): CodeIgniter\CodeIgniter->run()
WARNING - 2024-11-06 12:43:12 --> [DEPRECATED] Creation of dynamic property App\Controllers\User::$simrs is deprecated in APPPATH/Controllers/Api.php on line 9.
 1 SYSTEMPATH/CodeIgniter.php(906): App\Controllers\Api->__construct()
 2 SYSTEMPATH/CodeIgniter.php(490): CodeIgniter\CodeIgniter->createController()
 3 SYSTEMPATH/CodeIgniter.php(368): CodeIgniter\CodeIgniter->handleRequest(null, Object(Config\Cache), false)
 4 FCPATH/index.php(67): CodeIgniter\CodeIgniter->run()
WARNING - 2024-11-06 12:43:13 --> [DEPRECATED] Creation of dynamic property App\Controllers\Laporan::$db is deprecated in APPPATH/Controllers/Api.php on line 8.
 1 SYSTEMPATH/CodeIgniter.php(906): App\Controllers\Api->__construct()
 2 SYSTEMPATH/CodeIgniter.php(490): CodeIgniter\CodeIgniter->createController()
 3 SYSTEMPATH/CodeIgniter.php(368): CodeIgniter\CodeIgniter->handleRequest(null, Object(Config\Cache), false)
 4 FCPATH/index.php(67): CodeIgniter\CodeIgniter->run()
WARNING - 2024-11-06 12:43:13 --> [DEPRECATED] Creation of dynamic property App\Controllers\Laporan::$simrs is deprecated in APPPATH/Controllers/Api.php on line 9.
 1 SYSTEMPATH/CodeIgniter.php(906): App\Controllers\Api->__construct()
 2 SYSTEMPATH/CodeIgniter.php(490): CodeIgniter\CodeIgniter->createController()
 3 SYSTEMPATH/CodeIgniter.php(368): CodeIgniter\CodeIgniter->handleRequest(null, Object(Config\Cache), false)
 4 FCPATH/index.php(67): CodeIgniter\CodeIgniter->run()
WARNING - 2024-11-06 12:43:13 --> [DEPRECATED] Creation of dynamic property App\Controllers\User::$db is deprecated in APPPATH/Controllers/Api.php on line 8.
 1 SYSTEMPATH/CodeIgniter.php(906): App\Controllers\Api->__construct()
 2 SYSTEMPATH/CodeIgniter.php(490): CodeIgniter\CodeIgniter->createController()
 3 SYSTEMPATH/CodeIgniter.php(368): CodeIgniter\CodeIgniter->handleRequest(null, Object(Config\Cache), false)
 4 FCPATH/index.php(67): CodeIgniter\CodeIgniter->run()
WARNING - 2024-11-06 12:43:13 --> [DEPRECATED] Creation of dynamic property App\Controllers\User::$simrs is deprecated in APPPATH/Controllers/Api.php on line 9.
 1 SYSTEMPATH/CodeIgniter.php(906): App\Controllers\Api->__construct()
 2 SYSTEMPATH/CodeIgniter.php(490): CodeIgniter\CodeIgniter->createController()
 3 SYSTEMPATH/CodeIgniter.php(368): CodeIgniter\CodeIgniter->handleRequest(null, Object(Config\Cache), false)
 4 FCPATH/index.php(67): CodeIgniter\CodeIgniter->run()
WARNING - 2024-11-06 12:44:31 --> [DEPRECATED] Creation of dynamic property App\Controllers\Rekammedisirna::$db is deprecated in APPPATH/Controllers/Api.php on line 8.
 1 SYSTEMPATH/CodeIgniter.php(906): App\Controllers\Api->__construct()
 2 SYSTEMPATH/CodeIgniter.php(490): CodeIgniter\CodeIgniter->createController()
 3 SYSTEMPATH/CodeIgniter.php(368): CodeIgniter\CodeIgniter->handleRequest(null, Object(Config\Cache), false)
 4 FCPATH/index.php(67): CodeIgniter\CodeIgniter->run()
WARNING - 2024-11-06 12:44:31 --> [DEPRECATED] Creation of dynamic property App\Controllers\Rekammedisirna::$simrs is deprecated in APPPATH/Controllers/Api.php on line 9.
 1 SYSTEMPATH/CodeIgniter.php(906): App\Controllers\Api->__construct()
 2 SYSTEMPATH/CodeIgniter.php(490): CodeIgniter\CodeIgniter->createController()
 3 SYSTEMPATH/CodeIgniter.php(368): CodeIgniter\CodeIgniter->handleRequest(null, Object(Config\Cache), false)
 4 FCPATH/index.php(67): CodeIgniter\CodeIgniter->run()
WARNING - 2024-11-06 12:44:31 --> [DEPRECATED] Creation of dynamic property App\Controllers\Rekammedisirna::$db is deprecated in APPPATH/Controllers/Api.php on line 8.
 1 SYSTEMPATH/CodeIgniter.php(906): App\Controllers\Api->__construct()
 2 SYSTEMPATH/CodeIgniter.php(490): CodeIgniter\CodeIgniter->createController()
 3 SYSTEMPATH/CodeIgniter.php(368): CodeIgniter\CodeIgniter->handleRequest(null, Object(Config\Cache), false)
 4 FCPATH/index.php(67): CodeIgniter\CodeIgniter->run()
WARNING - 2024-11-06 12:44:31 --> [DEPRECATED] Creation of dynamic property App\Controllers\Rekammedisirna::$simrs is deprecated in APPPATH/Controllers/Api.php on line 9.
 1 SYSTEMPATH/CodeIgniter.php(906): App\Controllers\Api->__construct()
 2 SYSTEMPATH/CodeIgniter.php(490): CodeIgniter\CodeIgniter->createController()
 3 SYSTEMPATH/CodeIgniter.php(368): CodeIgniter\CodeIgniter->handleRequest(null, Object(Config\Cache), false)
 4 FCPATH/index.php(67): CodeIgniter\CodeIgniter->run()
WARNING - 2024-11-06 12:44:31 --> [DEPRECATED] Creation of dynamic property App\Controllers\Rekammedisirna::$db is deprecated in APPPATH/Controllers/Api.php on line 8.
 1 SYSTEMPATH/CodeIgniter.php(906): App\Controllers\Api->__construct()
 2 SYSTEMPATH/CodeIgniter.php(490): CodeIgniter\CodeIgniter->createController()
 3 SYSTEMPATH/CodeIgniter.php(368): CodeIgniter\CodeIgniter->handleRequest(null, Object(Config\Cache), false)
 4 FCPATH/index.php(67): CodeIgniter\CodeIgniter->run()
WARNING - 2024-11-06 12:44:31 --> [DEPRECATED] Creation of dynamic property App\Controllers\Rekammedisirna::$simrs is deprecated in APPPATH/Controllers/Api.php on line 9.
 1 SYSTEMPATH/CodeIgniter.php(906): App\Controllers\Api->__construct()
 2 SYSTEMPATH/CodeIgniter.php(490): CodeIgniter\CodeIgniter->createController()
 3 SYSTEMPATH/CodeIgniter.php(368): CodeIgniter\CodeIgniter->handleRequest(null, Object(Config\Cache), false)
 4 FCPATH/index.php(67): CodeIgniter\CodeIgniter->run()
WARNING - 2024-11-06 12:44:33 --> [DEPRECATED] Creation of dynamic property App\Controllers\Rekammedisirja::$db is deprecated in APPPATH/Controllers/Api.php on line 8.
 1 SYSTEMPATH/CodeIgniter.php(906): App\Controllers\Api->__construct()
 2 SYSTEMPATH/CodeIgniter.php(490): CodeIgniter\CodeIgniter->createController()
 3 SYSTEMPATH/CodeIgniter.php(368): CodeIgniter\CodeIgniter->handleRequest(null, Object(Config\Cache), false)
 4 FCPATH/index.php(67): CodeIgniter\CodeIgniter->run()
WARNING - 2024-11-06 12:44:33 --> [DEPRECATED] Creation of dynamic property App\Controllers\Rekammedisirja::$simrs is deprecated in APPPATH/Controllers/Api.php on line 9.
 1 SYSTEMPATH/CodeIgniter.php(906): App\Controllers\Api->__construct()
 2 SYSTEMPATH/CodeIgniter.php(490): CodeIgniter\CodeIgniter->createController()
 3 SYSTEMPATH/CodeIgniter.php(368): CodeIgniter\CodeIgniter->handleRequest(null, Object(Config\Cache), false)
 4 FCPATH/index.php(67): CodeIgniter\CodeIgniter->run()
WARNING - 2024-11-06 12:44:33 --> [DEPRECATED] Creation of dynamic property App\Controllers\Rekammedisirja::$db is deprecated in APPPATH/Controllers/Api.php on line 8.
 1 SYSTEMPATH/CodeIgniter.php(906): App\Controllers\Api->__construct()
 2 SYSTEMPATH/CodeIgniter.php(490): CodeIgniter\CodeIgniter->createController()
 3 SYSTEMPATH/CodeIgniter.php(368): CodeIgniter\CodeIgniter->handleRequest(null, Object(Config\Cache), false)
 4 FCPATH/index.php(67): CodeIgniter\CodeIgniter->run()
WARNING - 2024-11-06 12:44:33 --> [DEPRECATED] Creation of dynamic property App\Controllers\Rekammedisirja::$simrs is deprecated in APPPATH/Controllers/Api.php on line 9.
 1 SYSTEMPATH/CodeIgniter.php(906): App\Controllers\Api->__construct()
 2 SYSTEMPATH/CodeIgniter.php(490): CodeIgniter\CodeIgniter->createController()
 3 SYSTEMPATH/CodeIgniter.php(368): CodeIgniter\CodeIgniter->handleRequest(null, Object(Config\Cache), false)
 4 FCPATH/index.php(67): CodeIgniter\CodeIgniter->run()
WARNING - 2024-11-06 12:44:33 --> [DEPRECATED] Creation of dynamic property App\Controllers\Rawatjalan::$db is deprecated in APPPATH/Controllers/Api.php on line 8.
 1 SYSTEMPATH/CodeIgniter.php(906): App\Controllers\Api->__construct()
 2 SYSTEMPATH/CodeIgniter.php(490): CodeIgniter\CodeIgniter->createController()
 3 SYSTEMPATH/CodeIgniter.php(368): CodeIgniter\CodeIgniter->handleRequest(null, Object(Config\Cache), false)
 4 FCPATH/index.php(67): CodeIgniter\CodeIgniter->run()
WARNING - 2024-11-06 12:44:33 --> [DEPRECATED] Creation of dynamic property App\Controllers\Rawatjalan::$simrs is deprecated in APPPATH/Controllers/Api.php on line 9.
 1 SYSTEMPATH/CodeIgniter.php(906): App\Controllers\Api->__construct()
 2 SYSTEMPATH/CodeIgniter.php(490): CodeIgniter\CodeIgniter->createController()
 3 SYSTEMPATH/CodeIgniter.php(368): CodeIgniter\CodeIgniter->handleRequest(null, Object(Config\Cache), false)
 4 FCPATH/index.php(67): CodeIgniter\CodeIgniter->run()
ERROR - 2024-11-06 12:44:33 --> ErrorException: pg_query(): Query failed: ERROR:  column &quot;id_kunjungan&quot; does not exist
LINE 2: ...mr_tindakan inner join icd_9 USING(kd_icd9) where id_kunjung...
                                                             ^ in /var/www/html/SIMRSHEBAT/system/Database/Postgre/Connection.php:147
Stack trace:
#0 [internal function]: CodeIgniter\Debug\Exceptions->errorHandler()
#1 /var/www/html/SIMRSHEBAT/system/Database/Postgre/Connection.php(147): pg_query()
#2 /var/www/html/SIMRSHEBAT/system/Database/BaseConnection.php(691): CodeIgniter\Database\Postgre\Connection->execute()
#3 /var/www/html/SIMRSHEBAT/app/Controllers/Rekammedisirja.php(411): CodeIgniter\Database\BaseConnection->simpleQuery()
#4 /var/www/html/SIMRSHEBAT/system/CodeIgniter.php(934): App\Controllers\Rekammedisirja->datamricd9irja()
#5 /var/www/html/SIMRSHEBAT/system/CodeIgniter.php(499): CodeIgniter\CodeIgniter->runController()
#6 /var/www/html/SIMRSHEBAT/system/CodeIgniter.php(368): CodeIgniter\CodeIgniter->handleRequest()
#7 /var/www/html/SIMRSHEBAT/index.php(67): CodeIgniter\CodeIgniter->run()
#8 {main}
ERROR - 2024-11-06 12:44:33 --> ErrorException: pg_query(): Query failed: ERROR:  column &quot;jenis_pegawai&quot; does not exist
LINE 1: SELECT * FROM pegawai where jenis_pegawai='1'
                                    ^ in /var/www/html/SIMRSHEBAT/system/Database/Postgre/Connection.php:147
Stack trace:
#0 [internal function]: CodeIgniter\Debug\Exceptions->errorHandler()
#1 /var/www/html/SIMRSHEBAT/system/Database/Postgre/Connection.php(147): pg_query()
#2 /var/www/html/SIMRSHEBAT/system/Database/BaseConnection.php(691): CodeIgniter\Database\Postgre\Connection->execute()
#3 /var/www/html/SIMRSHEBAT/system/Database/BaseConnection.php(605): CodeIgniter\Database\BaseConnection->simpleQuery()
#4 /var/www/html/SIMRSHEBAT/app/Controllers/Rawatjalan.php(32): CodeIgniter\Database\BaseConnection->query()
#5 /var/www/html/SIMRSHEBAT/system/CodeIgniter.php(934): App\Controllers\Rawatjalan->pegawai()
#6 /var/www/html/SIMRSHEBAT/system/CodeIgniter.php(499): CodeIgniter\CodeIgniter->runController()
#7 /var/www/html/SIMRSHEBAT/system/CodeIgniter.php(368): CodeIgniter\CodeIgniter->handleRequest()
#8 /var/www/html/SIMRSHEBAT/index.php(67): CodeIgniter\CodeIgniter->run()
#9 {main}
CRITICAL - 2024-11-06 12:44:33 --> Call to a member function getResult() on bool
in APPPATH/Controllers/Rawatjalan.php on line 35.
 1 SYSTEMPATH/CodeIgniter.php(934): App\Controllers\Rawatjalan->pegawai()
 2 SYSTEMPATH/CodeIgniter.php(499): CodeIgniter\CodeIgniter->runController()
 3 SYSTEMPATH/CodeIgniter.php(368): CodeIgniter\CodeIgniter->handleRequest()
 4 FCPATH/index.php(67): CodeIgniter\CodeIgniter->run()
ERROR - 2024-11-06 12:44:33 --> ErrorException: pg_query(): Query failed: ERROR:  column &quot;id_penyakit&quot; specified in USING clause does not exist in left table in /var/www/html/SIMRSHEBAT/system/Database/Postgre/Connection.php:147
Stack trace:
#0 [internal function]: CodeIgniter\Debug\Exceptions->errorHandler()
#1 /var/www/html/SIMRSHEBAT/system/Database/Postgre/Connection.php(147): pg_query()
#2 /var/www/html/SIMRSHEBAT/system/Database/BaseConnection.php(691): CodeIgniter\Database\Postgre\Connection->execute()
#3 /var/www/html/SIMRSHEBAT/app/Controllers/Rekammedisirja.php(453): CodeIgniter\Database\BaseConnection->simpleQuery()
#4 /var/www/html/SIMRSHEBAT/system/CodeIgniter.php(934): App\Controllers\Rekammedisirja->datamrpenyakitirja()
#5 /var/www/html/SIMRSHEBAT/system/CodeIgniter.php(499): CodeIgniter\CodeIgniter->runController()
#6 /var/www/html/SIMRSHEBAT/system/CodeIgniter.php(368): CodeIgniter\CodeIgniter->handleRequest()
#7 /var/www/html/SIMRSHEBAT/index.php(67): CodeIgniter\CodeIgniter->run()
#8 {main}
WARNING - 2024-11-06 12:44:33 --> [DEPRECATED] Creation of dynamic property App\Controllers\Lab::$db is deprecated in APPPATH/Controllers/Api.php on line 8.
 1 SYSTEMPATH/CodeIgniter.php(906): App\Controllers\Api->__construct()
 2 SYSTEMPATH/CodeIgniter.php(490): CodeIgniter\CodeIgniter->createController()
 3 SYSTEMPATH/CodeIgniter.php(368): CodeIgniter\CodeIgniter->handleRequest(null, Object(Config\Cache), false)
 4 FCPATH/index.php(67): CodeIgniter\CodeIgniter->run()
WARNING - 2024-11-06 12:44:33 --> [DEPRECATED] Creation of dynamic property App\Controllers\Lab::$simrs is deprecated in APPPATH/Controllers/Api.php on line 9.
 1 SYSTEMPATH/CodeIgniter.php(906): App\Controllers\Api->__construct()
 2 SYSTEMPATH/CodeIgniter.php(490): CodeIgniter\CodeIgniter->createController()
 3 SYSTEMPATH/CodeIgniter.php(368): CodeIgniter\CodeIgniter->handleRequest(null, Object(Config\Cache), false)
 4 FCPATH/index.php(67): CodeIgniter\CodeIgniter->run()
WARNING - 2024-11-06 12:44:33 --> [DEPRECATED] Creation of dynamic property App\Controllers\Lab::$db is deprecated in APPPATH/Controllers/Api.php on line 8.
 1 SYSTEMPATH/CodeIgniter.php(906): App\Controllers\Api->__construct()
 2 SYSTEMPATH/CodeIgniter.php(490): CodeIgniter\CodeIgniter->createController()
 3 SYSTEMPATH/CodeIgniter.php(368): CodeIgniter\CodeIgniter->handleRequest(null, Object(Config\Cache), false)
 4 FCPATH/index.php(67): CodeIgniter\CodeIgniter->run()
WARNING - 2024-11-06 12:44:33 --> [DEPRECATED] Creation of dynamic property App\Controllers\Lab::$db is deprecated in APPPATH/Controllers/Api.php on line 8.
 1 SYSTEMPATH/CodeIgniter.php(906): App\Controllers\Api->__construct()
 2 SYSTEMPATH/CodeIgniter.php(490): CodeIgniter\CodeIgniter->createController()
 3 SYSTEMPATH/CodeIgniter.php(368): CodeIgniter\CodeIgniter->handleRequest(null, Object(Config\Cache), false)
 4 FCPATH/index.php(67): CodeIgniter\CodeIgniter->run()
WARNING - 2024-11-06 12:44:33 --> [DEPRECATED] Creation of dynamic property App\Controllers\Lab::$simrs is deprecated in APPPATH/Controllers/Api.php on line 9.
 1 SYSTEMPATH/CodeIgniter.php(906): App\Controllers\Api->__construct()
 2 SYSTEMPATH/CodeIgniter.php(490): CodeIgniter\CodeIgniter->createController()
 3 SYSTEMPATH/CodeIgniter.php(368): CodeIgniter\CodeIgniter->handleRequest(null, Object(Config\Cache), false)
 4 FCPATH/index.php(67): CodeIgniter\CodeIgniter->run()
WARNING - 2024-11-06 12:44:33 --> [DEPRECATED] Creation of dynamic property App\Controllers\Lab::$simrs is deprecated in APPPATH/Controllers/Api.php on line 9.
 1 SYSTEMPATH/CodeIgniter.php(906): App\Controllers\Api->__construct()
 2 SYSTEMPATH/CodeIgniter.php(490): CodeIgniter\CodeIgniter->createController()
 3 SYSTEMPATH/CodeIgniter.php(368): CodeIgniter\CodeIgniter->handleRequest(null, Object(Config\Cache), false)
 4 FCPATH/index.php(67): CodeIgniter\CodeIgniter->run()
ERROR - 2024-11-06 12:44:33 --> ErrorException: pg_query(): Query failed: ERROR:  function left(integer, integer) does not exist
LINE 1: SELECT * from produk WHERE left(kd_produk,2)='CT' 
                                   ^
HINT:  No function matches the given name and argument types. You might need to add explicit type casts. in /var/www/html/SIMRSHEBAT/system/Database/Postgre/Connection.php:147
Stack trace:
#0 [internal function]: CodeIgniter\Debug\Exceptions->errorHandler()
#1 /var/www/html/SIMRSHEBAT/system/Database/Postgre/Connection.php(147): pg_query()
#2 /var/www/html/SIMRSHEBAT/system/Database/BaseConnection.php(691): CodeIgniter\Database\Postgre\Connection->execute()
#3 /var/www/html/SIMRSHEBAT/system/Database/BaseConnection.php(605): CodeIgniter\Database\BaseConnection->simpleQuery()
#4 /var/www/html/SIMRSHEBAT/app/Controllers/Lab.php(465): CodeIgniter\Database\BaseConnection->query()
#5 /var/www/html/SIMRSHEBAT/system/CodeIgniter.php(934): App\Controllers\Lab->produkRad()
#6 /var/www/html/SIMRSHEBAT/system/CodeIgniter.php(499): CodeIgniter\CodeIgniter->runController()
#7 /var/www/html/SIMRSHEBAT/system/CodeIgniter.php(368): CodeIgniter\CodeIgniter->handleRequest()
#8 /var/www/html/SIMRSHEBAT/index.php(67): CodeIgniter\CodeIgniter->run()
#9 {main}
ERROR - 2024-11-06 12:44:33 --> ErrorException: pg_query(): Query failed: ERROR:  function left(integer, integer) does not exist
LINE 1: SELECT * from produk WHERE left(kd_produk,2)='XR' 
                                   ^
HINT:  No function matches the given name and argument types. You might need to add explicit type casts. in /var/www/html/SIMRSHEBAT/system/Database/Postgre/Connection.php:147
Stack trace:
#0 [internal function]: CodeIgniter\Debug\Exceptions->errorHandler()
#1 /var/www/html/SIMRSHEBAT/system/Database/Postgre/Connection.php(147): pg_query()
#2 /var/www/html/SIMRSHEBAT/system/Database/BaseConnection.php(691): CodeIgniter\Database\Postgre\Connection->execute()
#3 /var/www/html/SIMRSHEBAT/system/Database/BaseConnection.php(605): CodeIgniter\Database\BaseConnection->simpleQuery()
#4 /var/www/html/SIMRSHEBAT/app/Controllers/Lab.php(465): CodeIgniter\Database\BaseConnection->query()
#5 /var/www/html/SIMRSHEBAT/system/CodeIgniter.php(934): App\Controllers\Lab->produkRad()
#6 /var/www/html/SIMRSHEBAT/system/CodeIgniter.php(499): CodeIgniter\CodeIgniter->runController()
#7 /var/www/html/SIMRSHEBAT/system/CodeIgniter.php(368): CodeIgniter\CodeIgniter->handleRequest()
#8 /var/www/html/SIMRSHEBAT/index.php(67): CodeIgniter\CodeIgniter->run()
#9 {main}
CRITICAL - 2024-11-06 12:44:33 --> Call to a member function getResult() on bool
in APPPATH/Controllers/Lab.php on line 465.
 1 SYSTEMPATH/CodeIgniter.php(934): App\Controllers\Lab->produkRad()
 2 SYSTEMPATH/CodeIgniter.php(499): CodeIgniter\CodeIgniter->runController()
 3 SYSTEMPATH/CodeIgniter.php(368): CodeIgniter\CodeIgniter->handleRequest()
 4 FCPATH/index.php(67): CodeIgniter\CodeIgniter->run()
CRITICAL - 2024-11-06 12:44:33 --> Call to a member function getResult() on bool
in APPPATH/Controllers/Lab.php on line 465.
 1 SYSTEMPATH/CodeIgniter.php(934): App\Controllers\Lab->produkRad()
 2 SYSTEMPATH/CodeIgniter.php(499): CodeIgniter\CodeIgniter->runController()
 3 SYSTEMPATH/CodeIgniter.php(368): CodeIgniter\CodeIgniter->handleRequest()
 4 FCPATH/index.php(67): CodeIgniter\CodeIgniter->run()
ERROR - 2024-11-06 12:44:33 --> ErrorException: pg_query(): Query failed: ERROR:  column &quot;id_jenis_produk&quot; does not exist
LINE 1: SELECT * from produk WHERE id_jenis_produk='3' 
                                   ^ in /var/www/html/SIMRSHEBAT/system/Database/Postgre/Connection.php:147
Stack trace:
#0 [internal function]: CodeIgniter\Debug\Exceptions->errorHandler()
#1 /var/www/html/SIMRSHEBAT/system/Database/Postgre/Connection.php(147): pg_query()
#2 /var/www/html/SIMRSHEBAT/system/Database/BaseConnection.php(691): CodeIgniter\Database\Postgre\Connection->execute()
#3 /var/www/html/SIMRSHEBAT/system/Database/BaseConnection.php(605): CodeIgniter\Database\BaseConnection->simpleQuery()
#4 /var/www/html/SIMRSHEBAT/app/Controllers/Lab.php(447): CodeIgniter\Database\BaseConnection->query()
#5 /var/www/html/SIMRSHEBAT/system/CodeIgniter.php(934): App\Controllers\Lab->produk()
#6 /var/www/html/SIMRSHEBAT/system/CodeIgniter.php(499): CodeIgniter\CodeIgniter->runController()
#7 /var/www/html/SIMRSHEBAT/system/CodeIgniter.php(368): CodeIgniter\CodeIgniter->handleRequest()
#8 /var/www/html/SIMRSHEBAT/index.php(67): CodeIgniter\CodeIgniter->run()
#9 {main}
CRITICAL - 2024-11-06 12:44:33 --> Call to a member function getResult() on bool
in APPPATH/Controllers/Lab.php on line 447.
 1 SYSTEMPATH/CodeIgniter.php(934): App\Controllers\Lab->produk()
 2 SYSTEMPATH/CodeIgniter.php(499): CodeIgniter\CodeIgniter->runController()
 3 SYSTEMPATH/CodeIgniter.php(368): CodeIgniter\CodeIgniter->handleRequest()
 4 FCPATH/index.php(67): CodeIgniter\CodeIgniter->run()
WARNING - 2024-11-06 12:44:33 --> [DEPRECATED] Creation of dynamic property App\Controllers\Rekammedisirna::$db is deprecated in APPPATH/Controllers/Api.php on line 8.
 1 SYSTEMPATH/CodeIgniter.php(906): App\Controllers\Api->__construct()
 2 SYSTEMPATH/CodeIgniter.php(490): CodeIgniter\CodeIgniter->createController()
 3 SYSTEMPATH/CodeIgniter.php(368): CodeIgniter\CodeIgniter->handleRequest(null, Object(Config\Cache), false)
 4 FCPATH/index.php(67): CodeIgniter\CodeIgniter->run()
WARNING - 2024-11-06 12:44:33 --> [DEPRECATED] Creation of dynamic property App\Controllers\Rekammedisirna::$simrs is deprecated in APPPATH/Controllers/Api.php on line 9.
 1 SYSTEMPATH/CodeIgniter.php(906): App\Controllers\Api->__construct()
 2 SYSTEMPATH/CodeIgniter.php(490): CodeIgniter\CodeIgniter->createController()
 3 SYSTEMPATH/CodeIgniter.php(368): CodeIgniter\CodeIgniter->handleRequest(null, Object(Config\Cache), false)
 4 FCPATH/index.php(67): CodeIgniter\CodeIgniter->run()
WARNING - 2024-11-06 12:44:33 --> [DEPRECATED] Creation of dynamic property App\Controllers\Lab::$db is deprecated in APPPATH/Controllers/Api.php on line 8.
 1 SYSTEMPATH/CodeIgniter.php(906): App\Controllers\Api->__construct()
 2 SYSTEMPATH/CodeIgniter.php(490): CodeIgniter\CodeIgniter->createController()
 3 SYSTEMPATH/CodeIgniter.php(368): CodeIgniter\CodeIgniter->handleRequest(null, Object(Config\Cache), false)
 4 FCPATH/index.php(67): CodeIgniter\CodeIgniter->run()
WARNING - 2024-11-06 12:44:33 --> [DEPRECATED] Creation of dynamic property App\Controllers\Lab::$simrs is deprecated in APPPATH/Controllers/Api.php on line 9.
 1 SYSTEMPATH/CodeIgniter.php(906): App\Controllers\Api->__construct()
 2 SYSTEMPATH/CodeIgniter.php(490): CodeIgniter\CodeIgniter->createController()
 3 SYSTEMPATH/CodeIgniter.php(368): CodeIgniter\CodeIgniter->handleRequest(null, Object(Config\Cache), false)
 4 FCPATH/index.php(67): CodeIgniter\CodeIgniter->run()
WARNING - 2024-11-06 12:44:33 --> [DEPRECATED] Creation of dynamic property App\Controllers\Kunjungan::$db is deprecated in APPPATH/Controllers/Api.php on line 8.
 1 SYSTEMPATH/CodeIgniter.php(906): App\Controllers\Api->__construct()
 2 SYSTEMPATH/CodeIgniter.php(490): CodeIgniter\CodeIgniter->createController()
 3 SYSTEMPATH/CodeIgniter.php(368): CodeIgniter\CodeIgniter->handleRequest(null, Object(Config\Cache), false)
 4 FCPATH/index.php(67): CodeIgniter\CodeIgniter->run()
WARNING - 2024-11-06 12:44:33 --> [DEPRECATED] Creation of dynamic property App\Controllers\Kunjungan::$simrs is deprecated in APPPATH/Controllers/Api.php on line 9.
 1 SYSTEMPATH/CodeIgniter.php(906): App\Controllers\Api->__construct()
 2 SYSTEMPATH/CodeIgniter.php(490): CodeIgniter\CodeIgniter->createController()
 3 SYSTEMPATH/CodeIgniter.php(368): CodeIgniter\CodeIgniter->handleRequest(null, Object(Config\Cache), false)
 4 FCPATH/index.php(67): CodeIgniter\CodeIgniter->run()
ERROR - 2024-11-06 12:44:33 --> ErrorException: pg_query(): Query failed: ERROR:  column &quot;id_penyakit&quot; specified in USING clause does not exist in left table in /var/www/html/SIMRSHEBAT/system/Database/Postgre/Connection.php:147
Stack trace:
#0 [internal function]: CodeIgniter\Debug\Exceptions->errorHandler()
#1 /var/www/html/SIMRSHEBAT/system/Database/Postgre/Connection.php(147): pg_query()
#2 /var/www/html/SIMRSHEBAT/system/Database/BaseConnection.php(691): CodeIgniter\Database\Postgre\Connection->execute()
#3 /var/www/html/SIMRSHEBAT/app/Controllers/Kunjungan.php(585): CodeIgniter\Database\BaseConnection->simpleQuery()
#4 /var/www/html/SIMRSHEBAT/system/CodeIgniter.php(934): App\Controllers\Kunjungan->historipenyakit()
#5 /var/www/html/SIMRSHEBAT/system/CodeIgniter.php(499): CodeIgniter\CodeIgniter->runController()
#6 /var/www/html/SIMRSHEBAT/system/CodeIgniter.php(368): CodeIgniter\CodeIgniter->handleRequest()
#7 /var/www/html/SIMRSHEBAT/index.php(67): CodeIgniter\CodeIgniter->run()
#8 {main}
ERROR - 2024-11-06 12:44:33 --> ErrorException: pg_query(): Query failed: ERROR:  function left(integer, integer) does not exist
LINE 1: SELECT * from produk WHERE left(kd_produk,2)='UR' 
                                   ^
HINT:  No function matches the given name and argument types. You might need to add explicit type casts. in /var/www/html/SIMRSHEBAT/system/Database/Postgre/Connection.php:147
Stack trace:
#0 [internal function]: CodeIgniter\Debug\Exceptions->errorHandler()
#1 /var/www/html/SIMRSHEBAT/system/Database/Postgre/Connection.php(147): pg_query()
#2 /var/www/html/SIMRSHEBAT/system/Database/BaseConnection.php(691): CodeIgniter\Database\Postgre\Connection->execute()
#3 /var/www/html/SIMRSHEBAT/system/Database/BaseConnection.php(605): CodeIgniter\Database\BaseConnection->simpleQuery()
#4 /var/www/html/SIMRSHEBAT/app/Controllers/Lab.php(465): CodeIgniter\Database\BaseConnection->query()
#5 /var/www/html/SIMRSHEBAT/system/CodeIgniter.php(934): App\Controllers\Lab->produkRad()
#6 /var/www/html/SIMRSHEBAT/system/CodeIgniter.php(499): CodeIgniter\CodeIgniter->runController()
#7 /var/www/html/SIMRSHEBAT/system/CodeIgniter.php(368): CodeIgniter\CodeIgniter->handleRequest()
#8 /var/www/html/SIMRSHEBAT/index.php(67): CodeIgniter\CodeIgniter->run()
#9 {main}
ERROR - 2024-11-06 12:44:33 --> ErrorException: pg_query(): Query failed: ERROR:  relation &quot;order_lab&quot; does not exist
LINE 2:         order_lab o inner join
                ^ in /var/www/html/SIMRSHEBAT/system/Database/Postgre/Connection.php:147
Stack trace:
#0 [internal function]: CodeIgniter\Debug\Exceptions->errorHandler()
#1 /var/www/html/SIMRSHEBAT/system/Database/Postgre/Connection.php(147): pg_query()
#2 /var/www/html/SIMRSHEBAT/system/Database/BaseConnection.php(691): CodeIgniter\Database\Postgre\Connection->execute()
#3 /var/www/html/SIMRSHEBAT/app/Controllers/Rekammedisirna.php(823): CodeIgniter\Database\BaseConnection->simpleQuery()
#4 /var/www/html/SIMRSHEBAT/system/CodeIgniter.php(934): App\Controllers\Rekammedisirna->datapenunjangpasienirna()
#5 /var/www/html/SIMRSHEBAT/system/CodeIgniter.php(499): CodeIgniter\CodeIgniter->runController()
#6 /var/www/html/SIMRSHEBAT/system/CodeIgniter.php(368): CodeIgniter\CodeIgniter->handleRequest()
#7 /var/www/html/SIMRSHEBAT/index.php(67): CodeIgniter\CodeIgniter->run()
#8 {main}
CRITICAL - 2024-11-06 12:44:33 --> Call to a member function getResult() on bool
in APPPATH/Controllers/Lab.php on line 465.
 1 SYSTEMPATH/CodeIgniter.php(934): App\Controllers\Lab->produkRad()
 2 SYSTEMPATH/CodeIgniter.php(499): CodeIgniter\CodeIgniter->runController()
 3 SYSTEMPATH/CodeIgniter.php(368): CodeIgniter\CodeIgniter->handleRequest()
 4 FCPATH/index.php(67): CodeIgniter\CodeIgniter->run()
WARNING - 2024-11-06 12:44:33 --> [DEPRECATED] Creation of dynamic property App\Controllers\Kunjungan::$db is deprecated in APPPATH/Controllers/Api.php on line 8.
 1 SYSTEMPATH/CodeIgniter.php(906): App\Controllers\Api->__construct()
 2 SYSTEMPATH/CodeIgniter.php(490): CodeIgniter\CodeIgniter->createController()
 3 SYSTEMPATH/CodeIgniter.php(368): CodeIgniter\CodeIgniter->handleRequest(null, Object(Config\Cache), false)
 4 FCPATH/index.php(67): CodeIgniter\CodeIgniter->run()
WARNING - 2024-11-06 12:44:33 --> [DEPRECATED] Creation of dynamic property App\Controllers\Kunjungan::$simrs is deprecated in APPPATH/Controllers/Api.php on line 9.
 1 SYSTEMPATH/CodeIgniter.php(906): App\Controllers\Api->__construct()
 2 SYSTEMPATH/CodeIgniter.php(490): CodeIgniter\CodeIgniter->createController()
 3 SYSTEMPATH/CodeIgniter.php(368): CodeIgniter\CodeIgniter->handleRequest(null, Object(Config\Cache), false)
 4 FCPATH/index.php(67): CodeIgniter\CodeIgniter->run()
WARNING - 2024-11-06 12:44:33 --> [DEPRECATED] Creation of dynamic property App\Controllers\Kunjungan::$db is deprecated in APPPATH/Controllers/Api.php on line 8.
 1 SYSTEMPATH/CodeIgniter.php(906): App\Controllers\Api->__construct()
 2 SYSTEMPATH/CodeIgniter.php(490): CodeIgniter\CodeIgniter->createController()
 3 SYSTEMPATH/CodeIgniter.php(368): CodeIgniter\CodeIgniter->handleRequest(null, Object(Config\Cache), false)
 4 FCPATH/index.php(67): CodeIgniter\CodeIgniter->run()
WARNING - 2024-11-06 12:44:33 --> [DEPRECATED] Creation of dynamic property App\Controllers\Kunjungan::$simrs is deprecated in APPPATH/Controllers/Api.php on line 9.
 1 SYSTEMPATH/CodeIgniter.php(906): App\Controllers\Api->__construct()
 2 SYSTEMPATH/CodeIgniter.php(490): CodeIgniter\CodeIgniter->createController()
 3 SYSTEMPATH/CodeIgniter.php(368): CodeIgniter\CodeIgniter->handleRequest(null, Object(Config\Cache), false)
 4 FCPATH/index.php(67): CodeIgniter\CodeIgniter->run()
WARNING - 2024-11-06 12:44:33 --> [DEPRECATED] Creation of dynamic property App\Controllers\Datasosial::$db is deprecated in APPPATH/Controllers/Api.php on line 8.
 1 SYSTEMPATH/CodeIgniter.php(906): App\Controllers\Api->__construct()
 2 SYSTEMPATH/CodeIgniter.php(490): CodeIgniter\CodeIgniter->createController()
 3 SYSTEMPATH/CodeIgniter.php(368): CodeIgniter\CodeIgniter->handleRequest(null, Object(Config\Cache), false)
 4 FCPATH/index.php(67): CodeIgniter\CodeIgniter->run()
WARNING - 2024-11-06 12:44:33 --> [DEPRECATED] Creation of dynamic property App\Controllers\Datasosial::$simrs is deprecated in APPPATH/Controllers/Api.php on line 9.
 1 SYSTEMPATH/CodeIgniter.php(906): App\Controllers\Api->__construct()
 2 SYSTEMPATH/CodeIgniter.php(490): CodeIgniter\CodeIgniter->createController()
 3 SYSTEMPATH/CodeIgniter.php(368): CodeIgniter\CodeIgniter->handleRequest(null, Object(Config\Cache), false)
 4 FCPATH/index.php(67): CodeIgniter\CodeIgniter->run()
ERROR - 2024-11-06 12:44:33 --> ErrorException: pg_query(): Query failed: ERROR:  relation &quot;alergi&quot; does not exist
LINE 1: SELECT * from alergi where no_rm='5-08-86-53' 
                      ^ in /var/www/html/SIMRSHEBAT/system/Database/Postgre/Connection.php:147
Stack trace:
#0 [internal function]: CodeIgniter\Debug\Exceptions->errorHandler()
#1 /var/www/html/SIMRSHEBAT/system/Database/Postgre/Connection.php(147): pg_query()
#2 /var/www/html/SIMRSHEBAT/system/Database/BaseConnection.php(691): CodeIgniter\Database\Postgre\Connection->execute()
#3 /var/www/html/SIMRSHEBAT/app/Controllers/Kunjungan.php(632): CodeIgniter\Database\BaseConnection->simpleQuery()
#4 /var/www/html/SIMRSHEBAT/system/CodeIgniter.php(934): App\Controllers\Kunjungan->historialergi()
#5 /var/www/html/SIMRSHEBAT/system/CodeIgniter.php(499): CodeIgniter\CodeIgniter->runController()
#6 /var/www/html/SIMRSHEBAT/system/CodeIgniter.php(368): CodeIgniter\CodeIgniter->handleRequest()
#7 /var/www/html/SIMRSHEBAT/index.php(67): CodeIgniter\CodeIgniter->run()
#8 {main}
ERROR - 2024-11-06 12:44:33 --> ErrorException: pg_query(): Query failed: ERROR:  column &quot;id_penyakit&quot; specified in USING clause does not exist in left table in /var/www/html/SIMRSHEBAT/system/Database/Postgre/Connection.php:147
Stack trace:
#0 [internal function]: CodeIgniter\Debug\Exceptions->errorHandler()
#1 /var/www/html/SIMRSHEBAT/system/Database/Postgre/Connection.php(147): pg_query()
#2 /var/www/html/SIMRSHEBAT/system/Database/BaseConnection.php(691): CodeIgniter\Database\Postgre\Connection->execute()
#3 /var/www/html/SIMRSHEBAT/app/Controllers/Kunjungan.php(617): CodeIgniter\Database\BaseConnection->simpleQuery()
#4 /var/www/html/SIMRSHEBAT/system/CodeIgniter.php(934): App\Controllers\Kunjungan->historipenyakitkeluarga()
#5 /var/www/html/SIMRSHEBAT/system/CodeIgniter.php(499): CodeIgniter\CodeIgniter->runController()
#6 /var/www/html/SIMRSHEBAT/system/CodeIgniter.php(368): CodeIgniter\CodeIgniter->handleRequest()
#7 /var/www/html/SIMRSHEBAT/index.php(67): CodeIgniter\CodeIgniter->run()
#8 {main}
WARNING - 2024-11-06 12:44:33 --> [DEPRECATED] Creation of dynamic property App\Controllers\Datasosial::$db is deprecated in APPPATH/Controllers/Api.php on line 8.
 1 SYSTEMPATH/CodeIgniter.php(906): App\Controllers\Api->__construct()
 2 SYSTEMPATH/CodeIgniter.php(490): CodeIgniter\CodeIgniter->createController()
 3 SYSTEMPATH/CodeIgniter.php(368): CodeIgniter\CodeIgniter->handleRequest(null, Object(Config\Cache), false)
 4 FCPATH/index.php(67): CodeIgniter\CodeIgniter->run()
WARNING - 2024-11-06 12:44:33 --> [DEPRECATED] Creation of dynamic property App\Controllers\Datasosial::$simrs is deprecated in APPPATH/Controllers/Api.php on line 9.
 1 SYSTEMPATH/CodeIgniter.php(906): App\Controllers\Api->__construct()
 2 SYSTEMPATH/CodeIgniter.php(490): CodeIgniter\CodeIgniter->createController()
 3 SYSTEMPATH/CodeIgniter.php(368): CodeIgniter\CodeIgniter->handleRequest(null, Object(Config\Cache), false)
 4 FCPATH/index.php(67): CodeIgniter\CodeIgniter->run()
WARNING - 2024-11-06 12:44:36 --> [DEPRECATED] Creation of dynamic property App\Controllers\Rekammedisirna::$db is deprecated in APPPATH/Controllers/Api.php on line 8.
 1 SYSTEMPATH/CodeIgniter.php(906): App\Controllers\Api->__construct()
 2 SYSTEMPATH/CodeIgniter.php(490): CodeIgniter\CodeIgniter->createController()
 3 SYSTEMPATH/CodeIgniter.php(368): CodeIgniter\CodeIgniter->handleRequest(null, Object(Config\Cache), false)
 4 FCPATH/index.php(67): CodeIgniter\CodeIgniter->run()
WARNING - 2024-11-06 12:44:36 --> [DEPRECATED] Creation of dynamic property App\Controllers\Rekammedisirna::$simrs is deprecated in APPPATH/Controllers/Api.php on line 9.
 1 SYSTEMPATH/CodeIgniter.php(906): App\Controllers\Api->__construct()
 2 SYSTEMPATH/CodeIgniter.php(490): CodeIgniter\CodeIgniter->createController()
 3 SYSTEMPATH/CodeIgniter.php(368): CodeIgniter\CodeIgniter->handleRequest(null, Object(Config\Cache), false)
 4 FCPATH/index.php(67): CodeIgniter\CodeIgniter->run()
CRITICAL - 2024-11-06 12:44:36 --> Undefined property: stdClass::$norm
in APPPATH/Controllers/Rekammedisirna.php on line 980.
 1 APPPATH/Controllers/Rekammedisirna.php(980): CodeIgniter\Debug\Exceptions->errorHandler()
 2 SYSTEMPATH/CodeIgniter.php(934): App\Controllers\Rekammedisirna->viewtandavital()
 3 SYSTEMPATH/CodeIgniter.php(499): CodeIgniter\CodeIgniter->runController()
 4 SYSTEMPATH/CodeIgniter.php(368): CodeIgniter\CodeIgniter->handleRequest()
 5 FCPATH/index.php(67): CodeIgniter\CodeIgniter->run()
WARNING - 2024-11-06 12:44:38 --> [DEPRECATED] Creation of dynamic property App\Controllers\Rekammedisirna::$db is deprecated in APPPATH/Controllers/Api.php on line 8.
 1 SYSTEMPATH/CodeIgniter.php(906): App\Controllers\Api->__construct()
 2 SYSTEMPATH/CodeIgniter.php(490): CodeIgniter\CodeIgniter->createController()
 3 SYSTEMPATH/CodeIgniter.php(368): CodeIgniter\CodeIgniter->handleRequest(null, Object(Config\Cache), false)
 4 FCPATH/index.php(67): CodeIgniter\CodeIgniter->run()
WARNING - 2024-11-06 12:44:38 --> [DEPRECATED] Creation of dynamic property App\Controllers\Rekammedisirna::$simrs is deprecated in APPPATH/Controllers/Api.php on line 9.
 1 SYSTEMPATH/CodeIgniter.php(906): App\Controllers\Api->__construct()
 2 SYSTEMPATH/CodeIgniter.php(490): CodeIgniter\CodeIgniter->createController()
 3 SYSTEMPATH/CodeIgniter.php(368): CodeIgniter\CodeIgniter->handleRequest(null, Object(Config\Cache), false)
 4 FCPATH/index.php(67): CodeIgniter\CodeIgniter->run()
CRITICAL - 2024-11-06 12:44:38 --> Undefined property: stdClass::$norm
in APPPATH/Controllers/Rekammedisirna.php on line 980.
 1 APPPATH/Controllers/Rekammedisirna.php(980): CodeIgniter\Debug\Exceptions->errorHandler()
 2 SYSTEMPATH/CodeIgniter.php(934): App\Controllers\Rekammedisirna->viewtandavital()
 3 SYSTEMPATH/CodeIgniter.php(499): CodeIgniter\CodeIgniter->runController()
 4 SYSTEMPATH/CodeIgniter.php(368): CodeIgniter\CodeIgniter->handleRequest()
 5 FCPATH/index.php(67): CodeIgniter\CodeIgniter->run()
WARNING - 2024-11-06 12:44:42 --> [DEPRECATED] Creation of dynamic property App\Controllers\Rekammedisirna::$db is deprecated in APPPATH/Controllers/Api.php on line 8.
 1 SYSTEMPATH/CodeIgniter.php(906): App\Controllers\Api->__construct()
 2 SYSTEMPATH/CodeIgniter.php(490): CodeIgniter\CodeIgniter->createController()
 3 SYSTEMPATH/CodeIgniter.php(368): CodeIgniter\CodeIgniter->handleRequest(null, Object(Config\Cache), false)
 4 FCPATH/index.php(67): CodeIgniter\CodeIgniter->run()
WARNING - 2024-11-06 12:44:42 --> [DEPRECATED] Creation of dynamic property App\Controllers\Rekammedisirna::$simrs is deprecated in APPPATH/Controllers/Api.php on line 9.
 1 SYSTEMPATH/CodeIgniter.php(906): App\Controllers\Api->__construct()
 2 SYSTEMPATH/CodeIgniter.php(490): CodeIgniter\CodeIgniter->createController()
 3 SYSTEMPATH/CodeIgniter.php(368): CodeIgniter\CodeIgniter->handleRequest(null, Object(Config\Cache), false)
 4 FCPATH/index.php(67): CodeIgniter\CodeIgniter->run()
ERROR - 2024-11-06 12:44:42 --> ErrorException: pg_query(): Query failed: ERROR:  relation &quot;soap_pasien&quot; does not exist
LINE 1:   SELECT * FROM soap_pasien s 
                        ^ in /var/www/html/SIMRSHEBAT/system/Database/Postgre/Connection.php:147
Stack trace:
#0 [internal function]: CodeIgniter\Debug\Exceptions->errorHandler()
#1 /var/www/html/SIMRSHEBAT/system/Database/Postgre/Connection.php(147): pg_query()
#2 /var/www/html/SIMRSHEBAT/system/Database/BaseConnection.php(691): CodeIgniter\Database\Postgre\Connection->execute()
#3 /var/www/html/SIMRSHEBAT/app/Controllers/Rekammedisirna.php(921): CodeIgniter\Database\BaseConnection->simpleQuery()
#4 /var/www/html/SIMRSHEBAT/system/CodeIgniter.php(934): App\Controllers\Rekammedisirna->datakunjunganhistorirmsoapiirna()
#5 /var/www/html/SIMRSHEBAT/system/CodeIgniter.php(499): CodeIgniter\CodeIgniter->runController()
#6 /var/www/html/SIMRSHEBAT/system/CodeIgniter.php(368): CodeIgniter\CodeIgniter->handleRequest()
#7 /var/www/html/SIMRSHEBAT/index.php(67): CodeIgniter\CodeIgniter->run()
#8 {main}
WARNING - 2024-11-06 12:44:49 --> [DEPRECATED] Creation of dynamic property App\Controllers\Rekammedisirna::$db is deprecated in APPPATH/Controllers/Api.php on line 8.
 1 SYSTEMPATH/CodeIgniter.php(906): App\Controllers\Api->__construct()
 2 SYSTEMPATH/CodeIgniter.php(490): CodeIgniter\CodeIgniter->createController()
 3 SYSTEMPATH/CodeIgniter.php(368): CodeIgniter\CodeIgniter->handleRequest(null, Object(Config\Cache), false)
 4 FCPATH/index.php(67): CodeIgniter\CodeIgniter->run()
WARNING - 2024-11-06 12:44:49 --> [DEPRECATED] Creation of dynamic property App\Controllers\Rekammedisirna::$simrs is deprecated in APPPATH/Controllers/Api.php on line 9.
 1 SYSTEMPATH/CodeIgniter.php(906): App\Controllers\Api->__construct()
 2 SYSTEMPATH/CodeIgniter.php(490): CodeIgniter\CodeIgniter->createController()
 3 SYSTEMPATH/CodeIgniter.php(368): CodeIgniter\CodeIgniter->handleRequest(null, Object(Config\Cache), false)
 4 FCPATH/index.php(67): CodeIgniter\CodeIgniter->run()
ERROR - 2024-11-06 12:44:49 --> ErrorException: pg_query(): Query failed: ERROR:  relation &quot;ews&quot; does not exist
LINE 1: SELECT * FROM ews s inner join pegawai p on p.id_pegawai=s.i...
                      ^ in /var/www/html/SIMRSHEBAT/system/Database/Postgre/Connection.php:147
Stack trace:
#0 [internal function]: CodeIgniter\Debug\Exceptions->errorHandler()
#1 /var/www/html/SIMRSHEBAT/system/Database/Postgre/Connection.php(147): pg_query()
#2 /var/www/html/SIMRSHEBAT/system/Database/BaseConnection.php(691): CodeIgniter\Database\Postgre\Connection->execute()
#3 /var/www/html/SIMRSHEBAT/app/Controllers/Rekammedisirna.php(1067): CodeIgniter\Database\BaseConnection->simpleQuery()
#4 /var/www/html/SIMRSHEBAT/system/CodeIgniter.php(934): App\Controllers\Rekammedisirna->dataewsirna()
#5 /var/www/html/SIMRSHEBAT/system/CodeIgniter.php(499): CodeIgniter\CodeIgniter->runController()
#6 /var/www/html/SIMRSHEBAT/system/CodeIgniter.php(368): CodeIgniter\CodeIgniter->handleRequest()
#7 /var/www/html/SIMRSHEBAT/index.php(67): CodeIgniter\CodeIgniter->run()
#8 {main}
WARNING - 2024-11-06 12:44:51 --> [DEPRECATED] Creation of dynamic property App\Controllers\Rekammedisirja::$db is deprecated in APPPATH/Controllers/Api.php on line 8.
 1 SYSTEMPATH/CodeIgniter.php(906): App\Controllers\Api->__construct()
 2 SYSTEMPATH/CodeIgniter.php(490): CodeIgniter\CodeIgniter->createController()
 3 SYSTEMPATH/CodeIgniter.php(368): CodeIgniter\CodeIgniter->handleRequest(null, Object(Config\Cache), false)
 4 FCPATH/index.php(67): CodeIgniter\CodeIgniter->run()
WARNING - 2024-11-06 12:44:51 --> [DEPRECATED] Creation of dynamic property App\Controllers\Rekammedisirja::$simrs is deprecated in APPPATH/Controllers/Api.php on line 9.
 1 SYSTEMPATH/CodeIgniter.php(906): App\Controllers\Api->__construct()
 2 SYSTEMPATH/CodeIgniter.php(490): CodeIgniter\CodeIgniter->createController()
 3 SYSTEMPATH/CodeIgniter.php(368): CodeIgniter\CodeIgniter->handleRequest(null, Object(Config\Cache), false)
 4 FCPATH/index.php(67): CodeIgniter\CodeIgniter->run()
ERROR - 2024-11-06 12:44:51 --> ErrorException: pg_query(): Query failed: ERROR:  column kun.id_transaksi does not exist
LINE 5:             JOIN transaksi tra ON kun.id_transaksi = tra.id_...
                                          ^ in /var/www/html/SIMRSHEBAT/system/Database/Postgre/Connection.php:147
Stack trace:
#0 [internal function]: CodeIgniter\Debug\Exceptions->errorHandler()
#1 /var/www/html/SIMRSHEBAT/system/Database/Postgre/Connection.php(147): pg_query()
#2 /var/www/html/SIMRSHEBAT/system/Database/BaseConnection.php(691): CodeIgniter\Database\Postgre\Connection->execute()
#3 /var/www/html/SIMRSHEBAT/app/Controllers/Rekammedisirja.php(2037): CodeIgniter\Database\BaseConnection->simpleQuery()
#4 /var/www/html/SIMRSHEBAT/system/CodeIgniter.php(934): App\Controllers\Rekammedisirja->datakunjunganhistorirm()
#5 /var/www/html/SIMRSHEBAT/system/CodeIgniter.php(499): CodeIgniter\CodeIgniter->runController()
#6 /var/www/html/SIMRSHEBAT/system/CodeIgniter.php(368): CodeIgniter\CodeIgniter->handleRequest()
#7 /var/www/html/SIMRSHEBAT/index.php(67): CodeIgniter\CodeIgniter->run()
#8 {main}
WARNING - 2024-11-06 12:44:53 --> [DEPRECATED] Creation of dynamic property App\Controllers\Rekammedisirna::$db is deprecated in APPPATH/Controllers/Api.php on line 8.
 1 SYSTEMPATH/CodeIgniter.php(906): App\Controllers\Api->__construct()
 2 SYSTEMPATH/CodeIgniter.php(490): CodeIgniter\CodeIgniter->createController()
 3 SYSTEMPATH/CodeIgniter.php(368): CodeIgniter\CodeIgniter->handleRequest(null, Object(Config\Cache), false)
 4 FCPATH/index.php(67): CodeIgniter\CodeIgniter->run()
WARNING - 2024-11-06 12:44:53 --> [DEPRECATED] Creation of dynamic property App\Controllers\Rekammedisirna::$simrs is deprecated in APPPATH/Controllers/Api.php on line 9.
 1 SYSTEMPATH/CodeIgniter.php(906): App\Controllers\Api->__construct()
 2 SYSTEMPATH/CodeIgniter.php(490): CodeIgniter\CodeIgniter->createController()
 3 SYSTEMPATH/CodeIgniter.php(368): CodeIgniter\CodeIgniter->handleRequest(null, Object(Config\Cache), false)
 4 FCPATH/index.php(67): CodeIgniter\CodeIgniter->run()
WARNING - 2024-11-06 12:44:53 --> [DEPRECATED] Creation of dynamic property App\Controllers\Rekammedisirna::$db is deprecated in APPPATH/Controllers/Api.php on line 8.
 1 SYSTEMPATH/CodeIgniter.php(906): App\Controllers\Api->__construct()
 2 SYSTEMPATH/CodeIgniter.php(490): CodeIgniter\CodeIgniter->createController()
 3 SYSTEMPATH/CodeIgniter.php(368): CodeIgniter\CodeIgniter->handleRequest(null, Object(Config\Cache), false)
 4 FCPATH/index.php(67): CodeIgniter\CodeIgniter->run()
WARNING - 2024-11-06 12:44:53 --> [DEPRECATED] Creation of dynamic property App\Controllers\Rekammedisirna::$simrs is deprecated in APPPATH/Controllers/Api.php on line 9.
 1 SYSTEMPATH/CodeIgniter.php(906): App\Controllers\Api->__construct()
 2 SYSTEMPATH/CodeIgniter.php(490): CodeIgniter\CodeIgniter->createController()
 3 SYSTEMPATH/CodeIgniter.php(368): CodeIgniter\CodeIgniter->handleRequest(null, Object(Config\Cache), false)
 4 FCPATH/index.php(67): CodeIgniter\CodeIgniter->run()
ERROR - 2024-11-06 12:44:53 --> ErrorException: pg_query(): Query failed: ERROR:  relation &quot;edukasi&quot; does not exist
LINE 1: SELECT * FROM edukasi WHERE id_transaksi = 'GATUTKOCO JL RT ...
                      ^ in /var/www/html/SIMRSHEBAT/system/Database/Postgre/Connection.php:147
Stack trace:
#0 [internal function]: CodeIgniter\Debug\Exceptions->errorHandler()
#1 /var/www/html/SIMRSHEBAT/system/Database/Postgre/Connection.php(147): pg_query()
#2 /var/www/html/SIMRSHEBAT/system/Database/BaseConnection.php(691): CodeIgniter\Database\Postgre\Connection->execute()
#3 /var/www/html/SIMRSHEBAT/system/Database/BaseConnection.php(605): CodeIgniter\Database\BaseConnection->simpleQuery()
#4 /var/www/html/SIMRSHEBAT/app/Controllers/Rekammedisirna.php(3013): CodeIgniter\Database\BaseConnection->query()
#5 /var/www/html/SIMRSHEBAT/system/CodeIgniter.php(934): App\Controllers\Rekammedisirna->load_edukasiirnautama()
#6 /var/www/html/SIMRSHEBAT/system/CodeIgniter.php(499): CodeIgniter\CodeIgniter->runController()
#7 /var/www/html/SIMRSHEBAT/system/CodeIgniter.php(368): CodeIgniter\CodeIgniter->handleRequest()
#8 /var/www/html/SIMRSHEBAT/index.php(67): CodeIgniter\CodeIgniter->run()
#9 {main}
ERROR - 2024-11-06 12:44:53 --> ErrorException: pg_query(): Query failed: ERROR:  relation &quot;detail_edukasi&quot; does not exist
LINE 1: SELECT * FROM detail_edukasi INNER JOIN pegawai USING (id_pe...
                      ^ in /var/www/html/SIMRSHEBAT/system/Database/Postgre/Connection.php:147
Stack trace:
#0 [internal function]: CodeIgniter\Debug\Exceptions->errorHandler()
#1 /var/www/html/SIMRSHEBAT/system/Database/Postgre/Connection.php(147): pg_query()
#2 /var/www/html/SIMRSHEBAT/system/Database/BaseConnection.php(691): CodeIgniter\Database\Postgre\Connection->execute()
#3 /var/www/html/SIMRSHEBAT/system/Database/BaseConnection.php(605): CodeIgniter\Database\BaseConnection->simpleQuery()
#4 /var/www/html/SIMRSHEBAT/app/Controllers/Rekammedisirna.php(3015): CodeIgniter\Database\BaseConnection->query()
#5 /var/www/html/SIMRSHEBAT/system/CodeIgniter.php(934): App\Controllers\Rekammedisirna->load_edukasiirnautama()
#6 /var/www/html/SIMRSHEBAT/system/CodeIgniter.php(499): CodeIgniter\CodeIgniter->runController()
#7 /var/www/html/SIMRSHEBAT/system/CodeIgniter.php(368): CodeIgniter\CodeIgniter->handleRequest()
#8 /var/www/html/SIMRSHEBAT/index.php(67): CodeIgniter\CodeIgniter->run()
#9 {main}
CRITICAL - 2024-11-06 12:44:53 --> Call to a member function getNumRows() on bool
in APPPATH/Controllers/Rekammedisirna.php on line 3018.
 1 SYSTEMPATH/CodeIgniter.php(934): App\Controllers\Rekammedisirna->load_edukasiirnautama()
 2 SYSTEMPATH/CodeIgniter.php(499): CodeIgniter\CodeIgniter->runController()
 3 SYSTEMPATH/CodeIgniter.php(368): CodeIgniter\CodeIgniter->handleRequest()
 4 FCPATH/index.php(67): CodeIgniter\CodeIgniter->run()
CRITICAL - 2024-11-06 12:44:53 --> Attempt to read property "rm" on null
in APPPATH/Views/view/modal/rm_irna/EdukasiPasien.php on line 3.
 1 APPPATH/Views/view/modal/rm_irna/EdukasiPasien.php(3): CodeIgniter\Debug\Exceptions->errorHandler()
 2 SYSTEMPATH/View/View.php(213): include('APPPATH/Views/view/modal/rm_irna/EdukasiPasien.php')
 3 SYSTEMPATH/View/View.php(216): CodeIgniter\View\View->CodeIgniter\View\{closure}()
 4 SYSTEMPATH/Common.php(1184): CodeIgniter\View\View->render()
 5 APPPATH/Controllers/Rekammedisirna.php(7153): view()
 6 SYSTEMPATH/CodeIgniter.php(934): App\Controllers\Rekammedisirna->viewEdukasiPasien()
 7 SYSTEMPATH/CodeIgniter.php(499): CodeIgniter\CodeIgniter->runController()
 8 SYSTEMPATH/CodeIgniter.php(368): CodeIgniter\CodeIgniter->handleRequest()
 9 FCPATH/index.php(67): CodeIgniter\CodeIgniter->run()
WARNING - 2024-11-06 12:45:00 --> [DEPRECATED] Creation of dynamic property App\Controllers\Rekammedisirna::$db is deprecated in APPPATH/Controllers/Api.php on line 8.
 1 SYSTEMPATH/CodeIgniter.php(906): App\Controllers\Api->__construct()
 2 SYSTEMPATH/CodeIgniter.php(490): CodeIgniter\CodeIgniter->createController()
 3 SYSTEMPATH/CodeIgniter.php(368): CodeIgniter\CodeIgniter->handleRequest(null, Object(Config\Cache), false)
 4 FCPATH/index.php(67): CodeIgniter\CodeIgniter->run()
WARNING - 2024-11-06 12:45:00 --> [DEPRECATED] Creation of dynamic property App\Controllers\Rekammedisirna::$simrs is deprecated in APPPATH/Controllers/Api.php on line 9.
 1 SYSTEMPATH/CodeIgniter.php(906): App\Controllers\Api->__construct()
 2 SYSTEMPATH/CodeIgniter.php(490): CodeIgniter\CodeIgniter->createController()
 3 SYSTEMPATH/CodeIgniter.php(368): CodeIgniter\CodeIgniter->handleRequest(null, Object(Config\Cache), false)
 4 FCPATH/index.php(67): CodeIgniter\CodeIgniter->run()
CRITICAL - 2024-11-06 12:45:00 --> Undefined property: stdClass::$norm
in APPPATH/Controllers/Rekammedisirna.php on line 980.
 1 APPPATH/Controllers/Rekammedisirna.php(980): CodeIgniter\Debug\Exceptions->errorHandler()
 2 SYSTEMPATH/CodeIgniter.php(934): App\Controllers\Rekammedisirna->viewtandavital()
 3 SYSTEMPATH/CodeIgniter.php(499): CodeIgniter\CodeIgniter->runController()
 4 SYSTEMPATH/CodeIgniter.php(368): CodeIgniter\CodeIgniter->handleRequest()
 5 FCPATH/index.php(67): CodeIgniter\CodeIgniter->run()
WARNING - 2024-11-06 12:46:38 --> [DEPRECATED] Creation of dynamic property App\Controllers\Rekammedisirna::$db is deprecated in APPPATH/Controllers/Api.php on line 8.
 1 SYSTEMPATH/CodeIgniter.php(906): App\Controllers\Api->__construct()
 2 SYSTEMPATH/CodeIgniter.php(490): CodeIgniter\CodeIgniter->createController()
 3 SYSTEMPATH/CodeIgniter.php(368): CodeIgniter\CodeIgniter->handleRequest(null, Object(Config\Cache), false)
 4 FCPATH/index.php(67): CodeIgniter\CodeIgniter->run()
WARNING - 2024-11-06 12:46:38 --> [DEPRECATED] Creation of dynamic property App\Controllers\Rekammedisirna::$simrs is deprecated in APPPATH/Controllers/Api.php on line 9.
 1 SYSTEMPATH/CodeIgniter.php(906): App\Controllers\Api->__construct()
 2 SYSTEMPATH/CodeIgniter.php(490): CodeIgniter\CodeIgniter->createController()
 3 SYSTEMPATH/CodeIgniter.php(368): CodeIgniter\CodeIgniter->handleRequest(null, Object(Config\Cache), false)
 4 FCPATH/index.php(67): CodeIgniter\CodeIgniter->run()
WARNING - 2024-11-06 12:46:38 --> [DEPRECATED] Creation of dynamic property App\Controllers\Rekammedisirna::$db is deprecated in APPPATH/Controllers/Api.php on line 8.
 1 SYSTEMPATH/CodeIgniter.php(906): App\Controllers\Api->__construct()
 2 SYSTEMPATH/CodeIgniter.php(490): CodeIgniter\CodeIgniter->createController()
 3 SYSTEMPATH/CodeIgniter.php(368): CodeIgniter\CodeIgniter->handleRequest(null, Object(Config\Cache), false)
 4 FCPATH/index.php(67): CodeIgniter\CodeIgniter->run()
WARNING - 2024-11-06 12:46:38 --> [DEPRECATED] Creation of dynamic property App\Controllers\Rekammedisirna::$simrs is deprecated in APPPATH/Controllers/Api.php on line 9.
 1 SYSTEMPATH/CodeIgniter.php(906): App\Controllers\Api->__construct()
 2 SYSTEMPATH/CodeIgniter.php(490): CodeIgniter\CodeIgniter->createController()
 3 SYSTEMPATH/CodeIgniter.php(368): CodeIgniter\CodeIgniter->handleRequest(null, Object(Config\Cache), false)
 4 FCPATH/index.php(67): CodeIgniter\CodeIgniter->run()
WARNING - 2024-11-06 12:46:38 --> [DEPRECATED] Creation of dynamic property App\Controllers\Rekammedisirna::$db is deprecated in APPPATH/Controllers/Api.php on line 8.
 1 SYSTEMPATH/CodeIgniter.php(906): App\Controllers\Api->__construct()
 2 SYSTEMPATH/CodeIgniter.php(490): CodeIgniter\CodeIgniter->createController()
 3 SYSTEMPATH/CodeIgniter.php(368): CodeIgniter\CodeIgniter->handleRequest(null, Object(Config\Cache), false)
 4 FCPATH/index.php(67): CodeIgniter\CodeIgniter->run()
WARNING - 2024-11-06 12:46:38 --> [DEPRECATED] Creation of dynamic property App\Controllers\Rekammedisirna::$simrs is deprecated in APPPATH/Controllers/Api.php on line 9.
 1 SYSTEMPATH/CodeIgniter.php(906): App\Controllers\Api->__construct()
 2 SYSTEMPATH/CodeIgniter.php(490): CodeIgniter\CodeIgniter->createController()
 3 SYSTEMPATH/CodeIgniter.php(368): CodeIgniter\CodeIgniter->handleRequest(null, Object(Config\Cache), false)
 4 FCPATH/index.php(67): CodeIgniter\CodeIgniter->run()
ERROR - 2024-11-06 12:46:38 --> ErrorException: pg_query(): Query failed: ERROR:  relation &quot;assesmen_gizi&quot; does not exist
LINE 1: SELECT * FROM assesmen_gizi WHERE  id_kunjungan='2024-11-06 ...
                      ^ in /var/www/html/SIMRSHEBAT/system/Database/Postgre/Connection.php:147
Stack trace:
#0 [internal function]: CodeIgniter\Debug\Exceptions->errorHandler()
#1 /var/www/html/SIMRSHEBAT/system/Database/Postgre/Connection.php(147): pg_query()
#2 /var/www/html/SIMRSHEBAT/system/Database/BaseConnection.php(691): CodeIgniter\Database\Postgre\Connection->execute()
#3 /var/www/html/SIMRSHEBAT/system/Database/BaseConnection.php(605): CodeIgniter\Database\BaseConnection->simpleQuery()
#4 /var/www/html/SIMRSHEBAT/app/Controllers/Rekammedisirna.php(4620): CodeIgniter\Database\BaseConnection->query()
#5 /var/www/html/SIMRSHEBAT/system/CodeIgniter.php(934): App\Controllers\Rekammedisirna->cekassesmengizi()
#6 /var/www/html/SIMRSHEBAT/system/CodeIgniter.php(499): CodeIgniter\CodeIgniter->runController()
#7 /var/www/html/SIMRSHEBAT/system/CodeIgniter.php(368): CodeIgniter\CodeIgniter->handleRequest()
#8 /var/www/html/SIMRSHEBAT/index.php(67): CodeIgniter\CodeIgniter->run()
#9 {main}
CRITICAL - 2024-11-06 12:46:38 --> Call to a member function getResult() on bool
in APPPATH/Controllers/Rekammedisirna.php on line 4620.
 1 SYSTEMPATH/CodeIgniter.php(934): App\Controllers\Rekammedisirna->cekassesmengizi()
 2 SYSTEMPATH/CodeIgniter.php(499): CodeIgniter\CodeIgniter->runController()
 3 SYSTEMPATH/CodeIgniter.php(368): CodeIgniter\CodeIgniter->handleRequest()
 4 FCPATH/index.php(67): CodeIgniter\CodeIgniter->run()
ERROR - 2024-11-06 12:46:38 --> ErrorException: pg_query(): Query failed: ERROR:  syntax error at or near &quot;JL&quot;
LINE 1: ...lect * from edukasi where id_transaksi =GATUTKOCO JL RT 02/0...
                                                             ^ in /var/www/html/SIMRSHEBAT/system/Database/Postgre/Connection.php:147
Stack trace:
#0 [internal function]: CodeIgniter\Debug\Exceptions->errorHandler()
#1 /var/www/html/SIMRSHEBAT/system/Database/Postgre/Connection.php(147): pg_query()
#2 /var/www/html/SIMRSHEBAT/system/Database/BaseConnection.php(691): CodeIgniter\Database\Postgre\Connection->execute()
#3 /var/www/html/SIMRSHEBAT/system/Database/BaseConnection.php(605): CodeIgniter\Database\BaseConnection->simpleQuery()
#4 /var/www/html/SIMRSHEBAT/app/Controllers/Rekammedisirna.php(3044): CodeIgniter\Database\BaseConnection->query()
#5 /var/www/html/SIMRSHEBAT/system/CodeIgniter.php(934): App\Controllers\Rekammedisirna->cekedukasi()
#6 /var/www/html/SIMRSHEBAT/system/CodeIgniter.php(499): CodeIgniter\CodeIgniter->runController()
#7 /var/www/html/SIMRSHEBAT/system/CodeIgniter.php(368): CodeIgniter\CodeIgniter->handleRequest()
#8 /var/www/html/SIMRSHEBAT/index.php(67): CodeIgniter\CodeIgniter->run()
#9 {main}
CRITICAL - 2024-11-06 12:46:38 --> Call to a member function getRow() on bool
in APPPATH/Controllers/Rekammedisirna.php on line 3044.
 1 SYSTEMPATH/CodeIgniter.php(934): App\Controllers\Rekammedisirna->cekedukasi()
 2 SYSTEMPATH/CodeIgniter.php(499): CodeIgniter\CodeIgniter->runController()
 3 SYSTEMPATH/CodeIgniter.php(368): CodeIgniter\CodeIgniter->handleRequest()
 4 FCPATH/index.php(67): CodeIgniter\CodeIgniter->run()
ERROR - 2024-11-06 12:46:38 --> ErrorException: pg_query(): Query failed: ERROR:  relation &quot;soap_pasien&quot; does not exist
LINE 1:   SELECT * FROM soap_pasien s 
                        ^ in /var/www/html/SIMRSHEBAT/system/Database/Postgre/Connection.php:147
Stack trace:
#0 [internal function]: CodeIgniter\Debug\Exceptions->errorHandler()
#1 /var/www/html/SIMRSHEBAT/system/Database/Postgre/Connection.php(147): pg_query()
#2 /var/www/html/SIMRSHEBAT/system/Database/BaseConnection.php(691): CodeIgniter\Database\Postgre\Connection->execute()
#3 /var/www/html/SIMRSHEBAT/app/Controllers/Rekammedisirna.php(953): CodeIgniter\Database\BaseConnection->simpleQuery()
#4 /var/www/html/SIMRSHEBAT/system/CodeIgniter.php(934): App\Controllers\Rekammedisirna->cekcppt()
#5 /var/www/html/SIMRSHEBAT/system/CodeIgniter.php(499): CodeIgniter\CodeIgniter->runController()
#6 /var/www/html/SIMRSHEBAT/system/CodeIgniter.php(368): CodeIgniter\CodeIgniter->handleRequest()
#7 /var/www/html/SIMRSHEBAT/index.php(67): CodeIgniter\CodeIgniter->run()
#8 {main}
WARNING - 2024-11-06 12:46:38 --> [DEPRECATED] Creation of dynamic property App\Controllers\Rekammedisirna::$db is deprecated in APPPATH/Controllers/Api.php on line 8.
 1 SYSTEMPATH/CodeIgniter.php(906): App\Controllers\Api->__construct()
 2 SYSTEMPATH/CodeIgniter.php(490): CodeIgniter\CodeIgniter->createController()
 3 SYSTEMPATH/CodeIgniter.php(368): CodeIgniter\CodeIgniter->handleRequest(null, Object(Config\Cache), false)
 4 FCPATH/index.php(67): CodeIgniter\CodeIgniter->run()
WARNING - 2024-11-06 12:46:38 --> [DEPRECATED] Creation of dynamic property App\Controllers\Rekammedisirna::$simrs is deprecated in APPPATH/Controllers/Api.php on line 9.
 1 SYSTEMPATH/CodeIgniter.php(906): App\Controllers\Api->__construct()
 2 SYSTEMPATH/CodeIgniter.php(490): CodeIgniter\CodeIgniter->createController()
 3 SYSTEMPATH/CodeIgniter.php(368): CodeIgniter\CodeIgniter->handleRequest(null, Object(Config\Cache), false)
 4 FCPATH/index.php(67): CodeIgniter\CodeIgniter->run()
WARNING - 2024-11-06 12:46:38 --> [DEPRECATED] Creation of dynamic property App\Controllers\Rekammedisirna::$db is deprecated in APPPATH/Controllers/Api.php on line 8.
 1 SYSTEMPATH/CodeIgniter.php(906): App\Controllers\Api->__construct()
 2 SYSTEMPATH/CodeIgniter.php(490): CodeIgniter\CodeIgniter->createController()
 3 SYSTEMPATH/CodeIgniter.php(368): CodeIgniter\CodeIgniter->handleRequest(null, Object(Config\Cache), false)
 4 FCPATH/index.php(67): CodeIgniter\CodeIgniter->run()
WARNING - 2024-11-06 12:46:38 --> [DEPRECATED] Creation of dynamic property App\Controllers\Rekammedisirna::$simrs is deprecated in APPPATH/Controllers/Api.php on line 9.
 1 SYSTEMPATH/CodeIgniter.php(906): App\Controllers\Api->__construct()
 2 SYSTEMPATH/CodeIgniter.php(490): CodeIgniter\CodeIgniter->createController()
 3 SYSTEMPATH/CodeIgniter.php(368): CodeIgniter\CodeIgniter->handleRequest(null, Object(Config\Cache), false)
 4 FCPATH/index.php(67): CodeIgniter\CodeIgniter->run()
WARNING - 2024-11-06 12:46:38 --> [DEPRECATED] Creation of dynamic property App\Controllers\Rekammedisirna::$db is deprecated in APPPATH/Controllers/Api.php on line 8.
 1 SYSTEMPATH/CodeIgniter.php(906): App\Controllers\Api->__construct()
 2 SYSTEMPATH/CodeIgniter.php(490): CodeIgniter\CodeIgniter->createController()
 3 SYSTEMPATH/CodeIgniter.php(368): CodeIgniter\CodeIgniter->handleRequest(null, Object(Config\Cache), false)
 4 FCPATH/index.php(67): CodeIgniter\CodeIgniter->run()
WARNING - 2024-11-06 12:46:38 --> [DEPRECATED] Creation of dynamic property App\Controllers\Rekammedisirna::$simrs is deprecated in APPPATH/Controllers/Api.php on line 9.
 1 SYSTEMPATH/CodeIgniter.php(906): App\Controllers\Api->__construct()
 2 SYSTEMPATH/CodeIgniter.php(490): CodeIgniter\CodeIgniter->createController()
 3 SYSTEMPATH/CodeIgniter.php(368): CodeIgniter\CodeIgniter->handleRequest(null, Object(Config\Cache), false)
 4 FCPATH/index.php(67): CodeIgniter\CodeIgniter->run()
ERROR - 2024-11-06 12:46:38 --> ErrorException: pg_query(): Query failed: ERROR:  syntax error at or near &quot;JL&quot;
LINE 1: ... from resume_pasien where id_transaksi =GATUTKOCO JL RT 02/0...
                                                             ^ in /var/www/html/SIMRSHEBAT/system/Database/Postgre/Connection.php:147
Stack trace:
#0 [internal function]: CodeIgniter\Debug\Exceptions->errorHandler()
#1 /var/www/html/SIMRSHEBAT/system/Database/Postgre/Connection.php(147): pg_query()
#2 /var/www/html/SIMRSHEBAT/system/Database/BaseConnection.php(691): CodeIgniter\Database\Postgre\Connection->execute()
#3 /var/www/html/SIMRSHEBAT/system/Database/BaseConnection.php(605): CodeIgniter\Database\BaseConnection->simpleQuery()
#4 /var/www/html/SIMRSHEBAT/app/Controllers/Rekammedisirna.php(543): CodeIgniter\Database\BaseConnection->query()
#5 /var/www/html/SIMRSHEBAT/system/CodeIgniter.php(934): App\Controllers\Rekammedisirna->cekresume()
#6 /var/www/html/SIMRSHEBAT/system/CodeIgniter.php(499): CodeIgniter\CodeIgniter->runController()
#7 /var/www/html/SIMRSHEBAT/system/CodeIgniter.php(368): CodeIgniter\CodeIgniter->handleRequest()
#8 /var/www/html/SIMRSHEBAT/index.php(67): CodeIgniter\CodeIgniter->run()
#9 {main}
CRITICAL - 2024-11-06 12:46:38 --> Call to a member function getRow() on bool
in APPPATH/Controllers/Rekammedisirna.php on line 543.
 1 SYSTEMPATH/CodeIgniter.php(934): App\Controllers\Rekammedisirna->cekresume()
 2 SYSTEMPATH/CodeIgniter.php(499): CodeIgniter\CodeIgniter->runController()
 3 SYSTEMPATH/CodeIgniter.php(368): CodeIgniter\CodeIgniter->handleRequest()
 4 FCPATH/index.php(67): CodeIgniter\CodeIgniter->run()
ERROR - 2024-11-06 12:46:38 --> ErrorException: pg_query(): Query failed: ERROR:  relation &quot;discharge_planning&quot; does not exist
LINE 1: SELECT * FROM discharge_planning where id_transaksi='GATUTKO...
                      ^ in /var/www/html/SIMRSHEBAT/system/Database/Postgre/Connection.php:147
Stack trace:
#0 [internal function]: CodeIgniter\Debug\Exceptions->errorHandler()
#1 /var/www/html/SIMRSHEBAT/system/Database/Postgre/Connection.php(147): pg_query()
#2 /var/www/html/SIMRSHEBAT/system/Database/BaseConnection.php(691): CodeIgniter\Database\Postgre\Connection->execute()
#3 /var/www/html/SIMRSHEBAT/system/Database/BaseConnection.php(605): CodeIgniter\Database\BaseConnection->simpleQuery()
#4 /var/www/html/SIMRSHEBAT/app/Controllers/Rekammedisirna.php(453): CodeIgniter\Database\BaseConnection->query()
#5 /var/www/html/SIMRSHEBAT/system/CodeIgniter.php(934): App\Controllers\Rekammedisirna->cekrencanapulangirna()
#6 /var/www/html/SIMRSHEBAT/system/CodeIgniter.php(499): CodeIgniter\CodeIgniter->runController()
#7 /var/www/html/SIMRSHEBAT/system/CodeIgniter.php(368): CodeIgniter\CodeIgniter->handleRequest()
#8 /var/www/html/SIMRSHEBAT/index.php(67): CodeIgniter\CodeIgniter->run()
#9 {main}
CRITICAL - 2024-11-06 12:46:38 --> Call to a member function getResult() on bool
in APPPATH/Controllers/Rekammedisirna.php on line 453.
 1 SYSTEMPATH/CodeIgniter.php(934): App\Controllers\Rekammedisirna->cekrencanapulangirna()
 2 SYSTEMPATH/CodeIgniter.php(499): CodeIgniter\CodeIgniter->runController()
 3 SYSTEMPATH/CodeIgniter.php(368): CodeIgniter\CodeIgniter->handleRequest()
 4 FCPATH/index.php(67): CodeIgniter\CodeIgniter->run()
ERROR - 2024-11-06 12:46:38 --> ErrorException: pg_query(): Query failed: ERROR:  relation &quot;dokumen_pasien&quot; does not exist
LINE 2:         dokumen_pasien
                ^ in /var/www/html/SIMRSHEBAT/system/Database/Postgre/Connection.php:147
Stack trace:
#0 [internal function]: CodeIgniter\Debug\Exceptions->errorHandler()
#1 /var/www/html/SIMRSHEBAT/system/Database/Postgre/Connection.php(147): pg_query()
#2 /var/www/html/SIMRSHEBAT/system/Database/BaseConnection.php(691): CodeIgniter\Database\Postgre\Connection->execute()
#3 /var/www/html/SIMRSHEBAT/system/Database/BaseConnection.php(605): CodeIgniter\Database\BaseConnection->simpleQuery()
#4 /var/www/html/SIMRSHEBAT/app/Controllers/Rekammedisirna.php(517): CodeIgniter\Database\BaseConnection->query()
#5 /var/www/html/SIMRSHEBAT/system/CodeIgniter.php(934): App\Controllers\Rekammedisirna->dokumenPasien()
#6 /var/www/html/SIMRSHEBAT/system/CodeIgniter.php(499): CodeIgniter\CodeIgniter->runController()
#7 /var/www/html/SIMRSHEBAT/system/CodeIgniter.php(368): CodeIgniter\CodeIgniter->handleRequest()
#8 /var/www/html/SIMRSHEBAT/index.php(67): CodeIgniter\CodeIgniter->run()
#9 {main}
ERROR - 2024-11-06 12:46:38 --> ErrorException: pg_query(): Query failed: ERROR:  relation &quot;konsultasi_dpjp&quot; does not exist
LINE 2:         konsultasi_dpjp 
                ^ in /var/www/html/SIMRSHEBAT/system/Database/Postgre/Connection.php:147
Stack trace:
#0 [internal function]: CodeIgniter\Debug\Exceptions->errorHandler()
#1 /var/www/html/SIMRSHEBAT/system/Database/Postgre/Connection.php(147): pg_query()
#2 /var/www/html/SIMRSHEBAT/system/Database/BaseConnection.php(691): CodeIgniter\Database\Postgre\Connection->execute()
#3 /var/www/html/SIMRSHEBAT/system/Database/BaseConnection.php(605): CodeIgniter\Database\BaseConnection->simpleQuery()
#4 /var/www/html/SIMRSHEBAT/app/Controllers/Rekammedisirna.php(522): CodeIgniter\Database\BaseConnection->query()
#5 /var/www/html/SIMRSHEBAT/system/CodeIgniter.php(934): App\Controllers\Rekammedisirna->dokumenPasien()
#6 /var/www/html/SIMRSHEBAT/system/CodeIgniter.php(499): CodeIgniter\CodeIgniter->runController()
#7 /var/www/html/SIMRSHEBAT/system/CodeIgniter.php(368): CodeIgniter\CodeIgniter->handleRequest()
#8 /var/www/html/SIMRSHEBAT/index.php(67): CodeIgniter\CodeIgniter->run()
#9 {main}
CRITICAL - 2024-11-06 12:46:38 --> Call to a member function getResult() on bool
in APPPATH/Controllers/Rekammedisirna.php on line 526.
 1 SYSTEMPATH/CodeIgniter.php(934): App\Controllers\Rekammedisirna->dokumenPasien()
 2 SYSTEMPATH/CodeIgniter.php(499): CodeIgniter\CodeIgniter->runController()
 3 SYSTEMPATH/CodeIgniter.php(368): CodeIgniter\CodeIgniter->handleRequest()
 4 FCPATH/index.php(67): CodeIgniter\CodeIgniter->run()
WARNING - 2024-11-06 12:47:04 --> [DEPRECATED] Creation of dynamic property App\Controllers\Rekammedisirna::$db is deprecated in APPPATH/Controllers/Api.php on line 8.
 1 SYSTEMPATH/CodeIgniter.php(906): App\Controllers\Api->__construct()
 2 SYSTEMPATH/CodeIgniter.php(490): CodeIgniter\CodeIgniter->createController()
 3 SYSTEMPATH/CodeIgniter.php(368): CodeIgniter\CodeIgniter->handleRequest(null, Object(Config\Cache), false)
 4 FCPATH/index.php(67): CodeIgniter\CodeIgniter->run()
WARNING - 2024-11-06 12:47:04 --> [DEPRECATED] Creation of dynamic property App\Controllers\Rekammedisirna::$simrs is deprecated in APPPATH/Controllers/Api.php on line 9.
 1 SYSTEMPATH/CodeIgniter.php(906): App\Controllers\Api->__construct()
 2 SYSTEMPATH/CodeIgniter.php(490): CodeIgniter\CodeIgniter->createController()
 3 SYSTEMPATH/CodeIgniter.php(368): CodeIgniter\CodeIgniter->handleRequest(null, Object(Config\Cache), false)
 4 FCPATH/index.php(67): CodeIgniter\CodeIgniter->run()
WARNING - 2024-11-06 12:47:04 --> [DEPRECATED] Creation of dynamic property App\Controllers\Rekammedisirna::$db is deprecated in APPPATH/Controllers/Api.php on line 8.
 1 SYSTEMPATH/CodeIgniter.php(906): App\Controllers\Api->__construct()
 2 SYSTEMPATH/CodeIgniter.php(490): CodeIgniter\CodeIgniter->createController()
 3 SYSTEMPATH/CodeIgniter.php(368): CodeIgniter\CodeIgniter->handleRequest(null, Object(Config\Cache), false)
 4 FCPATH/index.php(67): CodeIgniter\CodeIgniter->run()
WARNING - 2024-11-06 12:47:04 --> [DEPRECATED] Creation of dynamic property App\Controllers\Rekammedisirna::$simrs is deprecated in APPPATH/Controllers/Api.php on line 9.
 1 SYSTEMPATH/CodeIgniter.php(906): App\Controllers\Api->__construct()
 2 SYSTEMPATH/CodeIgniter.php(490): CodeIgniter\CodeIgniter->createController()
 3 SYSTEMPATH/CodeIgniter.php(368): CodeIgniter\CodeIgniter->handleRequest(null, Object(Config\Cache), false)
 4 FCPATH/index.php(67): CodeIgniter\CodeIgniter->run()
CRITICAL - 2024-11-06 12:47:04 --> Attempt to read property "rm" on null
in APPPATH/Views/view/modal/rm_irna/EdukasiPasien.php on line 3.
 1 APPPATH/Views/view/modal/rm_irna/EdukasiPasien.php(3): CodeIgniter\Debug\Exceptions->errorHandler()
 2 SYSTEMPATH/View/View.php(213): include('APPPATH/Views/view/modal/rm_irna/EdukasiPasien.php')
 3 SYSTEMPATH/View/View.php(216): CodeIgniter\View\View->CodeIgniter\View\{closure}()
 4 SYSTEMPATH/Common.php(1184): CodeIgniter\View\View->render()
 5 APPPATH/Controllers/Rekammedisirna.php(7153): view()
 6 SYSTEMPATH/CodeIgniter.php(934): App\Controllers\Rekammedisirna->viewEdukasiPasien()
 7 SYSTEMPATH/CodeIgniter.php(499): CodeIgniter\CodeIgniter->runController()
 8 SYSTEMPATH/CodeIgniter.php(368): CodeIgniter\CodeIgniter->handleRequest()
 9 FCPATH/index.php(67): CodeIgniter\CodeIgniter->run()
ERROR - 2024-11-06 12:47:04 --> ErrorException: pg_query(): Query failed: ERROR:  relation &quot;edukasi&quot; does not exist
LINE 1: SELECT * FROM edukasi WHERE id_transaksi = 'GATUTKOCO JL RT ...
                      ^ in /var/www/html/SIMRSHEBAT/system/Database/Postgre/Connection.php:147
Stack trace:
#0 [internal function]: CodeIgniter\Debug\Exceptions->errorHandler()
#1 /var/www/html/SIMRSHEBAT/system/Database/Postgre/Connection.php(147): pg_query()
#2 /var/www/html/SIMRSHEBAT/system/Database/BaseConnection.php(691): CodeIgniter\Database\Postgre\Connection->execute()
#3 /var/www/html/SIMRSHEBAT/system/Database/BaseConnection.php(605): CodeIgniter\Database\BaseConnection->simpleQuery()
#4 /var/www/html/SIMRSHEBAT/app/Controllers/Rekammedisirna.php(3013): CodeIgniter\Database\BaseConnection->query()
#5 /var/www/html/SIMRSHEBAT/system/CodeIgniter.php(934): App\Controllers\Rekammedisirna->load_edukasiirnautama()
#6 /var/www/html/SIMRSHEBAT/system/CodeIgniter.php(499): CodeIgniter\CodeIgniter->runController()
#7 /var/www/html/SIMRSHEBAT/system/CodeIgniter.php(368): CodeIgniter\CodeIgniter->handleRequest()
#8 /var/www/html/SIMRSHEBAT/index.php(67): CodeIgniter\CodeIgniter->run()
#9 {main}
ERROR - 2024-11-06 12:47:04 --> ErrorException: pg_query(): Query failed: ERROR:  relation &quot;detail_edukasi&quot; does not exist
LINE 1: SELECT * FROM detail_edukasi INNER JOIN pegawai USING (id_pe...
                      ^ in /var/www/html/SIMRSHEBAT/system/Database/Postgre/Connection.php:147
Stack trace:
#0 [internal function]: CodeIgniter\Debug\Exceptions->errorHandler()
#1 /var/www/html/SIMRSHEBAT/system/Database/Postgre/Connection.php(147): pg_query()
#2 /var/www/html/SIMRSHEBAT/system/Database/BaseConnection.php(691): CodeIgniter\Database\Postgre\Connection->execute()
#3 /var/www/html/SIMRSHEBAT/system/Database/BaseConnection.php(605): CodeIgniter\Database\BaseConnection->simpleQuery()
#4 /var/www/html/SIMRSHEBAT/app/Controllers/Rekammedisirna.php(3015): CodeIgniter\Database\BaseConnection->query()
#5 /var/www/html/SIMRSHEBAT/system/CodeIgniter.php(934): App\Controllers\Rekammedisirna->load_edukasiirnautama()
#6 /var/www/html/SIMRSHEBAT/system/CodeIgniter.php(499): CodeIgniter\CodeIgniter->runController()
#7 /var/www/html/SIMRSHEBAT/system/CodeIgniter.php(368): CodeIgniter\CodeIgniter->handleRequest()
#8 /var/www/html/SIMRSHEBAT/index.php(67): CodeIgniter\CodeIgniter->run()
#9 {main}
CRITICAL - 2024-11-06 12:47:04 --> Call to a member function getNumRows() on bool
in APPPATH/Controllers/Rekammedisirna.php on line 3018.
 1 SYSTEMPATH/CodeIgniter.php(934): App\Controllers\Rekammedisirna->load_edukasiirnautama()
 2 SYSTEMPATH/CodeIgniter.php(499): CodeIgniter\CodeIgniter->runController()
 3 SYSTEMPATH/CodeIgniter.php(368): CodeIgniter\CodeIgniter->handleRequest()
 4 FCPATH/index.php(67): CodeIgniter\CodeIgniter->run()
WARNING - 2024-11-06 12:47:37 --> [DEPRECATED] Creation of dynamic property App\Controllers\Rekammedisirna::$db is deprecated in APPPATH/Controllers/Api.php on line 8.
 1 SYSTEMPATH/CodeIgniter.php(906): App\Controllers\Api->__construct()
 2 SYSTEMPATH/CodeIgniter.php(490): CodeIgniter\CodeIgniter->createController()
 3 SYSTEMPATH/CodeIgniter.php(368): CodeIgniter\CodeIgniter->handleRequest(null, Object(Config\Cache), false)
 4 FCPATH/index.php(67): CodeIgniter\CodeIgniter->run()
WARNING - 2024-11-06 12:47:37 --> [DEPRECATED] Creation of dynamic property App\Controllers\Rekammedisirna::$simrs is deprecated in APPPATH/Controllers/Api.php on line 9.
 1 SYSTEMPATH/CodeIgniter.php(906): App\Controllers\Api->__construct()
 2 SYSTEMPATH/CodeIgniter.php(490): CodeIgniter\CodeIgniter->createController()
 3 SYSTEMPATH/CodeIgniter.php(368): CodeIgniter\CodeIgniter->handleRequest(null, Object(Config\Cache), false)
 4 FCPATH/index.php(67): CodeIgniter\CodeIgniter->run()
ERROR - 2024-11-06 12:47:37 --> ErrorException: pg_query(): Query failed: ERROR:  relation &quot;order_rad&quot; does not exist
LINE 4:             order_rad o inner join
                    ^ in /var/www/html/SIMRSHEBAT/system/Database/Postgre/Connection.php:147
Stack trace:
#0 [internal function]: CodeIgniter\Debug\Exceptions->errorHandler()
#1 /var/www/html/SIMRSHEBAT/system/Database/Postgre/Connection.php(147): pg_query()
#2 /var/www/html/SIMRSHEBAT/system/Database/BaseConnection.php(691): CodeIgniter\Database\Postgre\Connection->execute()
#3 /var/www/html/SIMRSHEBAT/app/Controllers/Rekammedisirna.php(730): CodeIgniter\Database\BaseConnection->simpleQuery()
#4 /var/www/html/SIMRSHEBAT/system/CodeIgniter.php(934): App\Controllers\Rekammedisirna->datapenunjangradiologipasienirna()
#5 /var/www/html/SIMRSHEBAT/system/CodeIgniter.php(499): CodeIgniter\CodeIgniter->runController()
#6 /var/www/html/SIMRSHEBAT/system/CodeIgniter.php(368): CodeIgniter\CodeIgniter->handleRequest()
#7 /var/www/html/SIMRSHEBAT/index.php(67): CodeIgniter\CodeIgniter->run()
#8 {main}
WARNING - 2024-11-06 12:50:53 --> [DEPRECATED] Creation of dynamic property App\Controllers\Rekammedisirna::$db is deprecated in APPPATH/Controllers/Api.php on line 8.
 1 SYSTEMPATH/CodeIgniter.php(906): App\Controllers\Api->__construct()
 2 SYSTEMPATH/CodeIgniter.php(490): CodeIgniter\CodeIgniter->createController()
 3 SYSTEMPATH/CodeIgniter.php(368): CodeIgniter\CodeIgniter->handleRequest(null, Object(Config\Cache), false)
 4 FCPATH/index.php(67): CodeIgniter\CodeIgniter->run()
WARNING - 2024-11-06 12:50:53 --> [DEPRECATED] Creation of dynamic property App\Controllers\Rekammedisirna::$simrs is deprecated in APPPATH/Controllers/Api.php on line 9.
 1 SYSTEMPATH/CodeIgniter.php(906): App\Controllers\Api->__construct()
 2 SYSTEMPATH/CodeIgniter.php(490): CodeIgniter\CodeIgniter->createController()
 3 SYSTEMPATH/CodeIgniter.php(368): CodeIgniter\CodeIgniter->handleRequest(null, Object(Config\Cache), false)
 4 FCPATH/index.php(67): CodeIgniter\CodeIgniter->run()
CRITICAL - 2024-11-06 12:50:53 --> Attempt to read property "rm" on null
in APPPATH/Views/view/modal/rm_irna/ListObat.php on line 3.
 1 APPPATH/Views/view/modal/rm_irna/ListObat.php(3): CodeIgniter\Debug\Exceptions->errorHandler()
 2 SYSTEMPATH/View/View.php(213): include('APPPATH/Views/view/modal/rm_irna/ListObat.php')
 3 SYSTEMPATH/View/View.php(216): CodeIgniter\View\View->CodeIgniter\View\{closure}()
 4 SYSTEMPATH/Common.php(1184): CodeIgniter\View\View->render()
 5 APPPATH/Controllers/Rekammedisirna.php(7384): view()
 6 SYSTEMPATH/CodeIgniter.php(934): App\Controllers\Rekammedisirna->viewPemberianObat()
 7 SYSTEMPATH/CodeIgniter.php(499): CodeIgniter\CodeIgniter->runController()
 8 SYSTEMPATH/CodeIgniter.php(368): CodeIgniter\CodeIgniter->handleRequest()
 9 FCPATH/index.php(67): CodeIgniter\CodeIgniter->run()
WARNING - 2024-11-06 12:51:04 --> [DEPRECATED] Creation of dynamic property App\Controllers\Rekammedisirna::$db is deprecated in APPPATH/Controllers/Api.php on line 8.
 1 SYSTEMPATH/CodeIgniter.php(906): App\Controllers\Api->__construct()
 2 SYSTEMPATH/CodeIgniter.php(490): CodeIgniter\CodeIgniter->createController()
 3 SYSTEMPATH/CodeIgniter.php(368): CodeIgniter\CodeIgniter->handleRequest(null, Object(Config\Cache), false)
 4 FCPATH/index.php(67): CodeIgniter\CodeIgniter->run()
WARNING - 2024-11-06 12:51:04 --> [DEPRECATED] Creation of dynamic property App\Controllers\Rekammedisirna::$simrs is deprecated in APPPATH/Controllers/Api.php on line 9.
 1 SYSTEMPATH/CodeIgniter.php(906): App\Controllers\Api->__construct()
 2 SYSTEMPATH/CodeIgniter.php(490): CodeIgniter\CodeIgniter->createController()
 3 SYSTEMPATH/CodeIgniter.php(368): CodeIgniter\CodeIgniter->handleRequest(null, Object(Config\Cache), false)
 4 FCPATH/index.php(67): CodeIgniter\CodeIgniter->run()
ERROR - 2024-11-06 12:51:04 --> ErrorException: pg_query(): Query failed: ERROR:  relation &quot;order_rad&quot; does not exist
LINE 4:             order_rad o inner join
                    ^ in /var/www/html/SIMRSHEBAT/system/Database/Postgre/Connection.php:147
Stack trace:
#0 [internal function]: CodeIgniter\Debug\Exceptions->errorHandler()
#1 /var/www/html/SIMRSHEBAT/system/Database/Postgre/Connection.php(147): pg_query()
#2 /var/www/html/SIMRSHEBAT/system/Database/BaseConnection.php(691): CodeIgniter\Database\Postgre\Connection->execute()
#3 /var/www/html/SIMRSHEBAT/app/Controllers/Rekammedisirna.php(730): CodeIgniter\Database\BaseConnection->simpleQuery()
#4 /var/www/html/SIMRSHEBAT/system/CodeIgniter.php(934): App\Controllers\Rekammedisirna->datapenunjangradiologipasienirna()
#5 /var/www/html/SIMRSHEBAT/system/CodeIgniter.php(499): CodeIgniter\CodeIgniter->runController()
#6 /var/www/html/SIMRSHEBAT/system/CodeIgniter.php(368): CodeIgniter\CodeIgniter->handleRequest()
#7 /var/www/html/SIMRSHEBAT/index.php(67): CodeIgniter\CodeIgniter->run()
#8 {main}
WARNING - 2024-11-06 12:51:15 --> [DEPRECATED] Creation of dynamic property App\Controllers\Kunjungan::$db is deprecated in APPPATH/Controllers/Api.php on line 8.
 1 SYSTEMPATH/CodeIgniter.php(906): App\Controllers\Api->__construct()
 2 SYSTEMPATH/CodeIgniter.php(490): CodeIgniter\CodeIgniter->createController()
 3 SYSTEMPATH/CodeIgniter.php(368): CodeIgniter\CodeIgniter->handleRequest(null, Object(Config\Cache), false)
 4 FCPATH/index.php(67): CodeIgniter\CodeIgniter->run()
WARNING - 2024-11-06 12:51:15 --> [DEPRECATED] Creation of dynamic property App\Controllers\Kunjungan::$simrs is deprecated in APPPATH/Controllers/Api.php on line 9.
 1 SYSTEMPATH/CodeIgniter.php(906): App\Controllers\Api->__construct()
 2 SYSTEMPATH/CodeIgniter.php(490): CodeIgniter\CodeIgniter->createController()
 3 SYSTEMPATH/CodeIgniter.php(368): CodeIgniter\CodeIgniter->handleRequest(null, Object(Config\Cache), false)
 4 FCPATH/index.php(67): CodeIgniter\CodeIgniter->run()
WARNING - 2024-11-06 12:51:15 --> [DEPRECATED] Creation of dynamic property App\Controllers\Kunjungan::$db is deprecated in APPPATH/Controllers/Api.php on line 8.
 1 SYSTEMPATH/CodeIgniter.php(906): App\Controllers\Api->__construct()
 2 SYSTEMPATH/CodeIgniter.php(490): CodeIgniter\CodeIgniter->createController()
 3 SYSTEMPATH/CodeIgniter.php(368): CodeIgniter\CodeIgniter->handleRequest(null, Object(Config\Cache), false)
 4 FCPATH/index.php(67): CodeIgniter\CodeIgniter->run()
WARNING - 2024-11-06 12:51:15 --> [DEPRECATED] Creation of dynamic property App\Controllers\Kunjungan::$simrs is deprecated in APPPATH/Controllers/Api.php on line 9.
 1 SYSTEMPATH/CodeIgniter.php(906): App\Controllers\Api->__construct()
 2 SYSTEMPATH/CodeIgniter.php(490): CodeIgniter\CodeIgniter->createController()
 3 SYSTEMPATH/CodeIgniter.php(368): CodeIgniter\CodeIgniter->handleRequest(null, Object(Config\Cache), false)
 4 FCPATH/index.php(67): CodeIgniter\CodeIgniter->run()
WARNING - 2024-11-06 12:51:15 --> [DEPRECATED] Creation of dynamic property App\Controllers\Kunjungan::$db is deprecated in APPPATH/Controllers/Api.php on line 8.
 1 SYSTEMPATH/CodeIgniter.php(906): App\Controllers\Api->__construct()
 2 SYSTEMPATH/CodeIgniter.php(490): CodeIgniter\CodeIgniter->createController()
 3 SYSTEMPATH/CodeIgniter.php(368): CodeIgniter\CodeIgniter->handleRequest(null, Object(Config\Cache), false)
 4 FCPATH/index.php(67): CodeIgniter\CodeIgniter->run()
WARNING - 2024-11-06 12:51:15 --> [DEPRECATED] Creation of dynamic property App\Controllers\Kunjungan::$simrs is deprecated in APPPATH/Controllers/Api.php on line 9.
 1 SYSTEMPATH/CodeIgniter.php(906): App\Controllers\Api->__construct()
 2 SYSTEMPATH/CodeIgniter.php(490): CodeIgniter\CodeIgniter->createController()
 3 SYSTEMPATH/CodeIgniter.php(368): CodeIgniter\CodeIgniter->handleRequest(null, Object(Config\Cache), false)
 4 FCPATH/index.php(67): CodeIgniter\CodeIgniter->run()
ERROR - 2024-11-06 12:51:15 --> ErrorException: pg_query(): Query failed: ERROR:  relation &quot;cara_masuk&quot; does not exist
LINE 1: SELECT * FROM cara_masuk
                      ^ in /var/www/html/SIMRSHEBAT/system/Database/Postgre/Connection.php:147
Stack trace:
#0 [internal function]: CodeIgniter\Debug\Exceptions->errorHandler()
#1 /var/www/html/SIMRSHEBAT/system/Database/Postgre/Connection.php(147): pg_query()
#2 /var/www/html/SIMRSHEBAT/system/Database/BaseConnection.php(691): CodeIgniter\Database\Postgre\Connection->execute()
#3 /var/www/html/SIMRSHEBAT/system/Database/BaseConnection.php(605): CodeIgniter\Database\BaseConnection->simpleQuery()
#4 /var/www/html/SIMRSHEBAT/app/Controllers/Kunjungan.php(1782): CodeIgniter\Database\BaseConnection->query()
#5 /var/www/html/SIMRSHEBAT/system/CodeIgniter.php(934): App\Controllers\Kunjungan->caramasuk()
#6 /var/www/html/SIMRSHEBAT/system/CodeIgniter.php(499): CodeIgniter\CodeIgniter->runController()
#7 /var/www/html/SIMRSHEBAT/system/CodeIgniter.php(368): CodeIgniter\CodeIgniter->handleRequest()
#8 /var/www/html/SIMRSHEBAT/index.php(67): CodeIgniter\CodeIgniter->run()
#9 {main}
CRITICAL - 2024-11-06 12:51:15 --> Call to a member function getResult() on bool
in APPPATH/Controllers/Kunjungan.php on line 1784.
 1 SYSTEMPATH/CodeIgniter.php(934): App\Controllers\Kunjungan->caramasuk()
 2 SYSTEMPATH/CodeIgniter.php(499): CodeIgniter\CodeIgniter->runController()
 3 SYSTEMPATH/CodeIgniter.php(368): CodeIgniter\CodeIgniter->handleRequest()
 4 FCPATH/index.php(67): CodeIgniter\CodeIgniter->run()
ERROR - 2024-11-06 12:51:15 --> ErrorException: pg_query(): Query failed: ERROR:  relation &quot;keadaan_keluar&quot; does not exist
LINE 1: SELECT * FROM keadaan_keluar
                      ^ in /var/www/html/SIMRSHEBAT/system/Database/Postgre/Connection.php:147
Stack trace:
#0 [internal function]: CodeIgniter\Debug\Exceptions->errorHandler()
#1 /var/www/html/SIMRSHEBAT/system/Database/Postgre/Connection.php(147): pg_query()
#2 /var/www/html/SIMRSHEBAT/system/Database/BaseConnection.php(691): CodeIgniter\Database\Postgre\Connection->execute()
#3 /var/www/html/SIMRSHEBAT/system/Database/BaseConnection.php(605): CodeIgniter\Database\BaseConnection->simpleQuery()
#4 /var/www/html/SIMRSHEBAT/app/Controllers/Kunjungan.php(1798): CodeIgniter\Database\BaseConnection->query()
#5 /var/www/html/SIMRSHEBAT/system/CodeIgniter.php(934): App\Controllers\Kunjungan->keadaanumum()
#6 /var/www/html/SIMRSHEBAT/system/CodeIgniter.php(499): CodeIgniter\CodeIgniter->runController()
#7 /var/www/html/SIMRSHEBAT/system/CodeIgniter.php(368): CodeIgniter\CodeIgniter->handleRequest()
#8 /var/www/html/SIMRSHEBAT/index.php(67): CodeIgniter\CodeIgniter->run()
#9 {main}
CRITICAL - 2024-11-06 12:51:15 --> Call to a member function getResult() on bool
in APPPATH/Controllers/Kunjungan.php on line 1800.
 1 SYSTEMPATH/CodeIgniter.php(934): App\Controllers\Kunjungan->keadaanumum()
 2 SYSTEMPATH/CodeIgniter.php(499): CodeIgniter\CodeIgniter->runController()
 3 SYSTEMPATH/CodeIgniter.php(368): CodeIgniter\CodeIgniter->handleRequest()
 4 FCPATH/index.php(67): CodeIgniter\CodeIgniter->run()
WARNING - 2024-11-06 12:51:15 --> [DEPRECATED] Creation of dynamic property App\Controllers\Rekammedisirna::$db is deprecated in APPPATH/Controllers/Api.php on line 8.
 1 SYSTEMPATH/CodeIgniter.php(906): App\Controllers\Api->__construct()
 2 SYSTEMPATH/CodeIgniter.php(490): CodeIgniter\CodeIgniter->createController()
 3 SYSTEMPATH/CodeIgniter.php(368): CodeIgniter\CodeIgniter->handleRequest(null, Object(Config\Cache), false)
 4 FCPATH/index.php(67): CodeIgniter\CodeIgniter->run()
WARNING - 2024-11-06 12:51:15 --> [DEPRECATED] Creation of dynamic property App\Controllers\Rekammedisirna::$simrs is deprecated in APPPATH/Controllers/Api.php on line 9.
 1 SYSTEMPATH/CodeIgniter.php(906): App\Controllers\Api->__construct()
 2 SYSTEMPATH/CodeIgniter.php(490): CodeIgniter\CodeIgniter->createController()
 3 SYSTEMPATH/CodeIgniter.php(368): CodeIgniter\CodeIgniter->handleRequest(null, Object(Config\Cache), false)
 4 FCPATH/index.php(67): CodeIgniter\CodeIgniter->run()
ERROR - 2024-11-06 12:51:15 --> ErrorException: pg_query(): Query failed: ERROR:  syntax error at or near &quot;JL&quot;
LINE 1: ... from resume_pasien where id_transaksi =GATUTKOCO JL RT 02/0...
                                                             ^ in /var/www/html/SIMRSHEBAT/system/Database/Postgre/Connection.php:147
Stack trace:
#0 [internal function]: CodeIgniter\Debug\Exceptions->errorHandler()
#1 /var/www/html/SIMRSHEBAT/system/Database/Postgre/Connection.php(147): pg_query()
#2 /var/www/html/SIMRSHEBAT/system/Database/BaseConnection.php(691): CodeIgniter\Database\Postgre\Connection->execute()
#3 /var/www/html/SIMRSHEBAT/system/Database/BaseConnection.php(605): CodeIgniter\Database\BaseConnection->simpleQuery()
#4 /var/www/html/SIMRSHEBAT/app/Controllers/Rekammedisirna.php(761): CodeIgniter\Database\BaseConnection->query()
#5 /var/www/html/SIMRSHEBAT/system/CodeIgniter.php(934): App\Controllers\Rekammedisirna->cekresumeirna()
#6 /var/www/html/SIMRSHEBAT/system/CodeIgniter.php(499): CodeIgniter\CodeIgniter->runController()
#7 /var/www/html/SIMRSHEBAT/system/CodeIgniter.php(368): CodeIgniter\CodeIgniter->handleRequest()
#8 /var/www/html/SIMRSHEBAT/index.php(67): CodeIgniter\CodeIgniter->run()
#9 {main}
CRITICAL - 2024-11-06 12:51:15 --> Call to a member function getRow() on bool
in APPPATH/Controllers/Rekammedisirna.php on line 761.
 1 SYSTEMPATH/CodeIgniter.php(934): App\Controllers\Rekammedisirna->cekresumeirna()
 2 SYSTEMPATH/CodeIgniter.php(499): CodeIgniter\CodeIgniter->runController()
 3 SYSTEMPATH/CodeIgniter.php(368): CodeIgniter\CodeIgniter->handleRequest()
 4 FCPATH/index.php(67): CodeIgniter\CodeIgniter->run()
INFO - 2024-11-06 13:02:15 --> Session: Class initialized using 'CodeIgniter\Session\Handlers\FileHandler' driver.
INFO - 2024-11-06 13:40:04 --> Session: Class initialized using 'CodeIgniter\Session\Handlers\FileHandler' driver.
INFO - 2024-11-06 13:43:14 --> Session: Class initialized using 'CodeIgniter\Session\Handlers\FileHandler' driver.
