WARNING - 2024-11-13 07:32:21 --> [DEPRECATED] Creation of dynamic property App\Controllers\User::$db is deprecated in APPPATH/Controllers/Api.php on line 8.
 1 SYSTEMPATH/CodeIgniter.php(906): App\Controllers\Api->__construct()
 2 SYSTEMPATH/CodeIgniter.php(490): CodeIgniter\CodeIgniter->createController()
 3 SYSTEMPATH/CodeIgniter.php(368): CodeIgniter\CodeIgniter->handleRequest(null, Object(Config\Cache), false)
 4 FCPATH/index.php(67): CodeIgniter\CodeIgniter->run()
WARNING - 2024-11-13 07:32:21 --> [DEPRECATED] Creation of dynamic property App\Controllers\User::$simrs is deprecated in APPPATH/Controllers/Api.php on line 9.
 1 SYSTEMPATH/CodeIgniter.php(906): App\Controllers\Api->__construct()
 2 SYSTEMPATH/CodeIgniter.php(490): CodeIgniter\CodeIgniter->createController()
 3 SYSTEMPATH/CodeIgniter.php(368): CodeIgniter\CodeIgniter->handleRequest(null, Object(Config\Cache), false)
 4 FCPATH/index.php(67): CodeIgniter\CodeIgniter->run()
WARNING - 2024-11-13 07:32:22 --> [DEPRECATED] Creation of dynamic property App\Controllers\Laporan::$db is deprecated in APPPATH/Controllers/Api.php on line 8.
 1 SYSTEMPATH/CodeIgniter.php(906): App\Controllers\Api->__construct()
 2 SYSTEMPATH/CodeIgniter.php(490): CodeIgniter\CodeIgniter->createController()
 3 SYSTEMPATH/CodeIgniter.php(368): CodeIgniter\CodeIgniter->handleRequest(null, Object(Config\Cache), false)
 4 FCPATH/index.php(67): CodeIgniter\CodeIgniter->run()
WARNING - 2024-11-13 07:32:22 --> [DEPRECATED] Creation of dynamic property App\Controllers\Laporan::$simrs is deprecated in APPPATH/Controllers/Api.php on line 9.
 1 SYSTEMPATH/CodeIgniter.php(906): App\Controllers\Api->__construct()
 2 SYSTEMPATH/CodeIgniter.php(490): CodeIgniter\CodeIgniter->createController()
 3 SYSTEMPATH/CodeIgniter.php(368): CodeIgniter\CodeIgniter->handleRequest(null, Object(Config\Cache), false)
 4 FCPATH/index.php(67): CodeIgniter\CodeIgniter->run()
WARNING - 2024-11-13 07:32:22 --> [DEPRECATED] Creation of dynamic property App\Controllers\User::$db is deprecated in APPPATH/Controllers/Api.php on line 8.
 1 SYSTEMPATH/CodeIgniter.php(906): App\Controllers\Api->__construct()
 2 SYSTEMPATH/CodeIgniter.php(490): CodeIgniter\CodeIgniter->createController()
 3 SYSTEMPATH/CodeIgniter.php(368): CodeIgniter\CodeIgniter->handleRequest(null, Object(Config\Cache), false)
 4 FCPATH/index.php(67): CodeIgniter\CodeIgniter->run()
WARNING - 2024-11-13 07:32:22 --> [DEPRECATED] Creation of dynamic property App\Controllers\User::$simrs is deprecated in APPPATH/Controllers/Api.php on line 9.
 1 SYSTEMPATH/CodeIgniter.php(906): App\Controllers\Api->__construct()
 2 SYSTEMPATH/CodeIgniter.php(490): CodeIgniter\CodeIgniter->createController()
 3 SYSTEMPATH/CodeIgniter.php(368): CodeIgniter\CodeIgniter->handleRequest(null, Object(Config\Cache), false)
 4 FCPATH/index.php(67): CodeIgniter\CodeIgniter->run()
WARNING - 2024-11-13 07:32:28 --> [DEPRECATED] Creation of dynamic property App\Controllers\Rekammedisirna::$db is deprecated in APPPATH/Controllers/Api.php on line 8.
 1 SYSTEMPATH/CodeIgniter.php(906): App\Controllers\Api->__construct()
 2 SYSTEMPATH/CodeIgniter.php(490): CodeIgniter\CodeIgniter->createController()
 3 SYSTEMPATH/CodeIgniter.php(368): CodeIgniter\CodeIgniter->handleRequest(null, Object(Config\Cache), false)
 4 FCPATH/index.php(67): CodeIgniter\CodeIgniter->run()
WARNING - 2024-11-13 07:32:28 --> [DEPRECATED] Creation of dynamic property App\Controllers\Rekammedisirna::$simrs is deprecated in APPPATH/Controllers/Api.php on line 9.
 1 SYSTEMPATH/CodeIgniter.php(906): App\Controllers\Api->__construct()
 2 SYSTEMPATH/CodeIgniter.php(490): CodeIgniter\CodeIgniter->createController()
 3 SYSTEMPATH/CodeIgniter.php(368): CodeIgniter\CodeIgniter->handleRequest(null, Object(Config\Cache), false)
 4 FCPATH/index.php(67): CodeIgniter\CodeIgniter->run()
WARNING - 2024-11-13 07:32:28 --> [DEPRECATED] Creation of dynamic property App\Controllers\Rekammedisirna::$db is deprecated in APPPATH/Controllers/Api.php on line 8.
 1 SYSTEMPATH/CodeIgniter.php(906): App\Controllers\Api->__construct()
 2 SYSTEMPATH/CodeIgniter.php(490): CodeIgniter\CodeIgniter->createController()
 3 SYSTEMPATH/CodeIgniter.php(368): CodeIgniter\CodeIgniter->handleRequest(null, Object(Config\Cache), false)
 4 FCPATH/index.php(67): CodeIgniter\CodeIgniter->run()
WARNING - 2024-11-13 07:32:28 --> [DEPRECATED] Creation of dynamic property App\Controllers\Rekammedisirna::$simrs is deprecated in APPPATH/Controllers/Api.php on line 9.
 1 SYSTEMPATH/CodeIgniter.php(906): App\Controllers\Api->__construct()
 2 SYSTEMPATH/CodeIgniter.php(490): CodeIgniter\CodeIgniter->createController()
 3 SYSTEMPATH/CodeIgniter.php(368): CodeIgniter\CodeIgniter->handleRequest(null, Object(Config\Cache), false)
 4 FCPATH/index.php(67): CodeIgniter\CodeIgniter->run()
WARNING - 2024-11-13 07:32:28 --> [DEPRECATED] Creation of dynamic property App\Controllers\Rekammedisirna::$db is deprecated in APPPATH/Controllers/Api.php on line 8.
 1 SYSTEMPATH/CodeIgniter.php(906): App\Controllers\Api->__construct()
 2 SYSTEMPATH/CodeIgniter.php(490): CodeIgniter\CodeIgniter->createController()
 3 SYSTEMPATH/CodeIgniter.php(368): CodeIgniter\CodeIgniter->handleRequest(null, Object(Config\Cache), false)
 4 FCPATH/index.php(67): CodeIgniter\CodeIgniter->run()
WARNING - 2024-11-13 07:32:28 --> [DEPRECATED] Creation of dynamic property App\Controllers\Rekammedisirna::$simrs is deprecated in APPPATH/Controllers/Api.php on line 9.
 1 SYSTEMPATH/CodeIgniter.php(906): App\Controllers\Api->__construct()
 2 SYSTEMPATH/CodeIgniter.php(490): CodeIgniter\CodeIgniter->createController()
 3 SYSTEMPATH/CodeIgniter.php(368): CodeIgniter\CodeIgniter->handleRequest(null, Object(Config\Cache), false)
 4 FCPATH/index.php(67): CodeIgniter\CodeIgniter->run()
WARNING - 2024-11-13 07:32:30 --> [DEPRECATED] Creation of dynamic property App\Controllers\Rekammedisirja::$db is deprecated in APPPATH/Controllers/Api.php on line 8.
 1 SYSTEMPATH/CodeIgniter.php(906): App\Controllers\Api->__construct()
 2 SYSTEMPATH/CodeIgniter.php(490): CodeIgniter\CodeIgniter->createController()
 3 SYSTEMPATH/CodeIgniter.php(368): CodeIgniter\CodeIgniter->handleRequest(null, Object(Config\Cache), false)
 4 FCPATH/index.php(67): CodeIgniter\CodeIgniter->run()
WARNING - 2024-11-13 07:32:30 --> [DEPRECATED] Creation of dynamic property App\Controllers\Rekammedisirja::$db is deprecated in APPPATH/Controllers/Api.php on line 8.
 1 SYSTEMPATH/CodeIgniter.php(906): App\Controllers\Api->__construct()
 2 SYSTEMPATH/CodeIgniter.php(490): CodeIgniter\CodeIgniter->createController()
 3 SYSTEMPATH/CodeIgniter.php(368): CodeIgniter\CodeIgniter->handleRequest(null, Object(Config\Cache), false)
 4 FCPATH/index.php(67): CodeIgniter\CodeIgniter->run()
WARNING - 2024-11-13 07:32:30 --> [DEPRECATED] Creation of dynamic property App\Controllers\Rekammedisirja::$simrs is deprecated in APPPATH/Controllers/Api.php on line 9.
 1 SYSTEMPATH/CodeIgniter.php(906): App\Controllers\Api->__construct()
 2 SYSTEMPATH/CodeIgniter.php(490): CodeIgniter\CodeIgniter->createController()
 3 SYSTEMPATH/CodeIgniter.php(368): CodeIgniter\CodeIgniter->handleRequest(null, Object(Config\Cache), false)
 4 FCPATH/index.php(67): CodeIgniter\CodeIgniter->run()
WARNING - 2024-11-13 07:32:30 --> [DEPRECATED] Creation of dynamic property App\Controllers\Rekammedisirja::$simrs is deprecated in APPPATH/Controllers/Api.php on line 9.
 1 SYSTEMPATH/CodeIgniter.php(906): App\Controllers\Api->__construct()
 2 SYSTEMPATH/CodeIgniter.php(490): CodeIgniter\CodeIgniter->createController()
 3 SYSTEMPATH/CodeIgniter.php(368): CodeIgniter\CodeIgniter->handleRequest(null, Object(Config\Cache), false)
 4 FCPATH/index.php(67): CodeIgniter\CodeIgniter->run()
WARNING - 2024-11-13 07:32:30 --> [DEPRECATED] Creation of dynamic property App\Controllers\Rawatjalan::$db is deprecated in APPPATH/Controllers/Api.php on line 8.
 1 SYSTEMPATH/CodeIgniter.php(906): App\Controllers\Api->__construct()
 2 SYSTEMPATH/CodeIgniter.php(490): CodeIgniter\CodeIgniter->createController()
 3 SYSTEMPATH/CodeIgniter.php(368): CodeIgniter\CodeIgniter->handleRequest(null, Object(Config\Cache), false)
 4 FCPATH/index.php(67): CodeIgniter\CodeIgniter->run()
WARNING - 2024-11-13 07:32:30 --> [DEPRECATED] Creation of dynamic property App\Controllers\Rawatjalan::$simrs is deprecated in APPPATH/Controllers/Api.php on line 9.
 1 SYSTEMPATH/CodeIgniter.php(906): App\Controllers\Api->__construct()
 2 SYSTEMPATH/CodeIgniter.php(490): CodeIgniter\CodeIgniter->createController()
 3 SYSTEMPATH/CodeIgniter.php(368): CodeIgniter\CodeIgniter->handleRequest(null, Object(Config\Cache), false)
 4 FCPATH/index.php(67): CodeIgniter\CodeIgniter->run()
ERROR - 2024-11-13 07:32:30 --> ErrorException: pg_query(): Query failed: ERROR:  column &quot;jenis_pegawai&quot; does not exist
LINE 1: SELECT * FROM pegawai where jenis_pegawai='1'
                                    ^ in /var/www/html/SIMRSHEBAT/system/Database/Postgre/Connection.php:147
Stack trace:
#0 [internal function]: CodeIgniter\Debug\Exceptions->errorHandler()
#1 /var/www/html/SIMRSHEBAT/system/Database/Postgre/Connection.php(147): pg_query()
#2 /var/www/html/SIMRSHEBAT/system/Database/BaseConnection.php(691): CodeIgniter\Database\Postgre\Connection->execute()
#3 /var/www/html/SIMRSHEBAT/system/Database/BaseConnection.php(605): CodeIgniter\Database\BaseConnection->simpleQuery()
#4 /var/www/html/SIMRSHEBAT/app/Controllers/Rawatjalan.php(32): CodeIgniter\Database\BaseConnection->query()
#5 /var/www/html/SIMRSHEBAT/system/CodeIgniter.php(934): App\Controllers\Rawatjalan->pegawai()
#6 /var/www/html/SIMRSHEBAT/system/CodeIgniter.php(499): CodeIgniter\CodeIgniter->runController()
#7 /var/www/html/SIMRSHEBAT/system/CodeIgniter.php(368): CodeIgniter\CodeIgniter->handleRequest()
#8 /var/www/html/SIMRSHEBAT/index.php(67): CodeIgniter\CodeIgniter->run()
#9 {main}
CRITICAL - 2024-11-13 07:32:30 --> Call to a member function getResult() on bool
in APPPATH/Controllers/Rawatjalan.php on line 35.
 1 SYSTEMPATH/CodeIgniter.php(934): App\Controllers\Rawatjalan->pegawai()
 2 SYSTEMPATH/CodeIgniter.php(499): CodeIgniter\CodeIgniter->runController()
 3 SYSTEMPATH/CodeIgniter.php(368): CodeIgniter\CodeIgniter->handleRequest()
 4 FCPATH/index.php(67): CodeIgniter\CodeIgniter->run()
ERROR - 2024-11-13 07:32:30 --> ErrorException: pg_query(): Query failed: ERROR:  column &quot;id_penyakit&quot; specified in USING clause does not exist in left table in /var/www/html/SIMRSHEBAT/system/Database/Postgre/Connection.php:147
Stack trace:
#0 [internal function]: CodeIgniter\Debug\Exceptions->errorHandler()
#1 /var/www/html/SIMRSHEBAT/system/Database/Postgre/Connection.php(147): pg_query()
#2 /var/www/html/SIMRSHEBAT/system/Database/BaseConnection.php(691): CodeIgniter\Database\Postgre\Connection->execute()
#3 /var/www/html/SIMRSHEBAT/app/Controllers/Rekammedisirja.php(453): CodeIgniter\Database\BaseConnection->simpleQuery()
#4 /var/www/html/SIMRSHEBAT/system/CodeIgniter.php(934): App\Controllers\Rekammedisirja->datamrpenyakitirja()
#5 /var/www/html/SIMRSHEBAT/system/CodeIgniter.php(499): CodeIgniter\CodeIgniter->runController()
#6 /var/www/html/SIMRSHEBAT/system/CodeIgniter.php(368): CodeIgniter\CodeIgniter->handleRequest()
#7 /var/www/html/SIMRSHEBAT/index.php(67): CodeIgniter\CodeIgniter->run()
#8 {main}
ERROR - 2024-11-13 07:32:30 --> ErrorException: pg_query(): Query failed: ERROR:  column &quot;id_kunjungan&quot; does not exist
LINE 2: ...mr_tindakan inner join icd_9 USING(kd_icd9) where id_kunjung...
                                                             ^ in /var/www/html/SIMRSHEBAT/system/Database/Postgre/Connection.php:147
Stack trace:
#0 [internal function]: CodeIgniter\Debug\Exceptions->errorHandler()
#1 /var/www/html/SIMRSHEBAT/system/Database/Postgre/Connection.php(147): pg_query()
#2 /var/www/html/SIMRSHEBAT/system/Database/BaseConnection.php(691): CodeIgniter\Database\Postgre\Connection->execute()
#3 /var/www/html/SIMRSHEBAT/app/Controllers/Rekammedisirja.php(411): CodeIgniter\Database\BaseConnection->simpleQuery()
#4 /var/www/html/SIMRSHEBAT/system/CodeIgniter.php(934): App\Controllers\Rekammedisirja->datamricd9irja()
#5 /var/www/html/SIMRSHEBAT/system/CodeIgniter.php(499): CodeIgniter\CodeIgniter->runController()
#6 /var/www/html/SIMRSHEBAT/system/CodeIgniter.php(368): CodeIgniter\CodeIgniter->handleRequest()
#7 /var/www/html/SIMRSHEBAT/index.php(67): CodeIgniter\CodeIgniter->run()
#8 {main}
WARNING - 2024-11-13 07:32:30 --> [DEPRECATED] Creation of dynamic property App\Controllers\Lab::$db is deprecated in APPPATH/Controllers/Api.php on line 8.
 1 SYSTEMPATH/CodeIgniter.php(906): App\Controllers\Api->__construct()
 2 SYSTEMPATH/CodeIgniter.php(490): CodeIgniter\CodeIgniter->createController()
 3 SYSTEMPATH/CodeIgniter.php(368): CodeIgniter\CodeIgniter->handleRequest(null, Object(Config\Cache), false)
 4 FCPATH/index.php(67): CodeIgniter\CodeIgniter->run()
WARNING - 2024-11-13 07:32:30 --> [DEPRECATED] Creation of dynamic property App\Controllers\Lab::$simrs is deprecated in APPPATH/Controllers/Api.php on line 9.
 1 SYSTEMPATH/CodeIgniter.php(906): App\Controllers\Api->__construct()
 2 SYSTEMPATH/CodeIgniter.php(490): CodeIgniter\CodeIgniter->createController()
 3 SYSTEMPATH/CodeIgniter.php(368): CodeIgniter\CodeIgniter->handleRequest(null, Object(Config\Cache), false)
 4 FCPATH/index.php(67): CodeIgniter\CodeIgniter->run()
WARNING - 2024-11-13 07:32:30 --> [DEPRECATED] Creation of dynamic property App\Controllers\Lab::$db is deprecated in APPPATH/Controllers/Api.php on line 8.
 1 SYSTEMPATH/CodeIgniter.php(906): App\Controllers\Api->__construct()
 2 SYSTEMPATH/CodeIgniter.php(490): CodeIgniter\CodeIgniter->createController()
 3 SYSTEMPATH/CodeIgniter.php(368): CodeIgniter\CodeIgniter->handleRequest(null, Object(Config\Cache), false)
 4 FCPATH/index.php(67): CodeIgniter\CodeIgniter->run()
WARNING - 2024-11-13 07:32:30 --> [DEPRECATED] Creation of dynamic property App\Controllers\Lab::$simrs is deprecated in APPPATH/Controllers/Api.php on line 9.
 1 SYSTEMPATH/CodeIgniter.php(906): App\Controllers\Api->__construct()
 2 SYSTEMPATH/CodeIgniter.php(490): CodeIgniter\CodeIgniter->createController()
 3 SYSTEMPATH/CodeIgniter.php(368): CodeIgniter\CodeIgniter->handleRequest(null, Object(Config\Cache), false)
 4 FCPATH/index.php(67): CodeIgniter\CodeIgniter->run()
WARNING - 2024-11-13 07:32:30 --> [DEPRECATED] Creation of dynamic property App\Controllers\Lab::$db is deprecated in APPPATH/Controllers/Api.php on line 8.
 1 SYSTEMPATH/CodeIgniter.php(906): App\Controllers\Api->__construct()
 2 SYSTEMPATH/CodeIgniter.php(490): CodeIgniter\CodeIgniter->createController()
 3 SYSTEMPATH/CodeIgniter.php(368): CodeIgniter\CodeIgniter->handleRequest(null, Object(Config\Cache), false)
 4 FCPATH/index.php(67): CodeIgniter\CodeIgniter->run()
WARNING - 2024-11-13 07:32:30 --> [DEPRECATED] Creation of dynamic property App\Controllers\Lab::$simrs is deprecated in APPPATH/Controllers/Api.php on line 9.
 1 SYSTEMPATH/CodeIgniter.php(906): App\Controllers\Api->__construct()
 2 SYSTEMPATH/CodeIgniter.php(490): CodeIgniter\CodeIgniter->createController()
 3 SYSTEMPATH/CodeIgniter.php(368): CodeIgniter\CodeIgniter->handleRequest(null, Object(Config\Cache), false)
 4 FCPATH/index.php(67): CodeIgniter\CodeIgniter->run()
ERROR - 2024-11-13 07:32:30 --> ErrorException: pg_query(): Query failed: ERROR:  column &quot;id_jenis_produk&quot; does not exist
LINE 1: SELECT * from produk WHERE id_jenis_produk='3' 
                                   ^ in /var/www/html/SIMRSHEBAT/system/Database/Postgre/Connection.php:147
Stack trace:
#0 [internal function]: CodeIgniter\Debug\Exceptions->errorHandler()
#1 /var/www/html/SIMRSHEBAT/system/Database/Postgre/Connection.php(147): pg_query()
#2 /var/www/html/SIMRSHEBAT/system/Database/BaseConnection.php(691): CodeIgniter\Database\Postgre\Connection->execute()
#3 /var/www/html/SIMRSHEBAT/system/Database/BaseConnection.php(605): CodeIgniter\Database\BaseConnection->simpleQuery()
#4 /var/www/html/SIMRSHEBAT/app/Controllers/Lab.php(447): CodeIgniter\Database\BaseConnection->query()
#5 /var/www/html/SIMRSHEBAT/system/CodeIgniter.php(934): App\Controllers\Lab->produk()
#6 /var/www/html/SIMRSHEBAT/system/CodeIgniter.php(499): CodeIgniter\CodeIgniter->runController()
#7 /var/www/html/SIMRSHEBAT/system/CodeIgniter.php(368): CodeIgniter\CodeIgniter->handleRequest()
#8 /var/www/html/SIMRSHEBAT/index.php(67): CodeIgniter\CodeIgniter->run()
#9 {main}
CRITICAL - 2024-11-13 07:32:30 --> Call to a member function getResult() on bool
in APPPATH/Controllers/Lab.php on line 447.
 1 SYSTEMPATH/CodeIgniter.php(934): App\Controllers\Lab->produk()
 2 SYSTEMPATH/CodeIgniter.php(499): CodeIgniter\CodeIgniter->runController()
 3 SYSTEMPATH/CodeIgniter.php(368): CodeIgniter\CodeIgniter->handleRequest()
 4 FCPATH/index.php(67): CodeIgniter\CodeIgniter->run()
ERROR - 2024-11-13 07:32:30 --> ErrorException: pg_query(): Query failed: ERROR:  function left(integer, integer) does not exist
LINE 1: SELECT * from produk WHERE left(kd_produk,2)='XR' 
                                   ^
HINT:  No function matches the given name and argument types. You might need to add explicit type casts. in /var/www/html/SIMRSHEBAT/system/Database/Postgre/Connection.php:147
Stack trace:
#0 [internal function]: CodeIgniter\Debug\Exceptions->errorHandler()
#1 /var/www/html/SIMRSHEBAT/system/Database/Postgre/Connection.php(147): pg_query()
#2 /var/www/html/SIMRSHEBAT/system/Database/BaseConnection.php(691): CodeIgniter\Database\Postgre\Connection->execute()
#3 /var/www/html/SIMRSHEBAT/system/Database/BaseConnection.php(605): CodeIgniter\Database\BaseConnection->simpleQuery()
#4 /var/www/html/SIMRSHEBAT/app/Controllers/Lab.php(465): CodeIgniter\Database\BaseConnection->query()
#5 /var/www/html/SIMRSHEBAT/system/CodeIgniter.php(934): App\Controllers\Lab->produkRad()
#6 /var/www/html/SIMRSHEBAT/system/CodeIgniter.php(499): CodeIgniter\CodeIgniter->runController()
#7 /var/www/html/SIMRSHEBAT/system/CodeIgniter.php(368): CodeIgniter\CodeIgniter->handleRequest()
#8 /var/www/html/SIMRSHEBAT/index.php(67): CodeIgniter\CodeIgniter->run()
#9 {main}
CRITICAL - 2024-11-13 07:32:30 --> Call to a member function getResult() on bool
in APPPATH/Controllers/Lab.php on line 465.
 1 SYSTEMPATH/CodeIgniter.php(934): App\Controllers\Lab->produkRad()
 2 SYSTEMPATH/CodeIgniter.php(499): CodeIgniter\CodeIgniter->runController()
 3 SYSTEMPATH/CodeIgniter.php(368): CodeIgniter\CodeIgniter->handleRequest()
 4 FCPATH/index.php(67): CodeIgniter\CodeIgniter->run()
ERROR - 2024-11-13 07:32:30 --> ErrorException: pg_query(): Query failed: ERROR:  function left(integer, integer) does not exist
LINE 1: SELECT * from produk WHERE left(kd_produk,2)='CT' 
                                   ^
HINT:  No function matches the given name and argument types. You might need to add explicit type casts. in /var/www/html/SIMRSHEBAT/system/Database/Postgre/Connection.php:147
Stack trace:
#0 [internal function]: CodeIgniter\Debug\Exceptions->errorHandler()
#1 /var/www/html/SIMRSHEBAT/system/Database/Postgre/Connection.php(147): pg_query()
#2 /var/www/html/SIMRSHEBAT/system/Database/BaseConnection.php(691): CodeIgniter\Database\Postgre\Connection->execute()
#3 /var/www/html/SIMRSHEBAT/system/Database/BaseConnection.php(605): CodeIgniter\Database\BaseConnection->simpleQuery()
#4 /var/www/html/SIMRSHEBAT/app/Controllers/Lab.php(465): CodeIgniter\Database\BaseConnection->query()
#5 /var/www/html/SIMRSHEBAT/system/CodeIgniter.php(934): App\Controllers\Lab->produkRad()
#6 /var/www/html/SIMRSHEBAT/system/CodeIgniter.php(499): CodeIgniter\CodeIgniter->runController()
#7 /var/www/html/SIMRSHEBAT/system/CodeIgniter.php(368): CodeIgniter\CodeIgniter->handleRequest()
#8 /var/www/html/SIMRSHEBAT/index.php(67): CodeIgniter\CodeIgniter->run()
#9 {main}
CRITICAL - 2024-11-13 07:32:30 --> Call to a member function getResult() on bool
in APPPATH/Controllers/Lab.php on line 465.
 1 SYSTEMPATH/CodeIgniter.php(934): App\Controllers\Lab->produkRad()
 2 SYSTEMPATH/CodeIgniter.php(499): CodeIgniter\CodeIgniter->runController()
 3 SYSTEMPATH/CodeIgniter.php(368): CodeIgniter\CodeIgniter->handleRequest()
 4 FCPATH/index.php(67): CodeIgniter\CodeIgniter->run()
WARNING - 2024-11-13 07:32:30 --> [DEPRECATED] Creation of dynamic property App\Controllers\Lab::$db is deprecated in APPPATH/Controllers/Api.php on line 8.
 1 SYSTEMPATH/CodeIgniter.php(906): App\Controllers\Api->__construct()
 2 SYSTEMPATH/CodeIgniter.php(490): CodeIgniter\CodeIgniter->createController()
 3 SYSTEMPATH/CodeIgniter.php(368): CodeIgniter\CodeIgniter->handleRequest(null, Object(Config\Cache), false)
 4 FCPATH/index.php(67): CodeIgniter\CodeIgniter->run()
WARNING - 2024-11-13 07:32:30 --> [DEPRECATED] Creation of dynamic property App\Controllers\Lab::$simrs is deprecated in APPPATH/Controllers/Api.php on line 9.
 1 SYSTEMPATH/CodeIgniter.php(906): App\Controllers\Api->__construct()
 2 SYSTEMPATH/CodeIgniter.php(490): CodeIgniter\CodeIgniter->createController()
 3 SYSTEMPATH/CodeIgniter.php(368): CodeIgniter\CodeIgniter->handleRequest(null, Object(Config\Cache), false)
 4 FCPATH/index.php(67): CodeIgniter\CodeIgniter->run()
WARNING - 2024-11-13 07:32:30 --> [DEPRECATED] Creation of dynamic property App\Controllers\Rekammedisirna::$db is deprecated in APPPATH/Controllers/Api.php on line 8.
 1 SYSTEMPATH/CodeIgniter.php(906): App\Controllers\Api->__construct()
 2 SYSTEMPATH/CodeIgniter.php(490): CodeIgniter\CodeIgniter->createController()
 3 SYSTEMPATH/CodeIgniter.php(368): CodeIgniter\CodeIgniter->handleRequest(null, Object(Config\Cache), false)
 4 FCPATH/index.php(67): CodeIgniter\CodeIgniter->run()
WARNING - 2024-11-13 07:32:30 --> [DEPRECATED] Creation of dynamic property App\Controllers\Rekammedisirna::$simrs is deprecated in APPPATH/Controllers/Api.php on line 9.
 1 SYSTEMPATH/CodeIgniter.php(906): App\Controllers\Api->__construct()
 2 SYSTEMPATH/CodeIgniter.php(490): CodeIgniter\CodeIgniter->createController()
 3 SYSTEMPATH/CodeIgniter.php(368): CodeIgniter\CodeIgniter->handleRequest(null, Object(Config\Cache), false)
 4 FCPATH/index.php(67): CodeIgniter\CodeIgniter->run()
WARNING - 2024-11-13 07:32:30 --> [DEPRECATED] Creation of dynamic property App\Controllers\Kunjungan::$db is deprecated in APPPATH/Controllers/Api.php on line 8.
 1 SYSTEMPATH/CodeIgniter.php(906): App\Controllers\Api->__construct()
 2 SYSTEMPATH/CodeIgniter.php(490): CodeIgniter\CodeIgniter->createController()
 3 SYSTEMPATH/CodeIgniter.php(368): CodeIgniter\CodeIgniter->handleRequest(null, Object(Config\Cache), false)
 4 FCPATH/index.php(67): CodeIgniter\CodeIgniter->run()
WARNING - 2024-11-13 07:32:30 --> [DEPRECATED] Creation of dynamic property App\Controllers\Kunjungan::$simrs is deprecated in APPPATH/Controllers/Api.php on line 9.
 1 SYSTEMPATH/CodeIgniter.php(906): App\Controllers\Api->__construct()
 2 SYSTEMPATH/CodeIgniter.php(490): CodeIgniter\CodeIgniter->createController()
 3 SYSTEMPATH/CodeIgniter.php(368): CodeIgniter\CodeIgniter->handleRequest(null, Object(Config\Cache), false)
 4 FCPATH/index.php(67): CodeIgniter\CodeIgniter->run()
ERROR - 2024-11-13 07:32:30 --> ErrorException: pg_query(): Query failed: ERROR:  function left(integer, integer) does not exist
LINE 1: SELECT * from produk WHERE left(kd_produk,2)='UR' 
                                   ^
HINT:  No function matches the given name and argument types. You might need to add explicit type casts. in /var/www/html/SIMRSHEBAT/system/Database/Postgre/Connection.php:147
Stack trace:
#0 [internal function]: CodeIgniter\Debug\Exceptions->errorHandler()
#1 /var/www/html/SIMRSHEBAT/system/Database/Postgre/Connection.php(147): pg_query()
#2 /var/www/html/SIMRSHEBAT/system/Database/BaseConnection.php(691): CodeIgniter\Database\Postgre\Connection->execute()
#3 /var/www/html/SIMRSHEBAT/system/Database/BaseConnection.php(605): CodeIgniter\Database\BaseConnection->simpleQuery()
#4 /var/www/html/SIMRSHEBAT/app/Controllers/Lab.php(465): CodeIgniter\Database\BaseConnection->query()
#5 /var/www/html/SIMRSHEBAT/system/CodeIgniter.php(934): App\Controllers\Lab->produkRad()
#6 /var/www/html/SIMRSHEBAT/system/CodeIgniter.php(499): CodeIgniter\CodeIgniter->runController()
#7 /var/www/html/SIMRSHEBAT/system/CodeIgniter.php(368): CodeIgniter\CodeIgniter->handleRequest()
#8 /var/www/html/SIMRSHEBAT/index.php(67): CodeIgniter\CodeIgniter->run()
#9 {main}
CRITICAL - 2024-11-13 07:32:30 --> Call to a member function getResult() on bool
in APPPATH/Controllers/Lab.php on line 465.
 1 SYSTEMPATH/CodeIgniter.php(934): App\Controllers\Lab->produkRad()
 2 SYSTEMPATH/CodeIgniter.php(499): CodeIgniter\CodeIgniter->runController()
 3 SYSTEMPATH/CodeIgniter.php(368): CodeIgniter\CodeIgniter->handleRequest()
 4 FCPATH/index.php(67): CodeIgniter\CodeIgniter->run()
ERROR - 2024-11-13 07:32:30 --> ErrorException: pg_query(): Query failed: ERROR:  relation &quot;order_lab&quot; does not exist
LINE 2:         order_lab o inner join
                ^ in /var/www/html/SIMRSHEBAT/system/Database/Postgre/Connection.php:147
Stack trace:
#0 [internal function]: CodeIgniter\Debug\Exceptions->errorHandler()
#1 /var/www/html/SIMRSHEBAT/system/Database/Postgre/Connection.php(147): pg_query()
#2 /var/www/html/SIMRSHEBAT/system/Database/BaseConnection.php(691): CodeIgniter\Database\Postgre\Connection->execute()
#3 /var/www/html/SIMRSHEBAT/app/Controllers/Rekammedisirna.php(878): CodeIgniter\Database\BaseConnection->simpleQuery()
#4 /var/www/html/SIMRSHEBAT/system/CodeIgniter.php(934): App\Controllers\Rekammedisirna->datapenunjangpasienirna()
#5 /var/www/html/SIMRSHEBAT/system/CodeIgniter.php(499): CodeIgniter\CodeIgniter->runController()
#6 /var/www/html/SIMRSHEBAT/system/CodeIgniter.php(368): CodeIgniter\CodeIgniter->handleRequest()
#7 /var/www/html/SIMRSHEBAT/index.php(67): CodeIgniter\CodeIgniter->run()
#8 {main}
ERROR - 2024-11-13 07:32:30 --> ErrorException: pg_query(): Query failed: ERROR:  column &quot;id_penyakit&quot; specified in USING clause does not exist in left table in /var/www/html/SIMRSHEBAT/system/Database/Postgre/Connection.php:147
Stack trace:
#0 [internal function]: CodeIgniter\Debug\Exceptions->errorHandler()
#1 /var/www/html/SIMRSHEBAT/system/Database/Postgre/Connection.php(147): pg_query()
#2 /var/www/html/SIMRSHEBAT/system/Database/BaseConnection.php(691): CodeIgniter\Database\Postgre\Connection->execute()
#3 /var/www/html/SIMRSHEBAT/app/Controllers/Kunjungan.php(585): CodeIgniter\Database\BaseConnection->simpleQuery()
#4 /var/www/html/SIMRSHEBAT/system/CodeIgniter.php(934): App\Controllers\Kunjungan->historipenyakit()
#5 /var/www/html/SIMRSHEBAT/system/CodeIgniter.php(499): CodeIgniter\CodeIgniter->runController()
#6 /var/www/html/SIMRSHEBAT/system/CodeIgniter.php(368): CodeIgniter\CodeIgniter->handleRequest()
#7 /var/www/html/SIMRSHEBAT/index.php(67): CodeIgniter\CodeIgniter->run()
#8 {main}
WARNING - 2024-11-13 07:32:30 --> [DEPRECATED] Creation of dynamic property App\Controllers\Kunjungan::$db is deprecated in APPPATH/Controllers/Api.php on line 8.
 1 SYSTEMPATH/CodeIgniter.php(906): App\Controllers\Api->__construct()
 2 SYSTEMPATH/CodeIgniter.php(490): CodeIgniter\CodeIgniter->createController()
 3 SYSTEMPATH/CodeIgniter.php(368): CodeIgniter\CodeIgniter->handleRequest(null, Object(Config\Cache), false)
 4 FCPATH/index.php(67): CodeIgniter\CodeIgniter->run()
WARNING - 2024-11-13 07:32:30 --> [DEPRECATED] Creation of dynamic property App\Controllers\Kunjungan::$simrs is deprecated in APPPATH/Controllers/Api.php on line 9.
 1 SYSTEMPATH/CodeIgniter.php(906): App\Controllers\Api->__construct()
 2 SYSTEMPATH/CodeIgniter.php(490): CodeIgniter\CodeIgniter->createController()
 3 SYSTEMPATH/CodeIgniter.php(368): CodeIgniter\CodeIgniter->handleRequest(null, Object(Config\Cache), false)
 4 FCPATH/index.php(67): CodeIgniter\CodeIgniter->run()
WARNING - 2024-11-13 07:32:30 --> [DEPRECATED] Creation of dynamic property App\Controllers\Kunjungan::$db is deprecated in APPPATH/Controllers/Api.php on line 8.
 1 SYSTEMPATH/CodeIgniter.php(906): App\Controllers\Api->__construct()
 2 SYSTEMPATH/CodeIgniter.php(490): CodeIgniter\CodeIgniter->createController()
 3 SYSTEMPATH/CodeIgniter.php(368): CodeIgniter\CodeIgniter->handleRequest(null, Object(Config\Cache), false)
 4 FCPATH/index.php(67): CodeIgniter\CodeIgniter->run()
WARNING - 2024-11-13 07:32:30 --> [DEPRECATED] Creation of dynamic property App\Controllers\Kunjungan::$simrs is deprecated in APPPATH/Controllers/Api.php on line 9.
 1 SYSTEMPATH/CodeIgniter.php(906): App\Controllers\Api->__construct()
 2 SYSTEMPATH/CodeIgniter.php(490): CodeIgniter\CodeIgniter->createController()
 3 SYSTEMPATH/CodeIgniter.php(368): CodeIgniter\CodeIgniter->handleRequest(null, Object(Config\Cache), false)
 4 FCPATH/index.php(67): CodeIgniter\CodeIgniter->run()
WARNING - 2024-11-13 07:32:30 --> [DEPRECATED] Creation of dynamic property App\Controllers\Datasosial::$db is deprecated in APPPATH/Controllers/Api.php on line 8.
 1 SYSTEMPATH/CodeIgniter.php(906): App\Controllers\Api->__construct()
 2 SYSTEMPATH/CodeIgniter.php(490): CodeIgniter\CodeIgniter->createController()
 3 SYSTEMPATH/CodeIgniter.php(368): CodeIgniter\CodeIgniter->handleRequest(null, Object(Config\Cache), false)
 4 FCPATH/index.php(67): CodeIgniter\CodeIgniter->run()
WARNING - 2024-11-13 07:32:30 --> [DEPRECATED] Creation of dynamic property App\Controllers\Datasosial::$simrs is deprecated in APPPATH/Controllers/Api.php on line 9.
 1 SYSTEMPATH/CodeIgniter.php(906): App\Controllers\Api->__construct()
 2 SYSTEMPATH/CodeIgniter.php(490): CodeIgniter\CodeIgniter->createController()
 3 SYSTEMPATH/CodeIgniter.php(368): CodeIgniter\CodeIgniter->handleRequest(null, Object(Config\Cache), false)
 4 FCPATH/index.php(67): CodeIgniter\CodeIgniter->run()
ERROR - 2024-11-13 07:32:30 --> ErrorException: pg_query(): Query failed: ERROR:  relation &quot;alergi&quot; does not exist
LINE 1: SELECT * from alergi where no_rm='6-90-71-03' 
                      ^ in /var/www/html/SIMRSHEBAT/system/Database/Postgre/Connection.php:147
Stack trace:
#0 [internal function]: CodeIgniter\Debug\Exceptions->errorHandler()
#1 /var/www/html/SIMRSHEBAT/system/Database/Postgre/Connection.php(147): pg_query()
#2 /var/www/html/SIMRSHEBAT/system/Database/BaseConnection.php(691): CodeIgniter\Database\Postgre\Connection->execute()
#3 /var/www/html/SIMRSHEBAT/app/Controllers/Kunjungan.php(632): CodeIgniter\Database\BaseConnection->simpleQuery()
#4 /var/www/html/SIMRSHEBAT/system/CodeIgniter.php(934): App\Controllers\Kunjungan->historialergi()
#5 /var/www/html/SIMRSHEBAT/system/CodeIgniter.php(499): CodeIgniter\CodeIgniter->runController()
#6 /var/www/html/SIMRSHEBAT/system/CodeIgniter.php(368): CodeIgniter\CodeIgniter->handleRequest()
#7 /var/www/html/SIMRSHEBAT/index.php(67): CodeIgniter\CodeIgniter->run()
#8 {main}
ERROR - 2024-11-13 07:32:30 --> ErrorException: pg_query(): Query failed: ERROR:  column &quot;id_penyakit&quot; specified in USING clause does not exist in left table in /var/www/html/SIMRSHEBAT/system/Database/Postgre/Connection.php:147
Stack trace:
#0 [internal function]: CodeIgniter\Debug\Exceptions->errorHandler()
#1 /var/www/html/SIMRSHEBAT/system/Database/Postgre/Connection.php(147): pg_query()
#2 /var/www/html/SIMRSHEBAT/system/Database/BaseConnection.php(691): CodeIgniter\Database\Postgre\Connection->execute()
#3 /var/www/html/SIMRSHEBAT/app/Controllers/Kunjungan.php(617): CodeIgniter\Database\BaseConnection->simpleQuery()
#4 /var/www/html/SIMRSHEBAT/system/CodeIgniter.php(934): App\Controllers\Kunjungan->historipenyakitkeluarga()
#5 /var/www/html/SIMRSHEBAT/system/CodeIgniter.php(499): CodeIgniter\CodeIgniter->runController()
#6 /var/www/html/SIMRSHEBAT/system/CodeIgniter.php(368): CodeIgniter\CodeIgniter->handleRequest()
#7 /var/www/html/SIMRSHEBAT/index.php(67): CodeIgniter\CodeIgniter->run()
#8 {main}
WARNING - 2024-11-13 07:32:30 --> [DEPRECATED] Creation of dynamic property App\Controllers\Datasosial::$db is deprecated in APPPATH/Controllers/Api.php on line 8.
 1 SYSTEMPATH/CodeIgniter.php(906): App\Controllers\Api->__construct()
 2 SYSTEMPATH/CodeIgniter.php(490): CodeIgniter\CodeIgniter->createController()
 3 SYSTEMPATH/CodeIgniter.php(368): CodeIgniter\CodeIgniter->handleRequest(null, Object(Config\Cache), false)
 4 FCPATH/index.php(67): CodeIgniter\CodeIgniter->run()
WARNING - 2024-11-13 07:32:30 --> [DEPRECATED] Creation of dynamic property App\Controllers\Datasosial::$simrs is deprecated in APPPATH/Controllers/Api.php on line 9.
 1 SYSTEMPATH/CodeIgniter.php(906): App\Controllers\Api->__construct()
 2 SYSTEMPATH/CodeIgniter.php(490): CodeIgniter\CodeIgniter->createController()
 3 SYSTEMPATH/CodeIgniter.php(368): CodeIgniter\CodeIgniter->handleRequest(null, Object(Config\Cache), false)
 4 FCPATH/index.php(67): CodeIgniter\CodeIgniter->run()
WARNING - 2024-11-13 07:42:13 --> [DEPRECATED] Creation of dynamic property App\Controllers\Rekammedisirna::$db is deprecated in APPPATH/Controllers/Api.php on line 8.
 1 SYSTEMPATH/CodeIgniter.php(906): App\Controllers\Api->__construct()
 2 SYSTEMPATH/CodeIgniter.php(490): CodeIgniter\CodeIgniter->createController()
 3 SYSTEMPATH/CodeIgniter.php(368): CodeIgniter\CodeIgniter->handleRequest(null, Object(Config\Cache), false)
 4 FCPATH/index.php(67): CodeIgniter\CodeIgniter->run()
WARNING - 2024-11-13 07:42:13 --> [DEPRECATED] Creation of dynamic property App\Controllers\Rekammedisirna::$simrs is deprecated in APPPATH/Controllers/Api.php on line 9.
 1 SYSTEMPATH/CodeIgniter.php(906): App\Controllers\Api->__construct()
 2 SYSTEMPATH/CodeIgniter.php(490): CodeIgniter\CodeIgniter->createController()
 3 SYSTEMPATH/CodeIgniter.php(368): CodeIgniter\CodeIgniter->handleRequest(null, Object(Config\Cache), false)
 4 FCPATH/index.php(67): CodeIgniter\CodeIgniter->run()
ERROR - 2024-11-13 07:42:13 --> ErrorException: pg_query(): Query failed: ERROR:  relation &quot;assesmen_keperawatan_umum&quot; does not exist
LINE 1: SELECT * FROM assesmen_keperawatan_umum ass INNER JOIN (sele...
                      ^ in /var/www/html/SIMRSHEBAT/system/Database/Postgre/Connection.php:147
Stack trace:
#0 [internal function]: CodeIgniter\Debug\Exceptions->errorHandler()
#1 /var/www/html/SIMRSHEBAT/system/Database/Postgre/Connection.php(147): pg_query()
#2 /var/www/html/SIMRSHEBAT/system/Database/BaseConnection.php(691): CodeIgniter\Database\Postgre\Connection->execute()
#3 /var/www/html/SIMRSHEBAT/app/Controllers/Rekammedisirna.php(7003): CodeIgniter\Database\BaseConnection->simpleQuery()
#4 /var/www/html/SIMRSHEBAT/system/CodeIgniter.php(934): App\Controllers\Rekammedisirna->datakunjunganrmkeperdetail()
#5 /var/www/html/SIMRSHEBAT/system/CodeIgniter.php(499): CodeIgniter\CodeIgniter->runController()
#6 /var/www/html/SIMRSHEBAT/system/CodeIgniter.php(368): CodeIgniter\CodeIgniter->handleRequest()
#7 /var/www/html/SIMRSHEBAT/index.php(67): CodeIgniter\CodeIgniter->run()
#8 {main}
WARNING - 2024-11-13 07:42:17 --> [DEPRECATED] Creation of dynamic property App\Controllers\Rekammedisirna::$db is deprecated in APPPATH/Controllers/Api.php on line 8.
 1 SYSTEMPATH/CodeIgniter.php(906): App\Controllers\Api->__construct()
 2 SYSTEMPATH/CodeIgniter.php(490): CodeIgniter\CodeIgniter->createController()
 3 SYSTEMPATH/CodeIgniter.php(368): CodeIgniter\CodeIgniter->handleRequest(null, Object(Config\Cache), false)
 4 FCPATH/index.php(67): CodeIgniter\CodeIgniter->run()
WARNING - 2024-11-13 07:42:17 --> [DEPRECATED] Creation of dynamic property App\Controllers\Rekammedisirna::$simrs is deprecated in APPPATH/Controllers/Api.php on line 9.
 1 SYSTEMPATH/CodeIgniter.php(906): App\Controllers\Api->__construct()
 2 SYSTEMPATH/CodeIgniter.php(490): CodeIgniter\CodeIgniter->createController()
 3 SYSTEMPATH/CodeIgniter.php(368): CodeIgniter\CodeIgniter->handleRequest(null, Object(Config\Cache), false)
 4 FCPATH/index.php(67): CodeIgniter\CodeIgniter->run()
WARNING - 2024-11-13 07:42:17 --> [DEPRECATED] Creation of dynamic property App\Controllers\Rekammedisirna::$db is deprecated in APPPATH/Controllers/Api.php on line 8.
 1 SYSTEMPATH/CodeIgniter.php(906): App\Controllers\Api->__construct()
 2 SYSTEMPATH/CodeIgniter.php(490): CodeIgniter\CodeIgniter->createController()
 3 SYSTEMPATH/CodeIgniter.php(368): CodeIgniter\CodeIgniter->handleRequest(null, Object(Config\Cache), false)
 4 FCPATH/index.php(67): CodeIgniter\CodeIgniter->run()
WARNING - 2024-11-13 07:42:17 --> [DEPRECATED] Creation of dynamic property App\Controllers\Rekammedisirna::$simrs is deprecated in APPPATH/Controllers/Api.php on line 9.
 1 SYSTEMPATH/CodeIgniter.php(906): App\Controllers\Api->__construct()
 2 SYSTEMPATH/CodeIgniter.php(490): CodeIgniter\CodeIgniter->createController()
 3 SYSTEMPATH/CodeIgniter.php(368): CodeIgniter\CodeIgniter->handleRequest(null, Object(Config\Cache), false)
 4 FCPATH/index.php(67): CodeIgniter\CodeIgniter->run()
WARNING - 2024-11-13 07:42:17 --> [DEPRECATED] Creation of dynamic property App\Controllers\Rekammedisirna::$db is deprecated in APPPATH/Controllers/Api.php on line 8.
 1 SYSTEMPATH/CodeIgniter.php(906): App\Controllers\Api->__construct()
 2 SYSTEMPATH/CodeIgniter.php(490): CodeIgniter\CodeIgniter->createController()
 3 SYSTEMPATH/CodeIgniter.php(368): CodeIgniter\CodeIgniter->handleRequest(null, Object(Config\Cache), false)
 4 FCPATH/index.php(67): CodeIgniter\CodeIgniter->run()
WARNING - 2024-11-13 07:42:17 --> [DEPRECATED] Creation of dynamic property App\Controllers\Rekammedisirna::$simrs is deprecated in APPPATH/Controllers/Api.php on line 9.
 1 SYSTEMPATH/CodeIgniter.php(906): App\Controllers\Api->__construct()
 2 SYSTEMPATH/CodeIgniter.php(490): CodeIgniter\CodeIgniter->createController()
 3 SYSTEMPATH/CodeIgniter.php(368): CodeIgniter\CodeIgniter->handleRequest(null, Object(Config\Cache), false)
 4 FCPATH/index.php(67): CodeIgniter\CodeIgniter->run()
ERROR - 2024-11-13 07:42:17 --> ErrorException: pg_query(): Query failed: ERROR:  relation &quot;soap_pasien&quot; does not exist
LINE 1:   SELECT * FROM soap_pasien s 
                        ^ in /var/www/html/SIMRSHEBAT/system/Database/Postgre/Connection.php:147
Stack trace:
#0 [internal function]: CodeIgniter\Debug\Exceptions->errorHandler()
#1 /var/www/html/SIMRSHEBAT/system/Database/Postgre/Connection.php(147): pg_query()
#2 /var/www/html/SIMRSHEBAT/system/Database/BaseConnection.php(691): CodeIgniter\Database\Postgre\Connection->execute()
#3 /var/www/html/SIMRSHEBAT/app/Controllers/Rekammedisirna.php(1008): CodeIgniter\Database\BaseConnection->simpleQuery()
#4 /var/www/html/SIMRSHEBAT/system/CodeIgniter.php(934): App\Controllers\Rekammedisirna->cekcppt()
#5 /var/www/html/SIMRSHEBAT/system/CodeIgniter.php(499): CodeIgniter\CodeIgniter->runController()
#6 /var/www/html/SIMRSHEBAT/system/CodeIgniter.php(368): CodeIgniter\CodeIgniter->handleRequest()
#7 /var/www/html/SIMRSHEBAT/index.php(67): CodeIgniter\CodeIgniter->run()
#8 {main}
WARNING - 2024-11-13 07:42:17 --> [DEPRECATED] Creation of dynamic property App\Controllers\Rekammedisirna::$db is deprecated in APPPATH/Controllers/Api.php on line 8.
 1 SYSTEMPATH/CodeIgniter.php(906): App\Controllers\Api->__construct()
 2 SYSTEMPATH/CodeIgniter.php(490): CodeIgniter\CodeIgniter->createController()
 3 SYSTEMPATH/CodeIgniter.php(368): CodeIgniter\CodeIgniter->handleRequest(null, Object(Config\Cache), false)
 4 FCPATH/index.php(67): CodeIgniter\CodeIgniter->run()
WARNING - 2024-11-13 07:42:17 --> [DEPRECATED] Creation of dynamic property App\Controllers\Rekammedisirna::$simrs is deprecated in APPPATH/Controllers/Api.php on line 9.
 1 SYSTEMPATH/CodeIgniter.php(906): App\Controllers\Api->__construct()
 2 SYSTEMPATH/CodeIgniter.php(490): CodeIgniter\CodeIgniter->createController()
 3 SYSTEMPATH/CodeIgniter.php(368): CodeIgniter\CodeIgniter->handleRequest(null, Object(Config\Cache), false)
 4 FCPATH/index.php(67): CodeIgniter\CodeIgniter->run()
WARNING - 2024-11-13 07:42:17 --> [DEPRECATED] Creation of dynamic property App\Controllers\Rekammedisirna::$db is deprecated in APPPATH/Controllers/Api.php on line 8.
 1 SYSTEMPATH/CodeIgniter.php(906): App\Controllers\Api->__construct()
 2 SYSTEMPATH/CodeIgniter.php(490): CodeIgniter\CodeIgniter->createController()
 3 SYSTEMPATH/CodeIgniter.php(368): CodeIgniter\CodeIgniter->handleRequest(null, Object(Config\Cache), false)
 4 FCPATH/index.php(67): CodeIgniter\CodeIgniter->run()
WARNING - 2024-11-13 07:42:17 --> [DEPRECATED] Creation of dynamic property App\Controllers\Rekammedisirna::$simrs is deprecated in APPPATH/Controllers/Api.php on line 9.
 1 SYSTEMPATH/CodeIgniter.php(906): App\Controllers\Api->__construct()
 2 SYSTEMPATH/CodeIgniter.php(490): CodeIgniter\CodeIgniter->createController()
 3 SYSTEMPATH/CodeIgniter.php(368): CodeIgniter\CodeIgniter->handleRequest(null, Object(Config\Cache), false)
 4 FCPATH/index.php(67): CodeIgniter\CodeIgniter->run()
WARNING - 2024-11-13 07:42:17 --> [DEPRECATED] Creation of dynamic property App\Controllers\Rekammedisirna::$db is deprecated in APPPATH/Controllers/Api.php on line 8.
 1 SYSTEMPATH/CodeIgniter.php(906): App\Controllers\Api->__construct()
 2 SYSTEMPATH/CodeIgniter.php(490): CodeIgniter\CodeIgniter->createController()
 3 SYSTEMPATH/CodeIgniter.php(368): CodeIgniter\CodeIgniter->handleRequest(null, Object(Config\Cache), false)
 4 FCPATH/index.php(67): CodeIgniter\CodeIgniter->run()
WARNING - 2024-11-13 07:42:17 --> [DEPRECATED] Creation of dynamic property App\Controllers\Rekammedisirna::$simrs is deprecated in APPPATH/Controllers/Api.php on line 9.
 1 SYSTEMPATH/CodeIgniter.php(906): App\Controllers\Api->__construct()
 2 SYSTEMPATH/CodeIgniter.php(490): CodeIgniter\CodeIgniter->createController()
 3 SYSTEMPATH/CodeIgniter.php(368): CodeIgniter\CodeIgniter->handleRequest(null, Object(Config\Cache), false)
 4 FCPATH/index.php(67): CodeIgniter\CodeIgniter->run()
ERROR - 2024-11-13 07:42:17 --> ErrorException: pg_query(): Query failed: ERROR:  relation &quot;konsultasi_dpjp&quot; does not exist
LINE 2:         konsultasi_dpjp 
                ^ in /var/www/html/SIMRSHEBAT/system/Database/Postgre/Connection.php:147
Stack trace:
#0 [internal function]: CodeIgniter\Debug\Exceptions->errorHandler()
#1 /var/www/html/SIMRSHEBAT/system/Database/Postgre/Connection.php(147): pg_query()
#2 /var/www/html/SIMRSHEBAT/system/Database/BaseConnection.php(691): CodeIgniter\Database\Postgre\Connection->execute()
#3 /var/www/html/SIMRSHEBAT/system/Database/BaseConnection.php(605): CodeIgniter\Database\BaseConnection->simpleQuery()
#4 /var/www/html/SIMRSHEBAT/app/Controllers/Rekammedisirna.php(577): CodeIgniter\Database\BaseConnection->query()
#5 /var/www/html/SIMRSHEBAT/system/CodeIgniter.php(934): App\Controllers\Rekammedisirna->dokumenPasien()
#6 /var/www/html/SIMRSHEBAT/system/CodeIgniter.php(499): CodeIgniter\CodeIgniter->runController()
#7 /var/www/html/SIMRSHEBAT/system/CodeIgniter.php(368): CodeIgniter\CodeIgniter->handleRequest()
#8 /var/www/html/SIMRSHEBAT/index.php(67): CodeIgniter\CodeIgniter->run()
#9 {main}
CRITICAL - 2024-11-13 07:42:17 --> Call to a member function getResult() on bool
in APPPATH/Controllers/Rekammedisirna.php on line 583.
 1 SYSTEMPATH/CodeIgniter.php(934): App\Controllers\Rekammedisirna->dokumenPasien()
 2 SYSTEMPATH/CodeIgniter.php(499): CodeIgniter\CodeIgniter->runController()
 3 SYSTEMPATH/CodeIgniter.php(368): CodeIgniter\CodeIgniter->handleRequest()
 4 FCPATH/index.php(67): CodeIgniter\CodeIgniter->run()
WARNING - 2024-11-13 07:42:31 --> [DEPRECATED] Creation of dynamic property App\Controllers\Assesmentbos::$db is deprecated in APPPATH/Controllers/Api.php on line 8.
 1 SYSTEMPATH/CodeIgniter.php(906): App\Controllers\Api->__construct()
 2 SYSTEMPATH/CodeIgniter.php(490): CodeIgniter\CodeIgniter->createController()
 3 SYSTEMPATH/CodeIgniter.php(368): CodeIgniter\CodeIgniter->handleRequest(null, Object(Config\Cache), false)
 4 FCPATH/index.php(67): CodeIgniter\CodeIgniter->run()
WARNING - 2024-11-13 07:42:31 --> [DEPRECATED] Creation of dynamic property App\Controllers\Assesmentbos::$simrs is deprecated in APPPATH/Controllers/Api.php on line 9.
 1 SYSTEMPATH/CodeIgniter.php(906): App\Controllers\Api->__construct()
 2 SYSTEMPATH/CodeIgniter.php(490): CodeIgniter\CodeIgniter->createController()
 3 SYSTEMPATH/CodeIgniter.php(368): CodeIgniter\CodeIgniter->handleRequest(null, Object(Config\Cache), false)
 4 FCPATH/index.php(67): CodeIgniter\CodeIgniter->run()
ERROR - 2024-11-13 07:42:31 --> ErrorException: pg_query(): Query failed: ERROR:  relation &quot;kegiatan&quot; does not exist
LINE 1: SELECT * FROM kegiatan WHERE rl='3.5'
                      ^ in /var/www/html/SIMRSHEBAT/system/Database/Postgre/Connection.php:147
Stack trace:
#0 [internal function]: CodeIgniter\Debug\Exceptions->errorHandler()
#1 /var/www/html/SIMRSHEBAT/system/Database/Postgre/Connection.php(147): pg_query()
#2 /var/www/html/SIMRSHEBAT/system/Database/BaseConnection.php(691): CodeIgniter\Database\Postgre\Connection->execute()
#3 /var/www/html/SIMRSHEBAT/system/Database/BaseConnection.php(605): CodeIgniter\Database\BaseConnection->simpleQuery()
#4 /var/www/html/SIMRSHEBAT/app/Controllers/Assesmentbos.php(169): CodeIgniter\Database\BaseConnection->query()
#5 /var/www/html/SIMRSHEBAT/system/CodeIgniter.php(934): App\Controllers\Assesmentbos->Rlkegiatan35()
#6 /var/www/html/SIMRSHEBAT/system/CodeIgniter.php(499): CodeIgniter\CodeIgniter->runController()
#7 /var/www/html/SIMRSHEBAT/system/CodeIgniter.php(368): CodeIgniter\CodeIgniter->handleRequest()
#8 /var/www/html/SIMRSHEBAT/index.php(67): CodeIgniter\CodeIgniter->run()
#9 {main}
CRITICAL - 2024-11-13 07:42:31 --> Call to a member function getResult() on bool
in APPPATH/Controllers/Assesmentbos.php on line 171.
 1 SYSTEMPATH/CodeIgniter.php(934): App\Controllers\Assesmentbos->Rlkegiatan35()
 2 SYSTEMPATH/CodeIgniter.php(499): CodeIgniter\CodeIgniter->runController()
 3 SYSTEMPATH/CodeIgniter.php(368): CodeIgniter\CodeIgniter->handleRequest()
 4 FCPATH/index.php(67): CodeIgniter\CodeIgniter->run()
INFO - 2024-11-13 08:32:23 --> Session: Class initialized using 'CodeIgniter\Session\Handlers\FileHandler' driver.
WARNING - 2024-11-13 08:53:23 --> [DEPRECATED] Creation of dynamic property App\Controllers\User::$db is deprecated in APPPATH/Controllers/Api.php on line 8.
 1 SYSTEMPATH/CodeIgniter.php(906): App\Controllers\Api->__construct()
 2 SYSTEMPATH/CodeIgniter.php(490): CodeIgniter\CodeIgniter->createController()
 3 SYSTEMPATH/CodeIgniter.php(368): CodeIgniter\CodeIgniter->handleRequest(null, Object(Config\Cache), false)
 4 FCPATH/index.php(67): CodeIgniter\CodeIgniter->run()
WARNING - 2024-11-13 08:53:23 --> [DEPRECATED] Creation of dynamic property App\Controllers\User::$simrs is deprecated in APPPATH/Controllers/Api.php on line 9.
 1 SYSTEMPATH/CodeIgniter.php(906): App\Controllers\Api->__construct()
 2 SYSTEMPATH/CodeIgniter.php(490): CodeIgniter\CodeIgniter->createController()
 3 SYSTEMPATH/CodeIgniter.php(368): CodeIgniter\CodeIgniter->handleRequest(null, Object(Config\Cache), false)
 4 FCPATH/index.php(67): CodeIgniter\CodeIgniter->run()
WARNING - 2024-11-13 08:53:23 --> [DEPRECATED] Creation of dynamic property App\Controllers\User::$db is deprecated in APPPATH/Controllers/Api.php on line 8.
 1 SYSTEMPATH/CodeIgniter.php(906): App\Controllers\Api->__construct()
 2 SYSTEMPATH/CodeIgniter.php(490): CodeIgniter\CodeIgniter->createController()
 3 SYSTEMPATH/CodeIgniter.php(368): CodeIgniter\CodeIgniter->handleRequest(null, Object(Config\Cache), false)
 4 FCPATH/index.php(67): CodeIgniter\CodeIgniter->run()
WARNING - 2024-11-13 08:53:23 --> [DEPRECATED] Creation of dynamic property App\Controllers\User::$simrs is deprecated in APPPATH/Controllers/Api.php on line 9.
 1 SYSTEMPATH/CodeIgniter.php(906): App\Controllers\Api->__construct()
 2 SYSTEMPATH/CodeIgniter.php(490): CodeIgniter\CodeIgniter->createController()
 3 SYSTEMPATH/CodeIgniter.php(368): CodeIgniter\CodeIgniter->handleRequest(null, Object(Config\Cache), false)
 4 FCPATH/index.php(67): CodeIgniter\CodeIgniter->run()
WARNING - 2024-11-13 08:53:23 --> [DEPRECATED] Creation of dynamic property App\Controllers\Laporan::$db is deprecated in APPPATH/Controllers/Api.php on line 8.
 1 SYSTEMPATH/CodeIgniter.php(906): App\Controllers\Api->__construct()
 2 SYSTEMPATH/CodeIgniter.php(490): CodeIgniter\CodeIgniter->createController()
 3 SYSTEMPATH/CodeIgniter.php(368): CodeIgniter\CodeIgniter->handleRequest(null, Object(Config\Cache), false)
 4 FCPATH/index.php(67): CodeIgniter\CodeIgniter->run()
WARNING - 2024-11-13 08:53:23 --> [DEPRECATED] Creation of dynamic property App\Controllers\Laporan::$simrs is deprecated in APPPATH/Controllers/Api.php on line 9.
 1 SYSTEMPATH/CodeIgniter.php(906): App\Controllers\Api->__construct()
 2 SYSTEMPATH/CodeIgniter.php(490): CodeIgniter\CodeIgniter->createController()
 3 SYSTEMPATH/CodeIgniter.php(368): CodeIgniter\CodeIgniter->handleRequest(null, Object(Config\Cache), false)
 4 FCPATH/index.php(67): CodeIgniter\CodeIgniter->run()
WARNING - 2024-11-13 08:53:23 --> [DEPRECATED] Creation of dynamic property App\Controllers\User::$db is deprecated in APPPATH/Controllers/Api.php on line 8.
 1 SYSTEMPATH/CodeIgniter.php(906): App\Controllers\Api->__construct()
 2 SYSTEMPATH/CodeIgniter.php(490): CodeIgniter\CodeIgniter->createController()
 3 SYSTEMPATH/CodeIgniter.php(368): CodeIgniter\CodeIgniter->handleRequest(null, Object(Config\Cache), false)
 4 FCPATH/index.php(67): CodeIgniter\CodeIgniter->run()
WARNING - 2024-11-13 08:53:23 --> [DEPRECATED] Creation of dynamic property App\Controllers\User::$simrs is deprecated in APPPATH/Controllers/Api.php on line 9.
 1 SYSTEMPATH/CodeIgniter.php(906): App\Controllers\Api->__construct()
 2 SYSTEMPATH/CodeIgniter.php(490): CodeIgniter\CodeIgniter->createController()
 3 SYSTEMPATH/CodeIgniter.php(368): CodeIgniter\CodeIgniter->handleRequest(null, Object(Config\Cache), false)
 4 FCPATH/index.php(67): CodeIgniter\CodeIgniter->run()
WARNING - 2024-11-13 08:53:23 --> [DEPRECATED] Creation of dynamic property App\Controllers\User::$db is deprecated in APPPATH/Controllers/Api.php on line 8.
 1 SYSTEMPATH/CodeIgniter.php(906): App\Controllers\Api->__construct()
 2 SYSTEMPATH/CodeIgniter.php(490): CodeIgniter\CodeIgniter->createController()
 3 SYSTEMPATH/CodeIgniter.php(368): CodeIgniter\CodeIgniter->handleRequest(null, Object(Config\Cache), false)
 4 FCPATH/index.php(67): CodeIgniter\CodeIgniter->run()
WARNING - 2024-11-13 08:53:23 --> [DEPRECATED] Creation of dynamic property App\Controllers\User::$simrs is deprecated in APPPATH/Controllers/Api.php on line 9.
 1 SYSTEMPATH/CodeIgniter.php(906): App\Controllers\Api->__construct()
 2 SYSTEMPATH/CodeIgniter.php(490): CodeIgniter\CodeIgniter->createController()
 3 SYSTEMPATH/CodeIgniter.php(368): CodeIgniter\CodeIgniter->handleRequest(null, Object(Config\Cache), false)
 4 FCPATH/index.php(67): CodeIgniter\CodeIgniter->run()
INFO - 2024-11-13 09:33:15 --> Session: Class initialized using 'CodeIgniter\Session\Handlers\FileHandler' driver.
WARNING - 2024-11-13 09:33:16 --> [DEPRECATED] Creation of dynamic property App\Controllers\User::$db is deprecated in APPPATH/Controllers/Api.php on line 8.
 1 SYSTEMPATH/CodeIgniter.php(906): App\Controllers\Api->__construct()
 2 SYSTEMPATH/CodeIgniter.php(490): CodeIgniter\CodeIgniter->createController()
 3 SYSTEMPATH/CodeIgniter.php(368): CodeIgniter\CodeIgniter->handleRequest(null, Object(Config\Cache), false)
 4 FCPATH/index.php(67): CodeIgniter\CodeIgniter->run()
WARNING - 2024-11-13 09:33:16 --> [DEPRECATED] Creation of dynamic property App\Controllers\User::$simrs is deprecated in APPPATH/Controllers/Api.php on line 9.
 1 SYSTEMPATH/CodeIgniter.php(906): App\Controllers\Api->__construct()
 2 SYSTEMPATH/CodeIgniter.php(490): CodeIgniter\CodeIgniter->createController()
 3 SYSTEMPATH/CodeIgniter.php(368): CodeIgniter\CodeIgniter->handleRequest(null, Object(Config\Cache), false)
 4 FCPATH/index.php(67): CodeIgniter\CodeIgniter->run()
WARNING - 2024-11-13 09:33:16 --> [DEPRECATED] Creation of dynamic property App\Controllers\Laporan::$db is deprecated in APPPATH/Controllers/Api.php on line 8.
 1 SYSTEMPATH/CodeIgniter.php(906): App\Controllers\Api->__construct()
 2 SYSTEMPATH/CodeIgniter.php(490): CodeIgniter\CodeIgniter->createController()
 3 SYSTEMPATH/CodeIgniter.php(368): CodeIgniter\CodeIgniter->handleRequest(null, Object(Config\Cache), false)
 4 FCPATH/index.php(67): CodeIgniter\CodeIgniter->run()
WARNING - 2024-11-13 09:33:16 --> [DEPRECATED] Creation of dynamic property App\Controllers\Laporan::$simrs is deprecated in APPPATH/Controllers/Api.php on line 9.
 1 SYSTEMPATH/CodeIgniter.php(906): App\Controllers\Api->__construct()
 2 SYSTEMPATH/CodeIgniter.php(490): CodeIgniter\CodeIgniter->createController()
 3 SYSTEMPATH/CodeIgniter.php(368): CodeIgniter\CodeIgniter->handleRequest(null, Object(Config\Cache), false)
 4 FCPATH/index.php(67): CodeIgniter\CodeIgniter->run()
WARNING - 2024-11-13 09:33:16 --> [DEPRECATED] Creation of dynamic property App\Controllers\User::$db is deprecated in APPPATH/Controllers/Api.php on line 8.
 1 SYSTEMPATH/CodeIgniter.php(906): App\Controllers\Api->__construct()
 2 SYSTEMPATH/CodeIgniter.php(490): CodeIgniter\CodeIgniter->createController()
 3 SYSTEMPATH/CodeIgniter.php(368): CodeIgniter\CodeIgniter->handleRequest(null, Object(Config\Cache), false)
 4 FCPATH/index.php(67): CodeIgniter\CodeIgniter->run()
WARNING - 2024-11-13 09:33:16 --> [DEPRECATED] Creation of dynamic property App\Controllers\User::$simrs is deprecated in APPPATH/Controllers/Api.php on line 9.
 1 SYSTEMPATH/CodeIgniter.php(906): App\Controllers\Api->__construct()
 2 SYSTEMPATH/CodeIgniter.php(490): CodeIgniter\CodeIgniter->createController()
 3 SYSTEMPATH/CodeIgniter.php(368): CodeIgniter\CodeIgniter->handleRequest(null, Object(Config\Cache), false)
 4 FCPATH/index.php(67): CodeIgniter\CodeIgniter->run()
WARNING - 2024-11-13 09:33:16 --> [DEPRECATED] Creation of dynamic property App\Controllers\User::$db is deprecated in APPPATH/Controllers/Api.php on line 8.
 1 SYSTEMPATH/CodeIgniter.php(906): App\Controllers\Api->__construct()
 2 SYSTEMPATH/CodeIgniter.php(490): CodeIgniter\CodeIgniter->createController()
 3 SYSTEMPATH/CodeIgniter.php(368): CodeIgniter\CodeIgniter->handleRequest(null, Object(Config\Cache), false)
 4 FCPATH/index.php(67): CodeIgniter\CodeIgniter->run()
WARNING - 2024-11-13 09:33:16 --> [DEPRECATED] Creation of dynamic property App\Controllers\User::$simrs is deprecated in APPPATH/Controllers/Api.php on line 9.
 1 SYSTEMPATH/CodeIgniter.php(906): App\Controllers\Api->__construct()
 2 SYSTEMPATH/CodeIgniter.php(490): CodeIgniter\CodeIgniter->createController()
 3 SYSTEMPATH/CodeIgniter.php(368): CodeIgniter\CodeIgniter->handleRequest(null, Object(Config\Cache), false)
 4 FCPATH/index.php(67): CodeIgniter\CodeIgniter->run()
WARNING - 2024-11-13 09:33:20 --> [DEPRECATED] Creation of dynamic property App\Controllers\Rekammedisirna::$db is deprecated in APPPATH/Controllers/Api.php on line 8.
 1 SYSTEMPATH/CodeIgniter.php(906): App\Controllers\Api->__construct()
 2 SYSTEMPATH/CodeIgniter.php(490): CodeIgniter\CodeIgniter->createController()
 3 SYSTEMPATH/CodeIgniter.php(368): CodeIgniter\CodeIgniter->handleRequest(null, Object(Config\Cache), false)
 4 FCPATH/index.php(67): CodeIgniter\CodeIgniter->run()
WARNING - 2024-11-13 09:33:20 --> [DEPRECATED] Creation of dynamic property App\Controllers\Rekammedisirna::$simrs is deprecated in APPPATH/Controllers/Api.php on line 9.
 1 SYSTEMPATH/CodeIgniter.php(906): App\Controllers\Api->__construct()
 2 SYSTEMPATH/CodeIgniter.php(490): CodeIgniter\CodeIgniter->createController()
 3 SYSTEMPATH/CodeIgniter.php(368): CodeIgniter\CodeIgniter->handleRequest(null, Object(Config\Cache), false)
 4 FCPATH/index.php(67): CodeIgniter\CodeIgniter->run()
WARNING - 2024-11-13 09:33:20 --> [DEPRECATED] Creation of dynamic property App\Controllers\Rekammedisirna::$db is deprecated in APPPATH/Controllers/Api.php on line 8.
 1 SYSTEMPATH/CodeIgniter.php(906): App\Controllers\Api->__construct()
 2 SYSTEMPATH/CodeIgniter.php(490): CodeIgniter\CodeIgniter->createController()
 3 SYSTEMPATH/CodeIgniter.php(368): CodeIgniter\CodeIgniter->handleRequest(null, Object(Config\Cache), false)
 4 FCPATH/index.php(67): CodeIgniter\CodeIgniter->run()
WARNING - 2024-11-13 09:33:20 --> [DEPRECATED] Creation of dynamic property App\Controllers\Rekammedisirna::$db is deprecated in APPPATH/Controllers/Api.php on line 8.
 1 SYSTEMPATH/CodeIgniter.php(906): App\Controllers\Api->__construct()
 2 SYSTEMPATH/CodeIgniter.php(490): CodeIgniter\CodeIgniter->createController()
 3 SYSTEMPATH/CodeIgniter.php(368): CodeIgniter\CodeIgniter->handleRequest(null, Object(Config\Cache), false)
 4 FCPATH/index.php(67): CodeIgniter\CodeIgniter->run()
WARNING - 2024-11-13 09:33:20 --> [DEPRECATED] Creation of dynamic property App\Controllers\Rekammedisirna::$simrs is deprecated in APPPATH/Controllers/Api.php on line 9.
 1 SYSTEMPATH/CodeIgniter.php(906): App\Controllers\Api->__construct()
 2 SYSTEMPATH/CodeIgniter.php(490): CodeIgniter\CodeIgniter->createController()
 3 SYSTEMPATH/CodeIgniter.php(368): CodeIgniter\CodeIgniter->handleRequest(null, Object(Config\Cache), false)
 4 FCPATH/index.php(67): CodeIgniter\CodeIgniter->run()
WARNING - 2024-11-13 09:33:20 --> [DEPRECATED] Creation of dynamic property App\Controllers\Rekammedisirna::$simrs is deprecated in APPPATH/Controllers/Api.php on line 9.
 1 SYSTEMPATH/CodeIgniter.php(906): App\Controllers\Api->__construct()
 2 SYSTEMPATH/CodeIgniter.php(490): CodeIgniter\CodeIgniter->createController()
 3 SYSTEMPATH/CodeIgniter.php(368): CodeIgniter\CodeIgniter->handleRequest(null, Object(Config\Cache), false)
 4 FCPATH/index.php(67): CodeIgniter\CodeIgniter->run()
WARNING - 2024-11-13 09:33:22 --> [DEPRECATED] Creation of dynamic property App\Controllers\Rekammedisirja::$db is deprecated in APPPATH/Controllers/Api.php on line 8.
 1 SYSTEMPATH/CodeIgniter.php(906): App\Controllers\Api->__construct()
 2 SYSTEMPATH/CodeIgniter.php(490): CodeIgniter\CodeIgniter->createController()
 3 SYSTEMPATH/CodeIgniter.php(368): CodeIgniter\CodeIgniter->handleRequest(null, Object(Config\Cache), false)
 4 FCPATH/index.php(67): CodeIgniter\CodeIgniter->run()
WARNING - 2024-11-13 09:33:22 --> [DEPRECATED] Creation of dynamic property App\Controllers\Rekammedisirja::$db is deprecated in APPPATH/Controllers/Api.php on line 8.
 1 SYSTEMPATH/CodeIgniter.php(906): App\Controllers\Api->__construct()
 2 SYSTEMPATH/CodeIgniter.php(490): CodeIgniter\CodeIgniter->createController()
 3 SYSTEMPATH/CodeIgniter.php(368): CodeIgniter\CodeIgniter->handleRequest(null, Object(Config\Cache), false)
 4 FCPATH/index.php(67): CodeIgniter\CodeIgniter->run()
WARNING - 2024-11-13 09:33:22 --> [DEPRECATED] Creation of dynamic property App\Controllers\Rekammedisirja::$simrs is deprecated in APPPATH/Controllers/Api.php on line 9.
 1 SYSTEMPATH/CodeIgniter.php(906): App\Controllers\Api->__construct()
 2 SYSTEMPATH/CodeIgniter.php(490): CodeIgniter\CodeIgniter->createController()
 3 SYSTEMPATH/CodeIgniter.php(368): CodeIgniter\CodeIgniter->handleRequest(null, Object(Config\Cache), false)
 4 FCPATH/index.php(67): CodeIgniter\CodeIgniter->run()
WARNING - 2024-11-13 09:33:22 --> [DEPRECATED] Creation of dynamic property App\Controllers\Rekammedisirja::$simrs is deprecated in APPPATH/Controllers/Api.php on line 9.
 1 SYSTEMPATH/CodeIgniter.php(906): App\Controllers\Api->__construct()
 2 SYSTEMPATH/CodeIgniter.php(490): CodeIgniter\CodeIgniter->createController()
 3 SYSTEMPATH/CodeIgniter.php(368): CodeIgniter\CodeIgniter->handleRequest(null, Object(Config\Cache), false)
 4 FCPATH/index.php(67): CodeIgniter\CodeIgniter->run()
WARNING - 2024-11-13 09:33:22 --> [DEPRECATED] Creation of dynamic property App\Controllers\Rawatjalan::$db is deprecated in APPPATH/Controllers/Api.php on line 8.
 1 SYSTEMPATH/CodeIgniter.php(906): App\Controllers\Api->__construct()
 2 SYSTEMPATH/CodeIgniter.php(490): CodeIgniter\CodeIgniter->createController()
 3 SYSTEMPATH/CodeIgniter.php(368): CodeIgniter\CodeIgniter->handleRequest(null, Object(Config\Cache), false)
 4 FCPATH/index.php(67): CodeIgniter\CodeIgniter->run()
WARNING - 2024-11-13 09:33:22 --> [DEPRECATED] Creation of dynamic property App\Controllers\Rawatjalan::$simrs is deprecated in APPPATH/Controllers/Api.php on line 9.
 1 SYSTEMPATH/CodeIgniter.php(906): App\Controllers\Api->__construct()
 2 SYSTEMPATH/CodeIgniter.php(490): CodeIgniter\CodeIgniter->createController()
 3 SYSTEMPATH/CodeIgniter.php(368): CodeIgniter\CodeIgniter->handleRequest(null, Object(Config\Cache), false)
 4 FCPATH/index.php(67): CodeIgniter\CodeIgniter->run()
ERROR - 2024-11-13 09:33:22 --> ErrorException: pg_query(): Query failed: ERROR:  column &quot;id_penyakit&quot; specified in USING clause does not exist in left table in /var/www/html/SIMRSHEBAT/system/Database/Postgre/Connection.php:147
Stack trace:
#0 [internal function]: CodeIgniter\Debug\Exceptions->errorHandler()
#1 /var/www/html/SIMRSHEBAT/system/Database/Postgre/Connection.php(147): pg_query()
#2 /var/www/html/SIMRSHEBAT/system/Database/BaseConnection.php(691): CodeIgniter\Database\Postgre\Connection->execute()
#3 /var/www/html/SIMRSHEBAT/app/Controllers/Rekammedisirja.php(453): CodeIgniter\Database\BaseConnection->simpleQuery()
#4 /var/www/html/SIMRSHEBAT/system/CodeIgniter.php(934): App\Controllers\Rekammedisirja->datamrpenyakitirja()
#5 /var/www/html/SIMRSHEBAT/system/CodeIgniter.php(499): CodeIgniter\CodeIgniter->runController()
#6 /var/www/html/SIMRSHEBAT/system/CodeIgniter.php(368): CodeIgniter\CodeIgniter->handleRequest()
#7 /var/www/html/SIMRSHEBAT/index.php(67): CodeIgniter\CodeIgniter->run()
#8 {main}
ERROR - 2024-11-13 09:33:22 --> ErrorException: pg_query(): Query failed: ERROR:  column &quot;id_kunjungan&quot; does not exist
LINE 2: ...mr_tindakan inner join icd_9 USING(kd_icd9) where id_kunjung...
                                                             ^ in /var/www/html/SIMRSHEBAT/system/Database/Postgre/Connection.php:147
Stack trace:
#0 [internal function]: CodeIgniter\Debug\Exceptions->errorHandler()
#1 /var/www/html/SIMRSHEBAT/system/Database/Postgre/Connection.php(147): pg_query()
#2 /var/www/html/SIMRSHEBAT/system/Database/BaseConnection.php(691): CodeIgniter\Database\Postgre\Connection->execute()
#3 /var/www/html/SIMRSHEBAT/app/Controllers/Rekammedisirja.php(411): CodeIgniter\Database\BaseConnection->simpleQuery()
#4 /var/www/html/SIMRSHEBAT/system/CodeIgniter.php(934): App\Controllers\Rekammedisirja->datamricd9irja()
#5 /var/www/html/SIMRSHEBAT/system/CodeIgniter.php(499): CodeIgniter\CodeIgniter->runController()
#6 /var/www/html/SIMRSHEBAT/system/CodeIgniter.php(368): CodeIgniter\CodeIgniter->handleRequest()
#7 /var/www/html/SIMRSHEBAT/index.php(67): CodeIgniter\CodeIgniter->run()
#8 {main}
ERROR - 2024-11-13 09:33:22 --> ErrorException: pg_query(): Query failed: ERROR:  column &quot;jenis_pegawai&quot; does not exist
LINE 1: SELECT * FROM pegawai where jenis_pegawai='1'
                                    ^ in /var/www/html/SIMRSHEBAT/system/Database/Postgre/Connection.php:147
Stack trace:
#0 [internal function]: CodeIgniter\Debug\Exceptions->errorHandler()
#1 /var/www/html/SIMRSHEBAT/system/Database/Postgre/Connection.php(147): pg_query()
#2 /var/www/html/SIMRSHEBAT/system/Database/BaseConnection.php(691): CodeIgniter\Database\Postgre\Connection->execute()
#3 /var/www/html/SIMRSHEBAT/system/Database/BaseConnection.php(605): CodeIgniter\Database\BaseConnection->simpleQuery()
#4 /var/www/html/SIMRSHEBAT/app/Controllers/Rawatjalan.php(32): CodeIgniter\Database\BaseConnection->query()
#5 /var/www/html/SIMRSHEBAT/system/CodeIgniter.php(934): App\Controllers\Rawatjalan->pegawai()
#6 /var/www/html/SIMRSHEBAT/system/CodeIgniter.php(499): CodeIgniter\CodeIgniter->runController()
#7 /var/www/html/SIMRSHEBAT/system/CodeIgniter.php(368): CodeIgniter\CodeIgniter->handleRequest()
#8 /var/www/html/SIMRSHEBAT/index.php(67): CodeIgniter\CodeIgniter->run()
#9 {main}
CRITICAL - 2024-11-13 09:33:22 --> Call to a member function getResult() on bool
in APPPATH/Controllers/Rawatjalan.php on line 35.
 1 SYSTEMPATH/CodeIgniter.php(934): App\Controllers\Rawatjalan->pegawai()
 2 SYSTEMPATH/CodeIgniter.php(499): CodeIgniter\CodeIgniter->runController()
 3 SYSTEMPATH/CodeIgniter.php(368): CodeIgniter\CodeIgniter->handleRequest()
 4 FCPATH/index.php(67): CodeIgniter\CodeIgniter->run()
WARNING - 2024-11-13 09:33:22 --> [DEPRECATED] Creation of dynamic property App\Controllers\Lab::$db is deprecated in APPPATH/Controllers/Api.php on line 8.
 1 SYSTEMPATH/CodeIgniter.php(906): App\Controllers\Api->__construct()
 2 SYSTEMPATH/CodeIgniter.php(490): CodeIgniter\CodeIgniter->createController()
 3 SYSTEMPATH/CodeIgniter.php(368): CodeIgniter\CodeIgniter->handleRequest(null, Object(Config\Cache), false)
 4 FCPATH/index.php(67): CodeIgniter\CodeIgniter->run()
WARNING - 2024-11-13 09:33:22 --> [DEPRECATED] Creation of dynamic property App\Controllers\Lab::$simrs is deprecated in APPPATH/Controllers/Api.php on line 9.
 1 SYSTEMPATH/CodeIgniter.php(906): App\Controllers\Api->__construct()
 2 SYSTEMPATH/CodeIgniter.php(490): CodeIgniter\CodeIgniter->createController()
 3 SYSTEMPATH/CodeIgniter.php(368): CodeIgniter\CodeIgniter->handleRequest(null, Object(Config\Cache), false)
 4 FCPATH/index.php(67): CodeIgniter\CodeIgniter->run()
WARNING - 2024-11-13 09:33:22 --> [DEPRECATED] Creation of dynamic property App\Controllers\Lab::$db is deprecated in APPPATH/Controllers/Api.php on line 8.
 1 SYSTEMPATH/CodeIgniter.php(906): App\Controllers\Api->__construct()
 2 SYSTEMPATH/CodeIgniter.php(490): CodeIgniter\CodeIgniter->createController()
 3 SYSTEMPATH/CodeIgniter.php(368): CodeIgniter\CodeIgniter->handleRequest(null, Object(Config\Cache), false)
 4 FCPATH/index.php(67): CodeIgniter\CodeIgniter->run()
WARNING - 2024-11-13 09:33:22 --> [DEPRECATED] Creation of dynamic property App\Controllers\Lab::$simrs is deprecated in APPPATH/Controllers/Api.php on line 9.
 1 SYSTEMPATH/CodeIgniter.php(906): App\Controllers\Api->__construct()
 2 SYSTEMPATH/CodeIgniter.php(490): CodeIgniter\CodeIgniter->createController()
 3 SYSTEMPATH/CodeIgniter.php(368): CodeIgniter\CodeIgniter->handleRequest(null, Object(Config\Cache), false)
 4 FCPATH/index.php(67): CodeIgniter\CodeIgniter->run()
WARNING - 2024-11-13 09:33:22 --> [DEPRECATED] Creation of dynamic property App\Controllers\Lab::$db is deprecated in APPPATH/Controllers/Api.php on line 8.
 1 SYSTEMPATH/CodeIgniter.php(906): App\Controllers\Api->__construct()
 2 SYSTEMPATH/CodeIgniter.php(490): CodeIgniter\CodeIgniter->createController()
 3 SYSTEMPATH/CodeIgniter.php(368): CodeIgniter\CodeIgniter->handleRequest(null, Object(Config\Cache), false)
 4 FCPATH/index.php(67): CodeIgniter\CodeIgniter->run()
WARNING - 2024-11-13 09:33:22 --> [DEPRECATED] Creation of dynamic property App\Controllers\Lab::$simrs is deprecated in APPPATH/Controllers/Api.php on line 9.
 1 SYSTEMPATH/CodeIgniter.php(906): App\Controllers\Api->__construct()
 2 SYSTEMPATH/CodeIgniter.php(490): CodeIgniter\CodeIgniter->createController()
 3 SYSTEMPATH/CodeIgniter.php(368): CodeIgniter\CodeIgniter->handleRequest(null, Object(Config\Cache), false)
 4 FCPATH/index.php(67): CodeIgniter\CodeIgniter->run()
ERROR - 2024-11-13 09:33:22 --> ErrorException: pg_query(): Query failed: ERROR:  column &quot;id_jenis_produk&quot; does not exist
LINE 1: SELECT * from produk WHERE id_jenis_produk='3' 
                                   ^ in /var/www/html/SIMRSHEBAT/system/Database/Postgre/Connection.php:147
Stack trace:
#0 [internal function]: CodeIgniter\Debug\Exceptions->errorHandler()
#1 /var/www/html/SIMRSHEBAT/system/Database/Postgre/Connection.php(147): pg_query()
#2 /var/www/html/SIMRSHEBAT/system/Database/BaseConnection.php(691): CodeIgniter\Database\Postgre\Connection->execute()
#3 /var/www/html/SIMRSHEBAT/system/Database/BaseConnection.php(605): CodeIgniter\Database\BaseConnection->simpleQuery()
#4 /var/www/html/SIMRSHEBAT/app/Controllers/Lab.php(447): CodeIgniter\Database\BaseConnection->query()
#5 /var/www/html/SIMRSHEBAT/system/CodeIgniter.php(934): App\Controllers\Lab->produk()
#6 /var/www/html/SIMRSHEBAT/system/CodeIgniter.php(499): CodeIgniter\CodeIgniter->runController()
#7 /var/www/html/SIMRSHEBAT/system/CodeIgniter.php(368): CodeIgniter\CodeIgniter->handleRequest()
#8 /var/www/html/SIMRSHEBAT/index.php(67): CodeIgniter\CodeIgniter->run()
#9 {main}
CRITICAL - 2024-11-13 09:33:22 --> Call to a member function getResult() on bool
in APPPATH/Controllers/Lab.php on line 447.
 1 SYSTEMPATH/CodeIgniter.php(934): App\Controllers\Lab->produk()
 2 SYSTEMPATH/CodeIgniter.php(499): CodeIgniter\CodeIgniter->runController()
 3 SYSTEMPATH/CodeIgniter.php(368): CodeIgniter\CodeIgniter->handleRequest()
 4 FCPATH/index.php(67): CodeIgniter\CodeIgniter->run()
ERROR - 2024-11-13 09:33:22 --> ErrorException: pg_query(): Query failed: ERROR:  function left(integer, integer) does not exist
LINE 1: SELECT * from produk WHERE left(kd_produk,2)='XR' 
                                   ^
HINT:  No function matches the given name and argument types. You might need to add explicit type casts. in /var/www/html/SIMRSHEBAT/system/Database/Postgre/Connection.php:147
Stack trace:
#0 [internal function]: CodeIgniter\Debug\Exceptions->errorHandler()
#1 /var/www/html/SIMRSHEBAT/system/Database/Postgre/Connection.php(147): pg_query()
#2 /var/www/html/SIMRSHEBAT/system/Database/BaseConnection.php(691): CodeIgniter\Database\Postgre\Connection->execute()
#3 /var/www/html/SIMRSHEBAT/system/Database/BaseConnection.php(605): CodeIgniter\Database\BaseConnection->simpleQuery()
#4 /var/www/html/SIMRSHEBAT/app/Controllers/Lab.php(465): CodeIgniter\Database\BaseConnection->query()
#5 /var/www/html/SIMRSHEBAT/system/CodeIgniter.php(934): App\Controllers\Lab->produkRad()
#6 /var/www/html/SIMRSHEBAT/system/CodeIgniter.php(499): CodeIgniter\CodeIgniter->runController()
#7 /var/www/html/SIMRSHEBAT/system/CodeIgniter.php(368): CodeIgniter\CodeIgniter->handleRequest()
#8 /var/www/html/SIMRSHEBAT/index.php(67): CodeIgniter\CodeIgniter->run()
#9 {main}
CRITICAL - 2024-11-13 09:33:22 --> Call to a member function getResult() on bool
in APPPATH/Controllers/Lab.php on line 465.
 1 SYSTEMPATH/CodeIgniter.php(934): App\Controllers\Lab->produkRad()
 2 SYSTEMPATH/CodeIgniter.php(499): CodeIgniter\CodeIgniter->runController()
 3 SYSTEMPATH/CodeIgniter.php(368): CodeIgniter\CodeIgniter->handleRequest()
 4 FCPATH/index.php(67): CodeIgniter\CodeIgniter->run()
ERROR - 2024-11-13 09:33:22 --> ErrorException: pg_query(): Query failed: ERROR:  function left(integer, integer) does not exist
LINE 1: SELECT * from produk WHERE left(kd_produk,2)='CT' 
                                   ^
HINT:  No function matches the given name and argument types. You might need to add explicit type casts. in /var/www/html/SIMRSHEBAT/system/Database/Postgre/Connection.php:147
Stack trace:
#0 [internal function]: CodeIgniter\Debug\Exceptions->errorHandler()
#1 /var/www/html/SIMRSHEBAT/system/Database/Postgre/Connection.php(147): pg_query()
#2 /var/www/html/SIMRSHEBAT/system/Database/BaseConnection.php(691): CodeIgniter\Database\Postgre\Connection->execute()
#3 /var/www/html/SIMRSHEBAT/system/Database/BaseConnection.php(605): CodeIgniter\Database\BaseConnection->simpleQuery()
#4 /var/www/html/SIMRSHEBAT/app/Controllers/Lab.php(465): CodeIgniter\Database\BaseConnection->query()
#5 /var/www/html/SIMRSHEBAT/system/CodeIgniter.php(934): App\Controllers\Lab->produkRad()
#6 /var/www/html/SIMRSHEBAT/system/CodeIgniter.php(499): CodeIgniter\CodeIgniter->runController()
#7 /var/www/html/SIMRSHEBAT/system/CodeIgniter.php(368): CodeIgniter\CodeIgniter->handleRequest()
#8 /var/www/html/SIMRSHEBAT/index.php(67): CodeIgniter\CodeIgniter->run()
#9 {main}
CRITICAL - 2024-11-13 09:33:22 --> Call to a member function getResult() on bool
in APPPATH/Controllers/Lab.php on line 465.
 1 SYSTEMPATH/CodeIgniter.php(934): App\Controllers\Lab->produkRad()
 2 SYSTEMPATH/CodeIgniter.php(499): CodeIgniter\CodeIgniter->runController()
 3 SYSTEMPATH/CodeIgniter.php(368): CodeIgniter\CodeIgniter->handleRequest()
 4 FCPATH/index.php(67): CodeIgniter\CodeIgniter->run()
WARNING - 2024-11-13 09:33:22 --> [DEPRECATED] Creation of dynamic property App\Controllers\Rekammedisirna::$db is deprecated in APPPATH/Controllers/Api.php on line 8.
 1 SYSTEMPATH/CodeIgniter.php(906): App\Controllers\Api->__construct()
 2 SYSTEMPATH/CodeIgniter.php(490): CodeIgniter\CodeIgniter->createController()
 3 SYSTEMPATH/CodeIgniter.php(368): CodeIgniter\CodeIgniter->handleRequest(null, Object(Config\Cache), false)
 4 FCPATH/index.php(67): CodeIgniter\CodeIgniter->run()
WARNING - 2024-11-13 09:33:22 --> [DEPRECATED] Creation of dynamic property App\Controllers\Rekammedisirna::$simrs is deprecated in APPPATH/Controllers/Api.php on line 9.
 1 SYSTEMPATH/CodeIgniter.php(906): App\Controllers\Api->__construct()
 2 SYSTEMPATH/CodeIgniter.php(490): CodeIgniter\CodeIgniter->createController()
 3 SYSTEMPATH/CodeIgniter.php(368): CodeIgniter\CodeIgniter->handleRequest(null, Object(Config\Cache), false)
 4 FCPATH/index.php(67): CodeIgniter\CodeIgniter->run()
WARNING - 2024-11-13 09:33:22 --> [DEPRECATED] Creation of dynamic property App\Controllers\Lab::$db is deprecated in APPPATH/Controllers/Api.php on line 8.
 1 SYSTEMPATH/CodeIgniter.php(906): App\Controllers\Api->__construct()
 2 SYSTEMPATH/CodeIgniter.php(490): CodeIgniter\CodeIgniter->createController()
 3 SYSTEMPATH/CodeIgniter.php(368): CodeIgniter\CodeIgniter->handleRequest(null, Object(Config\Cache), false)
 4 FCPATH/index.php(67): CodeIgniter\CodeIgniter->run()
WARNING - 2024-11-13 09:33:22 --> [DEPRECATED] Creation of dynamic property App\Controllers\Lab::$simrs is deprecated in APPPATH/Controllers/Api.php on line 9.
 1 SYSTEMPATH/CodeIgniter.php(906): App\Controllers\Api->__construct()
 2 SYSTEMPATH/CodeIgniter.php(490): CodeIgniter\CodeIgniter->createController()
 3 SYSTEMPATH/CodeIgniter.php(368): CodeIgniter\CodeIgniter->handleRequest(null, Object(Config\Cache), false)
 4 FCPATH/index.php(67): CodeIgniter\CodeIgniter->run()
WARNING - 2024-11-13 09:33:22 --> [DEPRECATED] Creation of dynamic property App\Controllers\Kunjungan::$db is deprecated in APPPATH/Controllers/Api.php on line 8.
 1 SYSTEMPATH/CodeIgniter.php(906): App\Controllers\Api->__construct()
 2 SYSTEMPATH/CodeIgniter.php(490): CodeIgniter\CodeIgniter->createController()
 3 SYSTEMPATH/CodeIgniter.php(368): CodeIgniter\CodeIgniter->handleRequest(null, Object(Config\Cache), false)
 4 FCPATH/index.php(67): CodeIgniter\CodeIgniter->run()
WARNING - 2024-11-13 09:33:22 --> [DEPRECATED] Creation of dynamic property App\Controllers\Kunjungan::$simrs is deprecated in APPPATH/Controllers/Api.php on line 9.
 1 SYSTEMPATH/CodeIgniter.php(906): App\Controllers\Api->__construct()
 2 SYSTEMPATH/CodeIgniter.php(490): CodeIgniter\CodeIgniter->createController()
 3 SYSTEMPATH/CodeIgniter.php(368): CodeIgniter\CodeIgniter->handleRequest(null, Object(Config\Cache), false)
 4 FCPATH/index.php(67): CodeIgniter\CodeIgniter->run()
ERROR - 2024-11-13 09:33:22 --> ErrorException: pg_query(): Query failed: ERROR:  relation &quot;order_lab&quot; does not exist
LINE 2:         order_lab o inner join
                ^ in /var/www/html/SIMRSHEBAT/system/Database/Postgre/Connection.php:147
Stack trace:
#0 [internal function]: CodeIgniter\Debug\Exceptions->errorHandler()
#1 /var/www/html/SIMRSHEBAT/system/Database/Postgre/Connection.php(147): pg_query()
#2 /var/www/html/SIMRSHEBAT/system/Database/BaseConnection.php(691): CodeIgniter\Database\Postgre\Connection->execute()
#3 /var/www/html/SIMRSHEBAT/app/Controllers/Rekammedisirna.php(878): CodeIgniter\Database\BaseConnection->simpleQuery()
#4 /var/www/html/SIMRSHEBAT/system/CodeIgniter.php(934): App\Controllers\Rekammedisirna->datapenunjangpasienirna()
#5 /var/www/html/SIMRSHEBAT/system/CodeIgniter.php(499): CodeIgniter\CodeIgniter->runController()
#6 /var/www/html/SIMRSHEBAT/system/CodeIgniter.php(368): CodeIgniter\CodeIgniter->handleRequest()
#7 /var/www/html/SIMRSHEBAT/index.php(67): CodeIgniter\CodeIgniter->run()
#8 {main}
ERROR - 2024-11-13 09:33:22 --> ErrorException: pg_query(): Query failed: ERROR:  column &quot;id_penyakit&quot; specified in USING clause does not exist in left table in /var/www/html/SIMRSHEBAT/system/Database/Postgre/Connection.php:147
Stack trace:
#0 [internal function]: CodeIgniter\Debug\Exceptions->errorHandler()
#1 /var/www/html/SIMRSHEBAT/system/Database/Postgre/Connection.php(147): pg_query()
#2 /var/www/html/SIMRSHEBAT/system/Database/BaseConnection.php(691): CodeIgniter\Database\Postgre\Connection->execute()
#3 /var/www/html/SIMRSHEBAT/app/Controllers/Kunjungan.php(585): CodeIgniter\Database\BaseConnection->simpleQuery()
#4 /var/www/html/SIMRSHEBAT/system/CodeIgniter.php(934): App\Controllers\Kunjungan->historipenyakit()
#5 /var/www/html/SIMRSHEBAT/system/CodeIgniter.php(499): CodeIgniter\CodeIgniter->runController()
#6 /var/www/html/SIMRSHEBAT/system/CodeIgniter.php(368): CodeIgniter\CodeIgniter->handleRequest()
#7 /var/www/html/SIMRSHEBAT/index.php(67): CodeIgniter\CodeIgniter->run()
#8 {main}
ERROR - 2024-11-13 09:33:22 --> ErrorException: pg_query(): Query failed: ERROR:  function left(integer, integer) does not exist
LINE 1: SELECT * from produk WHERE left(kd_produk,2)='UR' 
                                   ^
HINT:  No function matches the given name and argument types. You might need to add explicit type casts. in /var/www/html/SIMRSHEBAT/system/Database/Postgre/Connection.php:147
Stack trace:
#0 [internal function]: CodeIgniter\Debug\Exceptions->errorHandler()
#1 /var/www/html/SIMRSHEBAT/system/Database/Postgre/Connection.php(147): pg_query()
#2 /var/www/html/SIMRSHEBAT/system/Database/BaseConnection.php(691): CodeIgniter\Database\Postgre\Connection->execute()
#3 /var/www/html/SIMRSHEBAT/system/Database/BaseConnection.php(605): CodeIgniter\Database\BaseConnection->simpleQuery()
#4 /var/www/html/SIMRSHEBAT/app/Controllers/Lab.php(465): CodeIgniter\Database\BaseConnection->query()
#5 /var/www/html/SIMRSHEBAT/system/CodeIgniter.php(934): App\Controllers\Lab->produkRad()
#6 /var/www/html/SIMRSHEBAT/system/CodeIgniter.php(499): CodeIgniter\CodeIgniter->runController()
#7 /var/www/html/SIMRSHEBAT/system/CodeIgniter.php(368): CodeIgniter\CodeIgniter->handleRequest()
#8 /var/www/html/SIMRSHEBAT/index.php(67): CodeIgniter\CodeIgniter->run()
#9 {main}
CRITICAL - 2024-11-13 09:33:22 --> Call to a member function getResult() on bool
in APPPATH/Controllers/Lab.php on line 465.
 1 SYSTEMPATH/CodeIgniter.php(934): App\Controllers\Lab->produkRad()
 2 SYSTEMPATH/CodeIgniter.php(499): CodeIgniter\CodeIgniter->runController()
 3 SYSTEMPATH/CodeIgniter.php(368): CodeIgniter\CodeIgniter->handleRequest()
 4 FCPATH/index.php(67): CodeIgniter\CodeIgniter->run()
WARNING - 2024-11-13 09:33:22 --> [DEPRECATED] Creation of dynamic property App\Controllers\Kunjungan::$db is deprecated in APPPATH/Controllers/Api.php on line 8.
 1 SYSTEMPATH/CodeIgniter.php(906): App\Controllers\Api->__construct()
 2 SYSTEMPATH/CodeIgniter.php(490): CodeIgniter\CodeIgniter->createController()
 3 SYSTEMPATH/CodeIgniter.php(368): CodeIgniter\CodeIgniter->handleRequest(null, Object(Config\Cache), false)
 4 FCPATH/index.php(67): CodeIgniter\CodeIgniter->run()
WARNING - 2024-11-13 09:33:22 --> [DEPRECATED] Creation of dynamic property App\Controllers\Kunjungan::$simrs is deprecated in APPPATH/Controllers/Api.php on line 9.
 1 SYSTEMPATH/CodeIgniter.php(906): App\Controllers\Api->__construct()
 2 SYSTEMPATH/CodeIgniter.php(490): CodeIgniter\CodeIgniter->createController()
 3 SYSTEMPATH/CodeIgniter.php(368): CodeIgniter\CodeIgniter->handleRequest(null, Object(Config\Cache), false)
 4 FCPATH/index.php(67): CodeIgniter\CodeIgniter->run()
WARNING - 2024-11-13 09:33:22 --> [DEPRECATED] Creation of dynamic property App\Controllers\Datasosial::$db is deprecated in APPPATH/Controllers/Api.php on line 8.
 1 SYSTEMPATH/CodeIgniter.php(906): App\Controllers\Api->__construct()
 2 SYSTEMPATH/CodeIgniter.php(490): CodeIgniter\CodeIgniter->createController()
 3 SYSTEMPATH/CodeIgniter.php(368): CodeIgniter\CodeIgniter->handleRequest(null, Object(Config\Cache), false)
 4 FCPATH/index.php(67): CodeIgniter\CodeIgniter->run()
WARNING - 2024-11-13 09:33:22 --> [DEPRECATED] Creation of dynamic property App\Controllers\Datasosial::$simrs is deprecated in APPPATH/Controllers/Api.php on line 9.
 1 SYSTEMPATH/CodeIgniter.php(906): App\Controllers\Api->__construct()
 2 SYSTEMPATH/CodeIgniter.php(490): CodeIgniter\CodeIgniter->createController()
 3 SYSTEMPATH/CodeIgniter.php(368): CodeIgniter\CodeIgniter->handleRequest(null, Object(Config\Cache), false)
 4 FCPATH/index.php(67): CodeIgniter\CodeIgniter->run()
WARNING - 2024-11-13 09:33:22 --> [DEPRECATED] Creation of dynamic property App\Controllers\Kunjungan::$db is deprecated in APPPATH/Controllers/Api.php on line 8.
 1 SYSTEMPATH/CodeIgniter.php(906): App\Controllers\Api->__construct()
 2 SYSTEMPATH/CodeIgniter.php(490): CodeIgniter\CodeIgniter->createController()
 3 SYSTEMPATH/CodeIgniter.php(368): CodeIgniter\CodeIgniter->handleRequest(null, Object(Config\Cache), false)
 4 FCPATH/index.php(67): CodeIgniter\CodeIgniter->run()
WARNING - 2024-11-13 09:33:22 --> [DEPRECATED] Creation of dynamic property App\Controllers\Kunjungan::$simrs is deprecated in APPPATH/Controllers/Api.php on line 9.
 1 SYSTEMPATH/CodeIgniter.php(906): App\Controllers\Api->__construct()
 2 SYSTEMPATH/CodeIgniter.php(490): CodeIgniter\CodeIgniter->createController()
 3 SYSTEMPATH/CodeIgniter.php(368): CodeIgniter\CodeIgniter->handleRequest(null, Object(Config\Cache), false)
 4 FCPATH/index.php(67): CodeIgniter\CodeIgniter->run()
ERROR - 2024-11-13 09:33:22 --> ErrorException: pg_query(): Query failed: ERROR:  relation &quot;alergi&quot; does not exist
LINE 1: SELECT * from alergi where no_rm='6-90-71-03' 
                      ^ in /var/www/html/SIMRSHEBAT/system/Database/Postgre/Connection.php:147
Stack trace:
#0 [internal function]: CodeIgniter\Debug\Exceptions->errorHandler()
#1 /var/www/html/SIMRSHEBAT/system/Database/Postgre/Connection.php(147): pg_query()
#2 /var/www/html/SIMRSHEBAT/system/Database/BaseConnection.php(691): CodeIgniter\Database\Postgre\Connection->execute()
#3 /var/www/html/SIMRSHEBAT/app/Controllers/Kunjungan.php(632): CodeIgniter\Database\BaseConnection->simpleQuery()
#4 /var/www/html/SIMRSHEBAT/system/CodeIgniter.php(934): App\Controllers\Kunjungan->historialergi()
#5 /var/www/html/SIMRSHEBAT/system/CodeIgniter.php(499): CodeIgniter\CodeIgniter->runController()
#6 /var/www/html/SIMRSHEBAT/system/CodeIgniter.php(368): CodeIgniter\CodeIgniter->handleRequest()
#7 /var/www/html/SIMRSHEBAT/index.php(67): CodeIgniter\CodeIgniter->run()
#8 {main}
WARNING - 2024-11-13 09:33:22 --> [DEPRECATED] Creation of dynamic property App\Controllers\Datasosial::$db is deprecated in APPPATH/Controllers/Api.php on line 8.
 1 SYSTEMPATH/CodeIgniter.php(906): App\Controllers\Api->__construct()
 2 SYSTEMPATH/CodeIgniter.php(490): CodeIgniter\CodeIgniter->createController()
 3 SYSTEMPATH/CodeIgniter.php(368): CodeIgniter\CodeIgniter->handleRequest(null, Object(Config\Cache), false)
 4 FCPATH/index.php(67): CodeIgniter\CodeIgniter->run()
WARNING - 2024-11-13 09:33:22 --> [DEPRECATED] Creation of dynamic property App\Controllers\Datasosial::$simrs is deprecated in APPPATH/Controllers/Api.php on line 9.
 1 SYSTEMPATH/CodeIgniter.php(906): App\Controllers\Api->__construct()
 2 SYSTEMPATH/CodeIgniter.php(490): CodeIgniter\CodeIgniter->createController()
 3 SYSTEMPATH/CodeIgniter.php(368): CodeIgniter\CodeIgniter->handleRequest(null, Object(Config\Cache), false)
 4 FCPATH/index.php(67): CodeIgniter\CodeIgniter->run()
ERROR - 2024-11-13 09:33:22 --> ErrorException: pg_query(): Query failed: ERROR:  column &quot;id_penyakit&quot; specified in USING clause does not exist in left table in /var/www/html/SIMRSHEBAT/system/Database/Postgre/Connection.php:147
Stack trace:
#0 [internal function]: CodeIgniter\Debug\Exceptions->errorHandler()
#1 /var/www/html/SIMRSHEBAT/system/Database/Postgre/Connection.php(147): pg_query()
#2 /var/www/html/SIMRSHEBAT/system/Database/BaseConnection.php(691): CodeIgniter\Database\Postgre\Connection->execute()
#3 /var/www/html/SIMRSHEBAT/app/Controllers/Kunjungan.php(617): CodeIgniter\Database\BaseConnection->simpleQuery()
#4 /var/www/html/SIMRSHEBAT/system/CodeIgniter.php(934): App\Controllers\Kunjungan->historipenyakitkeluarga()
#5 /var/www/html/SIMRSHEBAT/system/CodeIgniter.php(499): CodeIgniter\CodeIgniter->runController()
#6 /var/www/html/SIMRSHEBAT/system/CodeIgniter.php(368): CodeIgniter\CodeIgniter->handleRequest()
#7 /var/www/html/SIMRSHEBAT/index.php(67): CodeIgniter\CodeIgniter->run()
#8 {main}
WARNING - 2024-11-13 09:33:26 --> [DEPRECATED] Creation of dynamic property App\Controllers\Rekammedisirna::$db is deprecated in APPPATH/Controllers/Api.php on line 8.
 1 SYSTEMPATH/CodeIgniter.php(906): App\Controllers\Api->__construct()
 2 SYSTEMPATH/CodeIgniter.php(490): CodeIgniter\CodeIgniter->createController()
 3 SYSTEMPATH/CodeIgniter.php(368): CodeIgniter\CodeIgniter->handleRequest(null, Object(Config\Cache), false)
 4 FCPATH/index.php(67): CodeIgniter\CodeIgniter->run()
WARNING - 2024-11-13 09:33:26 --> [DEPRECATED] Creation of dynamic property App\Controllers\Rekammedisirna::$simrs is deprecated in APPPATH/Controllers/Api.php on line 9.
 1 SYSTEMPATH/CodeIgniter.php(906): App\Controllers\Api->__construct()
 2 SYSTEMPATH/CodeIgniter.php(490): CodeIgniter\CodeIgniter->createController()
 3 SYSTEMPATH/CodeIgniter.php(368): CodeIgniter\CodeIgniter->handleRequest(null, Object(Config\Cache), false)
 4 FCPATH/index.php(67): CodeIgniter\CodeIgniter->run()
CRITICAL - 2024-11-13 09:33:26 --> Undefined property: stdClass::$norm
in APPPATH/Controllers/Rekammedisirna.php on line 1035.
 1 APPPATH/Controllers/Rekammedisirna.php(1035): CodeIgniter\Debug\Exceptions->errorHandler()
 2 SYSTEMPATH/CodeIgniter.php(934): App\Controllers\Rekammedisirna->viewtandavital()
 3 SYSTEMPATH/CodeIgniter.php(499): CodeIgniter\CodeIgniter->runController()
 4 SYSTEMPATH/CodeIgniter.php(368): CodeIgniter\CodeIgniter->handleRequest()
 5 FCPATH/index.php(67): CodeIgniter\CodeIgniter->run()
WARNING - 2024-11-13 09:38:00 --> [DEPRECATED] Creation of dynamic property App\Controllers\Rekammedisirna::$db is deprecated in APPPATH/Controllers/Api.php on line 8.
 1 SYSTEMPATH/CodeIgniter.php(906): App\Controllers\Api->__construct()
 2 SYSTEMPATH/CodeIgniter.php(490): CodeIgniter\CodeIgniter->createController()
 3 SYSTEMPATH/CodeIgniter.php(368): CodeIgniter\CodeIgniter->handleRequest(null, Object(Config\Cache), false)
 4 FCPATH/index.php(67): CodeIgniter\CodeIgniter->run()
WARNING - 2024-11-13 09:38:00 --> [DEPRECATED] Creation of dynamic property App\Controllers\Rekammedisirna::$simrs is deprecated in APPPATH/Controllers/Api.php on line 9.
 1 SYSTEMPATH/CodeIgniter.php(906): App\Controllers\Api->__construct()
 2 SYSTEMPATH/CodeIgniter.php(490): CodeIgniter\CodeIgniter->createController()
 3 SYSTEMPATH/CodeIgniter.php(368): CodeIgniter\CodeIgniter->handleRequest(null, Object(Config\Cache), false)
 4 FCPATH/index.php(67): CodeIgniter\CodeIgniter->run()
ERROR - 2024-11-13 09:38:00 --> ErrorException: pg_query(): Query failed: ERROR:  relation &quot;assesmen_keperawatan_umum&quot; does not exist
LINE 2:                 assesmen_keperawatan_umum(
                        ^ in /var/www/html/SIMRSHEBAT/system/Database/Postgre/Connection.php:147
Stack trace:
#0 [internal function]: CodeIgniter\Debug\Exceptions->errorHandler()
#1 /var/www/html/SIMRSHEBAT/system/Database/Postgre/Connection.php(147): pg_query()
#2 /var/www/html/SIMRSHEBAT/system/Database/BaseConnection.php(691): CodeIgniter\Database\Postgre\Connection->execute()
#3 /var/www/html/SIMRSHEBAT/app/Controllers/Rekammedisirna.php(2792): CodeIgniter\Database\BaseConnection->simpleQuery()
#4 /var/www/html/SIMRSHEBAT/system/CodeIgniter.php(934): App\Controllers\Rekammedisirna->saveAssesmenKeperawatanIrna()
#5 /var/www/html/SIMRSHEBAT/system/CodeIgniter.php(499): CodeIgniter\CodeIgniter->runController()
#6 /var/www/html/SIMRSHEBAT/system/CodeIgniter.php(368): CodeIgniter\CodeIgniter->handleRequest()
#7 /var/www/html/SIMRSHEBAT/index.php(67): CodeIgniter\CodeIgniter->run()
#8 {main}
CRITICAL - 2024-11-13 09:38:00 --> Undefined variable $save_tandavital
in APPPATH/Controllers/Rekammedisirna.php on line 2925.
 1 APPPATH/Controllers/Rekammedisirna.php(2925): CodeIgniter\Debug\Exceptions->errorHandler()
 2 SYSTEMPATH/CodeIgniter.php(934): App\Controllers\Rekammedisirna->saveAssesmenKeperawatanIrna()
 3 SYSTEMPATH/CodeIgniter.php(499): CodeIgniter\CodeIgniter->runController()
 4 SYSTEMPATH/CodeIgniter.php(368): CodeIgniter\CodeIgniter->handleRequest()
 5 FCPATH/index.php(67): CodeIgniter\CodeIgniter->run()
WARNING - 2024-11-13 09:38:12 --> [DEPRECATED] Creation of dynamic property App\Controllers\Rekammedisirna::$db is deprecated in APPPATH/Controllers/Api.php on line 8.
 1 SYSTEMPATH/CodeIgniter.php(906): App\Controllers\Api->__construct()
 2 SYSTEMPATH/CodeIgniter.php(490): CodeIgniter\CodeIgniter->createController()
 3 SYSTEMPATH/CodeIgniter.php(368): CodeIgniter\CodeIgniter->handleRequest(null, Object(Config\Cache), false)
 4 FCPATH/index.php(67): CodeIgniter\CodeIgniter->run()
WARNING - 2024-11-13 09:38:12 --> [DEPRECATED] Creation of dynamic property App\Controllers\Rekammedisirna::$simrs is deprecated in APPPATH/Controllers/Api.php on line 9.
 1 SYSTEMPATH/CodeIgniter.php(906): App\Controllers\Api->__construct()
 2 SYSTEMPATH/CodeIgniter.php(490): CodeIgniter\CodeIgniter->createController()
 3 SYSTEMPATH/CodeIgniter.php(368): CodeIgniter\CodeIgniter->handleRequest(null, Object(Config\Cache), false)
 4 FCPATH/index.php(67): CodeIgniter\CodeIgniter->run()
ERROR - 2024-11-13 09:38:13 --> ErrorException: pg_query(): Query failed: ERROR:  relation &quot;assesmen_keperawatan_umum&quot; does not exist
LINE 2:                 assesmen_keperawatan_umum(
                        ^ in /var/www/html/SIMRSHEBAT/system/Database/Postgre/Connection.php:147
Stack trace:
#0 [internal function]: CodeIgniter\Debug\Exceptions->errorHandler()
#1 /var/www/html/SIMRSHEBAT/system/Database/Postgre/Connection.php(147): pg_query()
#2 /var/www/html/SIMRSHEBAT/system/Database/BaseConnection.php(691): CodeIgniter\Database\Postgre\Connection->execute()
#3 /var/www/html/SIMRSHEBAT/app/Controllers/Rekammedisirna.php(2792): CodeIgniter\Database\BaseConnection->simpleQuery()
#4 /var/www/html/SIMRSHEBAT/system/CodeIgniter.php(934): App\Controllers\Rekammedisirna->saveAssesmenKeperawatanIrna()
#5 /var/www/html/SIMRSHEBAT/system/CodeIgniter.php(499): CodeIgniter\CodeIgniter->runController()
#6 /var/www/html/SIMRSHEBAT/system/CodeIgniter.php(368): CodeIgniter\CodeIgniter->handleRequest()
#7 /var/www/html/SIMRSHEBAT/index.php(67): CodeIgniter\CodeIgniter->run()
#8 {main}
CRITICAL - 2024-11-13 09:38:13 --> Undefined variable $save_tandavital
in APPPATH/Controllers/Rekammedisirna.php on line 2925.
 1 APPPATH/Controllers/Rekammedisirna.php(2925): CodeIgniter\Debug\Exceptions->errorHandler()
 2 SYSTEMPATH/CodeIgniter.php(934): App\Controllers\Rekammedisirna->saveAssesmenKeperawatanIrna()
 3 SYSTEMPATH/CodeIgniter.php(499): CodeIgniter\CodeIgniter->runController()
 4 SYSTEMPATH/CodeIgniter.php(368): CodeIgniter\CodeIgniter->handleRequest()
 5 FCPATH/index.php(67): CodeIgniter\CodeIgniter->run()
INFO - 2024-11-13 10:08:29 --> Session: Class initialized using 'CodeIgniter\Session\Handlers\FileHandler' driver.
WARNING - 2024-11-13 10:08:31 --> [DEPRECATED] Creation of dynamic property App\Controllers\User::$db is deprecated in APPPATH/Controllers/Api.php on line 8.
 1 SYSTEMPATH/CodeIgniter.php(906): App\Controllers\Api->__construct()
 2 SYSTEMPATH/CodeIgniter.php(490): CodeIgniter\CodeIgniter->createController()
 3 SYSTEMPATH/CodeIgniter.php(368): CodeIgniter\CodeIgniter->handleRequest(null, Object(Config\Cache), false)
 4 FCPATH/index.php(67): CodeIgniter\CodeIgniter->run()
WARNING - 2024-11-13 10:08:31 --> [DEPRECATED] Creation of dynamic property App\Controllers\User::$simrs is deprecated in APPPATH/Controllers/Api.php on line 9.
 1 SYSTEMPATH/CodeIgniter.php(906): App\Controllers\Api->__construct()
 2 SYSTEMPATH/CodeIgniter.php(490): CodeIgniter\CodeIgniter->createController()
 3 SYSTEMPATH/CodeIgniter.php(368): CodeIgniter\CodeIgniter->handleRequest(null, Object(Config\Cache), false)
 4 FCPATH/index.php(67): CodeIgniter\CodeIgniter->run()
WARNING - 2024-11-13 10:08:31 --> [DEPRECATED] Creation of dynamic property App\Controllers\Laporan::$db is deprecated in APPPATH/Controllers/Api.php on line 8.
 1 SYSTEMPATH/CodeIgniter.php(906): App\Controllers\Api->__construct()
 2 SYSTEMPATH/CodeIgniter.php(490): CodeIgniter\CodeIgniter->createController()
 3 SYSTEMPATH/CodeIgniter.php(368): CodeIgniter\CodeIgniter->handleRequest(null, Object(Config\Cache), false)
 4 FCPATH/index.php(67): CodeIgniter\CodeIgniter->run()
WARNING - 2024-11-13 10:08:31 --> [DEPRECATED] Creation of dynamic property App\Controllers\Laporan::$simrs is deprecated in APPPATH/Controllers/Api.php on line 9.
 1 SYSTEMPATH/CodeIgniter.php(906): App\Controllers\Api->__construct()
 2 SYSTEMPATH/CodeIgniter.php(490): CodeIgniter\CodeIgniter->createController()
 3 SYSTEMPATH/CodeIgniter.php(368): CodeIgniter\CodeIgniter->handleRequest(null, Object(Config\Cache), false)
 4 FCPATH/index.php(67): CodeIgniter\CodeIgniter->run()
WARNING - 2024-11-13 10:08:31 --> [DEPRECATED] Creation of dynamic property App\Controllers\User::$db is deprecated in APPPATH/Controllers/Api.php on line 8.
 1 SYSTEMPATH/CodeIgniter.php(906): App\Controllers\Api->__construct()
 2 SYSTEMPATH/CodeIgniter.php(490): CodeIgniter\CodeIgniter->createController()
 3 SYSTEMPATH/CodeIgniter.php(368): CodeIgniter\CodeIgniter->handleRequest(null, Object(Config\Cache), false)
 4 FCPATH/index.php(67): CodeIgniter\CodeIgniter->run()
WARNING - 2024-11-13 10:08:31 --> [DEPRECATED] Creation of dynamic property App\Controllers\User::$simrs is deprecated in APPPATH/Controllers/Api.php on line 9.
 1 SYSTEMPATH/CodeIgniter.php(906): App\Controllers\Api->__construct()
 2 SYSTEMPATH/CodeIgniter.php(490): CodeIgniter\CodeIgniter->createController()
 3 SYSTEMPATH/CodeIgniter.php(368): CodeIgniter\CodeIgniter->handleRequest(null, Object(Config\Cache), false)
 4 FCPATH/index.php(67): CodeIgniter\CodeIgniter->run()
WARNING - 2024-11-13 10:08:36 --> [DEPRECATED] Creation of dynamic property App\Controllers\Rekammedisirna::$db is deprecated in APPPATH/Controllers/Api.php on line 8.
 1 SYSTEMPATH/CodeIgniter.php(906): App\Controllers\Api->__construct()
 2 SYSTEMPATH/CodeIgniter.php(490): CodeIgniter\CodeIgniter->createController()
 3 SYSTEMPATH/CodeIgniter.php(368): CodeIgniter\CodeIgniter->handleRequest(null, Object(Config\Cache), false)
 4 FCPATH/index.php(67): CodeIgniter\CodeIgniter->run()
WARNING - 2024-11-13 10:08:36 --> [DEPRECATED] Creation of dynamic property App\Controllers\Rekammedisirna::$simrs is deprecated in APPPATH/Controllers/Api.php on line 9.
 1 SYSTEMPATH/CodeIgniter.php(906): App\Controllers\Api->__construct()
 2 SYSTEMPATH/CodeIgniter.php(490): CodeIgniter\CodeIgniter->createController()
 3 SYSTEMPATH/CodeIgniter.php(368): CodeIgniter\CodeIgniter->handleRequest(null, Object(Config\Cache), false)
 4 FCPATH/index.php(67): CodeIgniter\CodeIgniter->run()
WARNING - 2024-11-13 10:08:36 --> [DEPRECATED] Creation of dynamic property App\Controllers\Rekammedisirna::$db is deprecated in APPPATH/Controllers/Api.php on line 8.
 1 SYSTEMPATH/CodeIgniter.php(906): App\Controllers\Api->__construct()
 2 SYSTEMPATH/CodeIgniter.php(490): CodeIgniter\CodeIgniter->createController()
 3 SYSTEMPATH/CodeIgniter.php(368): CodeIgniter\CodeIgniter->handleRequest(null, Object(Config\Cache), false)
 4 FCPATH/index.php(67): CodeIgniter\CodeIgniter->run()
WARNING - 2024-11-13 10:08:36 --> [DEPRECATED] Creation of dynamic property App\Controllers\Rekammedisirna::$simrs is deprecated in APPPATH/Controllers/Api.php on line 9.
 1 SYSTEMPATH/CodeIgniter.php(906): App\Controllers\Api->__construct()
 2 SYSTEMPATH/CodeIgniter.php(490): CodeIgniter\CodeIgniter->createController()
 3 SYSTEMPATH/CodeIgniter.php(368): CodeIgniter\CodeIgniter->handleRequest(null, Object(Config\Cache), false)
 4 FCPATH/index.php(67): CodeIgniter\CodeIgniter->run()
WARNING - 2024-11-13 10:08:36 --> [DEPRECATED] Creation of dynamic property App\Controllers\Rekammedisirna::$db is deprecated in APPPATH/Controllers/Api.php on line 8.
 1 SYSTEMPATH/CodeIgniter.php(906): App\Controllers\Api->__construct()
 2 SYSTEMPATH/CodeIgniter.php(490): CodeIgniter\CodeIgniter->createController()
 3 SYSTEMPATH/CodeIgniter.php(368): CodeIgniter\CodeIgniter->handleRequest(null, Object(Config\Cache), false)
 4 FCPATH/index.php(67): CodeIgniter\CodeIgniter->run()
WARNING - 2024-11-13 10:08:36 --> [DEPRECATED] Creation of dynamic property App\Controllers\Rekammedisirna::$simrs is deprecated in APPPATH/Controllers/Api.php on line 9.
 1 SYSTEMPATH/CodeIgniter.php(906): App\Controllers\Api->__construct()
 2 SYSTEMPATH/CodeIgniter.php(490): CodeIgniter\CodeIgniter->createController()
 3 SYSTEMPATH/CodeIgniter.php(368): CodeIgniter\CodeIgniter->handleRequest(null, Object(Config\Cache), false)
 4 FCPATH/index.php(67): CodeIgniter\CodeIgniter->run()
WARNING - 2024-11-13 10:08:38 --> [DEPRECATED] Creation of dynamic property App\Controllers\Rekammedisirja::$db is deprecated in APPPATH/Controllers/Api.php on line 8.
 1 SYSTEMPATH/CodeIgniter.php(906): App\Controllers\Api->__construct()
 2 SYSTEMPATH/CodeIgniter.php(490): CodeIgniter\CodeIgniter->createController()
 3 SYSTEMPATH/CodeIgniter.php(368): CodeIgniter\CodeIgniter->handleRequest(null, Object(Config\Cache), false)
 4 FCPATH/index.php(67): CodeIgniter\CodeIgniter->run()
WARNING - 2024-11-13 10:08:38 --> [DEPRECATED] Creation of dynamic property App\Controllers\Rekammedisirja::$db is deprecated in APPPATH/Controllers/Api.php on line 8.
 1 SYSTEMPATH/CodeIgniter.php(906): App\Controllers\Api->__construct()
 2 SYSTEMPATH/CodeIgniter.php(490): CodeIgniter\CodeIgniter->createController()
 3 SYSTEMPATH/CodeIgniter.php(368): CodeIgniter\CodeIgniter->handleRequest(null, Object(Config\Cache), false)
 4 FCPATH/index.php(67): CodeIgniter\CodeIgniter->run()
WARNING - 2024-11-13 10:08:38 --> [DEPRECATED] Creation of dynamic property App\Controllers\Rawatjalan::$db is deprecated in APPPATH/Controllers/Api.php on line 8.
 1 SYSTEMPATH/CodeIgniter.php(906): App\Controllers\Api->__construct()
 2 SYSTEMPATH/CodeIgniter.php(490): CodeIgniter\CodeIgniter->createController()
 3 SYSTEMPATH/CodeIgniter.php(368): CodeIgniter\CodeIgniter->handleRequest(null, Object(Config\Cache), false)
 4 FCPATH/index.php(67): CodeIgniter\CodeIgniter->run()
WARNING - 2024-11-13 10:08:38 --> [DEPRECATED] Creation of dynamic property App\Controllers\Rekammedisirja::$simrs is deprecated in APPPATH/Controllers/Api.php on line 9.
 1 SYSTEMPATH/CodeIgniter.php(906): App\Controllers\Api->__construct()
 2 SYSTEMPATH/CodeIgniter.php(490): CodeIgniter\CodeIgniter->createController()
 3 SYSTEMPATH/CodeIgniter.php(368): CodeIgniter\CodeIgniter->handleRequest(null, Object(Config\Cache), false)
 4 FCPATH/index.php(67): CodeIgniter\CodeIgniter->run()
WARNING - 2024-11-13 10:08:38 --> [DEPRECATED] Creation of dynamic property App\Controllers\Rekammedisirja::$simrs is deprecated in APPPATH/Controllers/Api.php on line 9.
 1 SYSTEMPATH/CodeIgniter.php(906): App\Controllers\Api->__construct()
 2 SYSTEMPATH/CodeIgniter.php(490): CodeIgniter\CodeIgniter->createController()
 3 SYSTEMPATH/CodeIgniter.php(368): CodeIgniter\CodeIgniter->handleRequest(null, Object(Config\Cache), false)
 4 FCPATH/index.php(67): CodeIgniter\CodeIgniter->run()
WARNING - 2024-11-13 10:08:38 --> [DEPRECATED] Creation of dynamic property App\Controllers\Rawatjalan::$simrs is deprecated in APPPATH/Controllers/Api.php on line 9.
 1 SYSTEMPATH/CodeIgniter.php(906): App\Controllers\Api->__construct()
 2 SYSTEMPATH/CodeIgniter.php(490): CodeIgniter\CodeIgniter->createController()
 3 SYSTEMPATH/CodeIgniter.php(368): CodeIgniter\CodeIgniter->handleRequest(null, Object(Config\Cache), false)
 4 FCPATH/index.php(67): CodeIgniter\CodeIgniter->run()
ERROR - 2024-11-13 10:08:38 --> ErrorException: pg_query(): Query failed: ERROR:  column &quot;id_penyakit&quot; specified in USING clause does not exist in left table in /var/www/html/SIMRSHEBAT/system/Database/Postgre/Connection.php:147
Stack trace:
#0 [internal function]: CodeIgniter\Debug\Exceptions->errorHandler()
#1 /var/www/html/SIMRSHEBAT/system/Database/Postgre/Connection.php(147): pg_query()
#2 /var/www/html/SIMRSHEBAT/system/Database/BaseConnection.php(691): CodeIgniter\Database\Postgre\Connection->execute()
#3 /var/www/html/SIMRSHEBAT/app/Controllers/Rekammedisirja.php(453): CodeIgniter\Database\BaseConnection->simpleQuery()
#4 /var/www/html/SIMRSHEBAT/system/CodeIgniter.php(934): App\Controllers\Rekammedisirja->datamrpenyakitirja()
#5 /var/www/html/SIMRSHEBAT/system/CodeIgniter.php(499): CodeIgniter\CodeIgniter->runController()
#6 /var/www/html/SIMRSHEBAT/system/CodeIgniter.php(368): CodeIgniter\CodeIgniter->handleRequest()
#7 /var/www/html/SIMRSHEBAT/index.php(67): CodeIgniter\CodeIgniter->run()
#8 {main}
ERROR - 2024-11-13 10:08:38 --> ErrorException: pg_query(): Query failed: ERROR:  column &quot;jenis_pegawai&quot; does not exist
LINE 1: SELECT * FROM pegawai where jenis_pegawai='1'
                                    ^ in /var/www/html/SIMRSHEBAT/system/Database/Postgre/Connection.php:147
Stack trace:
#0 [internal function]: CodeIgniter\Debug\Exceptions->errorHandler()
#1 /var/www/html/SIMRSHEBAT/system/Database/Postgre/Connection.php(147): pg_query()
#2 /var/www/html/SIMRSHEBAT/system/Database/BaseConnection.php(691): CodeIgniter\Database\Postgre\Connection->execute()
#3 /var/www/html/SIMRSHEBAT/system/Database/BaseConnection.php(605): CodeIgniter\Database\BaseConnection->simpleQuery()
#4 /var/www/html/SIMRSHEBAT/app/Controllers/Rawatjalan.php(32): CodeIgniter\Database\BaseConnection->query()
#5 /var/www/html/SIMRSHEBAT/system/CodeIgniter.php(934): App\Controllers\Rawatjalan->pegawai()
#6 /var/www/html/SIMRSHEBAT/system/CodeIgniter.php(499): CodeIgniter\CodeIgniter->runController()
#7 /var/www/html/SIMRSHEBAT/system/CodeIgniter.php(368): CodeIgniter\CodeIgniter->handleRequest()
#8 /var/www/html/SIMRSHEBAT/index.php(67): CodeIgniter\CodeIgniter->run()
#9 {main}
CRITICAL - 2024-11-13 10:08:38 --> Call to a member function getResult() on bool
in APPPATH/Controllers/Rawatjalan.php on line 35.
 1 SYSTEMPATH/CodeIgniter.php(934): App\Controllers\Rawatjalan->pegawai()
 2 SYSTEMPATH/CodeIgniter.php(499): CodeIgniter\CodeIgniter->runController()
 3 SYSTEMPATH/CodeIgniter.php(368): CodeIgniter\CodeIgniter->handleRequest()
 4 FCPATH/index.php(67): CodeIgniter\CodeIgniter->run()
ERROR - 2024-11-13 10:08:38 --> ErrorException: pg_query(): Query failed: ERROR:  column &quot;id_kunjungan&quot; does not exist
LINE 2: ...mr_tindakan inner join icd_9 USING(kd_icd9) where id_kunjung...
                                                             ^ in /var/www/html/SIMRSHEBAT/system/Database/Postgre/Connection.php:147
Stack trace:
#0 [internal function]: CodeIgniter\Debug\Exceptions->errorHandler()
#1 /var/www/html/SIMRSHEBAT/system/Database/Postgre/Connection.php(147): pg_query()
#2 /var/www/html/SIMRSHEBAT/system/Database/BaseConnection.php(691): CodeIgniter\Database\Postgre\Connection->execute()
#3 /var/www/html/SIMRSHEBAT/app/Controllers/Rekammedisirja.php(411): CodeIgniter\Database\BaseConnection->simpleQuery()
#4 /var/www/html/SIMRSHEBAT/system/CodeIgniter.php(934): App\Controllers\Rekammedisirja->datamricd9irja()
#5 /var/www/html/SIMRSHEBAT/system/CodeIgniter.php(499): CodeIgniter\CodeIgniter->runController()
#6 /var/www/html/SIMRSHEBAT/system/CodeIgniter.php(368): CodeIgniter\CodeIgniter->handleRequest()
#7 /var/www/html/SIMRSHEBAT/index.php(67): CodeIgniter\CodeIgniter->run()
#8 {main}
WARNING - 2024-11-13 10:08:38 --> [DEPRECATED] Creation of dynamic property App\Controllers\Lab::$db is deprecated in APPPATH/Controllers/Api.php on line 8.
 1 SYSTEMPATH/CodeIgniter.php(906): App\Controllers\Api->__construct()
 2 SYSTEMPATH/CodeIgniter.php(490): CodeIgniter\CodeIgniter->createController()
 3 SYSTEMPATH/CodeIgniter.php(368): CodeIgniter\CodeIgniter->handleRequest(null, Object(Config\Cache), false)
 4 FCPATH/index.php(67): CodeIgniter\CodeIgniter->run()
WARNING - 2024-11-13 10:08:38 --> [DEPRECATED] Creation of dynamic property App\Controllers\Lab::$simrs is deprecated in APPPATH/Controllers/Api.php on line 9.
 1 SYSTEMPATH/CodeIgniter.php(906): App\Controllers\Api->__construct()
 2 SYSTEMPATH/CodeIgniter.php(490): CodeIgniter\CodeIgniter->createController()
 3 SYSTEMPATH/CodeIgniter.php(368): CodeIgniter\CodeIgniter->handleRequest(null, Object(Config\Cache), false)
 4 FCPATH/index.php(67): CodeIgniter\CodeIgniter->run()
WARNING - 2024-11-13 10:08:38 --> [DEPRECATED] Creation of dynamic property App\Controllers\Lab::$db is deprecated in APPPATH/Controllers/Api.php on line 8.
 1 SYSTEMPATH/CodeIgniter.php(906): App\Controllers\Api->__construct()
 2 SYSTEMPATH/CodeIgniter.php(490): CodeIgniter\CodeIgniter->createController()
 3 SYSTEMPATH/CodeIgniter.php(368): CodeIgniter\CodeIgniter->handleRequest(null, Object(Config\Cache), false)
 4 FCPATH/index.php(67): CodeIgniter\CodeIgniter->run()
WARNING - 2024-11-13 10:08:38 --> [DEPRECATED] Creation of dynamic property App\Controllers\Lab::$simrs is deprecated in APPPATH/Controllers/Api.php on line 9.
 1 SYSTEMPATH/CodeIgniter.php(906): App\Controllers\Api->__construct()
 2 SYSTEMPATH/CodeIgniter.php(490): CodeIgniter\CodeIgniter->createController()
 3 SYSTEMPATH/CodeIgniter.php(368): CodeIgniter\CodeIgniter->handleRequest(null, Object(Config\Cache), false)
 4 FCPATH/index.php(67): CodeIgniter\CodeIgniter->run()
WARNING - 2024-11-13 10:08:38 --> [DEPRECATED] Creation of dynamic property App\Controllers\Lab::$db is deprecated in APPPATH/Controllers/Api.php on line 8.
 1 SYSTEMPATH/CodeIgniter.php(906): App\Controllers\Api->__construct()
 2 SYSTEMPATH/CodeIgniter.php(490): CodeIgniter\CodeIgniter->createController()
 3 SYSTEMPATH/CodeIgniter.php(368): CodeIgniter\CodeIgniter->handleRequest(null, Object(Config\Cache), false)
 4 FCPATH/index.php(67): CodeIgniter\CodeIgniter->run()
WARNING - 2024-11-13 10:08:38 --> [DEPRECATED] Creation of dynamic property App\Controllers\Lab::$simrs is deprecated in APPPATH/Controllers/Api.php on line 9.
 1 SYSTEMPATH/CodeIgniter.php(906): App\Controllers\Api->__construct()
 2 SYSTEMPATH/CodeIgniter.php(490): CodeIgniter\CodeIgniter->createController()
 3 SYSTEMPATH/CodeIgniter.php(368): CodeIgniter\CodeIgniter->handleRequest(null, Object(Config\Cache), false)
 4 FCPATH/index.php(67): CodeIgniter\CodeIgniter->run()
ERROR - 2024-11-13 10:08:38 --> ErrorException: pg_query(): Query failed: ERROR:  function left(integer, integer) does not exist
LINE 1: SELECT * from produk WHERE left(kd_produk,2)='XR' 
                                   ^
HINT:  No function matches the given name and argument types. You might need to add explicit type casts. in /var/www/html/SIMRSHEBAT/system/Database/Postgre/Connection.php:147
Stack trace:
#0 [internal function]: CodeIgniter\Debug\Exceptions->errorHandler()
#1 /var/www/html/SIMRSHEBAT/system/Database/Postgre/Connection.php(147): pg_query()
#2 /var/www/html/SIMRSHEBAT/system/Database/BaseConnection.php(691): CodeIgniter\Database\Postgre\Connection->execute()
#3 /var/www/html/SIMRSHEBAT/system/Database/BaseConnection.php(605): CodeIgniter\Database\BaseConnection->simpleQuery()
#4 /var/www/html/SIMRSHEBAT/app/Controllers/Lab.php(465): CodeIgniter\Database\BaseConnection->query()
#5 /var/www/html/SIMRSHEBAT/system/CodeIgniter.php(934): App\Controllers\Lab->produkRad()
#6 /var/www/html/SIMRSHEBAT/system/CodeIgniter.php(499): CodeIgniter\CodeIgniter->runController()
#7 /var/www/html/SIMRSHEBAT/system/CodeIgniter.php(368): CodeIgniter\CodeIgniter->handleRequest()
#8 /var/www/html/SIMRSHEBAT/index.php(67): CodeIgniter\CodeIgniter->run()
#9 {main}
ERROR - 2024-11-13 10:08:38 --> ErrorException: pg_query(): Query failed: ERROR:  function left(integer, integer) does not exist
LINE 1: SELECT * from produk WHERE left(kd_produk,2)='CT' 
                                   ^
HINT:  No function matches the given name and argument types. You might need to add explicit type casts. in /var/www/html/SIMRSHEBAT/system/Database/Postgre/Connection.php:147
Stack trace:
#0 [internal function]: CodeIgniter\Debug\Exceptions->errorHandler()
#1 /var/www/html/SIMRSHEBAT/system/Database/Postgre/Connection.php(147): pg_query()
#2 /var/www/html/SIMRSHEBAT/system/Database/BaseConnection.php(691): CodeIgniter\Database\Postgre\Connection->execute()
#3 /var/www/html/SIMRSHEBAT/system/Database/BaseConnection.php(605): CodeIgniter\Database\BaseConnection->simpleQuery()
#4 /var/www/html/SIMRSHEBAT/app/Controllers/Lab.php(465): CodeIgniter\Database\BaseConnection->query()
#5 /var/www/html/SIMRSHEBAT/system/CodeIgniter.php(934): App\Controllers\Lab->produkRad()
#6 /var/www/html/SIMRSHEBAT/system/CodeIgniter.php(499): CodeIgniter\CodeIgniter->runController()
#7 /var/www/html/SIMRSHEBAT/system/CodeIgniter.php(368): CodeIgniter\CodeIgniter->handleRequest()
#8 /var/www/html/SIMRSHEBAT/index.php(67): CodeIgniter\CodeIgniter->run()
#9 {main}
CRITICAL - 2024-11-13 10:08:38 --> Call to a member function getResult() on bool
in APPPATH/Controllers/Lab.php on line 465.
 1 SYSTEMPATH/CodeIgniter.php(934): App\Controllers\Lab->produkRad()
 2 SYSTEMPATH/CodeIgniter.php(499): CodeIgniter\CodeIgniter->runController()
 3 SYSTEMPATH/CodeIgniter.php(368): CodeIgniter\CodeIgniter->handleRequest()
 4 FCPATH/index.php(67): CodeIgniter\CodeIgniter->run()
CRITICAL - 2024-11-13 10:08:38 --> Call to a member function getResult() on bool
in APPPATH/Controllers/Lab.php on line 465.
 1 SYSTEMPATH/CodeIgniter.php(934): App\Controllers\Lab->produkRad()
 2 SYSTEMPATH/CodeIgniter.php(499): CodeIgniter\CodeIgniter->runController()
 3 SYSTEMPATH/CodeIgniter.php(368): CodeIgniter\CodeIgniter->handleRequest()
 4 FCPATH/index.php(67): CodeIgniter\CodeIgniter->run()
ERROR - 2024-11-13 10:08:38 --> ErrorException: pg_query(): Query failed: ERROR:  column &quot;id_jenis_produk&quot; does not exist
LINE 1: SELECT * from produk WHERE id_jenis_produk='3' 
                                   ^ in /var/www/html/SIMRSHEBAT/system/Database/Postgre/Connection.php:147
Stack trace:
#0 [internal function]: CodeIgniter\Debug\Exceptions->errorHandler()
#1 /var/www/html/SIMRSHEBAT/system/Database/Postgre/Connection.php(147): pg_query()
#2 /var/www/html/SIMRSHEBAT/system/Database/BaseConnection.php(691): CodeIgniter\Database\Postgre\Connection->execute()
#3 /var/www/html/SIMRSHEBAT/system/Database/BaseConnection.php(605): CodeIgniter\Database\BaseConnection->simpleQuery()
#4 /var/www/html/SIMRSHEBAT/app/Controllers/Lab.php(447): CodeIgniter\Database\BaseConnection->query()
#5 /var/www/html/SIMRSHEBAT/system/CodeIgniter.php(934): App\Controllers\Lab->produk()
#6 /var/www/html/SIMRSHEBAT/system/CodeIgniter.php(499): CodeIgniter\CodeIgniter->runController()
#7 /var/www/html/SIMRSHEBAT/system/CodeIgniter.php(368): CodeIgniter\CodeIgniter->handleRequest()
#8 /var/www/html/SIMRSHEBAT/index.php(67): CodeIgniter\CodeIgniter->run()
#9 {main}
CRITICAL - 2024-11-13 10:08:38 --> Call to a member function getResult() on bool
in APPPATH/Controllers/Lab.php on line 447.
 1 SYSTEMPATH/CodeIgniter.php(934): App\Controllers\Lab->produk()
 2 SYSTEMPATH/CodeIgniter.php(499): CodeIgniter\CodeIgniter->runController()
 3 SYSTEMPATH/CodeIgniter.php(368): CodeIgniter\CodeIgniter->handleRequest()
 4 FCPATH/index.php(67): CodeIgniter\CodeIgniter->run()
WARNING - 2024-11-13 10:08:38 --> [DEPRECATED] Creation of dynamic property App\Controllers\Lab::$db is deprecated in APPPATH/Controllers/Api.php on line 8.
 1 SYSTEMPATH/CodeIgniter.php(906): App\Controllers\Api->__construct()
 2 SYSTEMPATH/CodeIgniter.php(490): CodeIgniter\CodeIgniter->createController()
 3 SYSTEMPATH/CodeIgniter.php(368): CodeIgniter\CodeIgniter->handleRequest(null, Object(Config\Cache), false)
 4 FCPATH/index.php(67): CodeIgniter\CodeIgniter->run()
WARNING - 2024-11-13 10:08:38 --> [DEPRECATED] Creation of dynamic property App\Controllers\Lab::$simrs is deprecated in APPPATH/Controllers/Api.php on line 9.
 1 SYSTEMPATH/CodeIgniter.php(906): App\Controllers\Api->__construct()
 2 SYSTEMPATH/CodeIgniter.php(490): CodeIgniter\CodeIgniter->createController()
 3 SYSTEMPATH/CodeIgniter.php(368): CodeIgniter\CodeIgniter->handleRequest(null, Object(Config\Cache), false)
 4 FCPATH/index.php(67): CodeIgniter\CodeIgniter->run()
WARNING - 2024-11-13 10:08:38 --> [DEPRECATED] Creation of dynamic property App\Controllers\Rekammedisirna::$db is deprecated in APPPATH/Controllers/Api.php on line 8.
 1 SYSTEMPATH/CodeIgniter.php(906): App\Controllers\Api->__construct()
 2 SYSTEMPATH/CodeIgniter.php(490): CodeIgniter\CodeIgniter->createController()
 3 SYSTEMPATH/CodeIgniter.php(368): CodeIgniter\CodeIgniter->handleRequest(null, Object(Config\Cache), false)
 4 FCPATH/index.php(67): CodeIgniter\CodeIgniter->run()
WARNING - 2024-11-13 10:08:38 --> [DEPRECATED] Creation of dynamic property App\Controllers\Rekammedisirna::$simrs is deprecated in APPPATH/Controllers/Api.php on line 9.
 1 SYSTEMPATH/CodeIgniter.php(906): App\Controllers\Api->__construct()
 2 SYSTEMPATH/CodeIgniter.php(490): CodeIgniter\CodeIgniter->createController()
 3 SYSTEMPATH/CodeIgniter.php(368): CodeIgniter\CodeIgniter->handleRequest(null, Object(Config\Cache), false)
 4 FCPATH/index.php(67): CodeIgniter\CodeIgniter->run()
WARNING - 2024-11-13 10:08:38 --> [DEPRECATED] Creation of dynamic property App\Controllers\Kunjungan::$db is deprecated in APPPATH/Controllers/Api.php on line 8.
 1 SYSTEMPATH/CodeIgniter.php(906): App\Controllers\Api->__construct()
 2 SYSTEMPATH/CodeIgniter.php(490): CodeIgniter\CodeIgniter->createController()
 3 SYSTEMPATH/CodeIgniter.php(368): CodeIgniter\CodeIgniter->handleRequest(null, Object(Config\Cache), false)
 4 FCPATH/index.php(67): CodeIgniter\CodeIgniter->run()
WARNING - 2024-11-13 10:08:38 --> [DEPRECATED] Creation of dynamic property App\Controllers\Kunjungan::$simrs is deprecated in APPPATH/Controllers/Api.php on line 9.
 1 SYSTEMPATH/CodeIgniter.php(906): App\Controllers\Api->__construct()
 2 SYSTEMPATH/CodeIgniter.php(490): CodeIgniter\CodeIgniter->createController()
 3 SYSTEMPATH/CodeIgniter.php(368): CodeIgniter\CodeIgniter->handleRequest(null, Object(Config\Cache), false)
 4 FCPATH/index.php(67): CodeIgniter\CodeIgniter->run()
ERROR - 2024-11-13 10:08:38 --> ErrorException: pg_query(): Query failed: ERROR:  relation &quot;order_lab&quot; does not exist
LINE 2:         order_lab o inner join
                ^ in /var/www/html/SIMRSHEBAT/system/Database/Postgre/Connection.php:147
Stack trace:
#0 [internal function]: CodeIgniter\Debug\Exceptions->errorHandler()
#1 /var/www/html/SIMRSHEBAT/system/Database/Postgre/Connection.php(147): pg_query()
#2 /var/www/html/SIMRSHEBAT/system/Database/BaseConnection.php(691): CodeIgniter\Database\Postgre\Connection->execute()
#3 /var/www/html/SIMRSHEBAT/app/Controllers/Rekammedisirna.php(878): CodeIgniter\Database\BaseConnection->simpleQuery()
#4 /var/www/html/SIMRSHEBAT/system/CodeIgniter.php(934): App\Controllers\Rekammedisirna->datapenunjangpasienirna()
#5 /var/www/html/SIMRSHEBAT/system/CodeIgniter.php(499): CodeIgniter\CodeIgniter->runController()
#6 /var/www/html/SIMRSHEBAT/system/CodeIgniter.php(368): CodeIgniter\CodeIgniter->handleRequest()
#7 /var/www/html/SIMRSHEBAT/index.php(67): CodeIgniter\CodeIgniter->run()
#8 {main}
ERROR - 2024-11-13 10:08:38 --> ErrorException: pg_query(): Query failed: ERROR:  function left(integer, integer) does not exist
LINE 1: SELECT * from produk WHERE left(kd_produk,2)='UR' 
                                   ^
HINT:  No function matches the given name and argument types. You might need to add explicit type casts. in /var/www/html/SIMRSHEBAT/system/Database/Postgre/Connection.php:147
Stack trace:
#0 [internal function]: CodeIgniter\Debug\Exceptions->errorHandler()
#1 /var/www/html/SIMRSHEBAT/system/Database/Postgre/Connection.php(147): pg_query()
#2 /var/www/html/SIMRSHEBAT/system/Database/BaseConnection.php(691): CodeIgniter\Database\Postgre\Connection->execute()
#3 /var/www/html/SIMRSHEBAT/system/Database/BaseConnection.php(605): CodeIgniter\Database\BaseConnection->simpleQuery()
#4 /var/www/html/SIMRSHEBAT/app/Controllers/Lab.php(465): CodeIgniter\Database\BaseConnection->query()
#5 /var/www/html/SIMRSHEBAT/system/CodeIgniter.php(934): App\Controllers\Lab->produkRad()
#6 /var/www/html/SIMRSHEBAT/system/CodeIgniter.php(499): CodeIgniter\CodeIgniter->runController()
#7 /var/www/html/SIMRSHEBAT/system/CodeIgniter.php(368): CodeIgniter\CodeIgniter->handleRequest()
#8 /var/www/html/SIMRSHEBAT/index.php(67): CodeIgniter\CodeIgniter->run()
#9 {main}
CRITICAL - 2024-11-13 10:08:38 --> Call to a member function getResult() on bool
in APPPATH/Controllers/Lab.php on line 465.
 1 SYSTEMPATH/CodeIgniter.php(934): App\Controllers\Lab->produkRad()
 2 SYSTEMPATH/CodeIgniter.php(499): CodeIgniter\CodeIgniter->runController()
 3 SYSTEMPATH/CodeIgniter.php(368): CodeIgniter\CodeIgniter->handleRequest()
 4 FCPATH/index.php(67): CodeIgniter\CodeIgniter->run()
ERROR - 2024-11-13 10:08:38 --> ErrorException: pg_query(): Query failed: ERROR:  column &quot;id_penyakit&quot; specified in USING clause does not exist in left table in /var/www/html/SIMRSHEBAT/system/Database/Postgre/Connection.php:147
Stack trace:
#0 [internal function]: CodeIgniter\Debug\Exceptions->errorHandler()
#1 /var/www/html/SIMRSHEBAT/system/Database/Postgre/Connection.php(147): pg_query()
#2 /var/www/html/SIMRSHEBAT/system/Database/BaseConnection.php(691): CodeIgniter\Database\Postgre\Connection->execute()
#3 /var/www/html/SIMRSHEBAT/app/Controllers/Kunjungan.php(585): CodeIgniter\Database\BaseConnection->simpleQuery()
#4 /var/www/html/SIMRSHEBAT/system/CodeIgniter.php(934): App\Controllers\Kunjungan->historipenyakit()
#5 /var/www/html/SIMRSHEBAT/system/CodeIgniter.php(499): CodeIgniter\CodeIgniter->runController()
#6 /var/www/html/SIMRSHEBAT/system/CodeIgniter.php(368): CodeIgniter\CodeIgniter->handleRequest()
#7 /var/www/html/SIMRSHEBAT/index.php(67): CodeIgniter\CodeIgniter->run()
#8 {main}
WARNING - 2024-11-13 10:08:38 --> [DEPRECATED] Creation of dynamic property App\Controllers\Kunjungan::$db is deprecated in APPPATH/Controllers/Api.php on line 8.
 1 SYSTEMPATH/CodeIgniter.php(906): App\Controllers\Api->__construct()
 2 SYSTEMPATH/CodeIgniter.php(490): CodeIgniter\CodeIgniter->createController()
 3 SYSTEMPATH/CodeIgniter.php(368): CodeIgniter\CodeIgniter->handleRequest(null, Object(Config\Cache), false)
 4 FCPATH/index.php(67): CodeIgniter\CodeIgniter->run()
WARNING - 2024-11-13 10:08:38 --> [DEPRECATED] Creation of dynamic property App\Controllers\Kunjungan::$simrs is deprecated in APPPATH/Controllers/Api.php on line 9.
 1 SYSTEMPATH/CodeIgniter.php(906): App\Controllers\Api->__construct()
 2 SYSTEMPATH/CodeIgniter.php(490): CodeIgniter\CodeIgniter->createController()
 3 SYSTEMPATH/CodeIgniter.php(368): CodeIgniter\CodeIgniter->handleRequest(null, Object(Config\Cache), false)
 4 FCPATH/index.php(67): CodeIgniter\CodeIgniter->run()
WARNING - 2024-11-13 10:08:38 --> [DEPRECATED] Creation of dynamic property App\Controllers\Kunjungan::$db is deprecated in APPPATH/Controllers/Api.php on line 8.
 1 SYSTEMPATH/CodeIgniter.php(906): App\Controllers\Api->__construct()
 2 SYSTEMPATH/CodeIgniter.php(490): CodeIgniter\CodeIgniter->createController()
 3 SYSTEMPATH/CodeIgniter.php(368): CodeIgniter\CodeIgniter->handleRequest(null, Object(Config\Cache), false)
 4 FCPATH/index.php(67): CodeIgniter\CodeIgniter->run()
WARNING - 2024-11-13 10:08:38 --> [DEPRECATED] Creation of dynamic property App\Controllers\Kunjungan::$simrs is deprecated in APPPATH/Controllers/Api.php on line 9.
 1 SYSTEMPATH/CodeIgniter.php(906): App\Controllers\Api->__construct()
 2 SYSTEMPATH/CodeIgniter.php(490): CodeIgniter\CodeIgniter->createController()
 3 SYSTEMPATH/CodeIgniter.php(368): CodeIgniter\CodeIgniter->handleRequest(null, Object(Config\Cache), false)
 4 FCPATH/index.php(67): CodeIgniter\CodeIgniter->run()
WARNING - 2024-11-13 10:08:38 --> [DEPRECATED] Creation of dynamic property App\Controllers\Datasosial::$db is deprecated in APPPATH/Controllers/Api.php on line 8.
 1 SYSTEMPATH/CodeIgniter.php(906): App\Controllers\Api->__construct()
 2 SYSTEMPATH/CodeIgniter.php(490): CodeIgniter\CodeIgniter->createController()
 3 SYSTEMPATH/CodeIgniter.php(368): CodeIgniter\CodeIgniter->handleRequest(null, Object(Config\Cache), false)
 4 FCPATH/index.php(67): CodeIgniter\CodeIgniter->run()
WARNING - 2024-11-13 10:08:38 --> [DEPRECATED] Creation of dynamic property App\Controllers\Datasosial::$simrs is deprecated in APPPATH/Controllers/Api.php on line 9.
 1 SYSTEMPATH/CodeIgniter.php(906): App\Controllers\Api->__construct()
 2 SYSTEMPATH/CodeIgniter.php(490): CodeIgniter\CodeIgniter->createController()
 3 SYSTEMPATH/CodeIgniter.php(368): CodeIgniter\CodeIgniter->handleRequest(null, Object(Config\Cache), false)
 4 FCPATH/index.php(67): CodeIgniter\CodeIgniter->run()
ERROR - 2024-11-13 10:08:38 --> ErrorException: pg_query(): Query failed: ERROR:  relation &quot;alergi&quot; does not exist
LINE 1: SELECT * from alergi where no_rm='6-90-71-03' 
                      ^ in /var/www/html/SIMRSHEBAT/system/Database/Postgre/Connection.php:147
Stack trace:
#0 [internal function]: CodeIgniter\Debug\Exceptions->errorHandler()
#1 /var/www/html/SIMRSHEBAT/system/Database/Postgre/Connection.php(147): pg_query()
#2 /var/www/html/SIMRSHEBAT/system/Database/BaseConnection.php(691): CodeIgniter\Database\Postgre\Connection->execute()
#3 /var/www/html/SIMRSHEBAT/app/Controllers/Kunjungan.php(632): CodeIgniter\Database\BaseConnection->simpleQuery()
#4 /var/www/html/SIMRSHEBAT/system/CodeIgniter.php(934): App\Controllers\Kunjungan->historialergi()
#5 /var/www/html/SIMRSHEBAT/system/CodeIgniter.php(499): CodeIgniter\CodeIgniter->runController()
#6 /var/www/html/SIMRSHEBAT/system/CodeIgniter.php(368): CodeIgniter\CodeIgniter->handleRequest()
#7 /var/www/html/SIMRSHEBAT/index.php(67): CodeIgniter\CodeIgniter->run()
#8 {main}
ERROR - 2024-11-13 10:08:38 --> ErrorException: pg_query(): Query failed: ERROR:  column &quot;id_penyakit&quot; specified in USING clause does not exist in left table in /var/www/html/SIMRSHEBAT/system/Database/Postgre/Connection.php:147
Stack trace:
#0 [internal function]: CodeIgniter\Debug\Exceptions->errorHandler()
#1 /var/www/html/SIMRSHEBAT/system/Database/Postgre/Connection.php(147): pg_query()
#2 /var/www/html/SIMRSHEBAT/system/Database/BaseConnection.php(691): CodeIgniter\Database\Postgre\Connection->execute()
#3 /var/www/html/SIMRSHEBAT/app/Controllers/Kunjungan.php(617): CodeIgniter\Database\BaseConnection->simpleQuery()
#4 /var/www/html/SIMRSHEBAT/system/CodeIgniter.php(934): App\Controllers\Kunjungan->historipenyakitkeluarga()
#5 /var/www/html/SIMRSHEBAT/system/CodeIgniter.php(499): CodeIgniter\CodeIgniter->runController()
#6 /var/www/html/SIMRSHEBAT/system/CodeIgniter.php(368): CodeIgniter\CodeIgniter->handleRequest()
#7 /var/www/html/SIMRSHEBAT/index.php(67): CodeIgniter\CodeIgniter->run()
#8 {main}
WARNING - 2024-11-13 10:08:38 --> [DEPRECATED] Creation of dynamic property App\Controllers\Datasosial::$db is deprecated in APPPATH/Controllers/Api.php on line 8.
 1 SYSTEMPATH/CodeIgniter.php(906): App\Controllers\Api->__construct()
 2 SYSTEMPATH/CodeIgniter.php(490): CodeIgniter\CodeIgniter->createController()
 3 SYSTEMPATH/CodeIgniter.php(368): CodeIgniter\CodeIgniter->handleRequest(null, Object(Config\Cache), false)
 4 FCPATH/index.php(67): CodeIgniter\CodeIgniter->run()
WARNING - 2024-11-13 10:08:38 --> [DEPRECATED] Creation of dynamic property App\Controllers\Datasosial::$simrs is deprecated in APPPATH/Controllers/Api.php on line 9.
 1 SYSTEMPATH/CodeIgniter.php(906): App\Controllers\Api->__construct()
 2 SYSTEMPATH/CodeIgniter.php(490): CodeIgniter\CodeIgniter->createController()
 3 SYSTEMPATH/CodeIgniter.php(368): CodeIgniter\CodeIgniter->handleRequest(null, Object(Config\Cache), false)
 4 FCPATH/index.php(67): CodeIgniter\CodeIgniter->run()
WARNING - 2024-11-13 10:08:40 --> [DEPRECATED] Creation of dynamic property App\Controllers\Rekammedisirna::$db is deprecated in APPPATH/Controllers/Api.php on line 8.
 1 SYSTEMPATH/CodeIgniter.php(906): App\Controllers\Api->__construct()
 2 SYSTEMPATH/CodeIgniter.php(490): CodeIgniter\CodeIgniter->createController()
 3 SYSTEMPATH/CodeIgniter.php(368): CodeIgniter\CodeIgniter->handleRequest(null, Object(Config\Cache), false)
 4 FCPATH/index.php(67): CodeIgniter\CodeIgniter->run()
WARNING - 2024-11-13 10:08:40 --> [DEPRECATED] Creation of dynamic property App\Controllers\Rekammedisirna::$simrs is deprecated in APPPATH/Controllers/Api.php on line 9.
 1 SYSTEMPATH/CodeIgniter.php(906): App\Controllers\Api->__construct()
 2 SYSTEMPATH/CodeIgniter.php(490): CodeIgniter\CodeIgniter->createController()
 3 SYSTEMPATH/CodeIgniter.php(368): CodeIgniter\CodeIgniter->handleRequest(null, Object(Config\Cache), false)
 4 FCPATH/index.php(67): CodeIgniter\CodeIgniter->run()
CRITICAL - 2024-11-13 10:08:40 --> Undefined property: stdClass::$norm
in APPPATH/Controllers/Rekammedisirna.php on line 1035.
 1 APPPATH/Controllers/Rekammedisirna.php(1035): CodeIgniter\Debug\Exceptions->errorHandler()
 2 SYSTEMPATH/CodeIgniter.php(934): App\Controllers\Rekammedisirna->viewtandavital()
 3 SYSTEMPATH/CodeIgniter.php(499): CodeIgniter\CodeIgniter->runController()
 4 SYSTEMPATH/CodeIgniter.php(368): CodeIgniter\CodeIgniter->handleRequest()
 5 FCPATH/index.php(67): CodeIgniter\CodeIgniter->run()
WARNING - 2024-11-13 10:08:46 --> [DEPRECATED] Creation of dynamic property App\Controllers\Rekammedisirna::$db is deprecated in APPPATH/Controllers/Api.php on line 8.
 1 SYSTEMPATH/CodeIgniter.php(906): App\Controllers\Api->__construct()
 2 SYSTEMPATH/CodeIgniter.php(490): CodeIgniter\CodeIgniter->createController()
 3 SYSTEMPATH/CodeIgniter.php(368): CodeIgniter\CodeIgniter->handleRequest(null, Object(Config\Cache), false)
 4 FCPATH/index.php(67): CodeIgniter\CodeIgniter->run()
WARNING - 2024-11-13 10:08:46 --> [DEPRECATED] Creation of dynamic property App\Controllers\Rekammedisirna::$simrs is deprecated in APPPATH/Controllers/Api.php on line 9.
 1 SYSTEMPATH/CodeIgniter.php(906): App\Controllers\Api->__construct()
 2 SYSTEMPATH/CodeIgniter.php(490): CodeIgniter\CodeIgniter->createController()
 3 SYSTEMPATH/CodeIgniter.php(368): CodeIgniter\CodeIgniter->handleRequest(null, Object(Config\Cache), false)
 4 FCPATH/index.php(67): CodeIgniter\CodeIgniter->run()
ERROR - 2024-11-13 10:08:46 --> ErrorException: pg_query(): Query failed: ERROR:  relation &quot;assesmen_keperawatan_umum&quot; does not exist
LINE 2:                 assesmen_keperawatan_umum(
                        ^ in /var/www/html/SIMRSHEBAT/system/Database/Postgre/Connection.php:147
Stack trace:
#0 [internal function]: CodeIgniter\Debug\Exceptions->errorHandler()
#1 /var/www/html/SIMRSHEBAT/system/Database/Postgre/Connection.php(147): pg_query()
#2 /var/www/html/SIMRSHEBAT/system/Database/BaseConnection.php(691): CodeIgniter\Database\Postgre\Connection->execute()
#3 /var/www/html/SIMRSHEBAT/app/Controllers/Rekammedisirna.php(2792): CodeIgniter\Database\BaseConnection->simpleQuery()
#4 /var/www/html/SIMRSHEBAT/system/CodeIgniter.php(934): App\Controllers\Rekammedisirna->saveAssesmenKeperawatanIrna()
#5 /var/www/html/SIMRSHEBAT/system/CodeIgniter.php(499): CodeIgniter\CodeIgniter->runController()
#6 /var/www/html/SIMRSHEBAT/system/CodeIgniter.php(368): CodeIgniter\CodeIgniter->handleRequest()
#7 /var/www/html/SIMRSHEBAT/index.php(67): CodeIgniter\CodeIgniter->run()
#8 {main}
CRITICAL - 2024-11-13 10:08:46 --> Undefined variable $save_tandavital
in APPPATH/Controllers/Rekammedisirna.php on line 2925.
 1 APPPATH/Controllers/Rekammedisirna.php(2925): CodeIgniter\Debug\Exceptions->errorHandler()
 2 SYSTEMPATH/CodeIgniter.php(934): App\Controllers\Rekammedisirna->saveAssesmenKeperawatanIrna()
 3 SYSTEMPATH/CodeIgniter.php(499): CodeIgniter\CodeIgniter->runController()
 4 SYSTEMPATH/CodeIgniter.php(368): CodeIgniter\CodeIgniter->handleRequest()
 5 FCPATH/index.php(67): CodeIgniter\CodeIgniter->run()
WARNING - 2024-11-13 10:24:49 --> [DEPRECATED] Creation of dynamic property App\Controllers\Rekammedisirna::$db is deprecated in APPPATH/Controllers/Api.php on line 8.
 1 SYSTEMPATH/CodeIgniter.php(906): App\Controllers\Api->__construct()
 2 SYSTEMPATH/CodeIgniter.php(490): CodeIgniter\CodeIgniter->createController()
 3 SYSTEMPATH/CodeIgniter.php(368): CodeIgniter\CodeIgniter->handleRequest(null, Object(Config\Cache), false)
 4 FCPATH/index.php(67): CodeIgniter\CodeIgniter->run()
WARNING - 2024-11-13 10:24:49 --> [DEPRECATED] Creation of dynamic property App\Controllers\Rekammedisirna::$simrs is deprecated in APPPATH/Controllers/Api.php on line 9.
 1 SYSTEMPATH/CodeIgniter.php(906): App\Controllers\Api->__construct()
 2 SYSTEMPATH/CodeIgniter.php(490): CodeIgniter\CodeIgniter->createController()
 3 SYSTEMPATH/CodeIgniter.php(368): CodeIgniter\CodeIgniter->handleRequest(null, Object(Config\Cache), false)
 4 FCPATH/index.php(67): CodeIgniter\CodeIgniter->run()
CRITICAL - 2024-11-13 10:24:49 --> Undefined property: stdClass::$data
in APPPATH/Controllers/Rekammedisirna.php on line 2792.
 1 APPPATH/Controllers/Rekammedisirna.php(2792): CodeIgniter\Debug\Exceptions->errorHandler()
 2 SYSTEMPATH/CodeIgniter.php(934): App\Controllers\Rekammedisirna->saveAssesmenKeperawatanIrna()
 3 SYSTEMPATH/CodeIgniter.php(499): CodeIgniter\CodeIgniter->runController()
 4 SYSTEMPATH/CodeIgniter.php(368): CodeIgniter\CodeIgniter->handleRequest()
 5 FCPATH/index.php(67): CodeIgniter\CodeIgniter->run()
WARNING - 2024-11-13 10:24:54 --> [DEPRECATED] Creation of dynamic property App\Controllers\Rekammedisirna::$db is deprecated in APPPATH/Controllers/Api.php on line 8.
 1 SYSTEMPATH/CodeIgniter.php(906): App\Controllers\Api->__construct()
 2 SYSTEMPATH/CodeIgniter.php(490): CodeIgniter\CodeIgniter->createController()
 3 SYSTEMPATH/CodeIgniter.php(368): CodeIgniter\CodeIgniter->handleRequest(null, Object(Config\Cache), false)
 4 FCPATH/index.php(67): CodeIgniter\CodeIgniter->run()
WARNING - 2024-11-13 10:24:54 --> [DEPRECATED] Creation of dynamic property App\Controllers\Rekammedisirna::$simrs is deprecated in APPPATH/Controllers/Api.php on line 9.
 1 SYSTEMPATH/CodeIgniter.php(906): App\Controllers\Api->__construct()
 2 SYSTEMPATH/CodeIgniter.php(490): CodeIgniter\CodeIgniter->createController()
 3 SYSTEMPATH/CodeIgniter.php(368): CodeIgniter\CodeIgniter->handleRequest(null, Object(Config\Cache), false)
 4 FCPATH/index.php(67): CodeIgniter\CodeIgniter->run()
CRITICAL - 2024-11-13 10:24:54 --> Undefined property: stdClass::$data
in APPPATH/Controllers/Rekammedisirna.php on line 2792.
 1 APPPATH/Controllers/Rekammedisirna.php(2792): CodeIgniter\Debug\Exceptions->errorHandler()
 2 SYSTEMPATH/CodeIgniter.php(934): App\Controllers\Rekammedisirna->saveAssesmenKeperawatanIrna()
 3 SYSTEMPATH/CodeIgniter.php(499): CodeIgniter\CodeIgniter->runController()
 4 SYSTEMPATH/CodeIgniter.php(368): CodeIgniter\CodeIgniter->handleRequest()
 5 FCPATH/index.php(67): CodeIgniter\CodeIgniter->run()
WARNING - 2024-11-13 10:25:30 --> [DEPRECATED] Creation of dynamic property App\Controllers\Rekammedisirna::$db is deprecated in APPPATH/Controllers/Api.php on line 8.
 1 SYSTEMPATH/CodeIgniter.php(906): App\Controllers\Api->__construct()
 2 SYSTEMPATH/CodeIgniter.php(490): CodeIgniter\CodeIgniter->createController()
 3 SYSTEMPATH/CodeIgniter.php(368): CodeIgniter\CodeIgniter->handleRequest(null, Object(Config\Cache), false)
 4 FCPATH/index.php(67): CodeIgniter\CodeIgniter->run()
WARNING - 2024-11-13 10:25:30 --> [DEPRECATED] Creation of dynamic property App\Controllers\Rekammedisirna::$simrs is deprecated in APPPATH/Controllers/Api.php on line 9.
 1 SYSTEMPATH/CodeIgniter.php(906): App\Controllers\Api->__construct()
 2 SYSTEMPATH/CodeIgniter.php(490): CodeIgniter\CodeIgniter->createController()
 3 SYSTEMPATH/CodeIgniter.php(368): CodeIgniter\CodeIgniter->handleRequest(null, Object(Config\Cache), false)
 4 FCPATH/index.php(67): CodeIgniter\CodeIgniter->run()
WARNING - 2024-11-13 10:25:34 --> [DEPRECATED] Creation of dynamic property App\Controllers\Rekammedisirna::$db is deprecated in APPPATH/Controllers/Api.php on line 8.
 1 SYSTEMPATH/CodeIgniter.php(906): App\Controllers\Api->__construct()
 2 SYSTEMPATH/CodeIgniter.php(490): CodeIgniter\CodeIgniter->createController()
 3 SYSTEMPATH/CodeIgniter.php(368): CodeIgniter\CodeIgniter->handleRequest(null, Object(Config\Cache), false)
 4 FCPATH/index.php(67): CodeIgniter\CodeIgniter->run()
WARNING - 2024-11-13 10:25:34 --> [DEPRECATED] Creation of dynamic property App\Controllers\Rekammedisirna::$simrs is deprecated in APPPATH/Controllers/Api.php on line 9.
 1 SYSTEMPATH/CodeIgniter.php(906): App\Controllers\Api->__construct()
 2 SYSTEMPATH/CodeIgniter.php(490): CodeIgniter\CodeIgniter->createController()
 3 SYSTEMPATH/CodeIgniter.php(368): CodeIgniter\CodeIgniter->handleRequest(null, Object(Config\Cache), false)
 4 FCPATH/index.php(67): CodeIgniter\CodeIgniter->run()
WARNING - 2024-11-13 10:25:34 --> [DEPRECATED] Creation of dynamic property App\Controllers\Rekammedisirna::$db is deprecated in APPPATH/Controllers/Api.php on line 8.
 1 SYSTEMPATH/CodeIgniter.php(906): App\Controllers\Api->__construct()
 2 SYSTEMPATH/CodeIgniter.php(490): CodeIgniter\CodeIgniter->createController()
 3 SYSTEMPATH/CodeIgniter.php(368): CodeIgniter\CodeIgniter->handleRequest(null, Object(Config\Cache), false)
 4 FCPATH/index.php(67): CodeIgniter\CodeIgniter->run()
WARNING - 2024-11-13 10:25:34 --> [DEPRECATED] Creation of dynamic property App\Controllers\Rekammedisirna::$simrs is deprecated in APPPATH/Controllers/Api.php on line 9.
 1 SYSTEMPATH/CodeIgniter.php(906): App\Controllers\Api->__construct()
 2 SYSTEMPATH/CodeIgniter.php(490): CodeIgniter\CodeIgniter->createController()
 3 SYSTEMPATH/CodeIgniter.php(368): CodeIgniter\CodeIgniter->handleRequest(null, Object(Config\Cache), false)
 4 FCPATH/index.php(67): CodeIgniter\CodeIgniter->run()
WARNING - 2024-11-13 10:25:34 --> [DEPRECATED] Creation of dynamic property App\Controllers\Rekammedisirna::$db is deprecated in APPPATH/Controllers/Api.php on line 8.
 1 SYSTEMPATH/CodeIgniter.php(906): App\Controllers\Api->__construct()
 2 SYSTEMPATH/CodeIgniter.php(490): CodeIgniter\CodeIgniter->createController()
 3 SYSTEMPATH/CodeIgniter.php(368): CodeIgniter\CodeIgniter->handleRequest(null, Object(Config\Cache), false)
 4 FCPATH/index.php(67): CodeIgniter\CodeIgniter->run()
WARNING - 2024-11-13 10:25:34 --> [DEPRECATED] Creation of dynamic property App\Controllers\Rekammedisirna::$simrs is deprecated in APPPATH/Controllers/Api.php on line 9.
 1 SYSTEMPATH/CodeIgniter.php(906): App\Controllers\Api->__construct()
 2 SYSTEMPATH/CodeIgniter.php(490): CodeIgniter\CodeIgniter->createController()
 3 SYSTEMPATH/CodeIgniter.php(368): CodeIgniter\CodeIgniter->handleRequest(null, Object(Config\Cache), false)
 4 FCPATH/index.php(67): CodeIgniter\CodeIgniter->run()
ERROR - 2024-11-13 10:25:34 --> ErrorException: pg_query(): Query failed: ERROR:  relation &quot;soap_pasien&quot; does not exist
LINE 1:   SELECT * FROM soap_pasien s 
                        ^ in /var/www/html/SIMRSHEBAT/system/Database/Postgre/Connection.php:147
Stack trace:
#0 [internal function]: CodeIgniter\Debug\Exceptions->errorHandler()
#1 /var/www/html/SIMRSHEBAT/system/Database/Postgre/Connection.php(147): pg_query()
#2 /var/www/html/SIMRSHEBAT/system/Database/BaseConnection.php(691): CodeIgniter\Database\Postgre\Connection->execute()
#3 /var/www/html/SIMRSHEBAT/app/Controllers/Rekammedisirna.php(1008): CodeIgniter\Database\BaseConnection->simpleQuery()
#4 /var/www/html/SIMRSHEBAT/system/CodeIgniter.php(934): App\Controllers\Rekammedisirna->cekcppt()
#5 /var/www/html/SIMRSHEBAT/system/CodeIgniter.php(499): CodeIgniter\CodeIgniter->runController()
#6 /var/www/html/SIMRSHEBAT/system/CodeIgniter.php(368): CodeIgniter\CodeIgniter->handleRequest()
#7 /var/www/html/SIMRSHEBAT/index.php(67): CodeIgniter\CodeIgniter->run()
#8 {main}
WARNING - 2024-11-13 10:25:34 --> [DEPRECATED] Creation of dynamic property App\Controllers\Rekammedisirna::$db is deprecated in APPPATH/Controllers/Api.php on line 8.
 1 SYSTEMPATH/CodeIgniter.php(906): App\Controllers\Api->__construct()
 2 SYSTEMPATH/CodeIgniter.php(490): CodeIgniter\CodeIgniter->createController()
 3 SYSTEMPATH/CodeIgniter.php(368): CodeIgniter\CodeIgniter->handleRequest(null, Object(Config\Cache), false)
 4 FCPATH/index.php(67): CodeIgniter\CodeIgniter->run()
WARNING - 2024-11-13 10:25:34 --> [DEPRECATED] Creation of dynamic property App\Controllers\Rekammedisirna::$simrs is deprecated in APPPATH/Controllers/Api.php on line 9.
 1 SYSTEMPATH/CodeIgniter.php(906): App\Controllers\Api->__construct()
 2 SYSTEMPATH/CodeIgniter.php(490): CodeIgniter\CodeIgniter->createController()
 3 SYSTEMPATH/CodeIgniter.php(368): CodeIgniter\CodeIgniter->handleRequest(null, Object(Config\Cache), false)
 4 FCPATH/index.php(67): CodeIgniter\CodeIgniter->run()
WARNING - 2024-11-13 10:25:34 --> [DEPRECATED] Creation of dynamic property App\Controllers\Rekammedisirna::$db is deprecated in APPPATH/Controllers/Api.php on line 8.
 1 SYSTEMPATH/CodeIgniter.php(906): App\Controllers\Api->__construct()
 2 SYSTEMPATH/CodeIgniter.php(490): CodeIgniter\CodeIgniter->createController()
 3 SYSTEMPATH/CodeIgniter.php(368): CodeIgniter\CodeIgniter->handleRequest(null, Object(Config\Cache), false)
 4 FCPATH/index.php(67): CodeIgniter\CodeIgniter->run()
WARNING - 2024-11-13 10:25:34 --> [DEPRECATED] Creation of dynamic property App\Controllers\Rekammedisirna::$simrs is deprecated in APPPATH/Controllers/Api.php on line 9.
 1 SYSTEMPATH/CodeIgniter.php(906): App\Controllers\Api->__construct()
 2 SYSTEMPATH/CodeIgniter.php(490): CodeIgniter\CodeIgniter->createController()
 3 SYSTEMPATH/CodeIgniter.php(368): CodeIgniter\CodeIgniter->handleRequest(null, Object(Config\Cache), false)
 4 FCPATH/index.php(67): CodeIgniter\CodeIgniter->run()
WARNING - 2024-11-13 10:25:34 --> [DEPRECATED] Creation of dynamic property App\Controllers\Rekammedisirna::$db is deprecated in APPPATH/Controllers/Api.php on line 8.
 1 SYSTEMPATH/CodeIgniter.php(906): App\Controllers\Api->__construct()
 2 SYSTEMPATH/CodeIgniter.php(490): CodeIgniter\CodeIgniter->createController()
 3 SYSTEMPATH/CodeIgniter.php(368): CodeIgniter\CodeIgniter->handleRequest(null, Object(Config\Cache), false)
 4 FCPATH/index.php(67): CodeIgniter\CodeIgniter->run()
WARNING - 2024-11-13 10:25:34 --> [DEPRECATED] Creation of dynamic property App\Controllers\Rekammedisirna::$simrs is deprecated in APPPATH/Controllers/Api.php on line 9.
 1 SYSTEMPATH/CodeIgniter.php(906): App\Controllers\Api->__construct()
 2 SYSTEMPATH/CodeIgniter.php(490): CodeIgniter\CodeIgniter->createController()
 3 SYSTEMPATH/CodeIgniter.php(368): CodeIgniter\CodeIgniter->handleRequest(null, Object(Config\Cache), false)
 4 FCPATH/index.php(67): CodeIgniter\CodeIgniter->run()
ERROR - 2024-11-13 10:25:34 --> ErrorException: pg_query(): Query failed: ERROR:  relation &quot;konsultasi_dpjp&quot; does not exist
LINE 2:         konsultasi_dpjp 
                ^ in /var/www/html/SIMRSHEBAT/system/Database/Postgre/Connection.php:147
Stack trace:
#0 [internal function]: CodeIgniter\Debug\Exceptions->errorHandler()
#1 /var/www/html/SIMRSHEBAT/system/Database/Postgre/Connection.php(147): pg_query()
#2 /var/www/html/SIMRSHEBAT/system/Database/BaseConnection.php(691): CodeIgniter\Database\Postgre\Connection->execute()
#3 /var/www/html/SIMRSHEBAT/system/Database/BaseConnection.php(605): CodeIgniter\Database\BaseConnection->simpleQuery()
#4 /var/www/html/SIMRSHEBAT/app/Controllers/Rekammedisirna.php(577): CodeIgniter\Database\BaseConnection->query()
#5 /var/www/html/SIMRSHEBAT/system/CodeIgniter.php(934): App\Controllers\Rekammedisirna->dokumenPasien()
#6 /var/www/html/SIMRSHEBAT/system/CodeIgniter.php(499): CodeIgniter\CodeIgniter->runController()
#7 /var/www/html/SIMRSHEBAT/system/CodeIgniter.php(368): CodeIgniter\CodeIgniter->handleRequest()
#8 /var/www/html/SIMRSHEBAT/index.php(67): CodeIgniter\CodeIgniter->run()
#9 {main}
CRITICAL - 2024-11-13 10:25:34 --> Call to a member function getResult() on bool
in APPPATH/Controllers/Rekammedisirna.php on line 583.
 1 SYSTEMPATH/CodeIgniter.php(934): App\Controllers\Rekammedisirna->dokumenPasien()
 2 SYSTEMPATH/CodeIgniter.php(499): CodeIgniter\CodeIgniter->runController()
 3 SYSTEMPATH/CodeIgniter.php(368): CodeIgniter\CodeIgniter->handleRequest()
 4 FCPATH/index.php(67): CodeIgniter\CodeIgniter->run()
WARNING - 2024-11-13 10:25:38 --> [DEPRECATED] Creation of dynamic property App\Controllers\Rekammedisirna::$db is deprecated in APPPATH/Controllers/Api.php on line 8.
 1 SYSTEMPATH/CodeIgniter.php(906): App\Controllers\Api->__construct()
 2 SYSTEMPATH/CodeIgniter.php(490): CodeIgniter\CodeIgniter->createController()
 3 SYSTEMPATH/CodeIgniter.php(368): CodeIgniter\CodeIgniter->handleRequest(null, Object(Config\Cache), false)
 4 FCPATH/index.php(67): CodeIgniter\CodeIgniter->run()
WARNING - 2024-11-13 10:25:38 --> [DEPRECATED] Creation of dynamic property App\Controllers\Rekammedisirna::$db is deprecated in APPPATH/Controllers/Api.php on line 8.
 1 SYSTEMPATH/CodeIgniter.php(906): App\Controllers\Api->__construct()
 2 SYSTEMPATH/CodeIgniter.php(490): CodeIgniter\CodeIgniter->createController()
 3 SYSTEMPATH/CodeIgniter.php(368): CodeIgniter\CodeIgniter->handleRequest(null, Object(Config\Cache), false)
 4 FCPATH/index.php(67): CodeIgniter\CodeIgniter->run()
WARNING - 2024-11-13 10:25:38 --> [DEPRECATED] Creation of dynamic property App\Controllers\Rekammedisirna::$simrs is deprecated in APPPATH/Controllers/Api.php on line 9.
 1 SYSTEMPATH/CodeIgniter.php(906): App\Controllers\Api->__construct()
 2 SYSTEMPATH/CodeIgniter.php(490): CodeIgniter\CodeIgniter->createController()
 3 SYSTEMPATH/CodeIgniter.php(368): CodeIgniter\CodeIgniter->handleRequest(null, Object(Config\Cache), false)
 4 FCPATH/index.php(67): CodeIgniter\CodeIgniter->run()
WARNING - 2024-11-13 10:25:38 --> [DEPRECATED] Creation of dynamic property App\Controllers\Rekammedisirna::$simrs is deprecated in APPPATH/Controllers/Api.php on line 9.
 1 SYSTEMPATH/CodeIgniter.php(906): App\Controllers\Api->__construct()
 2 SYSTEMPATH/CodeIgniter.php(490): CodeIgniter\CodeIgniter->createController()
 3 SYSTEMPATH/CodeIgniter.php(368): CodeIgniter\CodeIgniter->handleRequest(null, Object(Config\Cache), false)
 4 FCPATH/index.php(67): CodeIgniter\CodeIgniter->run()
WARNING - 2024-11-13 10:25:38 --> [DEPRECATED] Creation of dynamic property App\Controllers\Rekammedisirna::$db is deprecated in APPPATH/Controllers/Api.php on line 8.
 1 SYSTEMPATH/CodeIgniter.php(906): App\Controllers\Api->__construct()
 2 SYSTEMPATH/CodeIgniter.php(490): CodeIgniter\CodeIgniter->createController()
 3 SYSTEMPATH/CodeIgniter.php(368): CodeIgniter\CodeIgniter->handleRequest(null, Object(Config\Cache), false)
 4 FCPATH/index.php(67): CodeIgniter\CodeIgniter->run()
WARNING - 2024-11-13 10:25:38 --> [DEPRECATED] Creation of dynamic property App\Controllers\Rekammedisirna::$simrs is deprecated in APPPATH/Controllers/Api.php on line 9.
 1 SYSTEMPATH/CodeIgniter.php(906): App\Controllers\Api->__construct()
 2 SYSTEMPATH/CodeIgniter.php(490): CodeIgniter\CodeIgniter->createController()
 3 SYSTEMPATH/CodeIgniter.php(368): CodeIgniter\CodeIgniter->handleRequest(null, Object(Config\Cache), false)
 4 FCPATH/index.php(67): CodeIgniter\CodeIgniter->run()
ERROR - 2024-11-13 10:25:38 --> ErrorException: pg_query(): Query failed: ERROR:  relation &quot;soap_pasien&quot; does not exist
LINE 1:   SELECT * FROM soap_pasien s 
                        ^ in /var/www/html/SIMRSHEBAT/system/Database/Postgre/Connection.php:147
Stack trace:
#0 [internal function]: CodeIgniter\Debug\Exceptions->errorHandler()
#1 /var/www/html/SIMRSHEBAT/system/Database/Postgre/Connection.php(147): pg_query()
#2 /var/www/html/SIMRSHEBAT/system/Database/BaseConnection.php(691): CodeIgniter\Database\Postgre\Connection->execute()
#3 /var/www/html/SIMRSHEBAT/app/Controllers/Rekammedisirna.php(1008): CodeIgniter\Database\BaseConnection->simpleQuery()
#4 /var/www/html/SIMRSHEBAT/system/CodeIgniter.php(934): App\Controllers\Rekammedisirna->cekcppt()
#5 /var/www/html/SIMRSHEBAT/system/CodeIgniter.php(499): CodeIgniter\CodeIgniter->runController()
#6 /var/www/html/SIMRSHEBAT/system/CodeIgniter.php(368): CodeIgniter\CodeIgniter->handleRequest()
#7 /var/www/html/SIMRSHEBAT/index.php(67): CodeIgniter\CodeIgniter->run()
#8 {main}
WARNING - 2024-11-13 10:25:38 --> [DEPRECATED] Creation of dynamic property App\Controllers\Rekammedisirna::$db is deprecated in APPPATH/Controllers/Api.php on line 8.
 1 SYSTEMPATH/CodeIgniter.php(906): App\Controllers\Api->__construct()
 2 SYSTEMPATH/CodeIgniter.php(490): CodeIgniter\CodeIgniter->createController()
 3 SYSTEMPATH/CodeIgniter.php(368): CodeIgniter\CodeIgniter->handleRequest(null, Object(Config\Cache), false)
 4 FCPATH/index.php(67): CodeIgniter\CodeIgniter->run()
WARNING - 2024-11-13 10:25:38 --> [DEPRECATED] Creation of dynamic property App\Controllers\Rekammedisirna::$simrs is deprecated in APPPATH/Controllers/Api.php on line 9.
 1 SYSTEMPATH/CodeIgniter.php(906): App\Controllers\Api->__construct()
 2 SYSTEMPATH/CodeIgniter.php(490): CodeIgniter\CodeIgniter->createController()
 3 SYSTEMPATH/CodeIgniter.php(368): CodeIgniter\CodeIgniter->handleRequest(null, Object(Config\Cache), false)
 4 FCPATH/index.php(67): CodeIgniter\CodeIgniter->run()
WARNING - 2024-11-13 10:25:38 --> [DEPRECATED] Creation of dynamic property App\Controllers\Rekammedisirna::$db is deprecated in APPPATH/Controllers/Api.php on line 8.
 1 SYSTEMPATH/CodeIgniter.php(906): App\Controllers\Api->__construct()
 2 SYSTEMPATH/CodeIgniter.php(490): CodeIgniter\CodeIgniter->createController()
 3 SYSTEMPATH/CodeIgniter.php(368): CodeIgniter\CodeIgniter->handleRequest(null, Object(Config\Cache), false)
 4 FCPATH/index.php(67): CodeIgniter\CodeIgniter->run()
WARNING - 2024-11-13 10:25:38 --> [DEPRECATED] Creation of dynamic property App\Controllers\Rekammedisirna::$simrs is deprecated in APPPATH/Controllers/Api.php on line 9.
 1 SYSTEMPATH/CodeIgniter.php(906): App\Controllers\Api->__construct()
 2 SYSTEMPATH/CodeIgniter.php(490): CodeIgniter\CodeIgniter->createController()
 3 SYSTEMPATH/CodeIgniter.php(368): CodeIgniter\CodeIgniter->handleRequest(null, Object(Config\Cache), false)
 4 FCPATH/index.php(67): CodeIgniter\CodeIgniter->run()
WARNING - 2024-11-13 10:25:38 --> [DEPRECATED] Creation of dynamic property App\Controllers\Rekammedisirna::$db is deprecated in APPPATH/Controllers/Api.php on line 8.
 1 SYSTEMPATH/CodeIgniter.php(906): App\Controllers\Api->__construct()
 2 SYSTEMPATH/CodeIgniter.php(490): CodeIgniter\CodeIgniter->createController()
 3 SYSTEMPATH/CodeIgniter.php(368): CodeIgniter\CodeIgniter->handleRequest(null, Object(Config\Cache), false)
 4 FCPATH/index.php(67): CodeIgniter\CodeIgniter->run()
WARNING - 2024-11-13 10:25:38 --> [DEPRECATED] Creation of dynamic property App\Controllers\Rekammedisirna::$simrs is deprecated in APPPATH/Controllers/Api.php on line 9.
 1 SYSTEMPATH/CodeIgniter.php(906): App\Controllers\Api->__construct()
 2 SYSTEMPATH/CodeIgniter.php(490): CodeIgniter\CodeIgniter->createController()
 3 SYSTEMPATH/CodeIgniter.php(368): CodeIgniter\CodeIgniter->handleRequest(null, Object(Config\Cache), false)
 4 FCPATH/index.php(67): CodeIgniter\CodeIgniter->run()
ERROR - 2024-11-13 10:25:38 --> ErrorException: pg_query(): Query failed: ERROR:  relation &quot;konsultasi_dpjp&quot; does not exist
LINE 2:         konsultasi_dpjp 
                ^ in /var/www/html/SIMRSHEBAT/system/Database/Postgre/Connection.php:147
Stack trace:
#0 [internal function]: CodeIgniter\Debug\Exceptions->errorHandler()
#1 /var/www/html/SIMRSHEBAT/system/Database/Postgre/Connection.php(147): pg_query()
#2 /var/www/html/SIMRSHEBAT/system/Database/BaseConnection.php(691): CodeIgniter\Database\Postgre\Connection->execute()
#3 /var/www/html/SIMRSHEBAT/system/Database/BaseConnection.php(605): CodeIgniter\Database\BaseConnection->simpleQuery()
#4 /var/www/html/SIMRSHEBAT/app/Controllers/Rekammedisirna.php(577): CodeIgniter\Database\BaseConnection->query()
#5 /var/www/html/SIMRSHEBAT/system/CodeIgniter.php(934): App\Controllers\Rekammedisirna->dokumenPasien()
#6 /var/www/html/SIMRSHEBAT/system/CodeIgniter.php(499): CodeIgniter\CodeIgniter->runController()
#7 /var/www/html/SIMRSHEBAT/system/CodeIgniter.php(368): CodeIgniter\CodeIgniter->handleRequest()
#8 /var/www/html/SIMRSHEBAT/index.php(67): CodeIgniter\CodeIgniter->run()
#9 {main}
CRITICAL - 2024-11-13 10:25:38 --> Call to a member function getResult() on bool
in APPPATH/Controllers/Rekammedisirna.php on line 583.
 1 SYSTEMPATH/CodeIgniter.php(934): App\Controllers\Rekammedisirna->dokumenPasien()
 2 SYSTEMPATH/CodeIgniter.php(499): CodeIgniter\CodeIgniter->runController()
 3 SYSTEMPATH/CodeIgniter.php(368): CodeIgniter\CodeIgniter->handleRequest()
 4 FCPATH/index.php(67): CodeIgniter\CodeIgniter->run()
WARNING - 2024-11-13 10:25:46 --> [DEPRECATED] Creation of dynamic property App\Controllers\Rekammedisirna::$db is deprecated in APPPATH/Controllers/Api.php on line 8.
 1 SYSTEMPATH/CodeIgniter.php(906): App\Controllers\Api->__construct()
 2 SYSTEMPATH/CodeIgniter.php(490): CodeIgniter\CodeIgniter->createController()
 3 SYSTEMPATH/CodeIgniter.php(368): CodeIgniter\CodeIgniter->handleRequest(null, Object(Config\Cache), false)
 4 FCPATH/index.php(67): CodeIgniter\CodeIgniter->run()
WARNING - 2024-11-13 10:25:46 --> [DEPRECATED] Creation of dynamic property App\Controllers\Rekammedisirna::$simrs is deprecated in APPPATH/Controllers/Api.php on line 9.
 1 SYSTEMPATH/CodeIgniter.php(906): App\Controllers\Api->__construct()
 2 SYSTEMPATH/CodeIgniter.php(490): CodeIgniter\CodeIgniter->createController()
 3 SYSTEMPATH/CodeIgniter.php(368): CodeIgniter\CodeIgniter->handleRequest(null, Object(Config\Cache), false)
 4 FCPATH/index.php(67): CodeIgniter\CodeIgniter->run()
CRITICAL - 2024-11-13 10:25:46 --> Undefined property: stdClass::$norm
in APPPATH/Controllers/Rekammedisirna.php on line 1035.
 1 APPPATH/Controllers/Rekammedisirna.php(1035): CodeIgniter\Debug\Exceptions->errorHandler()
 2 SYSTEMPATH/CodeIgniter.php(934): App\Controllers\Rekammedisirna->viewtandavital()
 3 SYSTEMPATH/CodeIgniter.php(499): CodeIgniter\CodeIgniter->runController()
 4 SYSTEMPATH/CodeIgniter.php(368): CodeIgniter\CodeIgniter->handleRequest()
 5 FCPATH/index.php(67): CodeIgniter\CodeIgniter->run()
WARNING - 2024-11-13 10:26:20 --> [DEPRECATED] Creation of dynamic property App\Controllers\Rekammedisirna::$db is deprecated in APPPATH/Controllers/Api.php on line 8.
 1 SYSTEMPATH/CodeIgniter.php(906): App\Controllers\Api->__construct()
 2 SYSTEMPATH/CodeIgniter.php(490): CodeIgniter\CodeIgniter->createController()
 3 SYSTEMPATH/CodeIgniter.php(368): CodeIgniter\CodeIgniter->handleRequest(null, Object(Config\Cache), false)
 4 FCPATH/index.php(67): CodeIgniter\CodeIgniter->run()
WARNING - 2024-11-13 10:26:20 --> [DEPRECATED] Creation of dynamic property App\Controllers\Rekammedisirna::$simrs is deprecated in APPPATH/Controllers/Api.php on line 9.
 1 SYSTEMPATH/CodeIgniter.php(906): App\Controllers\Api->__construct()
 2 SYSTEMPATH/CodeIgniter.php(490): CodeIgniter\CodeIgniter->createController()
 3 SYSTEMPATH/CodeIgniter.php(368): CodeIgniter\CodeIgniter->handleRequest(null, Object(Config\Cache), false)
 4 FCPATH/index.php(67): CodeIgniter\CodeIgniter->run()
CRITICAL - 2024-11-13 10:26:20 --> Undefined property: stdClass::$pupilAssMedirnaKiri
in APPPATH/Controllers/Rekammedisirna.php on line 4006.
 1 APPPATH/Controllers/Rekammedisirna.php(4006): CodeIgniter\Debug\Exceptions->errorHandler()
 2 SYSTEMPATH/CodeIgniter.php(934): App\Controllers\Rekammedisirna->saveAssesmenDokterirna()
 3 SYSTEMPATH/CodeIgniter.php(499): CodeIgniter\CodeIgniter->runController()
 4 SYSTEMPATH/CodeIgniter.php(368): CodeIgniter\CodeIgniter->handleRequest()
 5 FCPATH/index.php(67): CodeIgniter\CodeIgniter->run()
WARNING - 2024-11-13 10:26:20 --> [DEPRECATED] Creation of dynamic property App\Controllers\Rekammedisirna::$db is deprecated in APPPATH/Controllers/Api.php on line 8.
 1 SYSTEMPATH/CodeIgniter.php(906): App\Controllers\Api->__construct()
 2 SYSTEMPATH/CodeIgniter.php(490): CodeIgniter\CodeIgniter->createController()
 3 SYSTEMPATH/CodeIgniter.php(368): CodeIgniter\CodeIgniter->handleRequest(null, Object(Config\Cache), false)
 4 FCPATH/index.php(67): CodeIgniter\CodeIgniter->run()
WARNING - 2024-11-13 10:26:20 --> [DEPRECATED] Creation of dynamic property App\Controllers\Rekammedisirna::$simrs is deprecated in APPPATH/Controllers/Api.php on line 9.
 1 SYSTEMPATH/CodeIgniter.php(906): App\Controllers\Api->__construct()
 2 SYSTEMPATH/CodeIgniter.php(490): CodeIgniter\CodeIgniter->createController()
 3 SYSTEMPATH/CodeIgniter.php(368): CodeIgniter\CodeIgniter->handleRequest(null, Object(Config\Cache), false)
 4 FCPATH/index.php(67): CodeIgniter\CodeIgniter->run()
ERROR - 2024-11-13 10:26:20 --> ErrorException: pg_query(): Query failed: ERROR:  relation &quot;soap_pasien&quot; does not exist
LINE 1:   SELECT * FROM soap_pasien s 
                        ^ in /var/www/html/SIMRSHEBAT/system/Database/Postgre/Connection.php:147
Stack trace:
#0 [internal function]: CodeIgniter\Debug\Exceptions->errorHandler()
#1 /var/www/html/SIMRSHEBAT/system/Database/Postgre/Connection.php(147): pg_query()
#2 /var/www/html/SIMRSHEBAT/system/Database/BaseConnection.php(691): CodeIgniter\Database\Postgre\Connection->execute()
#3 /var/www/html/SIMRSHEBAT/app/Controllers/Rekammedisirna.php(976): CodeIgniter\Database\BaseConnection->simpleQuery()
#4 /var/www/html/SIMRSHEBAT/system/CodeIgniter.php(934): App\Controllers\Rekammedisirna->datakunjunganhistorirmsoapiirna()
#5 /var/www/html/SIMRSHEBAT/system/CodeIgniter.php(499): CodeIgniter\CodeIgniter->runController()
#6 /var/www/html/SIMRSHEBAT/system/CodeIgniter.php(368): CodeIgniter\CodeIgniter->handleRequest()
#7 /var/www/html/SIMRSHEBAT/index.php(67): CodeIgniter\CodeIgniter->run()
#8 {main}
WARNING - 2024-11-13 10:28:16 --> [DEPRECATED] Creation of dynamic property App\Controllers\Rekammedisirna::$db is deprecated in APPPATH/Controllers/Api.php on line 8.
 1 SYSTEMPATH/CodeIgniter.php(906): App\Controllers\Api->__construct()
 2 SYSTEMPATH/CodeIgniter.php(490): CodeIgniter\CodeIgniter->createController()
 3 SYSTEMPATH/CodeIgniter.php(368): CodeIgniter\CodeIgniter->handleRequest(null, Object(Config\Cache), false)
 4 FCPATH/index.php(67): CodeIgniter\CodeIgniter->run()
WARNING - 2024-11-13 10:28:16 --> [DEPRECATED] Creation of dynamic property App\Controllers\Rekammedisirna::$simrs is deprecated in APPPATH/Controllers/Api.php on line 9.
 1 SYSTEMPATH/CodeIgniter.php(906): App\Controllers\Api->__construct()
 2 SYSTEMPATH/CodeIgniter.php(490): CodeIgniter\CodeIgniter->createController()
 3 SYSTEMPATH/CodeIgniter.php(368): CodeIgniter\CodeIgniter->handleRequest(null, Object(Config\Cache), false)
 4 FCPATH/index.php(67): CodeIgniter\CodeIgniter->run()
CRITICAL - 2024-11-13 10:28:16 --> Undefined property: stdClass::$norm
in APPPATH/Controllers/Rekammedisirna.php on line 1035.
 1 APPPATH/Controllers/Rekammedisirna.php(1035): CodeIgniter\Debug\Exceptions->errorHandler()
 2 SYSTEMPATH/CodeIgniter.php(934): App\Controllers\Rekammedisirna->viewtandavital()
 3 SYSTEMPATH/CodeIgniter.php(499): CodeIgniter\CodeIgniter->runController()
 4 SYSTEMPATH/CodeIgniter.php(368): CodeIgniter\CodeIgniter->handleRequest()
 5 FCPATH/index.php(67): CodeIgniter\CodeIgniter->run()
WARNING - 2024-11-13 10:28:20 --> [DEPRECATED] Creation of dynamic property App\Controllers\Rekammedisirna::$db is deprecated in APPPATH/Controllers/Api.php on line 8.
 1 SYSTEMPATH/CodeIgniter.php(906): App\Controllers\Api->__construct()
 2 SYSTEMPATH/CodeIgniter.php(490): CodeIgniter\CodeIgniter->createController()
 3 SYSTEMPATH/CodeIgniter.php(368): CodeIgniter\CodeIgniter->handleRequest(null, Object(Config\Cache), false)
 4 FCPATH/index.php(67): CodeIgniter\CodeIgniter->run()
WARNING - 2024-11-13 10:28:20 --> [DEPRECATED] Creation of dynamic property App\Controllers\Rekammedisirna::$simrs is deprecated in APPPATH/Controllers/Api.php on line 9.
 1 SYSTEMPATH/CodeIgniter.php(906): App\Controllers\Api->__construct()
 2 SYSTEMPATH/CodeIgniter.php(490): CodeIgniter\CodeIgniter->createController()
 3 SYSTEMPATH/CodeIgniter.php(368): CodeIgniter\CodeIgniter->handleRequest(null, Object(Config\Cache), false)
 4 FCPATH/index.php(67): CodeIgniter\CodeIgniter->run()
ERROR - 2024-11-13 10:28:20 --> ErrorException: pg_query(): Query failed: ERROR:  syntax error at or near &quot;id_tanda_vital&quot;
LINE 34:                                     id_tanda_vital)
                                             ^ in /var/www/html/SIMRSHEBAT/system/Database/Postgre/Connection.php:147
Stack trace:
#0 [internal function]: CodeIgniter\Debug\Exceptions->errorHandler()
#1 /var/www/html/SIMRSHEBAT/system/Database/Postgre/Connection.php(147): pg_query()
#2 /var/www/html/SIMRSHEBAT/system/Database/BaseConnection.php(691): CodeIgniter\Database\Postgre\Connection->execute()
#3 /var/www/html/SIMRSHEBAT/app/Controllers/Rekammedisirna.php(3907): CodeIgniter\Database\BaseConnection->simpleQuery()
#4 /var/www/html/SIMRSHEBAT/system/CodeIgniter.php(934): App\Controllers\Rekammedisirna->saveAssesmenDokterirna()
#5 /var/www/html/SIMRSHEBAT/system/CodeIgniter.php(499): CodeIgniter\CodeIgniter->runController()
#6 /var/www/html/SIMRSHEBAT/system/CodeIgniter.php(368): CodeIgniter\CodeIgniter->handleRequest()
#7 /var/www/html/SIMRSHEBAT/index.php(67): CodeIgniter\CodeIgniter->run()
#8 {main}
CRITICAL - 2024-11-13 10:28:20 --> Undefined variable $save_tandavital
in APPPATH/Controllers/Rekammedisirna.php on line 4035.
 1 APPPATH/Controllers/Rekammedisirna.php(4035): CodeIgniter\Debug\Exceptions->errorHandler()
 2 SYSTEMPATH/CodeIgniter.php(934): App\Controllers\Rekammedisirna->saveAssesmenDokterirna()
 3 SYSTEMPATH/CodeIgniter.php(499): CodeIgniter\CodeIgniter->runController()
 4 SYSTEMPATH/CodeIgniter.php(368): CodeIgniter\CodeIgniter->handleRequest()
 5 FCPATH/index.php(67): CodeIgniter\CodeIgniter->run()
WARNING - 2024-11-13 10:28:20 --> [DEPRECATED] Creation of dynamic property App\Controllers\Rekammedisirna::$db is deprecated in APPPATH/Controllers/Api.php on line 8.
 1 SYSTEMPATH/CodeIgniter.php(906): App\Controllers\Api->__construct()
 2 SYSTEMPATH/CodeIgniter.php(490): CodeIgniter\CodeIgniter->createController()
 3 SYSTEMPATH/CodeIgniter.php(368): CodeIgniter\CodeIgniter->handleRequest(null, Object(Config\Cache), false)
 4 FCPATH/index.php(67): CodeIgniter\CodeIgniter->run()
WARNING - 2024-11-13 10:28:20 --> [DEPRECATED] Creation of dynamic property App\Controllers\Rekammedisirna::$simrs is deprecated in APPPATH/Controllers/Api.php on line 9.
 1 SYSTEMPATH/CodeIgniter.php(906): App\Controllers\Api->__construct()
 2 SYSTEMPATH/CodeIgniter.php(490): CodeIgniter\CodeIgniter->createController()
 3 SYSTEMPATH/CodeIgniter.php(368): CodeIgniter\CodeIgniter->handleRequest(null, Object(Config\Cache), false)
 4 FCPATH/index.php(67): CodeIgniter\CodeIgniter->run()
ERROR - 2024-11-13 10:28:20 --> ErrorException: pg_query(): Query failed: ERROR:  relation &quot;soap_pasien&quot; does not exist
LINE 1:   SELECT * FROM soap_pasien s 
                        ^ in /var/www/html/SIMRSHEBAT/system/Database/Postgre/Connection.php:147
Stack trace:
#0 [internal function]: CodeIgniter\Debug\Exceptions->errorHandler()
#1 /var/www/html/SIMRSHEBAT/system/Database/Postgre/Connection.php(147): pg_query()
#2 /var/www/html/SIMRSHEBAT/system/Database/BaseConnection.php(691): CodeIgniter\Database\Postgre\Connection->execute()
#3 /var/www/html/SIMRSHEBAT/app/Controllers/Rekammedisirna.php(976): CodeIgniter\Database\BaseConnection->simpleQuery()
#4 /var/www/html/SIMRSHEBAT/system/CodeIgniter.php(934): App\Controllers\Rekammedisirna->datakunjunganhistorirmsoapiirna()
#5 /var/www/html/SIMRSHEBAT/system/CodeIgniter.php(499): CodeIgniter\CodeIgniter->runController()
#6 /var/www/html/SIMRSHEBAT/system/CodeIgniter.php(368): CodeIgniter\CodeIgniter->handleRequest()
#7 /var/www/html/SIMRSHEBAT/index.php(67): CodeIgniter\CodeIgniter->run()
#8 {main}
WARNING - 2024-11-13 10:31:48 --> [DEPRECATED] Creation of dynamic property App\Controllers\Laporan::$db is deprecated in APPPATH/Controllers/Api.php on line 8.
 1 SYSTEMPATH/CodeIgniter.php(906): App\Controllers\Api->__construct()
 2 SYSTEMPATH/CodeIgniter.php(490): CodeIgniter\CodeIgniter->createController()
 3 SYSTEMPATH/CodeIgniter.php(368): CodeIgniter\CodeIgniter->handleRequest(null, Object(Config\Cache), false)
 4 FCPATH/index.php(67): CodeIgniter\CodeIgniter->run()
WARNING - 2024-11-13 10:31:48 --> [DEPRECATED] Creation of dynamic property App\Controllers\Laporan::$simrs is deprecated in APPPATH/Controllers/Api.php on line 9.
 1 SYSTEMPATH/CodeIgniter.php(906): App\Controllers\Api->__construct()
 2 SYSTEMPATH/CodeIgniter.php(490): CodeIgniter\CodeIgniter->createController()
 3 SYSTEMPATH/CodeIgniter.php(368): CodeIgniter\CodeIgniter->handleRequest(null, Object(Config\Cache), false)
 4 FCPATH/index.php(67): CodeIgniter\CodeIgniter->run()
WARNING - 2024-11-13 10:31:48 --> [DEPRECATED] Creation of dynamic property App\Controllers\User::$db is deprecated in APPPATH/Controllers/Api.php on line 8.
 1 SYSTEMPATH/CodeIgniter.php(906): App\Controllers\Api->__construct()
 2 SYSTEMPATH/CodeIgniter.php(490): CodeIgniter\CodeIgniter->createController()
 3 SYSTEMPATH/CodeIgniter.php(368): CodeIgniter\CodeIgniter->handleRequest(null, Object(Config\Cache), false)
 4 FCPATH/index.php(67): CodeIgniter\CodeIgniter->run()
WARNING - 2024-11-13 10:31:48 --> [DEPRECATED] Creation of dynamic property App\Controllers\User::$simrs is deprecated in APPPATH/Controllers/Api.php on line 9.
 1 SYSTEMPATH/CodeIgniter.php(906): App\Controllers\Api->__construct()
 2 SYSTEMPATH/CodeIgniter.php(490): CodeIgniter\CodeIgniter->createController()
 3 SYSTEMPATH/CodeIgniter.php(368): CodeIgniter\CodeIgniter->handleRequest(null, Object(Config\Cache), false)
 4 FCPATH/index.php(67): CodeIgniter\CodeIgniter->run()
WARNING - 2024-11-13 10:31:52 --> [DEPRECATED] Creation of dynamic property App\Controllers\Rekammedisirna::$db is deprecated in APPPATH/Controllers/Api.php on line 8.
 1 SYSTEMPATH/CodeIgniter.php(906): App\Controllers\Api->__construct()
 2 SYSTEMPATH/CodeIgniter.php(490): CodeIgniter\CodeIgniter->createController()
 3 SYSTEMPATH/CodeIgniter.php(368): CodeIgniter\CodeIgniter->handleRequest(null, Object(Config\Cache), false)
 4 FCPATH/index.php(67): CodeIgniter\CodeIgniter->run()
WARNING - 2024-11-13 10:31:52 --> [DEPRECATED] Creation of dynamic property App\Controllers\Rekammedisirna::$simrs is deprecated in APPPATH/Controllers/Api.php on line 9.
 1 SYSTEMPATH/CodeIgniter.php(906): App\Controllers\Api->__construct()
 2 SYSTEMPATH/CodeIgniter.php(490): CodeIgniter\CodeIgniter->createController()
 3 SYSTEMPATH/CodeIgniter.php(368): CodeIgniter\CodeIgniter->handleRequest(null, Object(Config\Cache), false)
 4 FCPATH/index.php(67): CodeIgniter\CodeIgniter->run()
WARNING - 2024-11-13 10:31:52 --> [DEPRECATED] Creation of dynamic property App\Controllers\Rekammedisirna::$db is deprecated in APPPATH/Controllers/Api.php on line 8.
 1 SYSTEMPATH/CodeIgniter.php(906): App\Controllers\Api->__construct()
 2 SYSTEMPATH/CodeIgniter.php(490): CodeIgniter\CodeIgniter->createController()
 3 SYSTEMPATH/CodeIgniter.php(368): CodeIgniter\CodeIgniter->handleRequest(null, Object(Config\Cache), false)
 4 FCPATH/index.php(67): CodeIgniter\CodeIgniter->run()
WARNING - 2024-11-13 10:31:52 --> [DEPRECATED] Creation of dynamic property App\Controllers\Rekammedisirna::$simrs is deprecated in APPPATH/Controllers/Api.php on line 9.
 1 SYSTEMPATH/CodeIgniter.php(906): App\Controllers\Api->__construct()
 2 SYSTEMPATH/CodeIgniter.php(490): CodeIgniter\CodeIgniter->createController()
 3 SYSTEMPATH/CodeIgniter.php(368): CodeIgniter\CodeIgniter->handleRequest(null, Object(Config\Cache), false)
 4 FCPATH/index.php(67): CodeIgniter\CodeIgniter->run()
WARNING - 2024-11-13 10:31:52 --> [DEPRECATED] Creation of dynamic property App\Controllers\Rekammedisirna::$db is deprecated in APPPATH/Controllers/Api.php on line 8.
 1 SYSTEMPATH/CodeIgniter.php(906): App\Controllers\Api->__construct()
 2 SYSTEMPATH/CodeIgniter.php(490): CodeIgniter\CodeIgniter->createController()
 3 SYSTEMPATH/CodeIgniter.php(368): CodeIgniter\CodeIgniter->handleRequest(null, Object(Config\Cache), false)
 4 FCPATH/index.php(67): CodeIgniter\CodeIgniter->run()
WARNING - 2024-11-13 10:31:52 --> [DEPRECATED] Creation of dynamic property App\Controllers\Rekammedisirna::$simrs is deprecated in APPPATH/Controllers/Api.php on line 9.
 1 SYSTEMPATH/CodeIgniter.php(906): App\Controllers\Api->__construct()
 2 SYSTEMPATH/CodeIgniter.php(490): CodeIgniter\CodeIgniter->createController()
 3 SYSTEMPATH/CodeIgniter.php(368): CodeIgniter\CodeIgniter->handleRequest(null, Object(Config\Cache), false)
 4 FCPATH/index.php(67): CodeIgniter\CodeIgniter->run()
WARNING - 2024-11-13 10:31:58 --> [DEPRECATED] Creation of dynamic property App\Controllers\Rekammedisirja::$db is deprecated in APPPATH/Controllers/Api.php on line 8.
 1 SYSTEMPATH/CodeIgniter.php(906): App\Controllers\Api->__construct()
 2 SYSTEMPATH/CodeIgniter.php(490): CodeIgniter\CodeIgniter->createController()
 3 SYSTEMPATH/CodeIgniter.php(368): CodeIgniter\CodeIgniter->handleRequest(null, Object(Config\Cache), false)
 4 FCPATH/index.php(67): CodeIgniter\CodeIgniter->run()
WARNING - 2024-11-13 10:31:58 --> [DEPRECATED] Creation of dynamic property App\Controllers\Rekammedisirja::$simrs is deprecated in APPPATH/Controllers/Api.php on line 9.
 1 SYSTEMPATH/CodeIgniter.php(906): App\Controllers\Api->__construct()
 2 SYSTEMPATH/CodeIgniter.php(490): CodeIgniter\CodeIgniter->createController()
 3 SYSTEMPATH/CodeIgniter.php(368): CodeIgniter\CodeIgniter->handleRequest(null, Object(Config\Cache), false)
 4 FCPATH/index.php(67): CodeIgniter\CodeIgniter->run()
WARNING - 2024-11-13 10:31:58 --> [DEPRECATED] Creation of dynamic property App\Controllers\Rekammedisirja::$db is deprecated in APPPATH/Controllers/Api.php on line 8.
 1 SYSTEMPATH/CodeIgniter.php(906): App\Controllers\Api->__construct()
 2 SYSTEMPATH/CodeIgniter.php(490): CodeIgniter\CodeIgniter->createController()
 3 SYSTEMPATH/CodeIgniter.php(368): CodeIgniter\CodeIgniter->handleRequest(null, Object(Config\Cache), false)
 4 FCPATH/index.php(67): CodeIgniter\CodeIgniter->run()
WARNING - 2024-11-13 10:31:58 --> [DEPRECATED] Creation of dynamic property App\Controllers\Rekammedisirja::$simrs is deprecated in APPPATH/Controllers/Api.php on line 9.
 1 SYSTEMPATH/CodeIgniter.php(906): App\Controllers\Api->__construct()
 2 SYSTEMPATH/CodeIgniter.php(490): CodeIgniter\CodeIgniter->createController()
 3 SYSTEMPATH/CodeIgniter.php(368): CodeIgniter\CodeIgniter->handleRequest(null, Object(Config\Cache), false)
 4 FCPATH/index.php(67): CodeIgniter\CodeIgniter->run()
WARNING - 2024-11-13 10:31:58 --> [DEPRECATED] Creation of dynamic property App\Controllers\Rawatjalan::$db is deprecated in APPPATH/Controllers/Api.php on line 8.
 1 SYSTEMPATH/CodeIgniter.php(906): App\Controllers\Api->__construct()
 2 SYSTEMPATH/CodeIgniter.php(490): CodeIgniter\CodeIgniter->createController()
 3 SYSTEMPATH/CodeIgniter.php(368): CodeIgniter\CodeIgniter->handleRequest(null, Object(Config\Cache), false)
 4 FCPATH/index.php(67): CodeIgniter\CodeIgniter->run()
WARNING - 2024-11-13 10:31:58 --> [DEPRECATED] Creation of dynamic property App\Controllers\Rawatjalan::$simrs is deprecated in APPPATH/Controllers/Api.php on line 9.
 1 SYSTEMPATH/CodeIgniter.php(906): App\Controllers\Api->__construct()
 2 SYSTEMPATH/CodeIgniter.php(490): CodeIgniter\CodeIgniter->createController()
 3 SYSTEMPATH/CodeIgniter.php(368): CodeIgniter\CodeIgniter->handleRequest(null, Object(Config\Cache), false)
 4 FCPATH/index.php(67): CodeIgniter\CodeIgniter->run()
ERROR - 2024-11-13 10:31:58 --> ErrorException: pg_query(): Query failed: ERROR:  column &quot;id_penyakit&quot; specified in USING clause does not exist in left table in /var/www/html/SIMRSHEBAT/system/Database/Postgre/Connection.php:147
Stack trace:
#0 [internal function]: CodeIgniter\Debug\Exceptions->errorHandler()
#1 /var/www/html/SIMRSHEBAT/system/Database/Postgre/Connection.php(147): pg_query()
#2 /var/www/html/SIMRSHEBAT/system/Database/BaseConnection.php(691): CodeIgniter\Database\Postgre\Connection->execute()
#3 /var/www/html/SIMRSHEBAT/app/Controllers/Rekammedisirja.php(453): CodeIgniter\Database\BaseConnection->simpleQuery()
#4 /var/www/html/SIMRSHEBAT/system/CodeIgniter.php(934): App\Controllers\Rekammedisirja->datamrpenyakitirja()
#5 /var/www/html/SIMRSHEBAT/system/CodeIgniter.php(499): CodeIgniter\CodeIgniter->runController()
#6 /var/www/html/SIMRSHEBAT/system/CodeIgniter.php(368): CodeIgniter\CodeIgniter->handleRequest()
#7 /var/www/html/SIMRSHEBAT/index.php(67): CodeIgniter\CodeIgniter->run()
#8 {main}
ERROR - 2024-11-13 10:31:58 --> ErrorException: pg_query(): Query failed: ERROR:  column &quot;jenis_pegawai&quot; does not exist
LINE 1: SELECT * FROM pegawai where jenis_pegawai='1'
                                    ^ in /var/www/html/SIMRSHEBAT/system/Database/Postgre/Connection.php:147
Stack trace:
#0 [internal function]: CodeIgniter\Debug\Exceptions->errorHandler()
#1 /var/www/html/SIMRSHEBAT/system/Database/Postgre/Connection.php(147): pg_query()
#2 /var/www/html/SIMRSHEBAT/system/Database/BaseConnection.php(691): CodeIgniter\Database\Postgre\Connection->execute()
#3 /var/www/html/SIMRSHEBAT/system/Database/BaseConnection.php(605): CodeIgniter\Database\BaseConnection->simpleQuery()
#4 /var/www/html/SIMRSHEBAT/app/Controllers/Rawatjalan.php(32): CodeIgniter\Database\BaseConnection->query()
#5 /var/www/html/SIMRSHEBAT/system/CodeIgniter.php(934): App\Controllers\Rawatjalan->pegawai()
#6 /var/www/html/SIMRSHEBAT/system/CodeIgniter.php(499): CodeIgniter\CodeIgniter->runController()
#7 /var/www/html/SIMRSHEBAT/system/CodeIgniter.php(368): CodeIgniter\CodeIgniter->handleRequest()
#8 /var/www/html/SIMRSHEBAT/index.php(67): CodeIgniter\CodeIgniter->run()
#9 {main}
CRITICAL - 2024-11-13 10:31:58 --> Call to a member function getResult() on bool
in APPPATH/Controllers/Rawatjalan.php on line 35.
 1 SYSTEMPATH/CodeIgniter.php(934): App\Controllers\Rawatjalan->pegawai()
 2 SYSTEMPATH/CodeIgniter.php(499): CodeIgniter\CodeIgniter->runController()
 3 SYSTEMPATH/CodeIgniter.php(368): CodeIgniter\CodeIgniter->handleRequest()
 4 FCPATH/index.php(67): CodeIgniter\CodeIgniter->run()
ERROR - 2024-11-13 10:31:58 --> ErrorException: pg_query(): Query failed: ERROR:  column &quot;id_kunjungan&quot; does not exist
LINE 2: ...mr_tindakan inner join icd_9 USING(kd_icd9) where id_kunjung...
                                                             ^ in /var/www/html/SIMRSHEBAT/system/Database/Postgre/Connection.php:147
Stack trace:
#0 [internal function]: CodeIgniter\Debug\Exceptions->errorHandler()
#1 /var/www/html/SIMRSHEBAT/system/Database/Postgre/Connection.php(147): pg_query()
#2 /var/www/html/SIMRSHEBAT/system/Database/BaseConnection.php(691): CodeIgniter\Database\Postgre\Connection->execute()
#3 /var/www/html/SIMRSHEBAT/app/Controllers/Rekammedisirja.php(411): CodeIgniter\Database\BaseConnection->simpleQuery()
#4 /var/www/html/SIMRSHEBAT/system/CodeIgniter.php(934): App\Controllers\Rekammedisirja->datamricd9irja()
#5 /var/www/html/SIMRSHEBAT/system/CodeIgniter.php(499): CodeIgniter\CodeIgniter->runController()
#6 /var/www/html/SIMRSHEBAT/system/CodeIgniter.php(368): CodeIgniter\CodeIgniter->handleRequest()
#7 /var/www/html/SIMRSHEBAT/index.php(67): CodeIgniter\CodeIgniter->run()
#8 {main}
WARNING - 2024-11-13 10:31:58 --> [DEPRECATED] Creation of dynamic property App\Controllers\Lab::$db is deprecated in APPPATH/Controllers/Api.php on line 8.
 1 SYSTEMPATH/CodeIgniter.php(906): App\Controllers\Api->__construct()
 2 SYSTEMPATH/CodeIgniter.php(490): CodeIgniter\CodeIgniter->createController()
 3 SYSTEMPATH/CodeIgniter.php(368): CodeIgniter\CodeIgniter->handleRequest(null, Object(Config\Cache), false)
 4 FCPATH/index.php(67): CodeIgniter\CodeIgniter->run()
WARNING - 2024-11-13 10:31:58 --> [DEPRECATED] Creation of dynamic property App\Controllers\Lab::$simrs is deprecated in APPPATH/Controllers/Api.php on line 9.
 1 SYSTEMPATH/CodeIgniter.php(906): App\Controllers\Api->__construct()
 2 SYSTEMPATH/CodeIgniter.php(490): CodeIgniter\CodeIgniter->createController()
 3 SYSTEMPATH/CodeIgniter.php(368): CodeIgniter\CodeIgniter->handleRequest(null, Object(Config\Cache), false)
 4 FCPATH/index.php(67): CodeIgniter\CodeIgniter->run()
WARNING - 2024-11-13 10:31:58 --> [DEPRECATED] Creation of dynamic property App\Controllers\Lab::$db is deprecated in APPPATH/Controllers/Api.php on line 8.
 1 SYSTEMPATH/CodeIgniter.php(906): App\Controllers\Api->__construct()
 2 SYSTEMPATH/CodeIgniter.php(490): CodeIgniter\CodeIgniter->createController()
 3 SYSTEMPATH/CodeIgniter.php(368): CodeIgniter\CodeIgniter->handleRequest(null, Object(Config\Cache), false)
 4 FCPATH/index.php(67): CodeIgniter\CodeIgniter->run()
WARNING - 2024-11-13 10:31:58 --> [DEPRECATED] Creation of dynamic property App\Controllers\Lab::$simrs is deprecated in APPPATH/Controllers/Api.php on line 9.
 1 SYSTEMPATH/CodeIgniter.php(906): App\Controllers\Api->__construct()
 2 SYSTEMPATH/CodeIgniter.php(490): CodeIgniter\CodeIgniter->createController()
 3 SYSTEMPATH/CodeIgniter.php(368): CodeIgniter\CodeIgniter->handleRequest(null, Object(Config\Cache), false)
 4 FCPATH/index.php(67): CodeIgniter\CodeIgniter->run()
WARNING - 2024-11-13 10:31:58 --> [DEPRECATED] Creation of dynamic property App\Controllers\Lab::$db is deprecated in APPPATH/Controllers/Api.php on line 8.
 1 SYSTEMPATH/CodeIgniter.php(906): App\Controllers\Api->__construct()
 2 SYSTEMPATH/CodeIgniter.php(490): CodeIgniter\CodeIgniter->createController()
 3 SYSTEMPATH/CodeIgniter.php(368): CodeIgniter\CodeIgniter->handleRequest(null, Object(Config\Cache), false)
 4 FCPATH/index.php(67): CodeIgniter\CodeIgniter->run()
WARNING - 2024-11-13 10:31:58 --> [DEPRECATED] Creation of dynamic property App\Controllers\Lab::$simrs is deprecated in APPPATH/Controllers/Api.php on line 9.
 1 SYSTEMPATH/CodeIgniter.php(906): App\Controllers\Api->__construct()
 2 SYSTEMPATH/CodeIgniter.php(490): CodeIgniter\CodeIgniter->createController()
 3 SYSTEMPATH/CodeIgniter.php(368): CodeIgniter\CodeIgniter->handleRequest(null, Object(Config\Cache), false)
 4 FCPATH/index.php(67): CodeIgniter\CodeIgniter->run()
ERROR - 2024-11-13 10:31:58 --> ErrorException: pg_query(): Query failed: ERROR:  column &quot;id_jenis_produk&quot; does not exist
LINE 1: SELECT * from produk WHERE id_jenis_produk='3' 
                                   ^ in /var/www/html/SIMRSHEBAT/system/Database/Postgre/Connection.php:147
Stack trace:
#0 [internal function]: CodeIgniter\Debug\Exceptions->errorHandler()
#1 /var/www/html/SIMRSHEBAT/system/Database/Postgre/Connection.php(147): pg_query()
#2 /var/www/html/SIMRSHEBAT/system/Database/BaseConnection.php(691): CodeIgniter\Database\Postgre\Connection->execute()
#3 /var/www/html/SIMRSHEBAT/system/Database/BaseConnection.php(605): CodeIgniter\Database\BaseConnection->simpleQuery()
#4 /var/www/html/SIMRSHEBAT/app/Controllers/Lab.php(447): CodeIgniter\Database\BaseConnection->query()
#5 /var/www/html/SIMRSHEBAT/system/CodeIgniter.php(934): App\Controllers\Lab->produk()
#6 /var/www/html/SIMRSHEBAT/system/CodeIgniter.php(499): CodeIgniter\CodeIgniter->runController()
#7 /var/www/html/SIMRSHEBAT/system/CodeIgniter.php(368): CodeIgniter\CodeIgniter->handleRequest()
#8 /var/www/html/SIMRSHEBAT/index.php(67): CodeIgniter\CodeIgniter->run()
#9 {main}
CRITICAL - 2024-11-13 10:31:58 --> Call to a member function getResult() on bool
in APPPATH/Controllers/Lab.php on line 447.
 1 SYSTEMPATH/CodeIgniter.php(934): App\Controllers\Lab->produk()
 2 SYSTEMPATH/CodeIgniter.php(499): CodeIgniter\CodeIgniter->runController()
 3 SYSTEMPATH/CodeIgniter.php(368): CodeIgniter\CodeIgniter->handleRequest()
 4 FCPATH/index.php(67): CodeIgniter\CodeIgniter->run()
ERROR - 2024-11-13 10:31:58 --> ErrorException: pg_query(): Query failed: ERROR:  function left(integer, integer) does not exist
LINE 1: SELECT * from produk WHERE left(kd_produk,2)='XR' 
                                   ^
HINT:  No function matches the given name and argument types. You might need to add explicit type casts. in /var/www/html/SIMRSHEBAT/system/Database/Postgre/Connection.php:147
Stack trace:
#0 [internal function]: CodeIgniter\Debug\Exceptions->errorHandler()
#1 /var/www/html/SIMRSHEBAT/system/Database/Postgre/Connection.php(147): pg_query()
#2 /var/www/html/SIMRSHEBAT/system/Database/BaseConnection.php(691): CodeIgniter\Database\Postgre\Connection->execute()
#3 /var/www/html/SIMRSHEBAT/system/Database/BaseConnection.php(605): CodeIgniter\Database\BaseConnection->simpleQuery()
#4 /var/www/html/SIMRSHEBAT/app/Controllers/Lab.php(465): CodeIgniter\Database\BaseConnection->query()
#5 /var/www/html/SIMRSHEBAT/system/CodeIgniter.php(934): App\Controllers\Lab->produkRad()
#6 /var/www/html/SIMRSHEBAT/system/CodeIgniter.php(499): CodeIgniter\CodeIgniter->runController()
#7 /var/www/html/SIMRSHEBAT/system/CodeIgniter.php(368): CodeIgniter\CodeIgniter->handleRequest()
#8 /var/www/html/SIMRSHEBAT/index.php(67): CodeIgniter\CodeIgniter->run()
#9 {main}
ERROR - 2024-11-13 10:31:58 --> ErrorException: pg_query(): Query failed: ERROR:  function left(integer, integer) does not exist
LINE 1: SELECT * from produk WHERE left(kd_produk,2)='CT' 
                                   ^
HINT:  No function matches the given name and argument types. You might need to add explicit type casts. in /var/www/html/SIMRSHEBAT/system/Database/Postgre/Connection.php:147
Stack trace:
#0 [internal function]: CodeIgniter\Debug\Exceptions->errorHandler()
#1 /var/www/html/SIMRSHEBAT/system/Database/Postgre/Connection.php(147): pg_query()
#2 /var/www/html/SIMRSHEBAT/system/Database/BaseConnection.php(691): CodeIgniter\Database\Postgre\Connection->execute()
#3 /var/www/html/SIMRSHEBAT/system/Database/BaseConnection.php(605): CodeIgniter\Database\BaseConnection->simpleQuery()
#4 /var/www/html/SIMRSHEBAT/app/Controllers/Lab.php(465): CodeIgniter\Database\BaseConnection->query()
#5 /var/www/html/SIMRSHEBAT/system/CodeIgniter.php(934): App\Controllers\Lab->produkRad()
#6 /var/www/html/SIMRSHEBAT/system/CodeIgniter.php(499): CodeIgniter\CodeIgniter->runController()
#7 /var/www/html/SIMRSHEBAT/system/CodeIgniter.php(368): CodeIgniter\CodeIgniter->handleRequest()
#8 /var/www/html/SIMRSHEBAT/index.php(67): CodeIgniter\CodeIgniter->run()
#9 {main}
CRITICAL - 2024-11-13 10:31:58 --> Call to a member function getResult() on bool
in APPPATH/Controllers/Lab.php on line 465.
 1 SYSTEMPATH/CodeIgniter.php(934): App\Controllers\Lab->produkRad()
 2 SYSTEMPATH/CodeIgniter.php(499): CodeIgniter\CodeIgniter->runController()
 3 SYSTEMPATH/CodeIgniter.php(368): CodeIgniter\CodeIgniter->handleRequest()
 4 FCPATH/index.php(67): CodeIgniter\CodeIgniter->run()
CRITICAL - 2024-11-13 10:31:58 --> Call to a member function getResult() on bool
in APPPATH/Controllers/Lab.php on line 465.
 1 SYSTEMPATH/CodeIgniter.php(934): App\Controllers\Lab->produkRad()
 2 SYSTEMPATH/CodeIgniter.php(499): CodeIgniter\CodeIgniter->runController()
 3 SYSTEMPATH/CodeIgniter.php(368): CodeIgniter\CodeIgniter->handleRequest()
 4 FCPATH/index.php(67): CodeIgniter\CodeIgniter->run()
WARNING - 2024-11-13 10:31:58 --> [DEPRECATED] Creation of dynamic property App\Controllers\Rekammedisirna::$db is deprecated in APPPATH/Controllers/Api.php on line 8.
 1 SYSTEMPATH/CodeIgniter.php(906): App\Controllers\Api->__construct()
 2 SYSTEMPATH/CodeIgniter.php(490): CodeIgniter\CodeIgniter->createController()
 3 SYSTEMPATH/CodeIgniter.php(368): CodeIgniter\CodeIgniter->handleRequest(null, Object(Config\Cache), false)
 4 FCPATH/index.php(67): CodeIgniter\CodeIgniter->run()
WARNING - 2024-11-13 10:31:58 --> [DEPRECATED] Creation of dynamic property App\Controllers\Rekammedisirna::$simrs is deprecated in APPPATH/Controllers/Api.php on line 9.
 1 SYSTEMPATH/CodeIgniter.php(906): App\Controllers\Api->__construct()
 2 SYSTEMPATH/CodeIgniter.php(490): CodeIgniter\CodeIgniter->createController()
 3 SYSTEMPATH/CodeIgniter.php(368): CodeIgniter\CodeIgniter->handleRequest(null, Object(Config\Cache), false)
 4 FCPATH/index.php(67): CodeIgniter\CodeIgniter->run()
WARNING - 2024-11-13 10:31:58 --> [DEPRECATED] Creation of dynamic property App\Controllers\Lab::$db is deprecated in APPPATH/Controllers/Api.php on line 8.
 1 SYSTEMPATH/CodeIgniter.php(906): App\Controllers\Api->__construct()
 2 SYSTEMPATH/CodeIgniter.php(490): CodeIgniter\CodeIgniter->createController()
 3 SYSTEMPATH/CodeIgniter.php(368): CodeIgniter\CodeIgniter->handleRequest(null, Object(Config\Cache), false)
 4 FCPATH/index.php(67): CodeIgniter\CodeIgniter->run()
WARNING - 2024-11-13 10:31:58 --> [DEPRECATED] Creation of dynamic property App\Controllers\Lab::$simrs is deprecated in APPPATH/Controllers/Api.php on line 9.
 1 SYSTEMPATH/CodeIgniter.php(906): App\Controllers\Api->__construct()
 2 SYSTEMPATH/CodeIgniter.php(490): CodeIgniter\CodeIgniter->createController()
 3 SYSTEMPATH/CodeIgniter.php(368): CodeIgniter\CodeIgniter->handleRequest(null, Object(Config\Cache), false)
 4 FCPATH/index.php(67): CodeIgniter\CodeIgniter->run()
WARNING - 2024-11-13 10:31:58 --> [DEPRECATED] Creation of dynamic property App\Controllers\Kunjungan::$db is deprecated in APPPATH/Controllers/Api.php on line 8.
 1 SYSTEMPATH/CodeIgniter.php(906): App\Controllers\Api->__construct()
 2 SYSTEMPATH/CodeIgniter.php(490): CodeIgniter\CodeIgniter->createController()
 3 SYSTEMPATH/CodeIgniter.php(368): CodeIgniter\CodeIgniter->handleRequest(null, Object(Config\Cache), false)
 4 FCPATH/index.php(67): CodeIgniter\CodeIgniter->run()
WARNING - 2024-11-13 10:31:58 --> [DEPRECATED] Creation of dynamic property App\Controllers\Kunjungan::$simrs is deprecated in APPPATH/Controllers/Api.php on line 9.
 1 SYSTEMPATH/CodeIgniter.php(906): App\Controllers\Api->__construct()
 2 SYSTEMPATH/CodeIgniter.php(490): CodeIgniter\CodeIgniter->createController()
 3 SYSTEMPATH/CodeIgniter.php(368): CodeIgniter\CodeIgniter->handleRequest(null, Object(Config\Cache), false)
 4 FCPATH/index.php(67): CodeIgniter\CodeIgniter->run()
ERROR - 2024-11-13 10:31:58 --> ErrorException: pg_query(): Query failed: ERROR:  relation &quot;order_lab&quot; does not exist
LINE 2:         order_lab o inner join
                ^ in /var/www/html/SIMRSHEBAT/system/Database/Postgre/Connection.php:147
Stack trace:
#0 [internal function]: CodeIgniter\Debug\Exceptions->errorHandler()
#1 /var/www/html/SIMRSHEBAT/system/Database/Postgre/Connection.php(147): pg_query()
#2 /var/www/html/SIMRSHEBAT/system/Database/BaseConnection.php(691): CodeIgniter\Database\Postgre\Connection->execute()
#3 /var/www/html/SIMRSHEBAT/app/Controllers/Rekammedisirna.php(878): CodeIgniter\Database\BaseConnection->simpleQuery()
#4 /var/www/html/SIMRSHEBAT/system/CodeIgniter.php(934): App\Controllers\Rekammedisirna->datapenunjangpasienirna()
#5 /var/www/html/SIMRSHEBAT/system/CodeIgniter.php(499): CodeIgniter\CodeIgniter->runController()
#6 /var/www/html/SIMRSHEBAT/system/CodeIgniter.php(368): CodeIgniter\CodeIgniter->handleRequest()
#7 /var/www/html/SIMRSHEBAT/index.php(67): CodeIgniter\CodeIgniter->run()
#8 {main}
ERROR - 2024-11-13 10:31:58 --> ErrorException: pg_query(): Query failed: ERROR:  column &quot;id_penyakit&quot; specified in USING clause does not exist in left table in /var/www/html/SIMRSHEBAT/system/Database/Postgre/Connection.php:147
Stack trace:
#0 [internal function]: CodeIgniter\Debug\Exceptions->errorHandler()
#1 /var/www/html/SIMRSHEBAT/system/Database/Postgre/Connection.php(147): pg_query()
#2 /var/www/html/SIMRSHEBAT/system/Database/BaseConnection.php(691): CodeIgniter\Database\Postgre\Connection->execute()
#3 /var/www/html/SIMRSHEBAT/app/Controllers/Kunjungan.php(585): CodeIgniter\Database\BaseConnection->simpleQuery()
#4 /var/www/html/SIMRSHEBAT/system/CodeIgniter.php(934): App\Controllers\Kunjungan->historipenyakit()
#5 /var/www/html/SIMRSHEBAT/system/CodeIgniter.php(499): CodeIgniter\CodeIgniter->runController()
#6 /var/www/html/SIMRSHEBAT/system/CodeIgniter.php(368): CodeIgniter\CodeIgniter->handleRequest()
#7 /var/www/html/SIMRSHEBAT/index.php(67): CodeIgniter\CodeIgniter->run()
#8 {main}
ERROR - 2024-11-13 10:31:58 --> ErrorException: pg_query(): Query failed: ERROR:  function left(integer, integer) does not exist
LINE 1: SELECT * from produk WHERE left(kd_produk,2)='UR' 
                                   ^
HINT:  No function matches the given name and argument types. You might need to add explicit type casts. in /var/www/html/SIMRSHEBAT/system/Database/Postgre/Connection.php:147
Stack trace:
#0 [internal function]: CodeIgniter\Debug\Exceptions->errorHandler()
#1 /var/www/html/SIMRSHEBAT/system/Database/Postgre/Connection.php(147): pg_query()
#2 /var/www/html/SIMRSHEBAT/system/Database/BaseConnection.php(691): CodeIgniter\Database\Postgre\Connection->execute()
#3 /var/www/html/SIMRSHEBAT/system/Database/BaseConnection.php(605): CodeIgniter\Database\BaseConnection->simpleQuery()
#4 /var/www/html/SIMRSHEBAT/app/Controllers/Lab.php(465): CodeIgniter\Database\BaseConnection->query()
#5 /var/www/html/SIMRSHEBAT/system/CodeIgniter.php(934): App\Controllers\Lab->produkRad()
#6 /var/www/html/SIMRSHEBAT/system/CodeIgniter.php(499): CodeIgniter\CodeIgniter->runController()
#7 /var/www/html/SIMRSHEBAT/system/CodeIgniter.php(368): CodeIgniter\CodeIgniter->handleRequest()
#8 /var/www/html/SIMRSHEBAT/index.php(67): CodeIgniter\CodeIgniter->run()
#9 {main}
CRITICAL - 2024-11-13 10:31:58 --> Call to a member function getResult() on bool
in APPPATH/Controllers/Lab.php on line 465.
 1 SYSTEMPATH/CodeIgniter.php(934): App\Controllers\Lab->produkRad()
 2 SYSTEMPATH/CodeIgniter.php(499): CodeIgniter\CodeIgniter->runController()
 3 SYSTEMPATH/CodeIgniter.php(368): CodeIgniter\CodeIgniter->handleRequest()
 4 FCPATH/index.php(67): CodeIgniter\CodeIgniter->run()
WARNING - 2024-11-13 10:31:58 --> [DEPRECATED] Creation of dynamic property App\Controllers\Kunjungan::$db is deprecated in APPPATH/Controllers/Api.php on line 8.
 1 SYSTEMPATH/CodeIgniter.php(906): App\Controllers\Api->__construct()
 2 SYSTEMPATH/CodeIgniter.php(490): CodeIgniter\CodeIgniter->createController()
 3 SYSTEMPATH/CodeIgniter.php(368): CodeIgniter\CodeIgniter->handleRequest(null, Object(Config\Cache), false)
 4 FCPATH/index.php(67): CodeIgniter\CodeIgniter->run()
WARNING - 2024-11-13 10:31:58 --> [DEPRECATED] Creation of dynamic property App\Controllers\Kunjungan::$simrs is deprecated in APPPATH/Controllers/Api.php on line 9.
 1 SYSTEMPATH/CodeIgniter.php(906): App\Controllers\Api->__construct()
 2 SYSTEMPATH/CodeIgniter.php(490): CodeIgniter\CodeIgniter->createController()
 3 SYSTEMPATH/CodeIgniter.php(368): CodeIgniter\CodeIgniter->handleRequest(null, Object(Config\Cache), false)
 4 FCPATH/index.php(67): CodeIgniter\CodeIgniter->run()
WARNING - 2024-11-13 10:31:58 --> [DEPRECATED] Creation of dynamic property App\Controllers\Kunjungan::$db is deprecated in APPPATH/Controllers/Api.php on line 8.
 1 SYSTEMPATH/CodeIgniter.php(906): App\Controllers\Api->__construct()
 2 SYSTEMPATH/CodeIgniter.php(490): CodeIgniter\CodeIgniter->createController()
 3 SYSTEMPATH/CodeIgniter.php(368): CodeIgniter\CodeIgniter->handleRequest(null, Object(Config\Cache), false)
 4 FCPATH/index.php(67): CodeIgniter\CodeIgniter->run()
WARNING - 2024-11-13 10:31:58 --> [DEPRECATED] Creation of dynamic property App\Controllers\Kunjungan::$simrs is deprecated in APPPATH/Controllers/Api.php on line 9.
 1 SYSTEMPATH/CodeIgniter.php(906): App\Controllers\Api->__construct()
 2 SYSTEMPATH/CodeIgniter.php(490): CodeIgniter\CodeIgniter->createController()
 3 SYSTEMPATH/CodeIgniter.php(368): CodeIgniter\CodeIgniter->handleRequest(null, Object(Config\Cache), false)
 4 FCPATH/index.php(67): CodeIgniter\CodeIgniter->run()
WARNING - 2024-11-13 10:31:58 --> [DEPRECATED] Creation of dynamic property App\Controllers\Datasosial::$db is deprecated in APPPATH/Controllers/Api.php on line 8.
 1 SYSTEMPATH/CodeIgniter.php(906): App\Controllers\Api->__construct()
 2 SYSTEMPATH/CodeIgniter.php(490): CodeIgniter\CodeIgniter->createController()
 3 SYSTEMPATH/CodeIgniter.php(368): CodeIgniter\CodeIgniter->handleRequest(null, Object(Config\Cache), false)
 4 FCPATH/index.php(67): CodeIgniter\CodeIgniter->run()
WARNING - 2024-11-13 10:31:58 --> [DEPRECATED] Creation of dynamic property App\Controllers\Datasosial::$simrs is deprecated in APPPATH/Controllers/Api.php on line 9.
 1 SYSTEMPATH/CodeIgniter.php(906): App\Controllers\Api->__construct()
 2 SYSTEMPATH/CodeIgniter.php(490): CodeIgniter\CodeIgniter->createController()
 3 SYSTEMPATH/CodeIgniter.php(368): CodeIgniter\CodeIgniter->handleRequest(null, Object(Config\Cache), false)
 4 FCPATH/index.php(67): CodeIgniter\CodeIgniter->run()
ERROR - 2024-11-13 10:31:58 --> ErrorException: pg_query(): Query failed: ERROR:  relation &quot;alergi&quot; does not exist
LINE 1: SELECT * from alergi where no_rm='6-90-71-03' 
                      ^ in /var/www/html/SIMRSHEBAT/system/Database/Postgre/Connection.php:147
Stack trace:
#0 [internal function]: CodeIgniter\Debug\Exceptions->errorHandler()
#1 /var/www/html/SIMRSHEBAT/system/Database/Postgre/Connection.php(147): pg_query()
#2 /var/www/html/SIMRSHEBAT/system/Database/BaseConnection.php(691): CodeIgniter\Database\Postgre\Connection->execute()
#3 /var/www/html/SIMRSHEBAT/app/Controllers/Kunjungan.php(632): CodeIgniter\Database\BaseConnection->simpleQuery()
#4 /var/www/html/SIMRSHEBAT/system/CodeIgniter.php(934): App\Controllers\Kunjungan->historialergi()
#5 /var/www/html/SIMRSHEBAT/system/CodeIgniter.php(499): CodeIgniter\CodeIgniter->runController()
#6 /var/www/html/SIMRSHEBAT/system/CodeIgniter.php(368): CodeIgniter\CodeIgniter->handleRequest()
#7 /var/www/html/SIMRSHEBAT/index.php(67): CodeIgniter\CodeIgniter->run()
#8 {main}
ERROR - 2024-11-13 10:31:58 --> ErrorException: pg_query(): Query failed: ERROR:  column &quot;id_penyakit&quot; specified in USING clause does not exist in left table in /var/www/html/SIMRSHEBAT/system/Database/Postgre/Connection.php:147
Stack trace:
#0 [internal function]: CodeIgniter\Debug\Exceptions->errorHandler()
#1 /var/www/html/SIMRSHEBAT/system/Database/Postgre/Connection.php(147): pg_query()
#2 /var/www/html/SIMRSHEBAT/system/Database/BaseConnection.php(691): CodeIgniter\Database\Postgre\Connection->execute()
#3 /var/www/html/SIMRSHEBAT/app/Controllers/Kunjungan.php(617): CodeIgniter\Database\BaseConnection->simpleQuery()
#4 /var/www/html/SIMRSHEBAT/system/CodeIgniter.php(934): App\Controllers\Kunjungan->historipenyakitkeluarga()
#5 /var/www/html/SIMRSHEBAT/system/CodeIgniter.php(499): CodeIgniter\CodeIgniter->runController()
#6 /var/www/html/SIMRSHEBAT/system/CodeIgniter.php(368): CodeIgniter\CodeIgniter->handleRequest()
#7 /var/www/html/SIMRSHEBAT/index.php(67): CodeIgniter\CodeIgniter->run()
#8 {main}
WARNING - 2024-11-13 10:31:58 --> [DEPRECATED] Creation of dynamic property App\Controllers\Datasosial::$db is deprecated in APPPATH/Controllers/Api.php on line 8.
 1 SYSTEMPATH/CodeIgniter.php(906): App\Controllers\Api->__construct()
 2 SYSTEMPATH/CodeIgniter.php(490): CodeIgniter\CodeIgniter->createController()
 3 SYSTEMPATH/CodeIgniter.php(368): CodeIgniter\CodeIgniter->handleRequest(null, Object(Config\Cache), false)
 4 FCPATH/index.php(67): CodeIgniter\CodeIgniter->run()
WARNING - 2024-11-13 10:31:58 --> [DEPRECATED] Creation of dynamic property App\Controllers\Datasosial::$simrs is deprecated in APPPATH/Controllers/Api.php on line 9.
 1 SYSTEMPATH/CodeIgniter.php(906): App\Controllers\Api->__construct()
 2 SYSTEMPATH/CodeIgniter.php(490): CodeIgniter\CodeIgniter->createController()
 3 SYSTEMPATH/CodeIgniter.php(368): CodeIgniter\CodeIgniter->handleRequest(null, Object(Config\Cache), false)
 4 FCPATH/index.php(67): CodeIgniter\CodeIgniter->run()
WARNING - 2024-11-13 10:32:03 --> [DEPRECATED] Creation of dynamic property App\Controllers\Rekammedisirna::$db is deprecated in APPPATH/Controllers/Api.php on line 8.
 1 SYSTEMPATH/CodeIgniter.php(906): App\Controllers\Api->__construct()
 2 SYSTEMPATH/CodeIgniter.php(490): CodeIgniter\CodeIgniter->createController()
 3 SYSTEMPATH/CodeIgniter.php(368): CodeIgniter\CodeIgniter->handleRequest(null, Object(Config\Cache), false)
 4 FCPATH/index.php(67): CodeIgniter\CodeIgniter->run()
WARNING - 2024-11-13 10:32:03 --> [DEPRECATED] Creation of dynamic property App\Controllers\Rekammedisirna::$simrs is deprecated in APPPATH/Controllers/Api.php on line 9.
 1 SYSTEMPATH/CodeIgniter.php(906): App\Controllers\Api->__construct()
 2 SYSTEMPATH/CodeIgniter.php(490): CodeIgniter\CodeIgniter->createController()
 3 SYSTEMPATH/CodeIgniter.php(368): CodeIgniter\CodeIgniter->handleRequest(null, Object(Config\Cache), false)
 4 FCPATH/index.php(67): CodeIgniter\CodeIgniter->run()
CRITICAL - 2024-11-13 10:32:03 --> Undefined property: stdClass::$norm
in APPPATH/Controllers/Rekammedisirna.php on line 1035.
 1 APPPATH/Controllers/Rekammedisirna.php(1035): CodeIgniter\Debug\Exceptions->errorHandler()
 2 SYSTEMPATH/CodeIgniter.php(934): App\Controllers\Rekammedisirna->viewtandavital()
 3 SYSTEMPATH/CodeIgniter.php(499): CodeIgniter\CodeIgniter->runController()
 4 SYSTEMPATH/CodeIgniter.php(368): CodeIgniter\CodeIgniter->handleRequest()
 5 FCPATH/index.php(67): CodeIgniter\CodeIgniter->run()
WARNING - 2024-11-13 10:32:10 --> [DEPRECATED] Creation of dynamic property App\Controllers\Rekammedisirna::$db is deprecated in APPPATH/Controllers/Api.php on line 8.
 1 SYSTEMPATH/CodeIgniter.php(906): App\Controllers\Api->__construct()
 2 SYSTEMPATH/CodeIgniter.php(490): CodeIgniter\CodeIgniter->createController()
 3 SYSTEMPATH/CodeIgniter.php(368): CodeIgniter\CodeIgniter->handleRequest(null, Object(Config\Cache), false)
 4 FCPATH/index.php(67): CodeIgniter\CodeIgniter->run()
WARNING - 2024-11-13 10:32:10 --> [DEPRECATED] Creation of dynamic property App\Controllers\Rekammedisirna::$simrs is deprecated in APPPATH/Controllers/Api.php on line 9.
 1 SYSTEMPATH/CodeIgniter.php(906): App\Controllers\Api->__construct()
 2 SYSTEMPATH/CodeIgniter.php(490): CodeIgniter\CodeIgniter->createController()
 3 SYSTEMPATH/CodeIgniter.php(368): CodeIgniter\CodeIgniter->handleRequest(null, Object(Config\Cache), false)
 4 FCPATH/index.php(67): CodeIgniter\CodeIgniter->run()
ERROR - 2024-11-13 10:32:10 --> ErrorException: pg_query(): Query failed: ERROR:  syntax error at or near &quot;id_tanda_vital&quot;
LINE 34:                                     id_tanda_vital)
                                             ^ in /var/www/html/SIMRSHEBAT/system/Database/Postgre/Connection.php:147
Stack trace:
#0 [internal function]: CodeIgniter\Debug\Exceptions->errorHandler()
#1 /var/www/html/SIMRSHEBAT/system/Database/Postgre/Connection.php(147): pg_query()
#2 /var/www/html/SIMRSHEBAT/system/Database/BaseConnection.php(691): CodeIgniter\Database\Postgre\Connection->execute()
#3 /var/www/html/SIMRSHEBAT/app/Controllers/Rekammedisirna.php(3907): CodeIgniter\Database\BaseConnection->simpleQuery()
#4 /var/www/html/SIMRSHEBAT/system/CodeIgniter.php(934): App\Controllers\Rekammedisirna->saveAssesmenDokterirna()
#5 /var/www/html/SIMRSHEBAT/system/CodeIgniter.php(499): CodeIgniter\CodeIgniter->runController()
#6 /var/www/html/SIMRSHEBAT/system/CodeIgniter.php(368): CodeIgniter\CodeIgniter->handleRequest()
#7 /var/www/html/SIMRSHEBAT/index.php(67): CodeIgniter\CodeIgniter->run()
#8 {main}
CRITICAL - 2024-11-13 10:32:10 --> Undefined variable $save_tandavital
in APPPATH/Controllers/Rekammedisirna.php on line 4035.
 1 APPPATH/Controllers/Rekammedisirna.php(4035): CodeIgniter\Debug\Exceptions->errorHandler()
 2 SYSTEMPATH/CodeIgniter.php(934): App\Controllers\Rekammedisirna->saveAssesmenDokterirna()
 3 SYSTEMPATH/CodeIgniter.php(499): CodeIgniter\CodeIgniter->runController()
 4 SYSTEMPATH/CodeIgniter.php(368): CodeIgniter\CodeIgniter->handleRequest()
 5 FCPATH/index.php(67): CodeIgniter\CodeIgniter->run()
WARNING - 2024-11-13 10:32:11 --> [DEPRECATED] Creation of dynamic property App\Controllers\Rekammedisirna::$db is deprecated in APPPATH/Controllers/Api.php on line 8.
 1 SYSTEMPATH/CodeIgniter.php(906): App\Controllers\Api->__construct()
 2 SYSTEMPATH/CodeIgniter.php(490): CodeIgniter\CodeIgniter->createController()
 3 SYSTEMPATH/CodeIgniter.php(368): CodeIgniter\CodeIgniter->handleRequest(null, Object(Config\Cache), false)
 4 FCPATH/index.php(67): CodeIgniter\CodeIgniter->run()
WARNING - 2024-11-13 10:32:11 --> [DEPRECATED] Creation of dynamic property App\Controllers\Rekammedisirna::$simrs is deprecated in APPPATH/Controllers/Api.php on line 9.
 1 SYSTEMPATH/CodeIgniter.php(906): App\Controllers\Api->__construct()
 2 SYSTEMPATH/CodeIgniter.php(490): CodeIgniter\CodeIgniter->createController()
 3 SYSTEMPATH/CodeIgniter.php(368): CodeIgniter\CodeIgniter->handleRequest(null, Object(Config\Cache), false)
 4 FCPATH/index.php(67): CodeIgniter\CodeIgniter->run()
ERROR - 2024-11-13 10:32:11 --> ErrorException: pg_query(): Query failed: ERROR:  relation &quot;soap_pasien&quot; does not exist
LINE 1:   SELECT * FROM soap_pasien s 
                        ^ in /var/www/html/SIMRSHEBAT/system/Database/Postgre/Connection.php:147
Stack trace:
#0 [internal function]: CodeIgniter\Debug\Exceptions->errorHandler()
#1 /var/www/html/SIMRSHEBAT/system/Database/Postgre/Connection.php(147): pg_query()
#2 /var/www/html/SIMRSHEBAT/system/Database/BaseConnection.php(691): CodeIgniter\Database\Postgre\Connection->execute()
#3 /var/www/html/SIMRSHEBAT/app/Controllers/Rekammedisirna.php(976): CodeIgniter\Database\BaseConnection->simpleQuery()
#4 /var/www/html/SIMRSHEBAT/system/CodeIgniter.php(934): App\Controllers\Rekammedisirna->datakunjunganhistorirmsoapiirna()
#5 /var/www/html/SIMRSHEBAT/system/CodeIgniter.php(499): CodeIgniter\CodeIgniter->runController()
#6 /var/www/html/SIMRSHEBAT/system/CodeIgniter.php(368): CodeIgniter\CodeIgniter->handleRequest()
#7 /var/www/html/SIMRSHEBAT/index.php(67): CodeIgniter\CodeIgniter->run()
#8 {main}
WARNING - 2024-11-13 10:33:06 --> [DEPRECATED] Creation of dynamic property App\Controllers\Rekammedisirna::$db is deprecated in APPPATH/Controllers/Api.php on line 8.
 1 SYSTEMPATH/CodeIgniter.php(906): App\Controllers\Api->__construct()
 2 SYSTEMPATH/CodeIgniter.php(490): CodeIgniter\CodeIgniter->createController()
 3 SYSTEMPATH/CodeIgniter.php(368): CodeIgniter\CodeIgniter->handleRequest(null, Object(Config\Cache), false)
 4 FCPATH/index.php(67): CodeIgniter\CodeIgniter->run()
WARNING - 2024-11-13 10:33:06 --> [DEPRECATED] Creation of dynamic property App\Controllers\Rekammedisirna::$simrs is deprecated in APPPATH/Controllers/Api.php on line 9.
 1 SYSTEMPATH/CodeIgniter.php(906): App\Controllers\Api->__construct()
 2 SYSTEMPATH/CodeIgniter.php(490): CodeIgniter\CodeIgniter->createController()
 3 SYSTEMPATH/CodeIgniter.php(368): CodeIgniter\CodeIgniter->handleRequest(null, Object(Config\Cache), false)
 4 FCPATH/index.php(67): CodeIgniter\CodeIgniter->run()
CRITICAL - 2024-11-13 10:33:06 --> Undefined property: stdClass::$norm
in APPPATH/Controllers/Rekammedisirna.php on line 1035.
 1 APPPATH/Controllers/Rekammedisirna.php(1035): CodeIgniter\Debug\Exceptions->errorHandler()
 2 SYSTEMPATH/CodeIgniter.php(934): App\Controllers\Rekammedisirna->viewtandavital()
 3 SYSTEMPATH/CodeIgniter.php(499): CodeIgniter\CodeIgniter->runController()
 4 SYSTEMPATH/CodeIgniter.php(368): CodeIgniter\CodeIgniter->handleRequest()
 5 FCPATH/index.php(67): CodeIgniter\CodeIgniter->run()
WARNING - 2024-11-13 10:33:11 --> [DEPRECATED] Creation of dynamic property App\Controllers\Rekammedisirna::$db is deprecated in APPPATH/Controllers/Api.php on line 8.
 1 SYSTEMPATH/CodeIgniter.php(906): App\Controllers\Api->__construct()
 2 SYSTEMPATH/CodeIgniter.php(490): CodeIgniter\CodeIgniter->createController()
 3 SYSTEMPATH/CodeIgniter.php(368): CodeIgniter\CodeIgniter->handleRequest(null, Object(Config\Cache), false)
 4 FCPATH/index.php(67): CodeIgniter\CodeIgniter->run()
WARNING - 2024-11-13 10:33:11 --> [DEPRECATED] Creation of dynamic property App\Controllers\Rekammedisirna::$simrs is deprecated in APPPATH/Controllers/Api.php on line 9.
 1 SYSTEMPATH/CodeIgniter.php(906): App\Controllers\Api->__construct()
 2 SYSTEMPATH/CodeIgniter.php(490): CodeIgniter\CodeIgniter->createController()
 3 SYSTEMPATH/CodeIgniter.php(368): CodeIgniter\CodeIgniter->handleRequest(null, Object(Config\Cache), false)
 4 FCPATH/index.php(67): CodeIgniter\CodeIgniter->run()
ERROR - 2024-11-13 10:33:11 --> ErrorException: pg_query(): Query failed: ERROR:  syntax error at or near &quot;id_tanda_vital&quot;
LINE 34:                                     id_tanda_vital)
                                             ^ in /var/www/html/SIMRSHEBAT/system/Database/Postgre/Connection.php:147
Stack trace:
#0 [internal function]: CodeIgniter\Debug\Exceptions->errorHandler()
#1 /var/www/html/SIMRSHEBAT/system/Database/Postgre/Connection.php(147): pg_query()
#2 /var/www/html/SIMRSHEBAT/system/Database/BaseConnection.php(691): CodeIgniter\Database\Postgre\Connection->execute()
#3 /var/www/html/SIMRSHEBAT/app/Controllers/Rekammedisirna.php(3907): CodeIgniter\Database\BaseConnection->simpleQuery()
#4 /var/www/html/SIMRSHEBAT/system/CodeIgniter.php(934): App\Controllers\Rekammedisirna->saveAssesmenDokterirna()
#5 /var/www/html/SIMRSHEBAT/system/CodeIgniter.php(499): CodeIgniter\CodeIgniter->runController()
#6 /var/www/html/SIMRSHEBAT/system/CodeIgniter.php(368): CodeIgniter\CodeIgniter->handleRequest()
#7 /var/www/html/SIMRSHEBAT/index.php(67): CodeIgniter\CodeIgniter->run()
#8 {main}
CRITICAL - 2024-11-13 10:33:11 --> Undefined variable $save_tandavital
in APPPATH/Controllers/Rekammedisirna.php on line 4035.
 1 APPPATH/Controllers/Rekammedisirna.php(4035): CodeIgniter\Debug\Exceptions->errorHandler()
 2 SYSTEMPATH/CodeIgniter.php(934): App\Controllers\Rekammedisirna->saveAssesmenDokterirna()
 3 SYSTEMPATH/CodeIgniter.php(499): CodeIgniter\CodeIgniter->runController()
 4 SYSTEMPATH/CodeIgniter.php(368): CodeIgniter\CodeIgniter->handleRequest()
 5 FCPATH/index.php(67): CodeIgniter\CodeIgniter->run()
WARNING - 2024-11-13 10:33:11 --> [DEPRECATED] Creation of dynamic property App\Controllers\Rekammedisirna::$db is deprecated in APPPATH/Controllers/Api.php on line 8.
 1 SYSTEMPATH/CodeIgniter.php(906): App\Controllers\Api->__construct()
 2 SYSTEMPATH/CodeIgniter.php(490): CodeIgniter\CodeIgniter->createController()
 3 SYSTEMPATH/CodeIgniter.php(368): CodeIgniter\CodeIgniter->handleRequest(null, Object(Config\Cache), false)
 4 FCPATH/index.php(67): CodeIgniter\CodeIgniter->run()
WARNING - 2024-11-13 10:33:11 --> [DEPRECATED] Creation of dynamic property App\Controllers\Rekammedisirna::$simrs is deprecated in APPPATH/Controllers/Api.php on line 9.
 1 SYSTEMPATH/CodeIgniter.php(906): App\Controllers\Api->__construct()
 2 SYSTEMPATH/CodeIgniter.php(490): CodeIgniter\CodeIgniter->createController()
 3 SYSTEMPATH/CodeIgniter.php(368): CodeIgniter\CodeIgniter->handleRequest(null, Object(Config\Cache), false)
 4 FCPATH/index.php(67): CodeIgniter\CodeIgniter->run()
ERROR - 2024-11-13 10:33:11 --> ErrorException: pg_query(): Query failed: ERROR:  relation &quot;soap_pasien&quot; does not exist
LINE 1:   SELECT * FROM soap_pasien s 
                        ^ in /var/www/html/SIMRSHEBAT/system/Database/Postgre/Connection.php:147
Stack trace:
#0 [internal function]: CodeIgniter\Debug\Exceptions->errorHandler()
#1 /var/www/html/SIMRSHEBAT/system/Database/Postgre/Connection.php(147): pg_query()
#2 /var/www/html/SIMRSHEBAT/system/Database/BaseConnection.php(691): CodeIgniter\Database\Postgre\Connection->execute()
#3 /var/www/html/SIMRSHEBAT/app/Controllers/Rekammedisirna.php(976): CodeIgniter\Database\BaseConnection->simpleQuery()
#4 /var/www/html/SIMRSHEBAT/system/CodeIgniter.php(934): App\Controllers\Rekammedisirna->datakunjunganhistorirmsoapiirna()
#5 /var/www/html/SIMRSHEBAT/system/CodeIgniter.php(499): CodeIgniter\CodeIgniter->runController()
#6 /var/www/html/SIMRSHEBAT/system/CodeIgniter.php(368): CodeIgniter\CodeIgniter->handleRequest()
#7 /var/www/html/SIMRSHEBAT/index.php(67): CodeIgniter\CodeIgniter->run()
#8 {main}
WARNING - 2024-11-13 10:33:37 --> [DEPRECATED] Creation of dynamic property App\Controllers\Rekammedisirna::$db is deprecated in APPPATH/Controllers/Api.php on line 8.
 1 SYSTEMPATH/CodeIgniter.php(906): App\Controllers\Api->__construct()
 2 SYSTEMPATH/CodeIgniter.php(490): CodeIgniter\CodeIgniter->createController()
 3 SYSTEMPATH/CodeIgniter.php(368): CodeIgniter\CodeIgniter->handleRequest(null, Object(Config\Cache), false)
 4 FCPATH/index.php(67): CodeIgniter\CodeIgniter->run()
WARNING - 2024-11-13 10:33:37 --> [DEPRECATED] Creation of dynamic property App\Controllers\Rekammedisirna::$simrs is deprecated in APPPATH/Controllers/Api.php on line 9.
 1 SYSTEMPATH/CodeIgniter.php(906): App\Controllers\Api->__construct()
 2 SYSTEMPATH/CodeIgniter.php(490): CodeIgniter\CodeIgniter->createController()
 3 SYSTEMPATH/CodeIgniter.php(368): CodeIgniter\CodeIgniter->handleRequest(null, Object(Config\Cache), false)
 4 FCPATH/index.php(67): CodeIgniter\CodeIgniter->run()
CRITICAL - 2024-11-13 10:33:37 --> Undefined property: stdClass::$norm
in APPPATH/Controllers/Rekammedisirna.php on line 1035.
 1 APPPATH/Controllers/Rekammedisirna.php(1035): CodeIgniter\Debug\Exceptions->errorHandler()
 2 SYSTEMPATH/CodeIgniter.php(934): App\Controllers\Rekammedisirna->viewtandavital()
 3 SYSTEMPATH/CodeIgniter.php(499): CodeIgniter\CodeIgniter->runController()
 4 SYSTEMPATH/CodeIgniter.php(368): CodeIgniter\CodeIgniter->handleRequest()
 5 FCPATH/index.php(67): CodeIgniter\CodeIgniter->run()
WARNING - 2024-11-13 10:33:48 --> [DEPRECATED] Creation of dynamic property App\Controllers\Rekammedisirna::$db is deprecated in APPPATH/Controllers/Api.php on line 8.
 1 SYSTEMPATH/CodeIgniter.php(906): App\Controllers\Api->__construct()
 2 SYSTEMPATH/CodeIgniter.php(490): CodeIgniter\CodeIgniter->createController()
 3 SYSTEMPATH/CodeIgniter.php(368): CodeIgniter\CodeIgniter->handleRequest(null, Object(Config\Cache), false)
 4 FCPATH/index.php(67): CodeIgniter\CodeIgniter->run()
WARNING - 2024-11-13 10:33:48 --> [DEPRECATED] Creation of dynamic property App\Controllers\Rekammedisirna::$simrs is deprecated in APPPATH/Controllers/Api.php on line 9.
 1 SYSTEMPATH/CodeIgniter.php(906): App\Controllers\Api->__construct()
 2 SYSTEMPATH/CodeIgniter.php(490): CodeIgniter\CodeIgniter->createController()
 3 SYSTEMPATH/CodeIgniter.php(368): CodeIgniter\CodeIgniter->handleRequest(null, Object(Config\Cache), false)
 4 FCPATH/index.php(67): CodeIgniter\CodeIgniter->run()
ERROR - 2024-11-13 10:33:48 --> ErrorException: pg_query(): Query failed: ERROR:  syntax error at or near &quot;id_tanda_vital&quot;
LINE 34:                                     id_tanda_vital)
                                             ^ in /var/www/html/SIMRSHEBAT/system/Database/Postgre/Connection.php:147
Stack trace:
#0 [internal function]: CodeIgniter\Debug\Exceptions->errorHandler()
#1 /var/www/html/SIMRSHEBAT/system/Database/Postgre/Connection.php(147): pg_query()
#2 /var/www/html/SIMRSHEBAT/system/Database/BaseConnection.php(691): CodeIgniter\Database\Postgre\Connection->execute()
#3 /var/www/html/SIMRSHEBAT/app/Controllers/Rekammedisirna.php(3907): CodeIgniter\Database\BaseConnection->simpleQuery()
#4 /var/www/html/SIMRSHEBAT/system/CodeIgniter.php(934): App\Controllers\Rekammedisirna->saveAssesmenDokterirna()
#5 /var/www/html/SIMRSHEBAT/system/CodeIgniter.php(499): CodeIgniter\CodeIgniter->runController()
#6 /var/www/html/SIMRSHEBAT/system/CodeIgniter.php(368): CodeIgniter\CodeIgniter->handleRequest()
#7 /var/www/html/SIMRSHEBAT/index.php(67): CodeIgniter\CodeIgniter->run()
#8 {main}
CRITICAL - 2024-11-13 10:33:48 --> Undefined variable $save_tandavital
in APPPATH/Controllers/Rekammedisirna.php on line 4035.
 1 APPPATH/Controllers/Rekammedisirna.php(4035): CodeIgniter\Debug\Exceptions->errorHandler()
 2 SYSTEMPATH/CodeIgniter.php(934): App\Controllers\Rekammedisirna->saveAssesmenDokterirna()
 3 SYSTEMPATH/CodeIgniter.php(499): CodeIgniter\CodeIgniter->runController()
 4 SYSTEMPATH/CodeIgniter.php(368): CodeIgniter\CodeIgniter->handleRequest()
 5 FCPATH/index.php(67): CodeIgniter\CodeIgniter->run()
WARNING - 2024-11-13 10:33:48 --> [DEPRECATED] Creation of dynamic property App\Controllers\Rekammedisirna::$db is deprecated in APPPATH/Controllers/Api.php on line 8.
 1 SYSTEMPATH/CodeIgniter.php(906): App\Controllers\Api->__construct()
 2 SYSTEMPATH/CodeIgniter.php(490): CodeIgniter\CodeIgniter->createController()
 3 SYSTEMPATH/CodeIgniter.php(368): CodeIgniter\CodeIgniter->handleRequest(null, Object(Config\Cache), false)
 4 FCPATH/index.php(67): CodeIgniter\CodeIgniter->run()
WARNING - 2024-11-13 10:33:48 --> [DEPRECATED] Creation of dynamic property App\Controllers\Rekammedisirna::$simrs is deprecated in APPPATH/Controllers/Api.php on line 9.
 1 SYSTEMPATH/CodeIgniter.php(906): App\Controllers\Api->__construct()
 2 SYSTEMPATH/CodeIgniter.php(490): CodeIgniter\CodeIgniter->createController()
 3 SYSTEMPATH/CodeIgniter.php(368): CodeIgniter\CodeIgniter->handleRequest(null, Object(Config\Cache), false)
 4 FCPATH/index.php(67): CodeIgniter\CodeIgniter->run()
ERROR - 2024-11-13 10:33:48 --> ErrorException: pg_query(): Query failed: ERROR:  relation &quot;soap_pasien&quot; does not exist
LINE 1:   SELECT * FROM soap_pasien s 
                        ^ in /var/www/html/SIMRSHEBAT/system/Database/Postgre/Connection.php:147
Stack trace:
#0 [internal function]: CodeIgniter\Debug\Exceptions->errorHandler()
#1 /var/www/html/SIMRSHEBAT/system/Database/Postgre/Connection.php(147): pg_query()
#2 /var/www/html/SIMRSHEBAT/system/Database/BaseConnection.php(691): CodeIgniter\Database\Postgre\Connection->execute()
#3 /var/www/html/SIMRSHEBAT/app/Controllers/Rekammedisirna.php(976): CodeIgniter\Database\BaseConnection->simpleQuery()
#4 /var/www/html/SIMRSHEBAT/system/CodeIgniter.php(934): App\Controllers\Rekammedisirna->datakunjunganhistorirmsoapiirna()
#5 /var/www/html/SIMRSHEBAT/system/CodeIgniter.php(499): CodeIgniter\CodeIgniter->runController()
#6 /var/www/html/SIMRSHEBAT/system/CodeIgniter.php(368): CodeIgniter\CodeIgniter->handleRequest()
#7 /var/www/html/SIMRSHEBAT/index.php(67): CodeIgniter\CodeIgniter->run()
#8 {main}
WARNING - 2024-11-13 10:34:36 --> [DEPRECATED] Creation of dynamic property App\Controllers\Rekammedisirna::$db is deprecated in APPPATH/Controllers/Api.php on line 8.
 1 SYSTEMPATH/CodeIgniter.php(906): App\Controllers\Api->__construct()
 2 SYSTEMPATH/CodeIgniter.php(490): CodeIgniter\CodeIgniter->createController()
 3 SYSTEMPATH/CodeIgniter.php(368): CodeIgniter\CodeIgniter->handleRequest(null, Object(Config\Cache), false)
 4 FCPATH/index.php(67): CodeIgniter\CodeIgniter->run()
WARNING - 2024-11-13 10:34:36 --> [DEPRECATED] Creation of dynamic property App\Controllers\Rekammedisirna::$simrs is deprecated in APPPATH/Controllers/Api.php on line 9.
 1 SYSTEMPATH/CodeIgniter.php(906): App\Controllers\Api->__construct()
 2 SYSTEMPATH/CodeIgniter.php(490): CodeIgniter\CodeIgniter->createController()
 3 SYSTEMPATH/CodeIgniter.php(368): CodeIgniter\CodeIgniter->handleRequest(null, Object(Config\Cache), false)
 4 FCPATH/index.php(67): CodeIgniter\CodeIgniter->run()
CRITICAL - 2024-11-13 10:34:36 --> Undefined property: stdClass::$norm
in APPPATH/Controllers/Rekammedisirna.php on line 1035.
 1 APPPATH/Controllers/Rekammedisirna.php(1035): CodeIgniter\Debug\Exceptions->errorHandler()
 2 SYSTEMPATH/CodeIgniter.php(934): App\Controllers\Rekammedisirna->viewtandavital()
 3 SYSTEMPATH/CodeIgniter.php(499): CodeIgniter\CodeIgniter->runController()
 4 SYSTEMPATH/CodeIgniter.php(368): CodeIgniter\CodeIgniter->handleRequest()
 5 FCPATH/index.php(67): CodeIgniter\CodeIgniter->run()
WARNING - 2024-11-13 10:34:45 --> [DEPRECATED] Creation of dynamic property App\Controllers\Rekammedisirna::$db is deprecated in APPPATH/Controllers/Api.php on line 8.
 1 SYSTEMPATH/CodeIgniter.php(906): App\Controllers\Api->__construct()
 2 SYSTEMPATH/CodeIgniter.php(490): CodeIgniter\CodeIgniter->createController()
 3 SYSTEMPATH/CodeIgniter.php(368): CodeIgniter\CodeIgniter->handleRequest(null, Object(Config\Cache), false)
 4 FCPATH/index.php(67): CodeIgniter\CodeIgniter->run()
WARNING - 2024-11-13 10:34:45 --> [DEPRECATED] Creation of dynamic property App\Controllers\Rekammedisirna::$simrs is deprecated in APPPATH/Controllers/Api.php on line 9.
 1 SYSTEMPATH/CodeIgniter.php(906): App\Controllers\Api->__construct()
 2 SYSTEMPATH/CodeIgniter.php(490): CodeIgniter\CodeIgniter->createController()
 3 SYSTEMPATH/CodeIgniter.php(368): CodeIgniter\CodeIgniter->handleRequest(null, Object(Config\Cache), false)
 4 FCPATH/index.php(67): CodeIgniter\CodeIgniter->run()
CRITICAL - 2024-11-13 10:34:46 --> Undefined property: stdClass::$pupilAssMedirnaKiri
in APPPATH/Controllers/Rekammedisirna.php on line 4010.
 1 APPPATH/Controllers/Rekammedisirna.php(4010): CodeIgniter\Debug\Exceptions->errorHandler()
 2 SYSTEMPATH/CodeIgniter.php(934): App\Controllers\Rekammedisirna->saveAssesmenDokterirna()
 3 SYSTEMPATH/CodeIgniter.php(499): CodeIgniter\CodeIgniter->runController()
 4 SYSTEMPATH/CodeIgniter.php(368): CodeIgniter\CodeIgniter->handleRequest()
 5 FCPATH/index.php(67): CodeIgniter\CodeIgniter->run()
WARNING - 2024-11-13 10:34:46 --> [DEPRECATED] Creation of dynamic property App\Controllers\Rekammedisirna::$db is deprecated in APPPATH/Controllers/Api.php on line 8.
 1 SYSTEMPATH/CodeIgniter.php(906): App\Controllers\Api->__construct()
 2 SYSTEMPATH/CodeIgniter.php(490): CodeIgniter\CodeIgniter->createController()
 3 SYSTEMPATH/CodeIgniter.php(368): CodeIgniter\CodeIgniter->handleRequest(null, Object(Config\Cache), false)
 4 FCPATH/index.php(67): CodeIgniter\CodeIgniter->run()
WARNING - 2024-11-13 10:34:46 --> [DEPRECATED] Creation of dynamic property App\Controllers\Rekammedisirna::$simrs is deprecated in APPPATH/Controllers/Api.php on line 9.
 1 SYSTEMPATH/CodeIgniter.php(906): App\Controllers\Api->__construct()
 2 SYSTEMPATH/CodeIgniter.php(490): CodeIgniter\CodeIgniter->createController()
 3 SYSTEMPATH/CodeIgniter.php(368): CodeIgniter\CodeIgniter->handleRequest(null, Object(Config\Cache), false)
 4 FCPATH/index.php(67): CodeIgniter\CodeIgniter->run()
ERROR - 2024-11-13 10:34:46 --> ErrorException: pg_query(): Query failed: ERROR:  relation &quot;soap_pasien&quot; does not exist
LINE 1:   SELECT * FROM soap_pasien s 
                        ^ in /var/www/html/SIMRSHEBAT/system/Database/Postgre/Connection.php:147
Stack trace:
#0 [internal function]: CodeIgniter\Debug\Exceptions->errorHandler()
#1 /var/www/html/SIMRSHEBAT/system/Database/Postgre/Connection.php(147): pg_query()
#2 /var/www/html/SIMRSHEBAT/system/Database/BaseConnection.php(691): CodeIgniter\Database\Postgre\Connection->execute()
#3 /var/www/html/SIMRSHEBAT/app/Controllers/Rekammedisirna.php(976): CodeIgniter\Database\BaseConnection->simpleQuery()
#4 /var/www/html/SIMRSHEBAT/system/CodeIgniter.php(934): App\Controllers\Rekammedisirna->datakunjunganhistorirmsoapiirna()
#5 /var/www/html/SIMRSHEBAT/system/CodeIgniter.php(499): CodeIgniter\CodeIgniter->runController()
#6 /var/www/html/SIMRSHEBAT/system/CodeIgniter.php(368): CodeIgniter\CodeIgniter->handleRequest()
#7 /var/www/html/SIMRSHEBAT/index.php(67): CodeIgniter\CodeIgniter->run()
#8 {main}
WARNING - 2024-11-13 10:37:07 --> [DEPRECATED] Creation of dynamic property App\Controllers\Rekammedisirna::$db is deprecated in APPPATH/Controllers/Api.php on line 8.
 1 SYSTEMPATH/CodeIgniter.php(906): App\Controllers\Api->__construct()
 2 SYSTEMPATH/CodeIgniter.php(490): CodeIgniter\CodeIgniter->createController()
 3 SYSTEMPATH/CodeIgniter.php(368): CodeIgniter\CodeIgniter->handleRequest(null, Object(Config\Cache), false)
 4 FCPATH/index.php(67): CodeIgniter\CodeIgniter->run()
WARNING - 2024-11-13 10:37:07 --> [DEPRECATED] Creation of dynamic property App\Controllers\Rekammedisirna::$simrs is deprecated in APPPATH/Controllers/Api.php on line 9.
 1 SYSTEMPATH/CodeIgniter.php(906): App\Controllers\Api->__construct()
 2 SYSTEMPATH/CodeIgniter.php(490): CodeIgniter\CodeIgniter->createController()
 3 SYSTEMPATH/CodeIgniter.php(368): CodeIgniter\CodeIgniter->handleRequest(null, Object(Config\Cache), false)
 4 FCPATH/index.php(67): CodeIgniter\CodeIgniter->run()
CRITICAL - 2024-11-13 10:37:07 --> Undefined property: stdClass::$norm
in APPPATH/Controllers/Rekammedisirna.php on line 1035.
 1 APPPATH/Controllers/Rekammedisirna.php(1035): CodeIgniter\Debug\Exceptions->errorHandler()
 2 SYSTEMPATH/CodeIgniter.php(934): App\Controllers\Rekammedisirna->viewtandavital()
 3 SYSTEMPATH/CodeIgniter.php(499): CodeIgniter\CodeIgniter->runController()
 4 SYSTEMPATH/CodeIgniter.php(368): CodeIgniter\CodeIgniter->handleRequest()
 5 FCPATH/index.php(67): CodeIgniter\CodeIgniter->run()
WARNING - 2024-11-13 10:37:09 --> [DEPRECATED] Creation of dynamic property App\Controllers\Rekammedisirna::$db is deprecated in APPPATH/Controllers/Api.php on line 8.
 1 SYSTEMPATH/CodeIgniter.php(906): App\Controllers\Api->__construct()
 2 SYSTEMPATH/CodeIgniter.php(490): CodeIgniter\CodeIgniter->createController()
 3 SYSTEMPATH/CodeIgniter.php(368): CodeIgniter\CodeIgniter->handleRequest(null, Object(Config\Cache), false)
 4 FCPATH/index.php(67): CodeIgniter\CodeIgniter->run()
WARNING - 2024-11-13 10:37:09 --> [DEPRECATED] Creation of dynamic property App\Controllers\Rekammedisirna::$simrs is deprecated in APPPATH/Controllers/Api.php on line 9.
 1 SYSTEMPATH/CodeIgniter.php(906): App\Controllers\Api->__construct()
 2 SYSTEMPATH/CodeIgniter.php(490): CodeIgniter\CodeIgniter->createController()
 3 SYSTEMPATH/CodeIgniter.php(368): CodeIgniter\CodeIgniter->handleRequest(null, Object(Config\Cache), false)
 4 FCPATH/index.php(67): CodeIgniter\CodeIgniter->run()
CRITICAL - 2024-11-13 10:37:09 --> Undefined property: stdClass::$norm
in APPPATH/Controllers/Rekammedisirna.php on line 1035.
 1 APPPATH/Controllers/Rekammedisirna.php(1035): CodeIgniter\Debug\Exceptions->errorHandler()
 2 SYSTEMPATH/CodeIgniter.php(934): App\Controllers\Rekammedisirna->viewtandavital()
 3 SYSTEMPATH/CodeIgniter.php(499): CodeIgniter\CodeIgniter->runController()
 4 SYSTEMPATH/CodeIgniter.php(368): CodeIgniter\CodeIgniter->handleRequest()
 5 FCPATH/index.php(67): CodeIgniter\CodeIgniter->run()
WARNING - 2024-11-13 10:41:00 --> [DEPRECATED] Creation of dynamic property App\Controllers\Rekammedisirna::$db is deprecated in APPPATH/Controllers/Api.php on line 8.
 1 SYSTEMPATH/CodeIgniter.php(906): App\Controllers\Api->__construct()
 2 SYSTEMPATH/CodeIgniter.php(490): CodeIgniter\CodeIgniter->createController()
 3 SYSTEMPATH/CodeIgniter.php(368): CodeIgniter\CodeIgniter->handleRequest(null, Object(Config\Cache), false)
 4 FCPATH/index.php(67): CodeIgniter\CodeIgniter->run()
WARNING - 2024-11-13 10:41:00 --> [DEPRECATED] Creation of dynamic property App\Controllers\Rekammedisirna::$simrs is deprecated in APPPATH/Controllers/Api.php on line 9.
 1 SYSTEMPATH/CodeIgniter.php(906): App\Controllers\Api->__construct()
 2 SYSTEMPATH/CodeIgniter.php(490): CodeIgniter\CodeIgniter->createController()
 3 SYSTEMPATH/CodeIgniter.php(368): CodeIgniter\CodeIgniter->handleRequest(null, Object(Config\Cache), false)
 4 FCPATH/index.php(67): CodeIgniter\CodeIgniter->run()
CRITICAL - 2024-11-13 10:41:00 --> Undefined property: stdClass::$pupilAssMedirnaKiri
in APPPATH/Controllers/Rekammedisirna.php on line 4010.
 1 APPPATH/Controllers/Rekammedisirna.php(4010): CodeIgniter\Debug\Exceptions->errorHandler()
 2 SYSTEMPATH/CodeIgniter.php(934): App\Controllers\Rekammedisirna->saveAssesmenDokterirna()
 3 SYSTEMPATH/CodeIgniter.php(499): CodeIgniter\CodeIgniter->runController()
 4 SYSTEMPATH/CodeIgniter.php(368): CodeIgniter\CodeIgniter->handleRequest()
 5 FCPATH/index.php(67): CodeIgniter\CodeIgniter->run()
WARNING - 2024-11-13 10:41:00 --> [DEPRECATED] Creation of dynamic property App\Controllers\Rekammedisirna::$db is deprecated in APPPATH/Controllers/Api.php on line 8.
 1 SYSTEMPATH/CodeIgniter.php(906): App\Controllers\Api->__construct()
 2 SYSTEMPATH/CodeIgniter.php(490): CodeIgniter\CodeIgniter->createController()
 3 SYSTEMPATH/CodeIgniter.php(368): CodeIgniter\CodeIgniter->handleRequest(null, Object(Config\Cache), false)
 4 FCPATH/index.php(67): CodeIgniter\CodeIgniter->run()
WARNING - 2024-11-13 10:41:00 --> [DEPRECATED] Creation of dynamic property App\Controllers\Rekammedisirna::$simrs is deprecated in APPPATH/Controllers/Api.php on line 9.
 1 SYSTEMPATH/CodeIgniter.php(906): App\Controllers\Api->__construct()
 2 SYSTEMPATH/CodeIgniter.php(490): CodeIgniter\CodeIgniter->createController()
 3 SYSTEMPATH/CodeIgniter.php(368): CodeIgniter\CodeIgniter->handleRequest(null, Object(Config\Cache), false)
 4 FCPATH/index.php(67): CodeIgniter\CodeIgniter->run()
ERROR - 2024-11-13 10:41:00 --> ErrorException: pg_query(): Query failed: ERROR:  relation &quot;soap_pasien&quot; does not exist
LINE 1:   SELECT * FROM soap_pasien s 
                        ^ in /var/www/html/SIMRSHEBAT/system/Database/Postgre/Connection.php:147
Stack trace:
#0 [internal function]: CodeIgniter\Debug\Exceptions->errorHandler()
#1 /var/www/html/SIMRSHEBAT/system/Database/Postgre/Connection.php(147): pg_query()
#2 /var/www/html/SIMRSHEBAT/system/Database/BaseConnection.php(691): CodeIgniter\Database\Postgre\Connection->execute()
#3 /var/www/html/SIMRSHEBAT/app/Controllers/Rekammedisirna.php(976): CodeIgniter\Database\BaseConnection->simpleQuery()
#4 /var/www/html/SIMRSHEBAT/system/CodeIgniter.php(934): App\Controllers\Rekammedisirna->datakunjunganhistorirmsoapiirna()
#5 /var/www/html/SIMRSHEBAT/system/CodeIgniter.php(499): CodeIgniter\CodeIgniter->runController()
#6 /var/www/html/SIMRSHEBAT/system/CodeIgniter.php(368): CodeIgniter\CodeIgniter->handleRequest()
#7 /var/www/html/SIMRSHEBAT/index.php(67): CodeIgniter\CodeIgniter->run()
#8 {main}
WARNING - 2024-11-13 10:41:19 --> [DEPRECATED] Creation of dynamic property App\Controllers\Laporan::$db is deprecated in APPPATH/Controllers/Api.php on line 8.
 1 SYSTEMPATH/CodeIgniter.php(906): App\Controllers\Api->__construct()
 2 SYSTEMPATH/CodeIgniter.php(490): CodeIgniter\CodeIgniter->createController()
 3 SYSTEMPATH/CodeIgniter.php(368): CodeIgniter\CodeIgniter->handleRequest(null, Object(Config\Cache), false)
 4 FCPATH/index.php(67): CodeIgniter\CodeIgniter->run()
WARNING - 2024-11-13 10:41:19 --> [DEPRECATED] Creation of dynamic property App\Controllers\Laporan::$simrs is deprecated in APPPATH/Controllers/Api.php on line 9.
 1 SYSTEMPATH/CodeIgniter.php(906): App\Controllers\Api->__construct()
 2 SYSTEMPATH/CodeIgniter.php(490): CodeIgniter\CodeIgniter->createController()
 3 SYSTEMPATH/CodeIgniter.php(368): CodeIgniter\CodeIgniter->handleRequest(null, Object(Config\Cache), false)
 4 FCPATH/index.php(67): CodeIgniter\CodeIgniter->run()
WARNING - 2024-11-13 10:41:19 --> [DEPRECATED] Creation of dynamic property App\Controllers\User::$db is deprecated in APPPATH/Controllers/Api.php on line 8.
 1 SYSTEMPATH/CodeIgniter.php(906): App\Controllers\Api->__construct()
 2 SYSTEMPATH/CodeIgniter.php(490): CodeIgniter\CodeIgniter->createController()
 3 SYSTEMPATH/CodeIgniter.php(368): CodeIgniter\CodeIgniter->handleRequest(null, Object(Config\Cache), false)
 4 FCPATH/index.php(67): CodeIgniter\CodeIgniter->run()
WARNING - 2024-11-13 10:41:19 --> [DEPRECATED] Creation of dynamic property App\Controllers\User::$simrs is deprecated in APPPATH/Controllers/Api.php on line 9.
 1 SYSTEMPATH/CodeIgniter.php(906): App\Controllers\Api->__construct()
 2 SYSTEMPATH/CodeIgniter.php(490): CodeIgniter\CodeIgniter->createController()
 3 SYSTEMPATH/CodeIgniter.php(368): CodeIgniter\CodeIgniter->handleRequest(null, Object(Config\Cache), false)
 4 FCPATH/index.php(67): CodeIgniter\CodeIgniter->run()
WARNING - 2024-11-13 10:41:23 --> [DEPRECATED] Creation of dynamic property App\Controllers\Rekammedisirna::$db is deprecated in APPPATH/Controllers/Api.php on line 8.
 1 SYSTEMPATH/CodeIgniter.php(906): App\Controllers\Api->__construct()
 2 SYSTEMPATH/CodeIgniter.php(490): CodeIgniter\CodeIgniter->createController()
 3 SYSTEMPATH/CodeIgniter.php(368): CodeIgniter\CodeIgniter->handleRequest(null, Object(Config\Cache), false)
 4 FCPATH/index.php(67): CodeIgniter\CodeIgniter->run()
WARNING - 2024-11-13 10:41:23 --> [DEPRECATED] Creation of dynamic property App\Controllers\Rekammedisirna::$simrs is deprecated in APPPATH/Controllers/Api.php on line 9.
 1 SYSTEMPATH/CodeIgniter.php(906): App\Controllers\Api->__construct()
 2 SYSTEMPATH/CodeIgniter.php(490): CodeIgniter\CodeIgniter->createController()
 3 SYSTEMPATH/CodeIgniter.php(368): CodeIgniter\CodeIgniter->handleRequest(null, Object(Config\Cache), false)
 4 FCPATH/index.php(67): CodeIgniter\CodeIgniter->run()
WARNING - 2024-11-13 10:41:23 --> [DEPRECATED] Creation of dynamic property App\Controllers\Rekammedisirna::$db is deprecated in APPPATH/Controllers/Api.php on line 8.
 1 SYSTEMPATH/CodeIgniter.php(906): App\Controllers\Api->__construct()
 2 SYSTEMPATH/CodeIgniter.php(490): CodeIgniter\CodeIgniter->createController()
 3 SYSTEMPATH/CodeIgniter.php(368): CodeIgniter\CodeIgniter->handleRequest(null, Object(Config\Cache), false)
 4 FCPATH/index.php(67): CodeIgniter\CodeIgniter->run()
WARNING - 2024-11-13 10:41:23 --> [DEPRECATED] Creation of dynamic property App\Controllers\Rekammedisirna::$simrs is deprecated in APPPATH/Controllers/Api.php on line 9.
 1 SYSTEMPATH/CodeIgniter.php(906): App\Controllers\Api->__construct()
 2 SYSTEMPATH/CodeIgniter.php(490): CodeIgniter\CodeIgniter->createController()
 3 SYSTEMPATH/CodeIgniter.php(368): CodeIgniter\CodeIgniter->handleRequest(null, Object(Config\Cache), false)
 4 FCPATH/index.php(67): CodeIgniter\CodeIgniter->run()
WARNING - 2024-11-13 10:41:23 --> [DEPRECATED] Creation of dynamic property App\Controllers\Rekammedisirna::$db is deprecated in APPPATH/Controllers/Api.php on line 8.
 1 SYSTEMPATH/CodeIgniter.php(906): App\Controllers\Api->__construct()
 2 SYSTEMPATH/CodeIgniter.php(490): CodeIgniter\CodeIgniter->createController()
 3 SYSTEMPATH/CodeIgniter.php(368): CodeIgniter\CodeIgniter->handleRequest(null, Object(Config\Cache), false)
 4 FCPATH/index.php(67): CodeIgniter\CodeIgniter->run()
WARNING - 2024-11-13 10:41:23 --> [DEPRECATED] Creation of dynamic property App\Controllers\Rekammedisirna::$simrs is deprecated in APPPATH/Controllers/Api.php on line 9.
 1 SYSTEMPATH/CodeIgniter.php(906): App\Controllers\Api->__construct()
 2 SYSTEMPATH/CodeIgniter.php(490): CodeIgniter\CodeIgniter->createController()
 3 SYSTEMPATH/CodeIgniter.php(368): CodeIgniter\CodeIgniter->handleRequest(null, Object(Config\Cache), false)
 4 FCPATH/index.php(67): CodeIgniter\CodeIgniter->run()
WARNING - 2024-11-13 10:41:25 --> [DEPRECATED] Creation of dynamic property App\Controllers\Rekammedisirja::$db is deprecated in APPPATH/Controllers/Api.php on line 8.
 1 SYSTEMPATH/CodeIgniter.php(906): App\Controllers\Api->__construct()
 2 SYSTEMPATH/CodeIgniter.php(490): CodeIgniter\CodeIgniter->createController()
 3 SYSTEMPATH/CodeIgniter.php(368): CodeIgniter\CodeIgniter->handleRequest(null, Object(Config\Cache), false)
 4 FCPATH/index.php(67): CodeIgniter\CodeIgniter->run()
WARNING - 2024-11-13 10:41:25 --> [DEPRECATED] Creation of dynamic property App\Controllers\Rekammedisirja::$db is deprecated in APPPATH/Controllers/Api.php on line 8.
 1 SYSTEMPATH/CodeIgniter.php(906): App\Controllers\Api->__construct()
 2 SYSTEMPATH/CodeIgniter.php(490): CodeIgniter\CodeIgniter->createController()
 3 SYSTEMPATH/CodeIgniter.php(368): CodeIgniter\CodeIgniter->handleRequest(null, Object(Config\Cache), false)
 4 FCPATH/index.php(67): CodeIgniter\CodeIgniter->run()
WARNING - 2024-11-13 10:41:25 --> [DEPRECATED] Creation of dynamic property App\Controllers\Rekammedisirja::$simrs is deprecated in APPPATH/Controllers/Api.php on line 9.
 1 SYSTEMPATH/CodeIgniter.php(906): App\Controllers\Api->__construct()
 2 SYSTEMPATH/CodeIgniter.php(490): CodeIgniter\CodeIgniter->createController()
 3 SYSTEMPATH/CodeIgniter.php(368): CodeIgniter\CodeIgniter->handleRequest(null, Object(Config\Cache), false)
 4 FCPATH/index.php(67): CodeIgniter\CodeIgniter->run()
WARNING - 2024-11-13 10:41:25 --> [DEPRECATED] Creation of dynamic property App\Controllers\Rekammedisirja::$simrs is deprecated in APPPATH/Controllers/Api.php on line 9.
 1 SYSTEMPATH/CodeIgniter.php(906): App\Controllers\Api->__construct()
 2 SYSTEMPATH/CodeIgniter.php(490): CodeIgniter\CodeIgniter->createController()
 3 SYSTEMPATH/CodeIgniter.php(368): CodeIgniter\CodeIgniter->handleRequest(null, Object(Config\Cache), false)
 4 FCPATH/index.php(67): CodeIgniter\CodeIgniter->run()
WARNING - 2024-11-13 10:41:25 --> [DEPRECATED] Creation of dynamic property App\Controllers\Rawatjalan::$db is deprecated in APPPATH/Controllers/Api.php on line 8.
 1 SYSTEMPATH/CodeIgniter.php(906): App\Controllers\Api->__construct()
 2 SYSTEMPATH/CodeIgniter.php(490): CodeIgniter\CodeIgniter->createController()
 3 SYSTEMPATH/CodeIgniter.php(368): CodeIgniter\CodeIgniter->handleRequest(null, Object(Config\Cache), false)
 4 FCPATH/index.php(67): CodeIgniter\CodeIgniter->run()
WARNING - 2024-11-13 10:41:25 --> [DEPRECATED] Creation of dynamic property App\Controllers\Rawatjalan::$simrs is deprecated in APPPATH/Controllers/Api.php on line 9.
 1 SYSTEMPATH/CodeIgniter.php(906): App\Controllers\Api->__construct()
 2 SYSTEMPATH/CodeIgniter.php(490): CodeIgniter\CodeIgniter->createController()
 3 SYSTEMPATH/CodeIgniter.php(368): CodeIgniter\CodeIgniter->handleRequest(null, Object(Config\Cache), false)
 4 FCPATH/index.php(67): CodeIgniter\CodeIgniter->run()
ERROR - 2024-11-13 10:41:25 --> ErrorException: pg_query(): Query failed: ERROR:  column &quot;jenis_pegawai&quot; does not exist
LINE 1: SELECT * FROM pegawai where jenis_pegawai='1'
                                    ^ in /var/www/html/SIMRSHEBAT/system/Database/Postgre/Connection.php:147
Stack trace:
#0 [internal function]: CodeIgniter\Debug\Exceptions->errorHandler()
#1 /var/www/html/SIMRSHEBAT/system/Database/Postgre/Connection.php(147): pg_query()
#2 /var/www/html/SIMRSHEBAT/system/Database/BaseConnection.php(691): CodeIgniter\Database\Postgre\Connection->execute()
#3 /var/www/html/SIMRSHEBAT/system/Database/BaseConnection.php(605): CodeIgniter\Database\BaseConnection->simpleQuery()
#4 /var/www/html/SIMRSHEBAT/app/Controllers/Rawatjalan.php(32): CodeIgniter\Database\BaseConnection->query()
#5 /var/www/html/SIMRSHEBAT/system/CodeIgniter.php(934): App\Controllers\Rawatjalan->pegawai()
#6 /var/www/html/SIMRSHEBAT/system/CodeIgniter.php(499): CodeIgniter\CodeIgniter->runController()
#7 /var/www/html/SIMRSHEBAT/system/CodeIgniter.php(368): CodeIgniter\CodeIgniter->handleRequest()
#8 /var/www/html/SIMRSHEBAT/index.php(67): CodeIgniter\CodeIgniter->run()
#9 {main}
CRITICAL - 2024-11-13 10:41:25 --> Call to a member function getResult() on bool
in APPPATH/Controllers/Rawatjalan.php on line 35.
 1 SYSTEMPATH/CodeIgniter.php(934): App\Controllers\Rawatjalan->pegawai()
 2 SYSTEMPATH/CodeIgniter.php(499): CodeIgniter\CodeIgniter->runController()
 3 SYSTEMPATH/CodeIgniter.php(368): CodeIgniter\CodeIgniter->handleRequest()
 4 FCPATH/index.php(67): CodeIgniter\CodeIgniter->run()
ERROR - 2024-11-13 10:41:25 --> ErrorException: pg_query(): Query failed: ERROR:  column &quot;id_penyakit&quot; specified in USING clause does not exist in left table in /var/www/html/SIMRSHEBAT/system/Database/Postgre/Connection.php:147
Stack trace:
#0 [internal function]: CodeIgniter\Debug\Exceptions->errorHandler()
#1 /var/www/html/SIMRSHEBAT/system/Database/Postgre/Connection.php(147): pg_query()
#2 /var/www/html/SIMRSHEBAT/system/Database/BaseConnection.php(691): CodeIgniter\Database\Postgre\Connection->execute()
#3 /var/www/html/SIMRSHEBAT/app/Controllers/Rekammedisirja.php(453): CodeIgniter\Database\BaseConnection->simpleQuery()
#4 /var/www/html/SIMRSHEBAT/system/CodeIgniter.php(934): App\Controllers\Rekammedisirja->datamrpenyakitirja()
#5 /var/www/html/SIMRSHEBAT/system/CodeIgniter.php(499): CodeIgniter\CodeIgniter->runController()
#6 /var/www/html/SIMRSHEBAT/system/CodeIgniter.php(368): CodeIgniter\CodeIgniter->handleRequest()
#7 /var/www/html/SIMRSHEBAT/index.php(67): CodeIgniter\CodeIgniter->run()
#8 {main}
ERROR - 2024-11-13 10:41:25 --> ErrorException: pg_query(): Query failed: ERROR:  column &quot;id_kunjungan&quot; does not exist
LINE 2: ...mr_tindakan inner join icd_9 USING(kd_icd9) where id_kunjung...
                                                             ^ in /var/www/html/SIMRSHEBAT/system/Database/Postgre/Connection.php:147
Stack trace:
#0 [internal function]: CodeIgniter\Debug\Exceptions->errorHandler()
#1 /var/www/html/SIMRSHEBAT/system/Database/Postgre/Connection.php(147): pg_query()
#2 /var/www/html/SIMRSHEBAT/system/Database/BaseConnection.php(691): CodeIgniter\Database\Postgre\Connection->execute()
#3 /var/www/html/SIMRSHEBAT/app/Controllers/Rekammedisirja.php(411): CodeIgniter\Database\BaseConnection->simpleQuery()
#4 /var/www/html/SIMRSHEBAT/system/CodeIgniter.php(934): App\Controllers\Rekammedisirja->datamricd9irja()
#5 /var/www/html/SIMRSHEBAT/system/CodeIgniter.php(499): CodeIgniter\CodeIgniter->runController()
#6 /var/www/html/SIMRSHEBAT/system/CodeIgniter.php(368): CodeIgniter\CodeIgniter->handleRequest()
#7 /var/www/html/SIMRSHEBAT/index.php(67): CodeIgniter\CodeIgniter->run()
#8 {main}
WARNING - 2024-11-13 10:41:25 --> [DEPRECATED] Creation of dynamic property App\Controllers\Lab::$db is deprecated in APPPATH/Controllers/Api.php on line 8.
 1 SYSTEMPATH/CodeIgniter.php(906): App\Controllers\Api->__construct()
 2 SYSTEMPATH/CodeIgniter.php(490): CodeIgniter\CodeIgniter->createController()
 3 SYSTEMPATH/CodeIgniter.php(368): CodeIgniter\CodeIgniter->handleRequest(null, Object(Config\Cache), false)
 4 FCPATH/index.php(67): CodeIgniter\CodeIgniter->run()
WARNING - 2024-11-13 10:41:25 --> [DEPRECATED] Creation of dynamic property App\Controllers\Lab::$simrs is deprecated in APPPATH/Controllers/Api.php on line 9.
 1 SYSTEMPATH/CodeIgniter.php(906): App\Controllers\Api->__construct()
 2 SYSTEMPATH/CodeIgniter.php(490): CodeIgniter\CodeIgniter->createController()
 3 SYSTEMPATH/CodeIgniter.php(368): CodeIgniter\CodeIgniter->handleRequest(null, Object(Config\Cache), false)
 4 FCPATH/index.php(67): CodeIgniter\CodeIgniter->run()
WARNING - 2024-11-13 10:41:25 --> [DEPRECATED] Creation of dynamic property App\Controllers\Lab::$db is deprecated in APPPATH/Controllers/Api.php on line 8.
 1 SYSTEMPATH/CodeIgniter.php(906): App\Controllers\Api->__construct()
 2 SYSTEMPATH/CodeIgniter.php(490): CodeIgniter\CodeIgniter->createController()
 3 SYSTEMPATH/CodeIgniter.php(368): CodeIgniter\CodeIgniter->handleRequest(null, Object(Config\Cache), false)
 4 FCPATH/index.php(67): CodeIgniter\CodeIgniter->run()
WARNING - 2024-11-13 10:41:25 --> [DEPRECATED] Creation of dynamic property App\Controllers\Lab::$db is deprecated in APPPATH/Controllers/Api.php on line 8.
 1 SYSTEMPATH/CodeIgniter.php(906): App\Controllers\Api->__construct()
 2 SYSTEMPATH/CodeIgniter.php(490): CodeIgniter\CodeIgniter->createController()
 3 SYSTEMPATH/CodeIgniter.php(368): CodeIgniter\CodeIgniter->handleRequest(null, Object(Config\Cache), false)
 4 FCPATH/index.php(67): CodeIgniter\CodeIgniter->run()
WARNING - 2024-11-13 10:41:25 --> [DEPRECATED] Creation of dynamic property App\Controllers\Lab::$simrs is deprecated in APPPATH/Controllers/Api.php on line 9.
 1 SYSTEMPATH/CodeIgniter.php(906): App\Controllers\Api->__construct()
 2 SYSTEMPATH/CodeIgniter.php(490): CodeIgniter\CodeIgniter->createController()
 3 SYSTEMPATH/CodeIgniter.php(368): CodeIgniter\CodeIgniter->handleRequest(null, Object(Config\Cache), false)
 4 FCPATH/index.php(67): CodeIgniter\CodeIgniter->run()
WARNING - 2024-11-13 10:41:25 --> [DEPRECATED] Creation of dynamic property App\Controllers\Lab::$simrs is deprecated in APPPATH/Controllers/Api.php on line 9.
 1 SYSTEMPATH/CodeIgniter.php(906): App\Controllers\Api->__construct()
 2 SYSTEMPATH/CodeIgniter.php(490): CodeIgniter\CodeIgniter->createController()
 3 SYSTEMPATH/CodeIgniter.php(368): CodeIgniter\CodeIgniter->handleRequest(null, Object(Config\Cache), false)
 4 FCPATH/index.php(67): CodeIgniter\CodeIgniter->run()
ERROR - 2024-11-13 10:41:25 --> ErrorException: pg_query(): Query failed: ERROR:  function left(integer, integer) does not exist
LINE 1: SELECT * from produk WHERE left(kd_produk,2)='CT' 
                                   ^
HINT:  No function matches the given name and argument types. You might need to add explicit type casts. in /var/www/html/SIMRSHEBAT/system/Database/Postgre/Connection.php:147
Stack trace:
#0 [internal function]: CodeIgniter\Debug\Exceptions->errorHandler()
#1 /var/www/html/SIMRSHEBAT/system/Database/Postgre/Connection.php(147): pg_query()
#2 /var/www/html/SIMRSHEBAT/system/Database/BaseConnection.php(691): CodeIgniter\Database\Postgre\Connection->execute()
#3 /var/www/html/SIMRSHEBAT/system/Database/BaseConnection.php(605): CodeIgniter\Database\BaseConnection->simpleQuery()
#4 /var/www/html/SIMRSHEBAT/app/Controllers/Lab.php(465): CodeIgniter\Database\BaseConnection->query()
#5 /var/www/html/SIMRSHEBAT/system/CodeIgniter.php(934): App\Controllers\Lab->produkRad()
#6 /var/www/html/SIMRSHEBAT/system/CodeIgniter.php(499): CodeIgniter\CodeIgniter->runController()
#7 /var/www/html/SIMRSHEBAT/system/CodeIgniter.php(368): CodeIgniter\CodeIgniter->handleRequest()
#8 /var/www/html/SIMRSHEBAT/index.php(67): CodeIgniter\CodeIgniter->run()
#9 {main}
CRITICAL - 2024-11-13 10:41:25 --> Call to a member function getResult() on bool
in APPPATH/Controllers/Lab.php on line 465.
 1 SYSTEMPATH/CodeIgniter.php(934): App\Controllers\Lab->produkRad()
 2 SYSTEMPATH/CodeIgniter.php(499): CodeIgniter\CodeIgniter->runController()
 3 SYSTEMPATH/CodeIgniter.php(368): CodeIgniter\CodeIgniter->handleRequest()
 4 FCPATH/index.php(67): CodeIgniter\CodeIgniter->run()
ERROR - 2024-11-13 10:41:25 --> ErrorException: pg_query(): Query failed: ERROR:  column &quot;id_jenis_produk&quot; does not exist
LINE 1: SELECT * from produk WHERE id_jenis_produk='3' 
                                   ^ in /var/www/html/SIMRSHEBAT/system/Database/Postgre/Connection.php:147
Stack trace:
#0 [internal function]: CodeIgniter\Debug\Exceptions->errorHandler()
#1 /var/www/html/SIMRSHEBAT/system/Database/Postgre/Connection.php(147): pg_query()
#2 /var/www/html/SIMRSHEBAT/system/Database/BaseConnection.php(691): CodeIgniter\Database\Postgre\Connection->execute()
#3 /var/www/html/SIMRSHEBAT/system/Database/BaseConnection.php(605): CodeIgniter\Database\BaseConnection->simpleQuery()
#4 /var/www/html/SIMRSHEBAT/app/Controllers/Lab.php(447): CodeIgniter\Database\BaseConnection->query()
#5 /var/www/html/SIMRSHEBAT/system/CodeIgniter.php(934): App\Controllers\Lab->produk()
#6 /var/www/html/SIMRSHEBAT/system/CodeIgniter.php(499): CodeIgniter\CodeIgniter->runController()
#7 /var/www/html/SIMRSHEBAT/system/CodeIgniter.php(368): CodeIgniter\CodeIgniter->handleRequest()
#8 /var/www/html/SIMRSHEBAT/index.php(67): CodeIgniter\CodeIgniter->run()
#9 {main}
CRITICAL - 2024-11-13 10:41:25 --> Call to a member function getResult() on bool
in APPPATH/Controllers/Lab.php on line 447.
 1 SYSTEMPATH/CodeIgniter.php(934): App\Controllers\Lab->produk()
 2 SYSTEMPATH/CodeIgniter.php(499): CodeIgniter\CodeIgniter->runController()
 3 SYSTEMPATH/CodeIgniter.php(368): CodeIgniter\CodeIgniter->handleRequest()
 4 FCPATH/index.php(67): CodeIgniter\CodeIgniter->run()
ERROR - 2024-11-13 10:41:25 --> ErrorException: pg_query(): Query failed: ERROR:  function left(integer, integer) does not exist
LINE 1: SELECT * from produk WHERE left(kd_produk,2)='XR' 
                                   ^
HINT:  No function matches the given name and argument types. You might need to add explicit type casts. in /var/www/html/SIMRSHEBAT/system/Database/Postgre/Connection.php:147
Stack trace:
#0 [internal function]: CodeIgniter\Debug\Exceptions->errorHandler()
#1 /var/www/html/SIMRSHEBAT/system/Database/Postgre/Connection.php(147): pg_query()
#2 /var/www/html/SIMRSHEBAT/system/Database/BaseConnection.php(691): CodeIgniter\Database\Postgre\Connection->execute()
#3 /var/www/html/SIMRSHEBAT/system/Database/BaseConnection.php(605): CodeIgniter\Database\BaseConnection->simpleQuery()
#4 /var/www/html/SIMRSHEBAT/app/Controllers/Lab.php(465): CodeIgniter\Database\BaseConnection->query()
#5 /var/www/html/SIMRSHEBAT/system/CodeIgniter.php(934): App\Controllers\Lab->produkRad()
#6 /var/www/html/SIMRSHEBAT/system/CodeIgniter.php(499): CodeIgniter\CodeIgniter->runController()
#7 /var/www/html/SIMRSHEBAT/system/CodeIgniter.php(368): CodeIgniter\CodeIgniter->handleRequest()
#8 /var/www/html/SIMRSHEBAT/index.php(67): CodeIgniter\CodeIgniter->run()
#9 {main}
CRITICAL - 2024-11-13 10:41:25 --> Call to a member function getResult() on bool
in APPPATH/Controllers/Lab.php on line 465.
 1 SYSTEMPATH/CodeIgniter.php(934): App\Controllers\Lab->produkRad()
 2 SYSTEMPATH/CodeIgniter.php(499): CodeIgniter\CodeIgniter->runController()
 3 SYSTEMPATH/CodeIgniter.php(368): CodeIgniter\CodeIgniter->handleRequest()
 4 FCPATH/index.php(67): CodeIgniter\CodeIgniter->run()
WARNING - 2024-11-13 10:41:25 --> [DEPRECATED] Creation of dynamic property App\Controllers\Lab::$db is deprecated in APPPATH/Controllers/Api.php on line 8.
 1 SYSTEMPATH/CodeIgniter.php(906): App\Controllers\Api->__construct()
 2 SYSTEMPATH/CodeIgniter.php(490): CodeIgniter\CodeIgniter->createController()
 3 SYSTEMPATH/CodeIgniter.php(368): CodeIgniter\CodeIgniter->handleRequest(null, Object(Config\Cache), false)
 4 FCPATH/index.php(67): CodeIgniter\CodeIgniter->run()
WARNING - 2024-11-13 10:41:25 --> [DEPRECATED] Creation of dynamic property App\Controllers\Lab::$simrs is deprecated in APPPATH/Controllers/Api.php on line 9.
 1 SYSTEMPATH/CodeIgniter.php(906): App\Controllers\Api->__construct()
 2 SYSTEMPATH/CodeIgniter.php(490): CodeIgniter\CodeIgniter->createController()
 3 SYSTEMPATH/CodeIgniter.php(368): CodeIgniter\CodeIgniter->handleRequest(null, Object(Config\Cache), false)
 4 FCPATH/index.php(67): CodeIgniter\CodeIgniter->run()
WARNING - 2024-11-13 10:41:25 --> [DEPRECATED] Creation of dynamic property App\Controllers\Rekammedisirna::$db is deprecated in APPPATH/Controllers/Api.php on line 8.
 1 SYSTEMPATH/CodeIgniter.php(906): App\Controllers\Api->__construct()
 2 SYSTEMPATH/CodeIgniter.php(490): CodeIgniter\CodeIgniter->createController()
 3 SYSTEMPATH/CodeIgniter.php(368): CodeIgniter\CodeIgniter->handleRequest(null, Object(Config\Cache), false)
 4 FCPATH/index.php(67): CodeIgniter\CodeIgniter->run()
WARNING - 2024-11-13 10:41:25 --> [DEPRECATED] Creation of dynamic property App\Controllers\Rekammedisirna::$simrs is deprecated in APPPATH/Controllers/Api.php on line 9.
 1 SYSTEMPATH/CodeIgniter.php(906): App\Controllers\Api->__construct()
 2 SYSTEMPATH/CodeIgniter.php(490): CodeIgniter\CodeIgniter->createController()
 3 SYSTEMPATH/CodeIgniter.php(368): CodeIgniter\CodeIgniter->handleRequest(null, Object(Config\Cache), false)
 4 FCPATH/index.php(67): CodeIgniter\CodeIgniter->run()
WARNING - 2024-11-13 10:41:25 --> [DEPRECATED] Creation of dynamic property App\Controllers\Kunjungan::$db is deprecated in APPPATH/Controllers/Api.php on line 8.
 1 SYSTEMPATH/CodeIgniter.php(906): App\Controllers\Api->__construct()
 2 SYSTEMPATH/CodeIgniter.php(490): CodeIgniter\CodeIgniter->createController()
 3 SYSTEMPATH/CodeIgniter.php(368): CodeIgniter\CodeIgniter->handleRequest(null, Object(Config\Cache), false)
 4 FCPATH/index.php(67): CodeIgniter\CodeIgniter->run()
WARNING - 2024-11-13 10:41:25 --> [DEPRECATED] Creation of dynamic property App\Controllers\Kunjungan::$simrs is deprecated in APPPATH/Controllers/Api.php on line 9.
 1 SYSTEMPATH/CodeIgniter.php(906): App\Controllers\Api->__construct()
 2 SYSTEMPATH/CodeIgniter.php(490): CodeIgniter\CodeIgniter->createController()
 3 SYSTEMPATH/CodeIgniter.php(368): CodeIgniter\CodeIgniter->handleRequest(null, Object(Config\Cache), false)
 4 FCPATH/index.php(67): CodeIgniter\CodeIgniter->run()
ERROR - 2024-11-13 10:41:25 --> ErrorException: pg_query(): Query failed: ERROR:  column &quot;id_penyakit&quot; specified in USING clause does not exist in left table in /var/www/html/SIMRSHEBAT/system/Database/Postgre/Connection.php:147
Stack trace:
#0 [internal function]: CodeIgniter\Debug\Exceptions->errorHandler()
#1 /var/www/html/SIMRSHEBAT/system/Database/Postgre/Connection.php(147): pg_query()
#2 /var/www/html/SIMRSHEBAT/system/Database/BaseConnection.php(691): CodeIgniter\Database\Postgre\Connection->execute()
#3 /var/www/html/SIMRSHEBAT/app/Controllers/Kunjungan.php(585): CodeIgniter\Database\BaseConnection->simpleQuery()
#4 /var/www/html/SIMRSHEBAT/system/CodeIgniter.php(934): App\Controllers\Kunjungan->historipenyakit()
#5 /var/www/html/SIMRSHEBAT/system/CodeIgniter.php(499): CodeIgniter\CodeIgniter->runController()
#6 /var/www/html/SIMRSHEBAT/system/CodeIgniter.php(368): CodeIgniter\CodeIgniter->handleRequest()
#7 /var/www/html/SIMRSHEBAT/index.php(67): CodeIgniter\CodeIgniter->run()
#8 {main}
ERROR - 2024-11-13 10:41:25 --> ErrorException: pg_query(): Query failed: ERROR:  relation &quot;order_lab&quot; does not exist
LINE 2:         order_lab o inner join
                ^ in /var/www/html/SIMRSHEBAT/system/Database/Postgre/Connection.php:147
Stack trace:
#0 [internal function]: CodeIgniter\Debug\Exceptions->errorHandler()
#1 /var/www/html/SIMRSHEBAT/system/Database/Postgre/Connection.php(147): pg_query()
#2 /var/www/html/SIMRSHEBAT/system/Database/BaseConnection.php(691): CodeIgniter\Database\Postgre\Connection->execute()
#3 /var/www/html/SIMRSHEBAT/app/Controllers/Rekammedisirna.php(878): CodeIgniter\Database\BaseConnection->simpleQuery()
#4 /var/www/html/SIMRSHEBAT/system/CodeIgniter.php(934): App\Controllers\Rekammedisirna->datapenunjangpasienirna()
#5 /var/www/html/SIMRSHEBAT/system/CodeIgniter.php(499): CodeIgniter\CodeIgniter->runController()
#6 /var/www/html/SIMRSHEBAT/system/CodeIgniter.php(368): CodeIgniter\CodeIgniter->handleRequest()
#7 /var/www/html/SIMRSHEBAT/index.php(67): CodeIgniter\CodeIgniter->run()
#8 {main}
ERROR - 2024-11-13 10:41:25 --> ErrorException: pg_query(): Query failed: ERROR:  function left(integer, integer) does not exist
LINE 1: SELECT * from produk WHERE left(kd_produk,2)='UR' 
                                   ^
HINT:  No function matches the given name and argument types. You might need to add explicit type casts. in /var/www/html/SIMRSHEBAT/system/Database/Postgre/Connection.php:147
Stack trace:
#0 [internal function]: CodeIgniter\Debug\Exceptions->errorHandler()
#1 /var/www/html/SIMRSHEBAT/system/Database/Postgre/Connection.php(147): pg_query()
#2 /var/www/html/SIMRSHEBAT/system/Database/BaseConnection.php(691): CodeIgniter\Database\Postgre\Connection->execute()
#3 /var/www/html/SIMRSHEBAT/system/Database/BaseConnection.php(605): CodeIgniter\Database\BaseConnection->simpleQuery()
#4 /var/www/html/SIMRSHEBAT/app/Controllers/Lab.php(465): CodeIgniter\Database\BaseConnection->query()
#5 /var/www/html/SIMRSHEBAT/system/CodeIgniter.php(934): App\Controllers\Lab->produkRad()
#6 /var/www/html/SIMRSHEBAT/system/CodeIgniter.php(499): CodeIgniter\CodeIgniter->runController()
#7 /var/www/html/SIMRSHEBAT/system/CodeIgniter.php(368): CodeIgniter\CodeIgniter->handleRequest()
#8 /var/www/html/SIMRSHEBAT/index.php(67): CodeIgniter\CodeIgniter->run()
#9 {main}
CRITICAL - 2024-11-13 10:41:25 --> Call to a member function getResult() on bool
in APPPATH/Controllers/Lab.php on line 465.
 1 SYSTEMPATH/CodeIgniter.php(934): App\Controllers\Lab->produkRad()
 2 SYSTEMPATH/CodeIgniter.php(499): CodeIgniter\CodeIgniter->runController()
 3 SYSTEMPATH/CodeIgniter.php(368): CodeIgniter\CodeIgniter->handleRequest()
 4 FCPATH/index.php(67): CodeIgniter\CodeIgniter->run()
WARNING - 2024-11-13 10:41:25 --> [DEPRECATED] Creation of dynamic property App\Controllers\Kunjungan::$db is deprecated in APPPATH/Controllers/Api.php on line 8.
 1 SYSTEMPATH/CodeIgniter.php(906): App\Controllers\Api->__construct()
 2 SYSTEMPATH/CodeIgniter.php(490): CodeIgniter\CodeIgniter->createController()
 3 SYSTEMPATH/CodeIgniter.php(368): CodeIgniter\CodeIgniter->handleRequest(null, Object(Config\Cache), false)
 4 FCPATH/index.php(67): CodeIgniter\CodeIgniter->run()
WARNING - 2024-11-13 10:41:25 --> [DEPRECATED] Creation of dynamic property App\Controllers\Kunjungan::$simrs is deprecated in APPPATH/Controllers/Api.php on line 9.
 1 SYSTEMPATH/CodeIgniter.php(906): App\Controllers\Api->__construct()
 2 SYSTEMPATH/CodeIgniter.php(490): CodeIgniter\CodeIgniter->createController()
 3 SYSTEMPATH/CodeIgniter.php(368): CodeIgniter\CodeIgniter->handleRequest(null, Object(Config\Cache), false)
 4 FCPATH/index.php(67): CodeIgniter\CodeIgniter->run()
WARNING - 2024-11-13 10:41:25 --> [DEPRECATED] Creation of dynamic property App\Controllers\Kunjungan::$db is deprecated in APPPATH/Controllers/Api.php on line 8.
 1 SYSTEMPATH/CodeIgniter.php(906): App\Controllers\Api->__construct()
 2 SYSTEMPATH/CodeIgniter.php(490): CodeIgniter\CodeIgniter->createController()
 3 SYSTEMPATH/CodeIgniter.php(368): CodeIgniter\CodeIgniter->handleRequest(null, Object(Config\Cache), false)
 4 FCPATH/index.php(67): CodeIgniter\CodeIgniter->run()
WARNING - 2024-11-13 10:41:25 --> [DEPRECATED] Creation of dynamic property App\Controllers\Kunjungan::$simrs is deprecated in APPPATH/Controllers/Api.php on line 9.
 1 SYSTEMPATH/CodeIgniter.php(906): App\Controllers\Api->__construct()
 2 SYSTEMPATH/CodeIgniter.php(490): CodeIgniter\CodeIgniter->createController()
 3 SYSTEMPATH/CodeIgniter.php(368): CodeIgniter\CodeIgniter->handleRequest(null, Object(Config\Cache), false)
 4 FCPATH/index.php(67): CodeIgniter\CodeIgniter->run()
WARNING - 2024-11-13 10:41:25 --> [DEPRECATED] Creation of dynamic property App\Controllers\Datasosial::$db is deprecated in APPPATH/Controllers/Api.php on line 8.
 1 SYSTEMPATH/CodeIgniter.php(906): App\Controllers\Api->__construct()
 2 SYSTEMPATH/CodeIgniter.php(490): CodeIgniter\CodeIgniter->createController()
 3 SYSTEMPATH/CodeIgniter.php(368): CodeIgniter\CodeIgniter->handleRequest(null, Object(Config\Cache), false)
 4 FCPATH/index.php(67): CodeIgniter\CodeIgniter->run()
ERROR - 2024-11-13 10:41:25 --> ErrorException: pg_query(): Query failed: ERROR:  relation &quot;alergi&quot; does not exist
LINE 1: SELECT * from alergi where no_rm='6-90-71-03' 
                      ^ in /var/www/html/SIMRSHEBAT/system/Database/Postgre/Connection.php:147
Stack trace:
#0 [internal function]: CodeIgniter\Debug\Exceptions->errorHandler()
#1 /var/www/html/SIMRSHEBAT/system/Database/Postgre/Connection.php(147): pg_query()
#2 /var/www/html/SIMRSHEBAT/system/Database/BaseConnection.php(691): CodeIgniter\Database\Postgre\Connection->execute()
#3 /var/www/html/SIMRSHEBAT/app/Controllers/Kunjungan.php(632): CodeIgniter\Database\BaseConnection->simpleQuery()
#4 /var/www/html/SIMRSHEBAT/system/CodeIgniter.php(934): App\Controllers\Kunjungan->historialergi()
#5 /var/www/html/SIMRSHEBAT/system/CodeIgniter.php(499): CodeIgniter\CodeIgniter->runController()
#6 /var/www/html/SIMRSHEBAT/system/CodeIgniter.php(368): CodeIgniter\CodeIgniter->handleRequest()
#7 /var/www/html/SIMRSHEBAT/index.php(67): CodeIgniter\CodeIgniter->run()
#8 {main}
WARNING - 2024-11-13 10:41:25 --> [DEPRECATED] Creation of dynamic property App\Controllers\Datasosial::$simrs is deprecated in APPPATH/Controllers/Api.php on line 9.
 1 SYSTEMPATH/CodeIgniter.php(906): App\Controllers\Api->__construct()
 2 SYSTEMPATH/CodeIgniter.php(490): CodeIgniter\CodeIgniter->createController()
 3 SYSTEMPATH/CodeIgniter.php(368): CodeIgniter\CodeIgniter->handleRequest(null, Object(Config\Cache), false)
 4 FCPATH/index.php(67): CodeIgniter\CodeIgniter->run()
ERROR - 2024-11-13 10:41:25 --> ErrorException: pg_query(): Query failed: ERROR:  column &quot;id_penyakit&quot; specified in USING clause does not exist in left table in /var/www/html/SIMRSHEBAT/system/Database/Postgre/Connection.php:147
Stack trace:
#0 [internal function]: CodeIgniter\Debug\Exceptions->errorHandler()
#1 /var/www/html/SIMRSHEBAT/system/Database/Postgre/Connection.php(147): pg_query()
#2 /var/www/html/SIMRSHEBAT/system/Database/BaseConnection.php(691): CodeIgniter\Database\Postgre\Connection->execute()
#3 /var/www/html/SIMRSHEBAT/app/Controllers/Kunjungan.php(617): CodeIgniter\Database\BaseConnection->simpleQuery()
#4 /var/www/html/SIMRSHEBAT/system/CodeIgniter.php(934): App\Controllers\Kunjungan->historipenyakitkeluarga()
#5 /var/www/html/SIMRSHEBAT/system/CodeIgniter.php(499): CodeIgniter\CodeIgniter->runController()
#6 /var/www/html/SIMRSHEBAT/system/CodeIgniter.php(368): CodeIgniter\CodeIgniter->handleRequest()
#7 /var/www/html/SIMRSHEBAT/index.php(67): CodeIgniter\CodeIgniter->run()
#8 {main}
WARNING - 2024-11-13 10:41:25 --> [DEPRECATED] Creation of dynamic property App\Controllers\Datasosial::$db is deprecated in APPPATH/Controllers/Api.php on line 8.
 1 SYSTEMPATH/CodeIgniter.php(906): App\Controllers\Api->__construct()
 2 SYSTEMPATH/CodeIgniter.php(490): CodeIgniter\CodeIgniter->createController()
 3 SYSTEMPATH/CodeIgniter.php(368): CodeIgniter\CodeIgniter->handleRequest(null, Object(Config\Cache), false)
 4 FCPATH/index.php(67): CodeIgniter\CodeIgniter->run()
WARNING - 2024-11-13 10:41:25 --> [DEPRECATED] Creation of dynamic property App\Controllers\Datasosial::$simrs is deprecated in APPPATH/Controllers/Api.php on line 9.
 1 SYSTEMPATH/CodeIgniter.php(906): App\Controllers\Api->__construct()
 2 SYSTEMPATH/CodeIgniter.php(490): CodeIgniter\CodeIgniter->createController()
 3 SYSTEMPATH/CodeIgniter.php(368): CodeIgniter\CodeIgniter->handleRequest(null, Object(Config\Cache), false)
 4 FCPATH/index.php(67): CodeIgniter\CodeIgniter->run()
WARNING - 2024-11-13 10:41:27 --> [DEPRECATED] Creation of dynamic property App\Controllers\Rekammedisirna::$db is deprecated in APPPATH/Controllers/Api.php on line 8.
 1 SYSTEMPATH/CodeIgniter.php(906): App\Controllers\Api->__construct()
 2 SYSTEMPATH/CodeIgniter.php(490): CodeIgniter\CodeIgniter->createController()
 3 SYSTEMPATH/CodeIgniter.php(368): CodeIgniter\CodeIgniter->handleRequest(null, Object(Config\Cache), false)
 4 FCPATH/index.php(67): CodeIgniter\CodeIgniter->run()
WARNING - 2024-11-13 10:41:27 --> [DEPRECATED] Creation of dynamic property App\Controllers\Rekammedisirna::$simrs is deprecated in APPPATH/Controllers/Api.php on line 9.
 1 SYSTEMPATH/CodeIgniter.php(906): App\Controllers\Api->__construct()
 2 SYSTEMPATH/CodeIgniter.php(490): CodeIgniter\CodeIgniter->createController()
 3 SYSTEMPATH/CodeIgniter.php(368): CodeIgniter\CodeIgniter->handleRequest(null, Object(Config\Cache), false)
 4 FCPATH/index.php(67): CodeIgniter\CodeIgniter->run()
CRITICAL - 2024-11-13 10:41:27 --> Undefined property: stdClass::$norm
in APPPATH/Controllers/Rekammedisirna.php on line 1035.
 1 APPPATH/Controllers/Rekammedisirna.php(1035): CodeIgniter\Debug\Exceptions->errorHandler()
 2 SYSTEMPATH/CodeIgniter.php(934): App\Controllers\Rekammedisirna->viewtandavital()
 3 SYSTEMPATH/CodeIgniter.php(499): CodeIgniter\CodeIgniter->runController()
 4 SYSTEMPATH/CodeIgniter.php(368): CodeIgniter\CodeIgniter->handleRequest()
 5 FCPATH/index.php(67): CodeIgniter\CodeIgniter->run()
WARNING - 2024-11-13 10:41:49 --> [DEPRECATED] Creation of dynamic property App\Controllers\Rekammedisirna::$db is deprecated in APPPATH/Controllers/Api.php on line 8.
 1 SYSTEMPATH/CodeIgniter.php(906): App\Controllers\Api->__construct()
 2 SYSTEMPATH/CodeIgniter.php(490): CodeIgniter\CodeIgniter->createController()
 3 SYSTEMPATH/CodeIgniter.php(368): CodeIgniter\CodeIgniter->handleRequest(null, Object(Config\Cache), false)
 4 FCPATH/index.php(67): CodeIgniter\CodeIgniter->run()
WARNING - 2024-11-13 10:41:49 --> [DEPRECATED] Creation of dynamic property App\Controllers\Rekammedisirna::$simrs is deprecated in APPPATH/Controllers/Api.php on line 9.
 1 SYSTEMPATH/CodeIgniter.php(906): App\Controllers\Api->__construct()
 2 SYSTEMPATH/CodeIgniter.php(490): CodeIgniter\CodeIgniter->createController()
 3 SYSTEMPATH/CodeIgniter.php(368): CodeIgniter\CodeIgniter->handleRequest(null, Object(Config\Cache), false)
 4 FCPATH/index.php(67): CodeIgniter\CodeIgniter->run()
WARNING - 2024-11-13 10:41:49 --> [DEPRECATED] Creation of dynamic property App\Controllers\Rekammedisirna::$db is deprecated in APPPATH/Controllers/Api.php on line 8.
 1 SYSTEMPATH/CodeIgniter.php(906): App\Controllers\Api->__construct()
 2 SYSTEMPATH/CodeIgniter.php(490): CodeIgniter\CodeIgniter->createController()
 3 SYSTEMPATH/CodeIgniter.php(368): CodeIgniter\CodeIgniter->handleRequest(null, Object(Config\Cache), false)
 4 FCPATH/index.php(67): CodeIgniter\CodeIgniter->run()
WARNING - 2024-11-13 10:41:49 --> [DEPRECATED] Creation of dynamic property App\Controllers\Rekammedisirna::$simrs is deprecated in APPPATH/Controllers/Api.php on line 9.
 1 SYSTEMPATH/CodeIgniter.php(906): App\Controllers\Api->__construct()
 2 SYSTEMPATH/CodeIgniter.php(490): CodeIgniter\CodeIgniter->createController()
 3 SYSTEMPATH/CodeIgniter.php(368): CodeIgniter\CodeIgniter->handleRequest(null, Object(Config\Cache), false)
 4 FCPATH/index.php(67): CodeIgniter\CodeIgniter->run()
ERROR - 2024-11-13 10:41:49 --> ErrorException: pg_query(): Query failed: ERROR:  relation &quot;soap_pasien&quot; does not exist
LINE 1:   SELECT * FROM soap_pasien s 
                        ^ in /var/www/html/SIMRSHEBAT/system/Database/Postgre/Connection.php:147
Stack trace:
#0 [internal function]: CodeIgniter\Debug\Exceptions->errorHandler()
#1 /var/www/html/SIMRSHEBAT/system/Database/Postgre/Connection.php(147): pg_query()
#2 /var/www/html/SIMRSHEBAT/system/Database/BaseConnection.php(691): CodeIgniter\Database\Postgre\Connection->execute()
#3 /var/www/html/SIMRSHEBAT/app/Controllers/Rekammedisirna.php(976): CodeIgniter\Database\BaseConnection->simpleQuery()
#4 /var/www/html/SIMRSHEBAT/system/CodeIgniter.php(934): App\Controllers\Rekammedisirna->datakunjunganhistorirmsoapiirna()
#5 /var/www/html/SIMRSHEBAT/system/CodeIgniter.php(499): CodeIgniter\CodeIgniter->runController()
#6 /var/www/html/SIMRSHEBAT/system/CodeIgniter.php(368): CodeIgniter\CodeIgniter->handleRequest()
#7 /var/www/html/SIMRSHEBAT/index.php(67): CodeIgniter\CodeIgniter->run()
#8 {main}
WARNING - 2024-11-13 10:55:33 --> [DEPRECATED] Creation of dynamic property App\Controllers\Rekammedisirna::$db is deprecated in APPPATH/Controllers/Api.php on line 8.
 1 SYSTEMPATH/CodeIgniter.php(906): App\Controllers\Api->__construct()
 2 SYSTEMPATH/CodeIgniter.php(490): CodeIgniter\CodeIgniter->createController()
 3 SYSTEMPATH/CodeIgniter.php(368): CodeIgniter\CodeIgniter->handleRequest(null, Object(Config\Cache), false)
 4 FCPATH/index.php(67): CodeIgniter\CodeIgniter->run()
WARNING - 2024-11-13 10:55:33 --> [DEPRECATED] Creation of dynamic property App\Controllers\Rekammedisirna::$simrs is deprecated in APPPATH/Controllers/Api.php on line 9.
 1 SYSTEMPATH/CodeIgniter.php(906): App\Controllers\Api->__construct()
 2 SYSTEMPATH/CodeIgniter.php(490): CodeIgniter\CodeIgniter->createController()
 3 SYSTEMPATH/CodeIgniter.php(368): CodeIgniter\CodeIgniter->handleRequest(null, Object(Config\Cache), false)
 4 FCPATH/index.php(67): CodeIgniter\CodeIgniter->run()
CRITICAL - 2024-11-13 10:55:33 --> Undefined property: stdClass::$norm
in APPPATH/Controllers/Rekammedisirna.php on line 1035.
 1 APPPATH/Controllers/Rekammedisirna.php(1035): CodeIgniter\Debug\Exceptions->errorHandler()
 2 SYSTEMPATH/CodeIgniter.php(934): App\Controllers\Rekammedisirna->viewtandavital()
 3 SYSTEMPATH/CodeIgniter.php(499): CodeIgniter\CodeIgniter->runController()
 4 SYSTEMPATH/CodeIgniter.php(368): CodeIgniter\CodeIgniter->handleRequest()
 5 FCPATH/index.php(67): CodeIgniter\CodeIgniter->run()
WARNING - 2024-11-13 10:58:13 --> [DEPRECATED] Creation of dynamic property App\Controllers\Rekammedisirna::$db is deprecated in APPPATH/Controllers/Api.php on line 8.
 1 SYSTEMPATH/CodeIgniter.php(906): App\Controllers\Api->__construct()
 2 SYSTEMPATH/CodeIgniter.php(490): CodeIgniter\CodeIgniter->createController()
 3 SYSTEMPATH/CodeIgniter.php(368): CodeIgniter\CodeIgniter->handleRequest(null, Object(Config\Cache), false)
 4 FCPATH/index.php(67): CodeIgniter\CodeIgniter->run()
WARNING - 2024-11-13 10:58:13 --> [DEPRECATED] Creation of dynamic property App\Controllers\Rekammedisirna::$simrs is deprecated in APPPATH/Controllers/Api.php on line 9.
 1 SYSTEMPATH/CodeIgniter.php(906): App\Controllers\Api->__construct()
 2 SYSTEMPATH/CodeIgniter.php(490): CodeIgniter\CodeIgniter->createController()
 3 SYSTEMPATH/CodeIgniter.php(368): CodeIgniter\CodeIgniter->handleRequest(null, Object(Config\Cache), false)
 4 FCPATH/index.php(67): CodeIgniter\CodeIgniter->run()
ERROR - 2024-11-13 10:58:13 --> ErrorException: pg_query(): Query failed: ERROR:  relation &quot;soap_pasien&quot; does not exist
LINE 1:   SELECT * FROM soap_pasien s 
                        ^ in /var/www/html/SIMRSHEBAT/system/Database/Postgre/Connection.php:147
Stack trace:
#0 [internal function]: CodeIgniter\Debug\Exceptions->errorHandler()
#1 /var/www/html/SIMRSHEBAT/system/Database/Postgre/Connection.php(147): pg_query()
#2 /var/www/html/SIMRSHEBAT/system/Database/BaseConnection.php(691): CodeIgniter\Database\Postgre\Connection->execute()
#3 /var/www/html/SIMRSHEBAT/app/Controllers/Rekammedisirna.php(976): CodeIgniter\Database\BaseConnection->simpleQuery()
#4 /var/www/html/SIMRSHEBAT/system/CodeIgniter.php(934): App\Controllers\Rekammedisirna->datakunjunganhistorirmsoapiirna()
#5 /var/www/html/SIMRSHEBAT/system/CodeIgniter.php(499): CodeIgniter\CodeIgniter->runController()
#6 /var/www/html/SIMRSHEBAT/system/CodeIgniter.php(368): CodeIgniter\CodeIgniter->handleRequest()
#7 /var/www/html/SIMRSHEBAT/index.php(67): CodeIgniter\CodeIgniter->run()
#8 {main}
WARNING - 2024-11-13 11:10:15 --> [DEPRECATED] Creation of dynamic property App\Controllers\Rekammedisirna::$db is deprecated in APPPATH/Controllers/Api.php on line 8.
 1 SYSTEMPATH/CodeIgniter.php(906): App\Controllers\Api->__construct()
 2 SYSTEMPATH/CodeIgniter.php(490): CodeIgniter\CodeIgniter->createController()
 3 SYSTEMPATH/CodeIgniter.php(368): CodeIgniter\CodeIgniter->handleRequest(null, Object(Config\Cache), false)
 4 FCPATH/index.php(67): CodeIgniter\CodeIgniter->run()
WARNING - 2024-11-13 11:10:15 --> [DEPRECATED] Creation of dynamic property App\Controllers\Rekammedisirna::$simrs is deprecated in APPPATH/Controllers/Api.php on line 9.
 1 SYSTEMPATH/CodeIgniter.php(906): App\Controllers\Api->__construct()
 2 SYSTEMPATH/CodeIgniter.php(490): CodeIgniter\CodeIgniter->createController()
 3 SYSTEMPATH/CodeIgniter.php(368): CodeIgniter\CodeIgniter->handleRequest(null, Object(Config\Cache), false)
 4 FCPATH/index.php(67): CodeIgniter\CodeIgniter->run()
ERROR - 2024-11-13 11:10:16 --> ErrorException: pg_query(): Query failed: ERROR:  relation &quot;soap_pasien&quot; does not exist
LINE 1: INSERT INTO soap_pasien (
                    ^ in /var/www/html/SIMRSHEBAT/system/Database/Postgre/Connection.php:147
Stack trace:
#0 [internal function]: CodeIgniter\Debug\Exceptions->errorHandler()
#1 /var/www/html/SIMRSHEBAT/system/Database/Postgre/Connection.php(147): pg_query()
#2 /var/www/html/SIMRSHEBAT/system/Database/BaseConnection.php(691): CodeIgniter\Database\Postgre\Connection->execute()
#3 /var/www/html/SIMRSHEBAT/app/Controllers/Rekammedisirna.php(3705): CodeIgniter\Database\BaseConnection->simpleQuery()
#4 /var/www/html/SIMRSHEBAT/system/CodeIgniter.php(934): App\Controllers\Rekammedisirna->addeErmirna()
#5 /var/www/html/SIMRSHEBAT/system/CodeIgniter.php(499): CodeIgniter\CodeIgniter->runController()
#6 /var/www/html/SIMRSHEBAT/system/CodeIgniter.php(368): CodeIgniter\CodeIgniter->handleRequest()
#7 /var/www/html/SIMRSHEBAT/index.php(67): CodeIgniter\CodeIgniter->run()
#8 {main}
WARNING - 2024-11-13 11:16:13 --> [DEPRECATED] Creation of dynamic property App\Controllers\Kunjungan::$db is deprecated in APPPATH/Controllers/Api.php on line 8.
 1 SYSTEMPATH/CodeIgniter.php(906): App\Controllers\Api->__construct()
 2 SYSTEMPATH/CodeIgniter.php(490): CodeIgniter\CodeIgniter->createController()
 3 SYSTEMPATH/CodeIgniter.php(368): CodeIgniter\CodeIgniter->handleRequest(null, Object(Config\Cache), false)
 4 FCPATH/index.php(67): CodeIgniter\CodeIgniter->run()
WARNING - 2024-11-13 11:16:13 --> [DEPRECATED] Creation of dynamic property App\Controllers\Kunjungan::$simrs is deprecated in APPPATH/Controllers/Api.php on line 9.
 1 SYSTEMPATH/CodeIgniter.php(906): App\Controllers\Api->__construct()
 2 SYSTEMPATH/CodeIgniter.php(490): CodeIgniter\CodeIgniter->createController()
 3 SYSTEMPATH/CodeIgniter.php(368): CodeIgniter\CodeIgniter->handleRequest(null, Object(Config\Cache), false)
 4 FCPATH/index.php(67): CodeIgniter\CodeIgniter->run()
ERROR - 2024-11-13 11:16:13 --> ErrorException: pg_query(): Query failed: ERROR:  column &quot;id_penyakit&quot; does not exist
LINE 1: SELECT * from penyakit where id_penyakit like upper('i%') li...
                                     ^
HINT:  Perhaps you meant to reference the column &quot;penyakit.kd_penyakit&quot;. in /var/www/html/SIMRSHEBAT/system/Database/Postgre/Connection.php:147
Stack trace:
#0 [internal function]: CodeIgniter\Debug\Exceptions->errorHandler()
#1 /var/www/html/SIMRSHEBAT/system/Database/Postgre/Connection.php(147): pg_query()
#2 /var/www/html/SIMRSHEBAT/system/Database/BaseConnection.php(691): CodeIgniter\Database\Postgre\Connection->execute()
#3 /var/www/html/SIMRSHEBAT/app/Controllers/Kunjungan.php(688): CodeIgniter\Database\BaseConnection->simpleQuery()
#4 /var/www/html/SIMRSHEBAT/system/CodeIgniter.php(934): App\Controllers\Kunjungan->icd()
#5 /var/www/html/SIMRSHEBAT/system/CodeIgniter.php(499): CodeIgniter\CodeIgniter->runController()
#6 /var/www/html/SIMRSHEBAT/system/CodeIgniter.php(368): CodeIgniter\CodeIgniter->handleRequest()
#7 /var/www/html/SIMRSHEBAT/index.php(67): CodeIgniter\CodeIgniter->run()
#8 {main}
WARNING - 2024-11-13 11:41:19 --> [DEPRECATED] Creation of dynamic property App\Controllers\Apotek::$db is deprecated in APPPATH/Controllers/Apotek.php on line 11.
 1 SYSTEMPATH/CodeIgniter.php(906): App\Controllers\Apotek->__construct()
 2 SYSTEMPATH/CodeIgniter.php(490): CodeIgniter\CodeIgniter->createController()
 3 SYSTEMPATH/CodeIgniter.php(368): CodeIgniter\CodeIgniter->handleRequest(null, Object(Config\Cache), false)
 4 FCPATH/index.php(67): CodeIgniter\CodeIgniter->run()
ERROR - 2024-11-13 11:41:19 --> ErrorException: pg_query(): Query failed: ERROR:  relation &quot;order_resep&quot; does not exist
LINE 6:                                             order_resep 
                                                    ^ in /var/www/html/SIMRSHEBAT/system/Database/Postgre/Connection.php:147
Stack trace:
#0 [internal function]: CodeIgniter\Debug\Exceptions->errorHandler()
#1 /var/www/html/SIMRSHEBAT/system/Database/Postgre/Connection.php(147): pg_query()
#2 /var/www/html/SIMRSHEBAT/system/Database/BaseConnection.php(691): CodeIgniter\Database\Postgre\Connection->execute()
#3 /var/www/html/SIMRSHEBAT/system/Database/BaseConnection.php(605): CodeIgniter\Database\BaseConnection->simpleQuery()
#4 /var/www/html/SIMRSHEBAT/app/Controllers/Apotek.php(6661): CodeIgniter\Database\BaseConnection->query()
#5 /var/www/html/SIMRSHEBAT/system/CodeIgniter.php(934): App\Controllers\Apotek->countorderresep()
#6 /var/www/html/SIMRSHEBAT/system/CodeIgniter.php(499): CodeIgniter\CodeIgniter->runController()
#7 /var/www/html/SIMRSHEBAT/system/CodeIgniter.php(368): CodeIgniter\CodeIgniter->handleRequest()
#8 /var/www/html/SIMRSHEBAT/index.php(67): CodeIgniter\CodeIgniter->run()
#9 {main}
CRITICAL - 2024-11-13 11:41:19 --> Call to a member function getNumRows() on bool
in APPPATH/Controllers/Apotek.php on line 6671.
 1 SYSTEMPATH/CodeIgniter.php(934): App\Controllers\Apotek->countorderresep()
 2 SYSTEMPATH/CodeIgniter.php(499): CodeIgniter\CodeIgniter->runController()
 3 SYSTEMPATH/CodeIgniter.php(368): CodeIgniter\CodeIgniter->handleRequest()
 4 FCPATH/index.php(67): CodeIgniter\CodeIgniter->run()
INFO - 2024-11-13 12:41:20 --> Session: Class initialized using 'CodeIgniter\Session\Handlers\FileHandler' driver.
WARNING - 2024-11-13 13:34:18 --> [DEPRECATED] Creation of dynamic property App\Controllers\User::$db is deprecated in APPPATH/Controllers/Api.php on line 8.
 1 SYSTEMPATH/CodeIgniter.php(906): App\Controllers\Api->__construct()
 2 SYSTEMPATH/CodeIgniter.php(490): CodeIgniter\CodeIgniter->createController()
 3 SYSTEMPATH/CodeIgniter.php(368): CodeIgniter\CodeIgniter->handleRequest(null, Object(Config\Cache), false)
 4 FCPATH/index.php(67): CodeIgniter\CodeIgniter->run()
WARNING - 2024-11-13 13:34:18 --> [DEPRECATED] Creation of dynamic property App\Controllers\User::$simrs is deprecated in APPPATH/Controllers/Api.php on line 9.
 1 SYSTEMPATH/CodeIgniter.php(906): App\Controllers\Api->__construct()
 2 SYSTEMPATH/CodeIgniter.php(490): CodeIgniter\CodeIgniter->createController()
 3 SYSTEMPATH/CodeIgniter.php(368): CodeIgniter\CodeIgniter->handleRequest(null, Object(Config\Cache), false)
 4 FCPATH/index.php(67): CodeIgniter\CodeIgniter->run()
WARNING - 2024-11-13 13:34:19 --> [DEPRECATED] Creation of dynamic property App\Controllers\Laporan::$db is deprecated in APPPATH/Controllers/Api.php on line 8.
 1 SYSTEMPATH/CodeIgniter.php(906): App\Controllers\Api->__construct()
 2 SYSTEMPATH/CodeIgniter.php(490): CodeIgniter\CodeIgniter->createController()
 3 SYSTEMPATH/CodeIgniter.php(368): CodeIgniter\CodeIgniter->handleRequest(null, Object(Config\Cache), false)
 4 FCPATH/index.php(67): CodeIgniter\CodeIgniter->run()
WARNING - 2024-11-13 13:34:19 --> [DEPRECATED] Creation of dynamic property App\Controllers\Laporan::$simrs is deprecated in APPPATH/Controllers/Api.php on line 9.
 1 SYSTEMPATH/CodeIgniter.php(906): App\Controllers\Api->__construct()
 2 SYSTEMPATH/CodeIgniter.php(490): CodeIgniter\CodeIgniter->createController()
 3 SYSTEMPATH/CodeIgniter.php(368): CodeIgniter\CodeIgniter->handleRequest(null, Object(Config\Cache), false)
 4 FCPATH/index.php(67): CodeIgniter\CodeIgniter->run()
WARNING - 2024-11-13 13:34:19 --> [DEPRECATED] Creation of dynamic property App\Controllers\User::$db is deprecated in APPPATH/Controllers/Api.php on line 8.
 1 SYSTEMPATH/CodeIgniter.php(906): App\Controllers\Api->__construct()
 2 SYSTEMPATH/CodeIgniter.php(490): CodeIgniter\CodeIgniter->createController()
 3 SYSTEMPATH/CodeIgniter.php(368): CodeIgniter\CodeIgniter->handleRequest(null, Object(Config\Cache), false)
 4 FCPATH/index.php(67): CodeIgniter\CodeIgniter->run()
WARNING - 2024-11-13 13:34:19 --> [DEPRECATED] Creation of dynamic property App\Controllers\User::$simrs is deprecated in APPPATH/Controllers/Api.php on line 9.
 1 SYSTEMPATH/CodeIgniter.php(906): App\Controllers\Api->__construct()
 2 SYSTEMPATH/CodeIgniter.php(490): CodeIgniter\CodeIgniter->createController()
 3 SYSTEMPATH/CodeIgniter.php(368): CodeIgniter\CodeIgniter->handleRequest(null, Object(Config\Cache), false)
 4 FCPATH/index.php(67): CodeIgniter\CodeIgniter->run()
WARNING - 2024-11-13 13:34:23 --> [DEPRECATED] Creation of dynamic property App\Controllers\Rekammedisirna::$db is deprecated in APPPATH/Controllers/Api.php on line 8.
 1 SYSTEMPATH/CodeIgniter.php(906): App\Controllers\Api->__construct()
 2 SYSTEMPATH/CodeIgniter.php(490): CodeIgniter\CodeIgniter->createController()
 3 SYSTEMPATH/CodeIgniter.php(368): CodeIgniter\CodeIgniter->handleRequest(null, Object(Config\Cache), false)
 4 FCPATH/index.php(67): CodeIgniter\CodeIgniter->run()
WARNING - 2024-11-13 13:34:23 --> [DEPRECATED] Creation of dynamic property App\Controllers\Rekammedisirna::$simrs is deprecated in APPPATH/Controllers/Api.php on line 9.
 1 SYSTEMPATH/CodeIgniter.php(906): App\Controllers\Api->__construct()
 2 SYSTEMPATH/CodeIgniter.php(490): CodeIgniter\CodeIgniter->createController()
 3 SYSTEMPATH/CodeIgniter.php(368): CodeIgniter\CodeIgniter->handleRequest(null, Object(Config\Cache), false)
 4 FCPATH/index.php(67): CodeIgniter\CodeIgniter->run()
WARNING - 2024-11-13 13:34:23 --> [DEPRECATED] Creation of dynamic property App\Controllers\Rekammedisirna::$db is deprecated in APPPATH/Controllers/Api.php on line 8.
 1 SYSTEMPATH/CodeIgniter.php(906): App\Controllers\Api->__construct()
 2 SYSTEMPATH/CodeIgniter.php(490): CodeIgniter\CodeIgniter->createController()
 3 SYSTEMPATH/CodeIgniter.php(368): CodeIgniter\CodeIgniter->handleRequest(null, Object(Config\Cache), false)
 4 FCPATH/index.php(67): CodeIgniter\CodeIgniter->run()
WARNING - 2024-11-13 13:34:23 --> [DEPRECATED] Creation of dynamic property App\Controllers\Rekammedisirna::$simrs is deprecated in APPPATH/Controllers/Api.php on line 9.
 1 SYSTEMPATH/CodeIgniter.php(906): App\Controllers\Api->__construct()
 2 SYSTEMPATH/CodeIgniter.php(490): CodeIgniter\CodeIgniter->createController()
 3 SYSTEMPATH/CodeIgniter.php(368): CodeIgniter\CodeIgniter->handleRequest(null, Object(Config\Cache), false)
 4 FCPATH/index.php(67): CodeIgniter\CodeIgniter->run()
WARNING - 2024-11-13 13:34:23 --> [DEPRECATED] Creation of dynamic property App\Controllers\Rekammedisirna::$db is deprecated in APPPATH/Controllers/Api.php on line 8.
 1 SYSTEMPATH/CodeIgniter.php(906): App\Controllers\Api->__construct()
 2 SYSTEMPATH/CodeIgniter.php(490): CodeIgniter\CodeIgniter->createController()
 3 SYSTEMPATH/CodeIgniter.php(368): CodeIgniter\CodeIgniter->handleRequest(null, Object(Config\Cache), false)
 4 FCPATH/index.php(67): CodeIgniter\CodeIgniter->run()
WARNING - 2024-11-13 13:34:23 --> [DEPRECATED] Creation of dynamic property App\Controllers\Rekammedisirna::$simrs is deprecated in APPPATH/Controllers/Api.php on line 9.
 1 SYSTEMPATH/CodeIgniter.php(906): App\Controllers\Api->__construct()
 2 SYSTEMPATH/CodeIgniter.php(490): CodeIgniter\CodeIgniter->createController()
 3 SYSTEMPATH/CodeIgniter.php(368): CodeIgniter\CodeIgniter->handleRequest(null, Object(Config\Cache), false)
 4 FCPATH/index.php(67): CodeIgniter\CodeIgniter->run()
WARNING - 2024-11-13 13:34:49 --> [DEPRECATED] Creation of dynamic property App\Controllers\Rekammedisirja::$db is deprecated in APPPATH/Controllers/Api.php on line 8.
 1 SYSTEMPATH/CodeIgniter.php(906): App\Controllers\Api->__construct()
 2 SYSTEMPATH/CodeIgniter.php(490): CodeIgniter\CodeIgniter->createController()
 3 SYSTEMPATH/CodeIgniter.php(368): CodeIgniter\CodeIgniter->handleRequest(null, Object(Config\Cache), false)
 4 FCPATH/index.php(67): CodeIgniter\CodeIgniter->run()
WARNING - 2024-11-13 13:34:49 --> [DEPRECATED] Creation of dynamic property App\Controllers\Rekammedisirja::$simrs is deprecated in APPPATH/Controllers/Api.php on line 9.
 1 SYSTEMPATH/CodeIgniter.php(906): App\Controllers\Api->__construct()
 2 SYSTEMPATH/CodeIgniter.php(490): CodeIgniter\CodeIgniter->createController()
 3 SYSTEMPATH/CodeIgniter.php(368): CodeIgniter\CodeIgniter->handleRequest(null, Object(Config\Cache), false)
 4 FCPATH/index.php(67): CodeIgniter\CodeIgniter->run()
WARNING - 2024-11-13 13:34:49 --> [DEPRECATED] Creation of dynamic property App\Controllers\Rekammedisirja::$db is deprecated in APPPATH/Controllers/Api.php on line 8.
 1 SYSTEMPATH/CodeIgniter.php(906): App\Controllers\Api->__construct()
 2 SYSTEMPATH/CodeIgniter.php(490): CodeIgniter\CodeIgniter->createController()
 3 SYSTEMPATH/CodeIgniter.php(368): CodeIgniter\CodeIgniter->handleRequest(null, Object(Config\Cache), false)
 4 FCPATH/index.php(67): CodeIgniter\CodeIgniter->run()
WARNING - 2024-11-13 13:34:49 --> [DEPRECATED] Creation of dynamic property App\Controllers\Rekammedisirja::$simrs is deprecated in APPPATH/Controllers/Api.php on line 9.
 1 SYSTEMPATH/CodeIgniter.php(906): App\Controllers\Api->__construct()
 2 SYSTEMPATH/CodeIgniter.php(490): CodeIgniter\CodeIgniter->createController()
 3 SYSTEMPATH/CodeIgniter.php(368): CodeIgniter\CodeIgniter->handleRequest(null, Object(Config\Cache), false)
 4 FCPATH/index.php(67): CodeIgniter\CodeIgniter->run()
WARNING - 2024-11-13 13:34:49 --> [DEPRECATED] Creation of dynamic property App\Controllers\Rawatjalan::$db is deprecated in APPPATH/Controllers/Api.php on line 8.
 1 SYSTEMPATH/CodeIgniter.php(906): App\Controllers\Api->__construct()
 2 SYSTEMPATH/CodeIgniter.php(490): CodeIgniter\CodeIgniter->createController()
 3 SYSTEMPATH/CodeIgniter.php(368): CodeIgniter\CodeIgniter->handleRequest(null, Object(Config\Cache), false)
 4 FCPATH/index.php(67): CodeIgniter\CodeIgniter->run()
WARNING - 2024-11-13 13:34:49 --> [DEPRECATED] Creation of dynamic property App\Controllers\Rawatjalan::$simrs is deprecated in APPPATH/Controllers/Api.php on line 9.
 1 SYSTEMPATH/CodeIgniter.php(906): App\Controllers\Api->__construct()
 2 SYSTEMPATH/CodeIgniter.php(490): CodeIgniter\CodeIgniter->createController()
 3 SYSTEMPATH/CodeIgniter.php(368): CodeIgniter\CodeIgniter->handleRequest(null, Object(Config\Cache), false)
 4 FCPATH/index.php(67): CodeIgniter\CodeIgniter->run()
ERROR - 2024-11-13 13:34:49 --> ErrorException: pg_query(): Query failed: ERROR:  column &quot;id_kunjungan&quot; does not exist
LINE 2: ...mr_tindakan inner join icd_9 USING(kd_icd9) where id_kunjung...
                                                             ^ in /var/www/html/SIMRSHEBAT/system/Database/Postgre/Connection.php:147
Stack trace:
#0 [internal function]: CodeIgniter\Debug\Exceptions->errorHandler()
#1 /var/www/html/SIMRSHEBAT/system/Database/Postgre/Connection.php(147): pg_query()
#2 /var/www/html/SIMRSHEBAT/system/Database/BaseConnection.php(691): CodeIgniter\Database\Postgre\Connection->execute()
#3 /var/www/html/SIMRSHEBAT/app/Controllers/Rekammedisirja.php(411): CodeIgniter\Database\BaseConnection->simpleQuery()
#4 /var/www/html/SIMRSHEBAT/system/CodeIgniter.php(934): App\Controllers\Rekammedisirja->datamricd9irja()
#5 /var/www/html/SIMRSHEBAT/system/CodeIgniter.php(499): CodeIgniter\CodeIgniter->runController()
#6 /var/www/html/SIMRSHEBAT/system/CodeIgniter.php(368): CodeIgniter\CodeIgniter->handleRequest()
#7 /var/www/html/SIMRSHEBAT/index.php(67): CodeIgniter\CodeIgniter->run()
#8 {main}
ERROR - 2024-11-13 13:34:49 --> ErrorException: pg_query(): Query failed: ERROR:  column &quot;jenis_pegawai&quot; does not exist
LINE 1: SELECT * FROM pegawai where jenis_pegawai='1'
                                    ^ in /var/www/html/SIMRSHEBAT/system/Database/Postgre/Connection.php:147
Stack trace:
#0 [internal function]: CodeIgniter\Debug\Exceptions->errorHandler()
#1 /var/www/html/SIMRSHEBAT/system/Database/Postgre/Connection.php(147): pg_query()
#2 /var/www/html/SIMRSHEBAT/system/Database/BaseConnection.php(691): CodeIgniter\Database\Postgre\Connection->execute()
#3 /var/www/html/SIMRSHEBAT/system/Database/BaseConnection.php(605): CodeIgniter\Database\BaseConnection->simpleQuery()
#4 /var/www/html/SIMRSHEBAT/app/Controllers/Rawatjalan.php(32): CodeIgniter\Database\BaseConnection->query()
#5 /var/www/html/SIMRSHEBAT/system/CodeIgniter.php(934): App\Controllers\Rawatjalan->pegawai()
#6 /var/www/html/SIMRSHEBAT/system/CodeIgniter.php(499): CodeIgniter\CodeIgniter->runController()
#7 /var/www/html/SIMRSHEBAT/system/CodeIgniter.php(368): CodeIgniter\CodeIgniter->handleRequest()
#8 /var/www/html/SIMRSHEBAT/index.php(67): CodeIgniter\CodeIgniter->run()
#9 {main}
ERROR - 2024-11-13 13:34:49 --> ErrorException: pg_query(): Query failed: ERROR:  column &quot;id_penyakit&quot; specified in USING clause does not exist in left table in /var/www/html/SIMRSHEBAT/system/Database/Postgre/Connection.php:147
Stack trace:
#0 [internal function]: CodeIgniter\Debug\Exceptions->errorHandler()
#1 /var/www/html/SIMRSHEBAT/system/Database/Postgre/Connection.php(147): pg_query()
#2 /var/www/html/SIMRSHEBAT/system/Database/BaseConnection.php(691): CodeIgniter\Database\Postgre\Connection->execute()
#3 /var/www/html/SIMRSHEBAT/app/Controllers/Rekammedisirja.php(453): CodeIgniter\Database\BaseConnection->simpleQuery()
#4 /var/www/html/SIMRSHEBAT/system/CodeIgniter.php(934): App\Controllers\Rekammedisirja->datamrpenyakitirja()
#5 /var/www/html/SIMRSHEBAT/system/CodeIgniter.php(499): CodeIgniter\CodeIgniter->runController()
#6 /var/www/html/SIMRSHEBAT/system/CodeIgniter.php(368): CodeIgniter\CodeIgniter->handleRequest()
#7 /var/www/html/SIMRSHEBAT/index.php(67): CodeIgniter\CodeIgniter->run()
#8 {main}
CRITICAL - 2024-11-13 13:34:49 --> Call to a member function getResult() on bool
in APPPATH/Controllers/Rawatjalan.php on line 35.
 1 SYSTEMPATH/CodeIgniter.php(934): App\Controllers\Rawatjalan->pegawai()
 2 SYSTEMPATH/CodeIgniter.php(499): CodeIgniter\CodeIgniter->runController()
 3 SYSTEMPATH/CodeIgniter.php(368): CodeIgniter\CodeIgniter->handleRequest()
 4 FCPATH/index.php(67): CodeIgniter\CodeIgniter->run()
WARNING - 2024-11-13 13:34:49 --> [DEPRECATED] Creation of dynamic property App\Controllers\Lab::$db is deprecated in APPPATH/Controllers/Api.php on line 8.
 1 SYSTEMPATH/CodeIgniter.php(906): App\Controllers\Api->__construct()
 2 SYSTEMPATH/CodeIgniter.php(490): CodeIgniter\CodeIgniter->createController()
 3 SYSTEMPATH/CodeIgniter.php(368): CodeIgniter\CodeIgniter->handleRequest(null, Object(Config\Cache), false)
 4 FCPATH/index.php(67): CodeIgniter\CodeIgniter->run()
WARNING - 2024-11-13 13:34:49 --> [DEPRECATED] Creation of dynamic property App\Controllers\Lab::$db is deprecated in APPPATH/Controllers/Api.php on line 8.
 1 SYSTEMPATH/CodeIgniter.php(906): App\Controllers\Api->__construct()
 2 SYSTEMPATH/CodeIgniter.php(490): CodeIgniter\CodeIgniter->createController()
 3 SYSTEMPATH/CodeIgniter.php(368): CodeIgniter\CodeIgniter->handleRequest(null, Object(Config\Cache), false)
 4 FCPATH/index.php(67): CodeIgniter\CodeIgniter->run()
WARNING - 2024-11-13 13:34:49 --> [DEPRECATED] Creation of dynamic property App\Controllers\Lab::$simrs is deprecated in APPPATH/Controllers/Api.php on line 9.
 1 SYSTEMPATH/CodeIgniter.php(906): App\Controllers\Api->__construct()
 2 SYSTEMPATH/CodeIgniter.php(490): CodeIgniter\CodeIgniter->createController()
 3 SYSTEMPATH/CodeIgniter.php(368): CodeIgniter\CodeIgniter->handleRequest(null, Object(Config\Cache), false)
 4 FCPATH/index.php(67): CodeIgniter\CodeIgniter->run()
WARNING - 2024-11-13 13:34:49 --> [DEPRECATED] Creation of dynamic property App\Controllers\Lab::$db is deprecated in APPPATH/Controllers/Api.php on line 8.
 1 SYSTEMPATH/CodeIgniter.php(906): App\Controllers\Api->__construct()
 2 SYSTEMPATH/CodeIgniter.php(490): CodeIgniter\CodeIgniter->createController()
 3 SYSTEMPATH/CodeIgniter.php(368): CodeIgniter\CodeIgniter->handleRequest(null, Object(Config\Cache), false)
 4 FCPATH/index.php(67): CodeIgniter\CodeIgniter->run()
WARNING - 2024-11-13 13:34:49 --> [DEPRECATED] Creation of dynamic property App\Controllers\Lab::$simrs is deprecated in APPPATH/Controllers/Api.php on line 9.
 1 SYSTEMPATH/CodeIgniter.php(906): App\Controllers\Api->__construct()
 2 SYSTEMPATH/CodeIgniter.php(490): CodeIgniter\CodeIgniter->createController()
 3 SYSTEMPATH/CodeIgniter.php(368): CodeIgniter\CodeIgniter->handleRequest(null, Object(Config\Cache), false)
 4 FCPATH/index.php(67): CodeIgniter\CodeIgniter->run()
WARNING - 2024-11-13 13:34:49 --> [DEPRECATED] Creation of dynamic property App\Controllers\Lab::$simrs is deprecated in APPPATH/Controllers/Api.php on line 9.
 1 SYSTEMPATH/CodeIgniter.php(906): App\Controllers\Api->__construct()
 2 SYSTEMPATH/CodeIgniter.php(490): CodeIgniter\CodeIgniter->createController()
 3 SYSTEMPATH/CodeIgniter.php(368): CodeIgniter\CodeIgniter->handleRequest(null, Object(Config\Cache), false)
 4 FCPATH/index.php(67): CodeIgniter\CodeIgniter->run()
ERROR - 2024-11-13 13:34:49 --> ErrorException: pg_query(): Query failed: ERROR:  column &quot;id_jenis_produk&quot; does not exist
LINE 1: SELECT * from produk WHERE id_jenis_produk='3' 
                                   ^ in /var/www/html/SIMRSHEBAT/system/Database/Postgre/Connection.php:147
Stack trace:
#0 [internal function]: CodeIgniter\Debug\Exceptions->errorHandler()
#1 /var/www/html/SIMRSHEBAT/system/Database/Postgre/Connection.php(147): pg_query()
#2 /var/www/html/SIMRSHEBAT/system/Database/BaseConnection.php(691): CodeIgniter\Database\Postgre\Connection->execute()
#3 /var/www/html/SIMRSHEBAT/system/Database/BaseConnection.php(605): CodeIgniter\Database\BaseConnection->simpleQuery()
#4 /var/www/html/SIMRSHEBAT/app/Controllers/Lab.php(447): CodeIgniter\Database\BaseConnection->query()
#5 /var/www/html/SIMRSHEBAT/system/CodeIgniter.php(934): App\Controllers\Lab->produk()
#6 /var/www/html/SIMRSHEBAT/system/CodeIgniter.php(499): CodeIgniter\CodeIgniter->runController()
#7 /var/www/html/SIMRSHEBAT/system/CodeIgniter.php(368): CodeIgniter\CodeIgniter->handleRequest()
#8 /var/www/html/SIMRSHEBAT/index.php(67): CodeIgniter\CodeIgniter->run()
#9 {main}
ERROR - 2024-11-13 13:34:49 --> ErrorException: pg_query(): Query failed: ERROR:  function left(integer, integer) does not exist
LINE 1: SELECT * from produk WHERE left(kd_produk,2)='CT' 
                                   ^
HINT:  No function matches the given name and argument types. You might need to add explicit type casts. in /var/www/html/SIMRSHEBAT/system/Database/Postgre/Connection.php:147
Stack trace:
#0 [internal function]: CodeIgniter\Debug\Exceptions->errorHandler()
#1 /var/www/html/SIMRSHEBAT/system/Database/Postgre/Connection.php(147): pg_query()
#2 /var/www/html/SIMRSHEBAT/system/Database/BaseConnection.php(691): CodeIgniter\Database\Postgre\Connection->execute()
#3 /var/www/html/SIMRSHEBAT/system/Database/BaseConnection.php(605): CodeIgniter\Database\BaseConnection->simpleQuery()
#4 /var/www/html/SIMRSHEBAT/app/Controllers/Lab.php(465): CodeIgniter\Database\BaseConnection->query()
#5 /var/www/html/SIMRSHEBAT/system/CodeIgniter.php(934): App\Controllers\Lab->produkRad()
#6 /var/www/html/SIMRSHEBAT/system/CodeIgniter.php(499): CodeIgniter\CodeIgniter->runController()
#7 /var/www/html/SIMRSHEBAT/system/CodeIgniter.php(368): CodeIgniter\CodeIgniter->handleRequest()
#8 /var/www/html/SIMRSHEBAT/index.php(67): CodeIgniter\CodeIgniter->run()
#9 {main}
CRITICAL - 2024-11-13 13:34:49 --> Call to a member function getResult() on bool
in APPPATH/Controllers/Lab.php on line 447.
 1 SYSTEMPATH/CodeIgniter.php(934): App\Controllers\Lab->produk()
 2 SYSTEMPATH/CodeIgniter.php(499): CodeIgniter\CodeIgniter->runController()
 3 SYSTEMPATH/CodeIgniter.php(368): CodeIgniter\CodeIgniter->handleRequest()
 4 FCPATH/index.php(67): CodeIgniter\CodeIgniter->run()
CRITICAL - 2024-11-13 13:34:49 --> Call to a member function getResult() on bool
in APPPATH/Controllers/Lab.php on line 465.
 1 SYSTEMPATH/CodeIgniter.php(934): App\Controllers\Lab->produkRad()
 2 SYSTEMPATH/CodeIgniter.php(499): CodeIgniter\CodeIgniter->runController()
 3 SYSTEMPATH/CodeIgniter.php(368): CodeIgniter\CodeIgniter->handleRequest()
 4 FCPATH/index.php(67): CodeIgniter\CodeIgniter->run()
ERROR - 2024-11-13 13:34:49 --> ErrorException: pg_query(): Query failed: ERROR:  function left(integer, integer) does not exist
LINE 1: SELECT * from produk WHERE left(kd_produk,2)='XR' 
                                   ^
HINT:  No function matches the given name and argument types. You might need to add explicit type casts. in /var/www/html/SIMRSHEBAT/system/Database/Postgre/Connection.php:147
Stack trace:
#0 [internal function]: CodeIgniter\Debug\Exceptions->errorHandler()
#1 /var/www/html/SIMRSHEBAT/system/Database/Postgre/Connection.php(147): pg_query()
#2 /var/www/html/SIMRSHEBAT/system/Database/BaseConnection.php(691): CodeIgniter\Database\Postgre\Connection->execute()
#3 /var/www/html/SIMRSHEBAT/system/Database/BaseConnection.php(605): CodeIgniter\Database\BaseConnection->simpleQuery()
#4 /var/www/html/SIMRSHEBAT/app/Controllers/Lab.php(465): CodeIgniter\Database\BaseConnection->query()
#5 /var/www/html/SIMRSHEBAT/system/CodeIgniter.php(934): App\Controllers\Lab->produkRad()
#6 /var/www/html/SIMRSHEBAT/system/CodeIgniter.php(499): CodeIgniter\CodeIgniter->runController()
#7 /var/www/html/SIMRSHEBAT/system/CodeIgniter.php(368): CodeIgniter\CodeIgniter->handleRequest()
#8 /var/www/html/SIMRSHEBAT/index.php(67): CodeIgniter\CodeIgniter->run()
#9 {main}
CRITICAL - 2024-11-13 13:34:49 --> Call to a member function getResult() on bool
in APPPATH/Controllers/Lab.php on line 465.
 1 SYSTEMPATH/CodeIgniter.php(934): App\Controllers\Lab->produkRad()
 2 SYSTEMPATH/CodeIgniter.php(499): CodeIgniter\CodeIgniter->runController()
 3 SYSTEMPATH/CodeIgniter.php(368): CodeIgniter\CodeIgniter->handleRequest()
 4 FCPATH/index.php(67): CodeIgniter\CodeIgniter->run()
WARNING - 2024-11-13 13:34:49 --> [DEPRECATED] Creation of dynamic property App\Controllers\Lab::$db is deprecated in APPPATH/Controllers/Api.php on line 8.
 1 SYSTEMPATH/CodeIgniter.php(906): App\Controllers\Api->__construct()
 2 SYSTEMPATH/CodeIgniter.php(490): CodeIgniter\CodeIgniter->createController()
 3 SYSTEMPATH/CodeIgniter.php(368): CodeIgniter\CodeIgniter->handleRequest(null, Object(Config\Cache), false)
 4 FCPATH/index.php(67): CodeIgniter\CodeIgniter->run()
WARNING - 2024-11-13 13:34:49 --> [DEPRECATED] Creation of dynamic property App\Controllers\Lab::$simrs is deprecated in APPPATH/Controllers/Api.php on line 9.
 1 SYSTEMPATH/CodeIgniter.php(906): App\Controllers\Api->__construct()
 2 SYSTEMPATH/CodeIgniter.php(490): CodeIgniter\CodeIgniter->createController()
 3 SYSTEMPATH/CodeIgniter.php(368): CodeIgniter\CodeIgniter->handleRequest(null, Object(Config\Cache), false)
 4 FCPATH/index.php(67): CodeIgniter\CodeIgniter->run()
WARNING - 2024-11-13 13:34:49 --> [DEPRECATED] Creation of dynamic property App\Controllers\Rekammedisirna::$db is deprecated in APPPATH/Controllers/Api.php on line 8.
 1 SYSTEMPATH/CodeIgniter.php(906): App\Controllers\Api->__construct()
 2 SYSTEMPATH/CodeIgniter.php(490): CodeIgniter\CodeIgniter->createController()
 3 SYSTEMPATH/CodeIgniter.php(368): CodeIgniter\CodeIgniter->handleRequest(null, Object(Config\Cache), false)
 4 FCPATH/index.php(67): CodeIgniter\CodeIgniter->run()
WARNING - 2024-11-13 13:34:49 --> [DEPRECATED] Creation of dynamic property App\Controllers\Rekammedisirna::$simrs is deprecated in APPPATH/Controllers/Api.php on line 9.
 1 SYSTEMPATH/CodeIgniter.php(906): App\Controllers\Api->__construct()
 2 SYSTEMPATH/CodeIgniter.php(490): CodeIgniter\CodeIgniter->createController()
 3 SYSTEMPATH/CodeIgniter.php(368): CodeIgniter\CodeIgniter->handleRequest(null, Object(Config\Cache), false)
 4 FCPATH/index.php(67): CodeIgniter\CodeIgniter->run()
WARNING - 2024-11-13 13:34:49 --> [DEPRECATED] Creation of dynamic property App\Controllers\Kunjungan::$db is deprecated in APPPATH/Controllers/Api.php on line 8.
 1 SYSTEMPATH/CodeIgniter.php(906): App\Controllers\Api->__construct()
 2 SYSTEMPATH/CodeIgniter.php(490): CodeIgniter\CodeIgniter->createController()
 3 SYSTEMPATH/CodeIgniter.php(368): CodeIgniter\CodeIgniter->handleRequest(null, Object(Config\Cache), false)
 4 FCPATH/index.php(67): CodeIgniter\CodeIgniter->run()
WARNING - 2024-11-13 13:34:49 --> [DEPRECATED] Creation of dynamic property App\Controllers\Kunjungan::$simrs is deprecated in APPPATH/Controllers/Api.php on line 9.
 1 SYSTEMPATH/CodeIgniter.php(906): App\Controllers\Api->__construct()
 2 SYSTEMPATH/CodeIgniter.php(490): CodeIgniter\CodeIgniter->createController()
 3 SYSTEMPATH/CodeIgniter.php(368): CodeIgniter\CodeIgniter->handleRequest(null, Object(Config\Cache), false)
 4 FCPATH/index.php(67): CodeIgniter\CodeIgniter->run()
ERROR - 2024-11-13 13:34:49 --> ErrorException: pg_query(): Query failed: ERROR:  relation &quot;order_lab&quot; does not exist
LINE 2:         order_lab o inner join
                ^ in /var/www/html/SIMRSHEBAT/system/Database/Postgre/Connection.php:147
Stack trace:
#0 [internal function]: CodeIgniter\Debug\Exceptions->errorHandler()
#1 /var/www/html/SIMRSHEBAT/system/Database/Postgre/Connection.php(147): pg_query()
#2 /var/www/html/SIMRSHEBAT/system/Database/BaseConnection.php(691): CodeIgniter\Database\Postgre\Connection->execute()
#3 /var/www/html/SIMRSHEBAT/app/Controllers/Rekammedisirna.php(878): CodeIgniter\Database\BaseConnection->simpleQuery()
#4 /var/www/html/SIMRSHEBAT/system/CodeIgniter.php(934): App\Controllers\Rekammedisirna->datapenunjangpasienirna()
#5 /var/www/html/SIMRSHEBAT/system/CodeIgniter.php(499): CodeIgniter\CodeIgniter->runController()
#6 /var/www/html/SIMRSHEBAT/system/CodeIgniter.php(368): CodeIgniter\CodeIgniter->handleRequest()
#7 /var/www/html/SIMRSHEBAT/index.php(67): CodeIgniter\CodeIgniter->run()
#8 {main}
ERROR - 2024-11-13 13:34:49 --> ErrorException: pg_query(): Query failed: ERROR:  function left(integer, integer) does not exist
LINE 1: SELECT * from produk WHERE left(kd_produk,2)='UR' 
                                   ^
HINT:  No function matches the given name and argument types. You might need to add explicit type casts. in /var/www/html/SIMRSHEBAT/system/Database/Postgre/Connection.php:147
Stack trace:
#0 [internal function]: CodeIgniter\Debug\Exceptions->errorHandler()
#1 /var/www/html/SIMRSHEBAT/system/Database/Postgre/Connection.php(147): pg_query()
#2 /var/www/html/SIMRSHEBAT/system/Database/BaseConnection.php(691): CodeIgniter\Database\Postgre\Connection->execute()
#3 /var/www/html/SIMRSHEBAT/system/Database/BaseConnection.php(605): CodeIgniter\Database\BaseConnection->simpleQuery()
#4 /var/www/html/SIMRSHEBAT/app/Controllers/Lab.php(465): CodeIgniter\Database\BaseConnection->query()
#5 /var/www/html/SIMRSHEBAT/system/CodeIgniter.php(934): App\Controllers\Lab->produkRad()
#6 /var/www/html/SIMRSHEBAT/system/CodeIgniter.php(499): CodeIgniter\CodeIgniter->runController()
#7 /var/www/html/SIMRSHEBAT/system/CodeIgniter.php(368): CodeIgniter\CodeIgniter->handleRequest()
#8 /var/www/html/SIMRSHEBAT/index.php(67): CodeIgniter\CodeIgniter->run()
#9 {main}
CRITICAL - 2024-11-13 13:34:49 --> Call to a member function getResult() on bool
in APPPATH/Controllers/Lab.php on line 465.
 1 SYSTEMPATH/CodeIgniter.php(934): App\Controllers\Lab->produkRad()
 2 SYSTEMPATH/CodeIgniter.php(499): CodeIgniter\CodeIgniter->runController()
 3 SYSTEMPATH/CodeIgniter.php(368): CodeIgniter\CodeIgniter->handleRequest()
 4 FCPATH/index.php(67): CodeIgniter\CodeIgniter->run()
ERROR - 2024-11-13 13:34:49 --> ErrorException: pg_query(): Query failed: ERROR:  column &quot;id_penyakit&quot; specified in USING clause does not exist in left table in /var/www/html/SIMRSHEBAT/system/Database/Postgre/Connection.php:147
Stack trace:
#0 [internal function]: CodeIgniter\Debug\Exceptions->errorHandler()
#1 /var/www/html/SIMRSHEBAT/system/Database/Postgre/Connection.php(147): pg_query()
#2 /var/www/html/SIMRSHEBAT/system/Database/BaseConnection.php(691): CodeIgniter\Database\Postgre\Connection->execute()
#3 /var/www/html/SIMRSHEBAT/app/Controllers/Kunjungan.php(585): CodeIgniter\Database\BaseConnection->simpleQuery()
#4 /var/www/html/SIMRSHEBAT/system/CodeIgniter.php(934): App\Controllers\Kunjungan->historipenyakit()
#5 /var/www/html/SIMRSHEBAT/system/CodeIgniter.php(499): CodeIgniter\CodeIgniter->runController()
#6 /var/www/html/SIMRSHEBAT/system/CodeIgniter.php(368): CodeIgniter\CodeIgniter->handleRequest()
#7 /var/www/html/SIMRSHEBAT/index.php(67): CodeIgniter\CodeIgniter->run()
#8 {main}
WARNING - 2024-11-13 13:34:49 --> [DEPRECATED] Creation of dynamic property App\Controllers\Kunjungan::$db is deprecated in APPPATH/Controllers/Api.php on line 8.
 1 SYSTEMPATH/CodeIgniter.php(906): App\Controllers\Api->__construct()
 2 SYSTEMPATH/CodeIgniter.php(490): CodeIgniter\CodeIgniter->createController()
 3 SYSTEMPATH/CodeIgniter.php(368): CodeIgniter\CodeIgniter->handleRequest(null, Object(Config\Cache), false)
 4 FCPATH/index.php(67): CodeIgniter\CodeIgniter->run()
WARNING - 2024-11-13 13:34:49 --> [DEPRECATED] Creation of dynamic property App\Controllers\Kunjungan::$simrs is deprecated in APPPATH/Controllers/Api.php on line 9.
 1 SYSTEMPATH/CodeIgniter.php(906): App\Controllers\Api->__construct()
 2 SYSTEMPATH/CodeIgniter.php(490): CodeIgniter\CodeIgniter->createController()
 3 SYSTEMPATH/CodeIgniter.php(368): CodeIgniter\CodeIgniter->handleRequest(null, Object(Config\Cache), false)
 4 FCPATH/index.php(67): CodeIgniter\CodeIgniter->run()
WARNING - 2024-11-13 13:34:49 --> [DEPRECATED] Creation of dynamic property App\Controllers\Kunjungan::$db is deprecated in APPPATH/Controllers/Api.php on line 8.
 1 SYSTEMPATH/CodeIgniter.php(906): App\Controllers\Api->__construct()
 2 SYSTEMPATH/CodeIgniter.php(490): CodeIgniter\CodeIgniter->createController()
 3 SYSTEMPATH/CodeIgniter.php(368): CodeIgniter\CodeIgniter->handleRequest(null, Object(Config\Cache), false)
 4 FCPATH/index.php(67): CodeIgniter\CodeIgniter->run()
WARNING - 2024-11-13 13:34:49 --> [DEPRECATED] Creation of dynamic property App\Controllers\Kunjungan::$simrs is deprecated in APPPATH/Controllers/Api.php on line 9.
 1 SYSTEMPATH/CodeIgniter.php(906): App\Controllers\Api->__construct()
 2 SYSTEMPATH/CodeIgniter.php(490): CodeIgniter\CodeIgniter->createController()
 3 SYSTEMPATH/CodeIgniter.php(368): CodeIgniter\CodeIgniter->handleRequest(null, Object(Config\Cache), false)
 4 FCPATH/index.php(67): CodeIgniter\CodeIgniter->run()
WARNING - 2024-11-13 13:34:49 --> [DEPRECATED] Creation of dynamic property App\Controllers\Datasosial::$db is deprecated in APPPATH/Controllers/Api.php on line 8.
 1 SYSTEMPATH/CodeIgniter.php(906): App\Controllers\Api->__construct()
 2 SYSTEMPATH/CodeIgniter.php(490): CodeIgniter\CodeIgniter->createController()
 3 SYSTEMPATH/CodeIgniter.php(368): CodeIgniter\CodeIgniter->handleRequest(null, Object(Config\Cache), false)
 4 FCPATH/index.php(67): CodeIgniter\CodeIgniter->run()
WARNING - 2024-11-13 13:34:49 --> [DEPRECATED] Creation of dynamic property App\Controllers\Datasosial::$simrs is deprecated in APPPATH/Controllers/Api.php on line 9.
 1 SYSTEMPATH/CodeIgniter.php(906): App\Controllers\Api->__construct()
 2 SYSTEMPATH/CodeIgniter.php(490): CodeIgniter\CodeIgniter->createController()
 3 SYSTEMPATH/CodeIgniter.php(368): CodeIgniter\CodeIgniter->handleRequest(null, Object(Config\Cache), false)
 4 FCPATH/index.php(67): CodeIgniter\CodeIgniter->run()
ERROR - 2024-11-13 13:34:49 --> ErrorException: pg_query(): Query failed: ERROR:  relation &quot;alergi&quot; does not exist
LINE 1: SELECT * from alergi where no_rm='6-90-12-67' 
                      ^ in /var/www/html/SIMRSHEBAT/system/Database/Postgre/Connection.php:147
Stack trace:
#0 [internal function]: CodeIgniter\Debug\Exceptions->errorHandler()
#1 /var/www/html/SIMRSHEBAT/system/Database/Postgre/Connection.php(147): pg_query()
#2 /var/www/html/SIMRSHEBAT/system/Database/BaseConnection.php(691): CodeIgniter\Database\Postgre\Connection->execute()
#3 /var/www/html/SIMRSHEBAT/app/Controllers/Kunjungan.php(632): CodeIgniter\Database\BaseConnection->simpleQuery()
#4 /var/www/html/SIMRSHEBAT/system/CodeIgniter.php(934): App\Controllers\Kunjungan->historialergi()
#5 /var/www/html/SIMRSHEBAT/system/CodeIgniter.php(499): CodeIgniter\CodeIgniter->runController()
#6 /var/www/html/SIMRSHEBAT/system/CodeIgniter.php(368): CodeIgniter\CodeIgniter->handleRequest()
#7 /var/www/html/SIMRSHEBAT/index.php(67): CodeIgniter\CodeIgniter->run()
#8 {main}
ERROR - 2024-11-13 13:34:49 --> ErrorException: pg_query(): Query failed: ERROR:  column &quot;id_penyakit&quot; specified in USING clause does not exist in left table in /var/www/html/SIMRSHEBAT/system/Database/Postgre/Connection.php:147
Stack trace:
#0 [internal function]: CodeIgniter\Debug\Exceptions->errorHandler()
#1 /var/www/html/SIMRSHEBAT/system/Database/Postgre/Connection.php(147): pg_query()
#2 /var/www/html/SIMRSHEBAT/system/Database/BaseConnection.php(691): CodeIgniter\Database\Postgre\Connection->execute()
#3 /var/www/html/SIMRSHEBAT/app/Controllers/Kunjungan.php(617): CodeIgniter\Database\BaseConnection->simpleQuery()
#4 /var/www/html/SIMRSHEBAT/system/CodeIgniter.php(934): App\Controllers\Kunjungan->historipenyakitkeluarga()
#5 /var/www/html/SIMRSHEBAT/system/CodeIgniter.php(499): CodeIgniter\CodeIgniter->runController()
#6 /var/www/html/SIMRSHEBAT/system/CodeIgniter.php(368): CodeIgniter\CodeIgniter->handleRequest()
#7 /var/www/html/SIMRSHEBAT/index.php(67): CodeIgniter\CodeIgniter->run()
#8 {main}
WARNING - 2024-11-13 13:34:49 --> [DEPRECATED] Creation of dynamic property App\Controllers\Datasosial::$db is deprecated in APPPATH/Controllers/Api.php on line 8.
 1 SYSTEMPATH/CodeIgniter.php(906): App\Controllers\Api->__construct()
 2 SYSTEMPATH/CodeIgniter.php(490): CodeIgniter\CodeIgniter->createController()
 3 SYSTEMPATH/CodeIgniter.php(368): CodeIgniter\CodeIgniter->handleRequest(null, Object(Config\Cache), false)
 4 FCPATH/index.php(67): CodeIgniter\CodeIgniter->run()
WARNING - 2024-11-13 13:34:49 --> [DEPRECATED] Creation of dynamic property App\Controllers\Datasosial::$simrs is deprecated in APPPATH/Controllers/Api.php on line 9.
 1 SYSTEMPATH/CodeIgniter.php(906): App\Controllers\Api->__construct()
 2 SYSTEMPATH/CodeIgniter.php(490): CodeIgniter\CodeIgniter->createController()
 3 SYSTEMPATH/CodeIgniter.php(368): CodeIgniter\CodeIgniter->handleRequest(null, Object(Config\Cache), false)
 4 FCPATH/index.php(67): CodeIgniter\CodeIgniter->run()
INFO - 2024-11-13 14:34:19 --> Session: Class initialized using 'CodeIgniter\Session\Handlers\FileHandler' driver.
WARNING - 2024-11-13 14:37:02 --> [DEPRECATED] Creation of dynamic property App\Controllers\User::$db is deprecated in APPPATH/Controllers/Api.php on line 8.
 1 SYSTEMPATH/CodeIgniter.php(906): App\Controllers\Api->__construct()
 2 SYSTEMPATH/CodeIgniter.php(490): CodeIgniter\CodeIgniter->createController()
 3 SYSTEMPATH/CodeIgniter.php(368): CodeIgniter\CodeIgniter->handleRequest(null, Object(Config\Cache), false)
 4 FCPATH/index.php(67): CodeIgniter\CodeIgniter->run()
WARNING - 2024-11-13 14:37:02 --> [DEPRECATED] Creation of dynamic property App\Controllers\User::$simrs is deprecated in APPPATH/Controllers/Api.php on line 9.
 1 SYSTEMPATH/CodeIgniter.php(906): App\Controllers\Api->__construct()
 2 SYSTEMPATH/CodeIgniter.php(490): CodeIgniter\CodeIgniter->createController()
 3 SYSTEMPATH/CodeIgniter.php(368): CodeIgniter\CodeIgniter->handleRequest(null, Object(Config\Cache), false)
 4 FCPATH/index.php(67): CodeIgniter\CodeIgniter->run()
WARNING - 2024-11-13 14:37:02 --> [DEPRECATED] Creation of dynamic property App\Controllers\Laporan::$db is deprecated in APPPATH/Controllers/Api.php on line 8.
 1 SYSTEMPATH/CodeIgniter.php(906): App\Controllers\Api->__construct()
 2 SYSTEMPATH/CodeIgniter.php(490): CodeIgniter\CodeIgniter->createController()
 3 SYSTEMPATH/CodeIgniter.php(368): CodeIgniter\CodeIgniter->handleRequest(null, Object(Config\Cache), false)
 4 FCPATH/index.php(67): CodeIgniter\CodeIgniter->run()
WARNING - 2024-11-13 14:37:02 --> [DEPRECATED] Creation of dynamic property App\Controllers\Laporan::$simrs is deprecated in APPPATH/Controllers/Api.php on line 9.
 1 SYSTEMPATH/CodeIgniter.php(906): App\Controllers\Api->__construct()
 2 SYSTEMPATH/CodeIgniter.php(490): CodeIgniter\CodeIgniter->createController()
 3 SYSTEMPATH/CodeIgniter.php(368): CodeIgniter\CodeIgniter->handleRequest(null, Object(Config\Cache), false)
 4 FCPATH/index.php(67): CodeIgniter\CodeIgniter->run()
WARNING - 2024-11-13 14:37:02 --> [DEPRECATED] Creation of dynamic property App\Controllers\User::$db is deprecated in APPPATH/Controllers/Api.php on line 8.
 1 SYSTEMPATH/CodeIgniter.php(906): App\Controllers\Api->__construct()
 2 SYSTEMPATH/CodeIgniter.php(490): CodeIgniter\CodeIgniter->createController()
 3 SYSTEMPATH/CodeIgniter.php(368): CodeIgniter\CodeIgniter->handleRequest(null, Object(Config\Cache), false)
 4 FCPATH/index.php(67): CodeIgniter\CodeIgniter->run()
WARNING - 2024-11-13 14:37:02 --> [DEPRECATED] Creation of dynamic property App\Controllers\User::$simrs is deprecated in APPPATH/Controllers/Api.php on line 9.
 1 SYSTEMPATH/CodeIgniter.php(906): App\Controllers\Api->__construct()
 2 SYSTEMPATH/CodeIgniter.php(490): CodeIgniter\CodeIgniter->createController()
 3 SYSTEMPATH/CodeIgniter.php(368): CodeIgniter\CodeIgniter->handleRequest(null, Object(Config\Cache), false)
 4 FCPATH/index.php(67): CodeIgniter\CodeIgniter->run()
WARNING - 2024-11-13 14:37:02 --> [DEPRECATED] Creation of dynamic property App\Controllers\User::$db is deprecated in APPPATH/Controllers/Api.php on line 8.
 1 SYSTEMPATH/CodeIgniter.php(906): App\Controllers\Api->__construct()
 2 SYSTEMPATH/CodeIgniter.php(490): CodeIgniter\CodeIgniter->createController()
 3 SYSTEMPATH/CodeIgniter.php(368): CodeIgniter\CodeIgniter->handleRequest(null, Object(Config\Cache), false)
 4 FCPATH/index.php(67): CodeIgniter\CodeIgniter->run()
WARNING - 2024-11-13 14:37:02 --> [DEPRECATED] Creation of dynamic property App\Controllers\User::$simrs is deprecated in APPPATH/Controllers/Api.php on line 9.
 1 SYSTEMPATH/CodeIgniter.php(906): App\Controllers\Api->__construct()
 2 SYSTEMPATH/CodeIgniter.php(490): CodeIgniter\CodeIgniter->createController()
 3 SYSTEMPATH/CodeIgniter.php(368): CodeIgniter\CodeIgniter->handleRequest(null, Object(Config\Cache), false)
 4 FCPATH/index.php(67): CodeIgniter\CodeIgniter->run()
WARNING - 2024-11-13 14:37:33 --> [DEPRECATED] Creation of dynamic property App\Controllers\Rekammedisirna::$db is deprecated in APPPATH/Controllers/Api.php on line 8.
 1 SYSTEMPATH/CodeIgniter.php(906): App\Controllers\Api->__construct()
 2 SYSTEMPATH/CodeIgniter.php(490): CodeIgniter\CodeIgniter->createController()
 3 SYSTEMPATH/CodeIgniter.php(368): CodeIgniter\CodeIgniter->handleRequest(null, Object(Config\Cache), false)
 4 FCPATH/index.php(67): CodeIgniter\CodeIgniter->run()
WARNING - 2024-11-13 14:37:33 --> [DEPRECATED] Creation of dynamic property App\Controllers\Rekammedisirna::$simrs is deprecated in APPPATH/Controllers/Api.php on line 9.
 1 SYSTEMPATH/CodeIgniter.php(906): App\Controllers\Api->__construct()
 2 SYSTEMPATH/CodeIgniter.php(490): CodeIgniter\CodeIgniter->createController()
 3 SYSTEMPATH/CodeIgniter.php(368): CodeIgniter\CodeIgniter->handleRequest(null, Object(Config\Cache), false)
 4 FCPATH/index.php(67): CodeIgniter\CodeIgniter->run()
WARNING - 2024-11-13 14:37:33 --> [DEPRECATED] Creation of dynamic property App\Controllers\Rekammedisirna::$db is deprecated in APPPATH/Controllers/Api.php on line 8.
 1 SYSTEMPATH/CodeIgniter.php(906): App\Controllers\Api->__construct()
 2 SYSTEMPATH/CodeIgniter.php(490): CodeIgniter\CodeIgniter->createController()
 3 SYSTEMPATH/CodeIgniter.php(368): CodeIgniter\CodeIgniter->handleRequest(null, Object(Config\Cache), false)
 4 FCPATH/index.php(67): CodeIgniter\CodeIgniter->run()
WARNING - 2024-11-13 14:37:33 --> [DEPRECATED] Creation of dynamic property App\Controllers\Rekammedisirna::$simrs is deprecated in APPPATH/Controllers/Api.php on line 9.
 1 SYSTEMPATH/CodeIgniter.php(906): App\Controllers\Api->__construct()
 2 SYSTEMPATH/CodeIgniter.php(490): CodeIgniter\CodeIgniter->createController()
 3 SYSTEMPATH/CodeIgniter.php(368): CodeIgniter\CodeIgniter->handleRequest(null, Object(Config\Cache), false)
 4 FCPATH/index.php(67): CodeIgniter\CodeIgniter->run()
WARNING - 2024-11-13 14:37:33 --> [DEPRECATED] Creation of dynamic property App\Controllers\Rekammedisirna::$db is deprecated in APPPATH/Controllers/Api.php on line 8.
 1 SYSTEMPATH/CodeIgniter.php(906): App\Controllers\Api->__construct()
 2 SYSTEMPATH/CodeIgniter.php(490): CodeIgniter\CodeIgniter->createController()
 3 SYSTEMPATH/CodeIgniter.php(368): CodeIgniter\CodeIgniter->handleRequest(null, Object(Config\Cache), false)
 4 FCPATH/index.php(67): CodeIgniter\CodeIgniter->run()
WARNING - 2024-11-13 14:37:33 --> [DEPRECATED] Creation of dynamic property App\Controllers\Rekammedisirna::$simrs is deprecated in APPPATH/Controllers/Api.php on line 9.
 1 SYSTEMPATH/CodeIgniter.php(906): App\Controllers\Api->__construct()
 2 SYSTEMPATH/CodeIgniter.php(490): CodeIgniter\CodeIgniter->createController()
 3 SYSTEMPATH/CodeIgniter.php(368): CodeIgniter\CodeIgniter->handleRequest(null, Object(Config\Cache), false)
 4 FCPATH/index.php(67): CodeIgniter\CodeIgniter->run()
WARNING - 2024-11-13 14:37:35 --> [DEPRECATED] Creation of dynamic property App\Controllers\Setup::$db is deprecated in APPPATH/Controllers/Api.php on line 8.
 1 SYSTEMPATH/CodeIgniter.php(906): App\Controllers\Api->__construct()
 2 SYSTEMPATH/CodeIgniter.php(490): CodeIgniter\CodeIgniter->createController()
 3 SYSTEMPATH/CodeIgniter.php(368): CodeIgniter\CodeIgniter->handleRequest(null, Object(Config\Cache), false)
 4 FCPATH/index.php(67): CodeIgniter\CodeIgniter->run()
WARNING - 2024-11-13 14:37:35 --> [DEPRECATED] Creation of dynamic property App\Controllers\Rekammedisirna::$db is deprecated in APPPATH/Controllers/Api.php on line 8.
 1 SYSTEMPATH/CodeIgniter.php(906): App\Controllers\Api->__construct()
 2 SYSTEMPATH/CodeIgniter.php(490): CodeIgniter\CodeIgniter->createController()
 3 SYSTEMPATH/CodeIgniter.php(368): CodeIgniter\CodeIgniter->handleRequest(null, Object(Config\Cache), false)
 4 FCPATH/index.php(67): CodeIgniter\CodeIgniter->run()
WARNING - 2024-11-13 14:37:35 --> [DEPRECATED] Creation of dynamic property App\Controllers\Setup::$simrs is deprecated in APPPATH/Controllers/Api.php on line 9.
 1 SYSTEMPATH/CodeIgniter.php(906): App\Controllers\Api->__construct()
 2 SYSTEMPATH/CodeIgniter.php(490): CodeIgniter\CodeIgniter->createController()
 3 SYSTEMPATH/CodeIgniter.php(368): CodeIgniter\CodeIgniter->handleRequest(null, Object(Config\Cache), false)
 4 FCPATH/index.php(67): CodeIgniter\CodeIgniter->run()
WARNING - 2024-11-13 14:37:35 --> [DEPRECATED] Creation of dynamic property App\Controllers\Rekammedisirna::$simrs is deprecated in APPPATH/Controllers/Api.php on line 9.
 1 SYSTEMPATH/CodeIgniter.php(906): App\Controllers\Api->__construct()
 2 SYSTEMPATH/CodeIgniter.php(490): CodeIgniter\CodeIgniter->createController()
 3 SYSTEMPATH/CodeIgniter.php(368): CodeIgniter\CodeIgniter->handleRequest(null, Object(Config\Cache), false)
 4 FCPATH/index.php(67): CodeIgniter\CodeIgniter->run()
WARNING - 2024-11-13 14:37:35 --> [DEPRECATED] Creation of dynamic property App\Controllers\Setup::$db is deprecated in APPPATH/Controllers/Api.php on line 8.
 1 SYSTEMPATH/CodeIgniter.php(906): App\Controllers\Api->__construct()
 2 SYSTEMPATH/CodeIgniter.php(490): CodeIgniter\CodeIgniter->createController()
 3 SYSTEMPATH/CodeIgniter.php(368): CodeIgniter\CodeIgniter->handleRequest(null, Object(Config\Cache), false)
 4 FCPATH/index.php(67): CodeIgniter\CodeIgniter->run()
WARNING - 2024-11-13 14:37:35 --> [DEPRECATED] Creation of dynamic property App\Controllers\Setup::$simrs is deprecated in APPPATH/Controllers/Api.php on line 9.
 1 SYSTEMPATH/CodeIgniter.php(906): App\Controllers\Api->__construct()
 2 SYSTEMPATH/CodeIgniter.php(490): CodeIgniter\CodeIgniter->createController()
 3 SYSTEMPATH/CodeIgniter.php(368): CodeIgniter\CodeIgniter->handleRequest(null, Object(Config\Cache), false)
 4 FCPATH/index.php(67): CodeIgniter\CodeIgniter->run()
ERROR - 2024-11-13 14:37:35 --> ErrorException: pg_query(): Query failed: ERROR:  column &quot;jenis_pegawai&quot; does not exist
LINE 2:                     WHERE jenis_pegawai = '1'
                                  ^ in /var/www/html/SIMRSHEBAT/system/Database/Postgre/Connection.php:147
Stack trace:
#0 [internal function]: CodeIgniter\Debug\Exceptions->errorHandler()
#1 /var/www/html/SIMRSHEBAT/system/Database/Postgre/Connection.php(147): pg_query()
#2 /var/www/html/SIMRSHEBAT/system/Database/BaseConnection.php(691): CodeIgniter\Database\Postgre\Connection->execute()
#3 /var/www/html/SIMRSHEBAT/system/Database/BaseConnection.php(605): CodeIgniter\Database\BaseConnection->simpleQuery()
#4 /var/www/html/SIMRSHEBAT/app/Controllers/Setup.php(1071): CodeIgniter\Database\BaseConnection->query()
#5 /var/www/html/SIMRSHEBAT/system/CodeIgniter.php(934): App\Controllers\Setup->getDokter()
#6 /var/www/html/SIMRSHEBAT/system/CodeIgniter.php(499): CodeIgniter\CodeIgniter->runController()
#7 /var/www/html/SIMRSHEBAT/system/CodeIgniter.php(368): CodeIgniter\CodeIgniter->handleRequest()
#8 /var/www/html/SIMRSHEBAT/index.php(67): CodeIgniter\CodeIgniter->run()
#9 {main}
CRITICAL - 2024-11-13 14:37:35 --> Call to a member function getResult() on bool
in APPPATH/Controllers/Setup.php on line 1074.
 1 SYSTEMPATH/CodeIgniter.php(934): App\Controllers\Setup->getDokter()
 2 SYSTEMPATH/CodeIgniter.php(499): CodeIgniter\CodeIgniter->runController()
 3 SYSTEMPATH/CodeIgniter.php(368): CodeIgniter\CodeIgniter->handleRequest()
 4 FCPATH/index.php(67): CodeIgniter\CodeIgniter->run()
ERROR - 2024-11-13 14:37:35 --> ErrorException: pg_query(): Query failed: ERROR:  relation &quot;spesialisasi_kamar&quot; does not exist
LINE 1: SELECT * from spesialisasi_kamar order by nama_spesialisasi_...
                      ^ in /var/www/html/SIMRSHEBAT/system/Database/Postgre/Connection.php:147
Stack trace:
#0 [internal function]: CodeIgniter\Debug\Exceptions->errorHandler()
#1 /var/www/html/SIMRSHEBAT/system/Database/Postgre/Connection.php(147): pg_query()
#2 /var/www/html/SIMRSHEBAT/system/Database/BaseConnection.php(691): CodeIgniter\Database\Postgre\Connection->execute()
#3 /var/www/html/SIMRSHEBAT/system/Database/BaseConnection.php(605): CodeIgniter\Database\BaseConnection->simpleQuery()
#4 /var/www/html/SIMRSHEBAT/app/Controllers/Setup.php(496): CodeIgniter\Database\BaseConnection->query()
#5 /var/www/html/SIMRSHEBAT/system/CodeIgniter.php(934): App\Controllers\Setup->getSpesialisasi()
#6 /var/www/html/SIMRSHEBAT/system/CodeIgniter.php(499): CodeIgniter\CodeIgniter->runController()
#7 /var/www/html/SIMRSHEBAT/system/CodeIgniter.php(368): CodeIgniter\CodeIgniter->handleRequest()
#8 /var/www/html/SIMRSHEBAT/index.php(67): CodeIgniter\CodeIgniter->run()
#9 {main}
CRITICAL - 2024-11-13 14:37:35 --> Call to a member function getResult() on bool
in APPPATH/Controllers/Setup.php on line 499.
 1 SYSTEMPATH/CodeIgniter.php(934): App\Controllers\Setup->getSpesialisasi()
 2 SYSTEMPATH/CodeIgniter.php(499): CodeIgniter\CodeIgniter->runController()
 3 SYSTEMPATH/CodeIgniter.php(368): CodeIgniter\CodeIgniter->handleRequest()
 4 FCPATH/index.php(67): CodeIgniter\CodeIgniter->run()
ERROR - 2024-11-13 14:37:35 --> ErrorException: pg_query(): Query failed: ERROR:  column kamar.id_kamar does not exist
LINE 4:            left JOIN kamar on kamar.id_kamar=kunjungan.id_ka...
                                      ^
HINT:  Perhaps you meant to reference the column &quot;kamar.no_kamar&quot;. in /var/www/html/SIMRSHEBAT/system/Database/Postgre/Connection.php:147
Stack trace:
#0 [internal function]: CodeIgniter\Debug\Exceptions->errorHandler()
#1 /var/www/html/SIMRSHEBAT/system/Database/Postgre/Connection.php(147): pg_query()
#2 /var/www/html/SIMRSHEBAT/system/Database/BaseConnection.php(691): CodeIgniter\Database\Postgre\Connection->execute()
#3 /var/www/html/SIMRSHEBAT/system/Database/BaseConnection.php(605): CodeIgniter\Database\BaseConnection->simpleQuery()
#4 /var/www/html/SIMRSHEBAT/app/Controllers/Rekammedisirna.php(4238): CodeIgniter\Database\BaseConnection->query()
#5 /var/www/html/SIMRSHEBAT/system/CodeIgniter.php(934): App\Controllers\Rekammedisirna->Ruangan()
#6 /var/www/html/SIMRSHEBAT/system/CodeIgniter.php(499): CodeIgniter\CodeIgniter->runController()
#7 /var/www/html/SIMRSHEBAT/system/CodeIgniter.php(368): CodeIgniter\CodeIgniter->handleRequest()
#8 /var/www/html/SIMRSHEBAT/index.php(67): CodeIgniter\CodeIgniter->run()
#9 {main}
CRITICAL - 2024-11-13 14:37:35 --> Call to a member function getResult() on bool
in APPPATH/Controllers/Rekammedisirna.php on line 4238.
 1 SYSTEMPATH/CodeIgniter.php(934): App\Controllers\Rekammedisirna->Ruangan()
 2 SYSTEMPATH/CodeIgniter.php(499): CodeIgniter\CodeIgniter->runController()
 3 SYSTEMPATH/CodeIgniter.php(368): CodeIgniter\CodeIgniter->handleRequest()
 4 FCPATH/index.php(67): CodeIgniter\CodeIgniter->run()
WARNING - 2024-11-13 14:37:35 --> [DEPRECATED] Creation of dynamic property App\Controllers\Rekammedisirna::$db is deprecated in APPPATH/Controllers/Api.php on line 8.
 1 SYSTEMPATH/CodeIgniter.php(906): App\Controllers\Api->__construct()
 2 SYSTEMPATH/CodeIgniter.php(490): CodeIgniter\CodeIgniter->createController()
 3 SYSTEMPATH/CodeIgniter.php(368): CodeIgniter\CodeIgniter->handleRequest(null, Object(Config\Cache), false)
 4 FCPATH/index.php(67): CodeIgniter\CodeIgniter->run()
WARNING - 2024-11-13 14:37:35 --> [DEPRECATED] Creation of dynamic property App\Controllers\Rekammedisirna::$simrs is deprecated in APPPATH/Controllers/Api.php on line 9.
 1 SYSTEMPATH/CodeIgniter.php(906): App\Controllers\Api->__construct()
 2 SYSTEMPATH/CodeIgniter.php(490): CodeIgniter\CodeIgniter->createController()
 3 SYSTEMPATH/CodeIgniter.php(368): CodeIgniter\CodeIgniter->handleRequest(null, Object(Config\Cache), false)
 4 FCPATH/index.php(67): CodeIgniter\CodeIgniter->run()
WARNING - 2024-11-13 14:37:35 --> [DEPRECATED] Creation of dynamic property App\Controllers\Rekammedisirna::$db is deprecated in APPPATH/Controllers/Api.php on line 8.
 1 SYSTEMPATH/CodeIgniter.php(906): App\Controllers\Api->__construct()
 2 SYSTEMPATH/CodeIgniter.php(490): CodeIgniter\CodeIgniter->createController()
 3 SYSTEMPATH/CodeIgniter.php(368): CodeIgniter\CodeIgniter->handleRequest(null, Object(Config\Cache), false)
 4 FCPATH/index.php(67): CodeIgniter\CodeIgniter->run()
WARNING - 2024-11-13 14:37:35 --> [DEPRECATED] Creation of dynamic property App\Controllers\Rekammedisirna::$db is deprecated in APPPATH/Controllers/Api.php on line 8.
 1 SYSTEMPATH/CodeIgniter.php(906): App\Controllers\Api->__construct()
 2 SYSTEMPATH/CodeIgniter.php(490): CodeIgniter\CodeIgniter->createController()
 3 SYSTEMPATH/CodeIgniter.php(368): CodeIgniter\CodeIgniter->handleRequest(null, Object(Config\Cache), false)
 4 FCPATH/index.php(67): CodeIgniter\CodeIgniter->run()
WARNING - 2024-11-13 14:37:35 --> [DEPRECATED] Creation of dynamic property App\Controllers\Rekammedisirna::$simrs is deprecated in APPPATH/Controllers/Api.php on line 9.
 1 SYSTEMPATH/CodeIgniter.php(906): App\Controllers\Api->__construct()
 2 SYSTEMPATH/CodeIgniter.php(490): CodeIgniter\CodeIgniter->createController()
 3 SYSTEMPATH/CodeIgniter.php(368): CodeIgniter\CodeIgniter->handleRequest(null, Object(Config\Cache), false)
 4 FCPATH/index.php(67): CodeIgniter\CodeIgniter->run()
WARNING - 2024-11-13 14:37:35 --> [DEPRECATED] Creation of dynamic property App\Controllers\Rekammedisirna::$simrs is deprecated in APPPATH/Controllers/Api.php on line 9.
 1 SYSTEMPATH/CodeIgniter.php(906): App\Controllers\Api->__construct()
 2 SYSTEMPATH/CodeIgniter.php(490): CodeIgniter\CodeIgniter->createController()
 3 SYSTEMPATH/CodeIgniter.php(368): CodeIgniter\CodeIgniter->handleRequest(null, Object(Config\Cache), false)
 4 FCPATH/index.php(67): CodeIgniter\CodeIgniter->run()
CRITICAL - 2024-11-13 14:37:35 --> Undefined property: stdClass::$norm
in APPPATH/Controllers/Rekammedisirna.php on line 1035.
 1 APPPATH/Controllers/Rekammedisirna.php(1035): CodeIgniter\Debug\Exceptions->errorHandler()
 2 SYSTEMPATH/CodeIgniter.php(934): App\Controllers\Rekammedisirna->viewtandavital()
 3 SYSTEMPATH/CodeIgniter.php(499): CodeIgniter\CodeIgniter->runController()
 4 SYSTEMPATH/CodeIgniter.php(368): CodeIgniter\CodeIgniter->handleRequest()
 5 FCPATH/index.php(67): CodeIgniter\CodeIgniter->run()
ERROR - 2024-11-13 14:37:35 --> ErrorException: pg_query(): Query failed: ERROR:  column &quot;id_pegawai&quot; specified in USING clause does not exist in left table in /var/www/html/SIMRSHEBAT/system/Database/Postgre/Connection.php:147
Stack trace:
#0 [internal function]: CodeIgniter\Debug\Exceptions->errorHandler()
#1 /var/www/html/SIMRSHEBAT/system/Database/Postgre/Connection.php(147): pg_query()
#2 /var/www/html/SIMRSHEBAT/system/Database/BaseConnection.php(691): CodeIgniter\Database\Postgre\Connection->execute()
#3 /var/www/html/SIMRSHEBAT/system/Database/BaseConnection.php(605): CodeIgniter\Database\BaseConnection->simpleQuery()
#4 /var/www/html/SIMRSHEBAT/app/Controllers/Rekammedisirna.php(4175): CodeIgniter\Database\BaseConnection->query()
#5 /var/www/html/SIMRSHEBAT/system/CodeIgniter.php(934): App\Controllers\Rekammedisirna->searchDokter()
#6 /var/www/html/SIMRSHEBAT/system/CodeIgniter.php(499): CodeIgniter\CodeIgniter->runController()
#7 /var/www/html/SIMRSHEBAT/system/CodeIgniter.php(368): CodeIgniter\CodeIgniter->handleRequest()
#8 /var/www/html/SIMRSHEBAT/index.php(67): CodeIgniter\CodeIgniter->run()
#9 {main}
CRITICAL - 2024-11-13 14:37:35 --> Call to a member function getResult() on bool
in APPPATH/Controllers/Rekammedisirna.php on line 4175.
 1 SYSTEMPATH/CodeIgniter.php(934): App\Controllers\Rekammedisirna->searchDokter()
 2 SYSTEMPATH/CodeIgniter.php(499): CodeIgniter\CodeIgniter->runController()
 3 SYSTEMPATH/CodeIgniter.php(368): CodeIgniter\CodeIgniter->handleRequest()
 4 FCPATH/index.php(67): CodeIgniter\CodeIgniter->run()
ERROR - 2024-11-13 14:37:35 --> ErrorException: pg_query(): Query failed: ERROR:  column &quot;id_pegawai&quot; specified in USING clause does not exist in left table in /var/www/html/SIMRSHEBAT/system/Database/Postgre/Connection.php:147
Stack trace:
#0 [internal function]: CodeIgniter\Debug\Exceptions->errorHandler()
#1 /var/www/html/SIMRSHEBAT/system/Database/Postgre/Connection.php(147): pg_query()
#2 /var/www/html/SIMRSHEBAT/system/Database/BaseConnection.php(691): CodeIgniter\Database\Postgre\Connection->execute()
#3 /var/www/html/SIMRSHEBAT/system/Database/BaseConnection.php(605): CodeIgniter\Database\BaseConnection->simpleQuery()
#4 /var/www/html/SIMRSHEBAT/app/Controllers/Rekammedisirna.php(4200): CodeIgniter\Database\BaseConnection->query()
#5 /var/www/html/SIMRSHEBAT/system/CodeIgniter.php(934): App\Controllers\Rekammedisirna->searchPerawat()
#6 /var/www/html/SIMRSHEBAT/system/CodeIgniter.php(499): CodeIgniter\CodeIgniter->runController()
#7 /var/www/html/SIMRSHEBAT/system/CodeIgniter.php(368): CodeIgniter\CodeIgniter->handleRequest()
#8 /var/www/html/SIMRSHEBAT/index.php(67): CodeIgniter\CodeIgniter->run()
#9 {main}
CRITICAL - 2024-11-13 14:37:35 --> Call to a member function getResult() on bool
in APPPATH/Controllers/Rekammedisirna.php on line 4200.
 1 SYSTEMPATH/CodeIgniter.php(934): App\Controllers\Rekammedisirna->searchPerawat()
 2 SYSTEMPATH/CodeIgniter.php(499): CodeIgniter\CodeIgniter->runController()
 3 SYSTEMPATH/CodeIgniter.php(368): CodeIgniter\CodeIgniter->handleRequest()
 4 FCPATH/index.php(67): CodeIgniter\CodeIgniter->run()
WARNING - 2024-11-13 14:37:35 --> [DEPRECATED] Creation of dynamic property App\Controllers\Rekammedisirna::$db is deprecated in APPPATH/Controllers/Api.php on line 8.
 1 SYSTEMPATH/CodeIgniter.php(906): App\Controllers\Api->__construct()
 2 SYSTEMPATH/CodeIgniter.php(490): CodeIgniter\CodeIgniter->createController()
 3 SYSTEMPATH/CodeIgniter.php(368): CodeIgniter\CodeIgniter->handleRequest(null, Object(Config\Cache), false)
 4 FCPATH/index.php(67): CodeIgniter\CodeIgniter->run()
WARNING - 2024-11-13 14:37:35 --> [DEPRECATED] Creation of dynamic property App\Controllers\Rekammedisirna::$simrs is deprecated in APPPATH/Controllers/Api.php on line 9.
 1 SYSTEMPATH/CodeIgniter.php(906): App\Controllers\Api->__construct()
 2 SYSTEMPATH/CodeIgniter.php(490): CodeIgniter\CodeIgniter->createController()
 3 SYSTEMPATH/CodeIgniter.php(368): CodeIgniter\CodeIgniter->handleRequest(null, Object(Config\Cache), false)
 4 FCPATH/index.php(67): CodeIgniter\CodeIgniter->run()
WARNING - 2024-11-13 14:56:07 --> [DEPRECATED] Creation of dynamic property App\Controllers\Rekammedisirna::$db is deprecated in APPPATH/Controllers/Api.php on line 8.
 1 SYSTEMPATH/CodeIgniter.php(906): App\Controllers\Api->__construct()
 2 SYSTEMPATH/CodeIgniter.php(490): CodeIgniter\CodeIgniter->createController()
 3 SYSTEMPATH/CodeIgniter.php(368): CodeIgniter\CodeIgniter->handleRequest(null, Object(Config\Cache), false)
 4 FCPATH/index.php(67): CodeIgniter\CodeIgniter->run()
WARNING - 2024-11-13 14:56:07 --> [DEPRECATED] Creation of dynamic property App\Controllers\Rekammedisirna::$simrs is deprecated in APPPATH/Controllers/Api.php on line 9.
 1 SYSTEMPATH/CodeIgniter.php(906): App\Controllers\Api->__construct()
 2 SYSTEMPATH/CodeIgniter.php(490): CodeIgniter\CodeIgniter->createController()
 3 SYSTEMPATH/CodeIgniter.php(368): CodeIgniter\CodeIgniter->handleRequest(null, Object(Config\Cache), false)
 4 FCPATH/index.php(67): CodeIgniter\CodeIgniter->run()
WARNING - 2024-11-13 14:56:07 --> [DEPRECATED] Creation of dynamic property App\Controllers\Rekammedisirna::$db is deprecated in APPPATH/Controllers/Api.php on line 8.
 1 SYSTEMPATH/CodeIgniter.php(906): App\Controllers\Api->__construct()
 2 SYSTEMPATH/CodeIgniter.php(490): CodeIgniter\CodeIgniter->createController()
 3 SYSTEMPATH/CodeIgniter.php(368): CodeIgniter\CodeIgniter->handleRequest(null, Object(Config\Cache), false)
 4 FCPATH/index.php(67): CodeIgniter\CodeIgniter->run()
WARNING - 2024-11-13 14:56:07 --> [DEPRECATED] Creation of dynamic property App\Controllers\Rekammedisirna::$simrs is deprecated in APPPATH/Controllers/Api.php on line 9.
 1 SYSTEMPATH/CodeIgniter.php(906): App\Controllers\Api->__construct()
 2 SYSTEMPATH/CodeIgniter.php(490): CodeIgniter\CodeIgniter->createController()
 3 SYSTEMPATH/CodeIgniter.php(368): CodeIgniter\CodeIgniter->handleRequest(null, Object(Config\Cache), false)
 4 FCPATH/index.php(67): CodeIgniter\CodeIgniter->run()
WARNING - 2024-11-13 14:56:07 --> [DEPRECATED] Creation of dynamic property App\Controllers\Rekammedisirna::$db is deprecated in APPPATH/Controllers/Api.php on line 8.
 1 SYSTEMPATH/CodeIgniter.php(906): App\Controllers\Api->__construct()
 2 SYSTEMPATH/CodeIgniter.php(490): CodeIgniter\CodeIgniter->createController()
 3 SYSTEMPATH/CodeIgniter.php(368): CodeIgniter\CodeIgniter->handleRequest(null, Object(Config\Cache), false)
 4 FCPATH/index.php(67): CodeIgniter\CodeIgniter->run()
WARNING - 2024-11-13 14:56:07 --> [DEPRECATED] Creation of dynamic property App\Controllers\Rekammedisirna::$simrs is deprecated in APPPATH/Controllers/Api.php on line 9.
 1 SYSTEMPATH/CodeIgniter.php(906): App\Controllers\Api->__construct()
 2 SYSTEMPATH/CodeIgniter.php(490): CodeIgniter\CodeIgniter->createController()
 3 SYSTEMPATH/CodeIgniter.php(368): CodeIgniter\CodeIgniter->handleRequest(null, Object(Config\Cache), false)
 4 FCPATH/index.php(67): CodeIgniter\CodeIgniter->run()
INFO - 2024-11-13 14:56:12 --> Session: Class initialized using 'CodeIgniter\Session\Handlers\FileHandler' driver.
WARNING - 2024-11-13 14:59:03 --> [DEPRECATED] Creation of dynamic property App\Controllers\User::$db is deprecated in APPPATH/Controllers/Api.php on line 8.
 1 SYSTEMPATH/CodeIgniter.php(906): App\Controllers\Api->__construct()
 2 SYSTEMPATH/CodeIgniter.php(490): CodeIgniter\CodeIgniter->createController()
 3 SYSTEMPATH/CodeIgniter.php(368): CodeIgniter\CodeIgniter->handleRequest(null, Object(Config\Cache), false)
 4 FCPATH/index.php(67): CodeIgniter\CodeIgniter->run()
WARNING - 2024-11-13 14:59:03 --> [DEPRECATED] Creation of dynamic property App\Controllers\User::$simrs is deprecated in APPPATH/Controllers/Api.php on line 9.
 1 SYSTEMPATH/CodeIgniter.php(906): App\Controllers\Api->__construct()
 2 SYSTEMPATH/CodeIgniter.php(490): CodeIgniter\CodeIgniter->createController()
 3 SYSTEMPATH/CodeIgniter.php(368): CodeIgniter\CodeIgniter->handleRequest(null, Object(Config\Cache), false)
 4 FCPATH/index.php(67): CodeIgniter\CodeIgniter->run()
WARNING - 2024-11-13 14:59:03 --> [DEPRECATED] Creation of dynamic property App\Controllers\Laporan::$db is deprecated in APPPATH/Controllers/Api.php on line 8.
 1 SYSTEMPATH/CodeIgniter.php(906): App\Controllers\Api->__construct()
 2 SYSTEMPATH/CodeIgniter.php(490): CodeIgniter\CodeIgniter->createController()
 3 SYSTEMPATH/CodeIgniter.php(368): CodeIgniter\CodeIgniter->handleRequest(null, Object(Config\Cache), false)
 4 FCPATH/index.php(67): CodeIgniter\CodeIgniter->run()
WARNING - 2024-11-13 14:59:03 --> [DEPRECATED] Creation of dynamic property App\Controllers\Laporan::$simrs is deprecated in APPPATH/Controllers/Api.php on line 9.
 1 SYSTEMPATH/CodeIgniter.php(906): App\Controllers\Api->__construct()
 2 SYSTEMPATH/CodeIgniter.php(490): CodeIgniter\CodeIgniter->createController()
 3 SYSTEMPATH/CodeIgniter.php(368): CodeIgniter\CodeIgniter->handleRequest(null, Object(Config\Cache), false)
 4 FCPATH/index.php(67): CodeIgniter\CodeIgniter->run()
WARNING - 2024-11-13 14:59:04 --> [DEPRECATED] Creation of dynamic property App\Controllers\User::$db is deprecated in APPPATH/Controllers/Api.php on line 8.
 1 SYSTEMPATH/CodeIgniter.php(906): App\Controllers\Api->__construct()
 2 SYSTEMPATH/CodeIgniter.php(490): CodeIgniter\CodeIgniter->createController()
 3 SYSTEMPATH/CodeIgniter.php(368): CodeIgniter\CodeIgniter->handleRequest(null, Object(Config\Cache), false)
 4 FCPATH/index.php(67): CodeIgniter\CodeIgniter->run()
WARNING - 2024-11-13 14:59:04 --> [DEPRECATED] Creation of dynamic property App\Controllers\User::$simrs is deprecated in APPPATH/Controllers/Api.php on line 9.
 1 SYSTEMPATH/CodeIgniter.php(906): App\Controllers\Api->__construct()
 2 SYSTEMPATH/CodeIgniter.php(490): CodeIgniter\CodeIgniter->createController()
 3 SYSTEMPATH/CodeIgniter.php(368): CodeIgniter\CodeIgniter->handleRequest(null, Object(Config\Cache), false)
 4 FCPATH/index.php(67): CodeIgniter\CodeIgniter->run()
WARNING - 2024-11-13 14:59:04 --> [DEPRECATED] Creation of dynamic property App\Controllers\User::$db is deprecated in APPPATH/Controllers/Api.php on line 8.
 1 SYSTEMPATH/CodeIgniter.php(906): App\Controllers\Api->__construct()
 2 SYSTEMPATH/CodeIgniter.php(490): CodeIgniter\CodeIgniter->createController()
 3 SYSTEMPATH/CodeIgniter.php(368): CodeIgniter\CodeIgniter->handleRequest(null, Object(Config\Cache), false)
 4 FCPATH/index.php(67): CodeIgniter\CodeIgniter->run()
WARNING - 2024-11-13 14:59:04 --> [DEPRECATED] Creation of dynamic property App\Controllers\User::$simrs is deprecated in APPPATH/Controllers/Api.php on line 9.
 1 SYSTEMPATH/CodeIgniter.php(906): App\Controllers\Api->__construct()
 2 SYSTEMPATH/CodeIgniter.php(490): CodeIgniter\CodeIgniter->createController()
 3 SYSTEMPATH/CodeIgniter.php(368): CodeIgniter\CodeIgniter->handleRequest(null, Object(Config\Cache), false)
 4 FCPATH/index.php(67): CodeIgniter\CodeIgniter->run()
WARNING - 2024-11-13 14:59:22 --> [DEPRECATED] Creation of dynamic property App\Controllers\Rekammedisirna::$db is deprecated in APPPATH/Controllers/Api.php on line 8.
 1 SYSTEMPATH/CodeIgniter.php(906): App\Controllers\Api->__construct()
 2 SYSTEMPATH/CodeIgniter.php(490): CodeIgniter\CodeIgniter->createController()
 3 SYSTEMPATH/CodeIgniter.php(368): CodeIgniter\CodeIgniter->handleRequest(null, Object(Config\Cache), false)
 4 FCPATH/index.php(67): CodeIgniter\CodeIgniter->run()
WARNING - 2024-11-13 14:59:22 --> [DEPRECATED] Creation of dynamic property App\Controllers\Rekammedisirna::$simrs is deprecated in APPPATH/Controllers/Api.php on line 9.
 1 SYSTEMPATH/CodeIgniter.php(906): App\Controllers\Api->__construct()
 2 SYSTEMPATH/CodeIgniter.php(490): CodeIgniter\CodeIgniter->createController()
 3 SYSTEMPATH/CodeIgniter.php(368): CodeIgniter\CodeIgniter->handleRequest(null, Object(Config\Cache), false)
 4 FCPATH/index.php(67): CodeIgniter\CodeIgniter->run()
WARNING - 2024-11-13 14:59:22 --> [DEPRECATED] Creation of dynamic property App\Controllers\Rekammedisirna::$db is deprecated in APPPATH/Controllers/Api.php on line 8.
 1 SYSTEMPATH/CodeIgniter.php(906): App\Controllers\Api->__construct()
 2 SYSTEMPATH/CodeIgniter.php(490): CodeIgniter\CodeIgniter->createController()
 3 SYSTEMPATH/CodeIgniter.php(368): CodeIgniter\CodeIgniter->handleRequest(null, Object(Config\Cache), false)
 4 FCPATH/index.php(67): CodeIgniter\CodeIgniter->run()
WARNING - 2024-11-13 14:59:22 --> [DEPRECATED] Creation of dynamic property App\Controllers\Rekammedisirna::$simrs is deprecated in APPPATH/Controllers/Api.php on line 9.
 1 SYSTEMPATH/CodeIgniter.php(906): App\Controllers\Api->__construct()
 2 SYSTEMPATH/CodeIgniter.php(490): CodeIgniter\CodeIgniter->createController()
 3 SYSTEMPATH/CodeIgniter.php(368): CodeIgniter\CodeIgniter->handleRequest(null, Object(Config\Cache), false)
 4 FCPATH/index.php(67): CodeIgniter\CodeIgniter->run()
WARNING - 2024-11-13 14:59:22 --> [DEPRECATED] Creation of dynamic property App\Controllers\Rekammedisirna::$db is deprecated in APPPATH/Controllers/Api.php on line 8.
 1 SYSTEMPATH/CodeIgniter.php(906): App\Controllers\Api->__construct()
 2 SYSTEMPATH/CodeIgniter.php(490): CodeIgniter\CodeIgniter->createController()
 3 SYSTEMPATH/CodeIgniter.php(368): CodeIgniter\CodeIgniter->handleRequest(null, Object(Config\Cache), false)
 4 FCPATH/index.php(67): CodeIgniter\CodeIgniter->run()
WARNING - 2024-11-13 14:59:22 --> [DEPRECATED] Creation of dynamic property App\Controllers\Rekammedisirna::$simrs is deprecated in APPPATH/Controllers/Api.php on line 9.
 1 SYSTEMPATH/CodeIgniter.php(906): App\Controllers\Api->__construct()
 2 SYSTEMPATH/CodeIgniter.php(490): CodeIgniter\CodeIgniter->createController()
 3 SYSTEMPATH/CodeIgniter.php(368): CodeIgniter\CodeIgniter->handleRequest(null, Object(Config\Cache), false)
 4 FCPATH/index.php(67): CodeIgniter\CodeIgniter->run()
WARNING - 2024-11-13 14:59:53 --> [DEPRECATED] Creation of dynamic property App\Controllers\Rekammedisirja::$db is deprecated in APPPATH/Controllers/Api.php on line 8.
 1 SYSTEMPATH/CodeIgniter.php(906): App\Controllers\Api->__construct()
 2 SYSTEMPATH/CodeIgniter.php(490): CodeIgniter\CodeIgniter->createController()
 3 SYSTEMPATH/CodeIgniter.php(368): CodeIgniter\CodeIgniter->handleRequest(null, Object(Config\Cache), false)
 4 FCPATH/index.php(67): CodeIgniter\CodeIgniter->run()
WARNING - 2024-11-13 14:59:53 --> [DEPRECATED] Creation of dynamic property App\Controllers\Rekammedisirja::$simrs is deprecated in APPPATH/Controllers/Api.php on line 9.
 1 SYSTEMPATH/CodeIgniter.php(906): App\Controllers\Api->__construct()
 2 SYSTEMPATH/CodeIgniter.php(490): CodeIgniter\CodeIgniter->createController()
 3 SYSTEMPATH/CodeIgniter.php(368): CodeIgniter\CodeIgniter->handleRequest(null, Object(Config\Cache), false)
 4 FCPATH/index.php(67): CodeIgniter\CodeIgniter->run()
WARNING - 2024-11-13 14:59:53 --> [DEPRECATED] Creation of dynamic property App\Controllers\Rekammedisirja::$db is deprecated in APPPATH/Controllers/Api.php on line 8.
 1 SYSTEMPATH/CodeIgniter.php(906): App\Controllers\Api->__construct()
 2 SYSTEMPATH/CodeIgniter.php(490): CodeIgniter\CodeIgniter->createController()
 3 SYSTEMPATH/CodeIgniter.php(368): CodeIgniter\CodeIgniter->handleRequest(null, Object(Config\Cache), false)
 4 FCPATH/index.php(67): CodeIgniter\CodeIgniter->run()
WARNING - 2024-11-13 14:59:53 --> [DEPRECATED] Creation of dynamic property App\Controllers\Rekammedisirja::$simrs is deprecated in APPPATH/Controllers/Api.php on line 9.
 1 SYSTEMPATH/CodeIgniter.php(906): App\Controllers\Api->__construct()
 2 SYSTEMPATH/CodeIgniter.php(490): CodeIgniter\CodeIgniter->createController()
 3 SYSTEMPATH/CodeIgniter.php(368): CodeIgniter\CodeIgniter->handleRequest(null, Object(Config\Cache), false)
 4 FCPATH/index.php(67): CodeIgniter\CodeIgniter->run()
WARNING - 2024-11-13 14:59:53 --> [DEPRECATED] Creation of dynamic property App\Controllers\Rawatjalan::$db is deprecated in APPPATH/Controllers/Api.php on line 8.
 1 SYSTEMPATH/CodeIgniter.php(906): App\Controllers\Api->__construct()
 2 SYSTEMPATH/CodeIgniter.php(490): CodeIgniter\CodeIgniter->createController()
 3 SYSTEMPATH/CodeIgniter.php(368): CodeIgniter\CodeIgniter->handleRequest(null, Object(Config\Cache), false)
 4 FCPATH/index.php(67): CodeIgniter\CodeIgniter->run()
WARNING - 2024-11-13 14:59:53 --> [DEPRECATED] Creation of dynamic property App\Controllers\Rawatjalan::$simrs is deprecated in APPPATH/Controllers/Api.php on line 9.
 1 SYSTEMPATH/CodeIgniter.php(906): App\Controllers\Api->__construct()
 2 SYSTEMPATH/CodeIgniter.php(490): CodeIgniter\CodeIgniter->createController()
 3 SYSTEMPATH/CodeIgniter.php(368): CodeIgniter\CodeIgniter->handleRequest(null, Object(Config\Cache), false)
 4 FCPATH/index.php(67): CodeIgniter\CodeIgniter->run()
ERROR - 2024-11-13 14:59:53 --> ErrorException: pg_query(): Query failed: ERROR:  column &quot;id_kunjungan&quot; does not exist
LINE 2: ...mr_tindakan inner join icd_9 USING(kd_icd9) where id_kunjung...
                                                             ^ in /var/www/html/SIMRSHEBAT/system/Database/Postgre/Connection.php:147
Stack trace:
#0 [internal function]: CodeIgniter\Debug\Exceptions->errorHandler()
#1 /var/www/html/SIMRSHEBAT/system/Database/Postgre/Connection.php(147): pg_query()
#2 /var/www/html/SIMRSHEBAT/system/Database/BaseConnection.php(691): CodeIgniter\Database\Postgre\Connection->execute()
#3 /var/www/html/SIMRSHEBAT/app/Controllers/Rekammedisirja.php(411): CodeIgniter\Database\BaseConnection->simpleQuery()
#4 /var/www/html/SIMRSHEBAT/system/CodeIgniter.php(934): App\Controllers\Rekammedisirja->datamricd9irja()
#5 /var/www/html/SIMRSHEBAT/system/CodeIgniter.php(499): CodeIgniter\CodeIgniter->runController()
#6 /var/www/html/SIMRSHEBAT/system/CodeIgniter.php(368): CodeIgniter\CodeIgniter->handleRequest()
#7 /var/www/html/SIMRSHEBAT/index.php(67): CodeIgniter\CodeIgniter->run()
#8 {main}
ERROR - 2024-11-13 14:59:53 --> ErrorException: pg_query(): Query failed: ERROR:  column &quot;jenis_pegawai&quot; does not exist
LINE 1: SELECT * FROM pegawai where jenis_pegawai='1'
                                    ^ in /var/www/html/SIMRSHEBAT/system/Database/Postgre/Connection.php:147
Stack trace:
#0 [internal function]: CodeIgniter\Debug\Exceptions->errorHandler()
#1 /var/www/html/SIMRSHEBAT/system/Database/Postgre/Connection.php(147): pg_query()
#2 /var/www/html/SIMRSHEBAT/system/Database/BaseConnection.php(691): CodeIgniter\Database\Postgre\Connection->execute()
#3 /var/www/html/SIMRSHEBAT/system/Database/BaseConnection.php(605): CodeIgniter\Database\BaseConnection->simpleQuery()
#4 /var/www/html/SIMRSHEBAT/app/Controllers/Rawatjalan.php(32): CodeIgniter\Database\BaseConnection->query()
#5 /var/www/html/SIMRSHEBAT/system/CodeIgniter.php(934): App\Controllers\Rawatjalan->pegawai()
#6 /var/www/html/SIMRSHEBAT/system/CodeIgniter.php(499): CodeIgniter\CodeIgniter->runController()
#7 /var/www/html/SIMRSHEBAT/system/CodeIgniter.php(368): CodeIgniter\CodeIgniter->handleRequest()
#8 /var/www/html/SIMRSHEBAT/index.php(67): CodeIgniter\CodeIgniter->run()
#9 {main}
ERROR - 2024-11-13 14:59:53 --> ErrorException: pg_query(): Query failed: ERROR:  column &quot;id_penyakit&quot; specified in USING clause does not exist in left table in /var/www/html/SIMRSHEBAT/system/Database/Postgre/Connection.php:147
Stack trace:
#0 [internal function]: CodeIgniter\Debug\Exceptions->errorHandler()
#1 /var/www/html/SIMRSHEBAT/system/Database/Postgre/Connection.php(147): pg_query()
#2 /var/www/html/SIMRSHEBAT/system/Database/BaseConnection.php(691): CodeIgniter\Database\Postgre\Connection->execute()
#3 /var/www/html/SIMRSHEBAT/app/Controllers/Rekammedisirja.php(453): CodeIgniter\Database\BaseConnection->simpleQuery()
#4 /var/www/html/SIMRSHEBAT/system/CodeIgniter.php(934): App\Controllers\Rekammedisirja->datamrpenyakitirja()
#5 /var/www/html/SIMRSHEBAT/system/CodeIgniter.php(499): CodeIgniter\CodeIgniter->runController()
#6 /var/www/html/SIMRSHEBAT/system/CodeIgniter.php(368): CodeIgniter\CodeIgniter->handleRequest()
#7 /var/www/html/SIMRSHEBAT/index.php(67): CodeIgniter\CodeIgniter->run()
#8 {main}
CRITICAL - 2024-11-13 14:59:53 --> Call to a member function getResult() on bool
in APPPATH/Controllers/Rawatjalan.php on line 35.
 1 SYSTEMPATH/CodeIgniter.php(934): App\Controllers\Rawatjalan->pegawai()
 2 SYSTEMPATH/CodeIgniter.php(499): CodeIgniter\CodeIgniter->runController()
 3 SYSTEMPATH/CodeIgniter.php(368): CodeIgniter\CodeIgniter->handleRequest()
 4 FCPATH/index.php(67): CodeIgniter\CodeIgniter->run()
WARNING - 2024-11-13 14:59:53 --> [DEPRECATED] Creation of dynamic property App\Controllers\Lab::$db is deprecated in APPPATH/Controllers/Api.php on line 8.
 1 SYSTEMPATH/CodeIgniter.php(906): App\Controllers\Api->__construct()
 2 SYSTEMPATH/CodeIgniter.php(490): CodeIgniter\CodeIgniter->createController()
 3 SYSTEMPATH/CodeIgniter.php(368): CodeIgniter\CodeIgniter->handleRequest(null, Object(Config\Cache), false)
 4 FCPATH/index.php(67): CodeIgniter\CodeIgniter->run()
WARNING - 2024-11-13 14:59:53 --> [DEPRECATED] Creation of dynamic property App\Controllers\Lab::$simrs is deprecated in APPPATH/Controllers/Api.php on line 9.
 1 SYSTEMPATH/CodeIgniter.php(906): App\Controllers\Api->__construct()
 2 SYSTEMPATH/CodeIgniter.php(490): CodeIgniter\CodeIgniter->createController()
 3 SYSTEMPATH/CodeIgniter.php(368): CodeIgniter\CodeIgniter->handleRequest(null, Object(Config\Cache), false)
 4 FCPATH/index.php(67): CodeIgniter\CodeIgniter->run()
WARNING - 2024-11-13 14:59:53 --> [DEPRECATED] Creation of dynamic property App\Controllers\Lab::$db is deprecated in APPPATH/Controllers/Api.php on line 8.
 1 SYSTEMPATH/CodeIgniter.php(906): App\Controllers\Api->__construct()
 2 SYSTEMPATH/CodeIgniter.php(490): CodeIgniter\CodeIgniter->createController()
 3 SYSTEMPATH/CodeIgniter.php(368): CodeIgniter\CodeIgniter->handleRequest(null, Object(Config\Cache), false)
 4 FCPATH/index.php(67): CodeIgniter\CodeIgniter->run()
WARNING - 2024-11-13 14:59:53 --> [DEPRECATED] Creation of dynamic property App\Controllers\Lab::$simrs is deprecated in APPPATH/Controllers/Api.php on line 9.
 1 SYSTEMPATH/CodeIgniter.php(906): App\Controllers\Api->__construct()
 2 SYSTEMPATH/CodeIgniter.php(490): CodeIgniter\CodeIgniter->createController()
 3 SYSTEMPATH/CodeIgniter.php(368): CodeIgniter\CodeIgniter->handleRequest(null, Object(Config\Cache), false)
 4 FCPATH/index.php(67): CodeIgniter\CodeIgniter->run()
WARNING - 2024-11-13 14:59:53 --> [DEPRECATED] Creation of dynamic property App\Controllers\Lab::$db is deprecated in APPPATH/Controllers/Api.php on line 8.
 1 SYSTEMPATH/CodeIgniter.php(906): App\Controllers\Api->__construct()
 2 SYSTEMPATH/CodeIgniter.php(490): CodeIgniter\CodeIgniter->createController()
 3 SYSTEMPATH/CodeIgniter.php(368): CodeIgniter\CodeIgniter->handleRequest(null, Object(Config\Cache), false)
 4 FCPATH/index.php(67): CodeIgniter\CodeIgniter->run()
WARNING - 2024-11-13 14:59:53 --> [DEPRECATED] Creation of dynamic property App\Controllers\Lab::$simrs is deprecated in APPPATH/Controllers/Api.php on line 9.
 1 SYSTEMPATH/CodeIgniter.php(906): App\Controllers\Api->__construct()
 2 SYSTEMPATH/CodeIgniter.php(490): CodeIgniter\CodeIgniter->createController()
 3 SYSTEMPATH/CodeIgniter.php(368): CodeIgniter\CodeIgniter->handleRequest(null, Object(Config\Cache), false)
 4 FCPATH/index.php(67): CodeIgniter\CodeIgniter->run()
ERROR - 2024-11-13 14:59:53 --> ErrorException: pg_query(): Query failed: ERROR:  function left(integer, integer) does not exist
LINE 1: SELECT * from produk WHERE left(kd_produk,2)='XR' 
                                   ^
HINT:  No function matches the given name and argument types. You might need to add explicit type casts. in /var/www/html/SIMRSHEBAT/system/Database/Postgre/Connection.php:147
Stack trace:
#0 [internal function]: CodeIgniter\Debug\Exceptions->errorHandler()
#1 /var/www/html/SIMRSHEBAT/system/Database/Postgre/Connection.php(147): pg_query()
#2 /var/www/html/SIMRSHEBAT/system/Database/BaseConnection.php(691): CodeIgniter\Database\Postgre\Connection->execute()
#3 /var/www/html/SIMRSHEBAT/system/Database/BaseConnection.php(605): CodeIgniter\Database\BaseConnection->simpleQuery()
#4 /var/www/html/SIMRSHEBAT/app/Controllers/Lab.php(465): CodeIgniter\Database\BaseConnection->query()
#5 /var/www/html/SIMRSHEBAT/system/CodeIgniter.php(934): App\Controllers\Lab->produkRad()
#6 /var/www/html/SIMRSHEBAT/system/CodeIgniter.php(499): CodeIgniter\CodeIgniter->runController()
#7 /var/www/html/SIMRSHEBAT/system/CodeIgniter.php(368): CodeIgniter\CodeIgniter->handleRequest()
#8 /var/www/html/SIMRSHEBAT/index.php(67): CodeIgniter\CodeIgniter->run()
#9 {main}
CRITICAL - 2024-11-13 14:59:53 --> Call to a member function getResult() on bool
in APPPATH/Controllers/Lab.php on line 465.
 1 SYSTEMPATH/CodeIgniter.php(934): App\Controllers\Lab->produkRad()
 2 SYSTEMPATH/CodeIgniter.php(499): CodeIgniter\CodeIgniter->runController()
 3 SYSTEMPATH/CodeIgniter.php(368): CodeIgniter\CodeIgniter->handleRequest()
 4 FCPATH/index.php(67): CodeIgniter\CodeIgniter->run()
ERROR - 2024-11-13 14:59:53 --> ErrorException: pg_query(): Query failed: ERROR:  function left(integer, integer) does not exist
LINE 1: SELECT * from produk WHERE left(kd_produk,2)='CT' 
                                   ^
HINT:  No function matches the given name and argument types. You might need to add explicit type casts. in /var/www/html/SIMRSHEBAT/system/Database/Postgre/Connection.php:147
Stack trace:
#0 [internal function]: CodeIgniter\Debug\Exceptions->errorHandler()
#1 /var/www/html/SIMRSHEBAT/system/Database/Postgre/Connection.php(147): pg_query()
#2 /var/www/html/SIMRSHEBAT/system/Database/BaseConnection.php(691): CodeIgniter\Database\Postgre\Connection->execute()
#3 /var/www/html/SIMRSHEBAT/system/Database/BaseConnection.php(605): CodeIgniter\Database\BaseConnection->simpleQuery()
#4 /var/www/html/SIMRSHEBAT/app/Controllers/Lab.php(465): CodeIgniter\Database\BaseConnection->query()
#5 /var/www/html/SIMRSHEBAT/system/CodeIgniter.php(934): App\Controllers\Lab->produkRad()
#6 /var/www/html/SIMRSHEBAT/system/CodeIgniter.php(499): CodeIgniter\CodeIgniter->runController()
#7 /var/www/html/SIMRSHEBAT/system/CodeIgniter.php(368): CodeIgniter\CodeIgniter->handleRequest()
#8 /var/www/html/SIMRSHEBAT/index.php(67): CodeIgniter\CodeIgniter->run()
#9 {main}
CRITICAL - 2024-11-13 14:59:53 --> Call to a member function getResult() on bool
in APPPATH/Controllers/Lab.php on line 465.
 1 SYSTEMPATH/CodeIgniter.php(934): App\Controllers\Lab->produkRad()
 2 SYSTEMPATH/CodeIgniter.php(499): CodeIgniter\CodeIgniter->runController()
 3 SYSTEMPATH/CodeIgniter.php(368): CodeIgniter\CodeIgniter->handleRequest()
 4 FCPATH/index.php(67): CodeIgniter\CodeIgniter->run()
ERROR - 2024-11-13 14:59:53 --> ErrorException: pg_query(): Query failed: ERROR:  column &quot;id_jenis_produk&quot; does not exist
LINE 1: SELECT * from produk WHERE id_jenis_produk='3' 
                                   ^ in /var/www/html/SIMRSHEBAT/system/Database/Postgre/Connection.php:147
Stack trace:
#0 [internal function]: CodeIgniter\Debug\Exceptions->errorHandler()
#1 /var/www/html/SIMRSHEBAT/system/Database/Postgre/Connection.php(147): pg_query()
#2 /var/www/html/SIMRSHEBAT/system/Database/BaseConnection.php(691): CodeIgniter\Database\Postgre\Connection->execute()
#3 /var/www/html/SIMRSHEBAT/system/Database/BaseConnection.php(605): CodeIgniter\Database\BaseConnection->simpleQuery()
#4 /var/www/html/SIMRSHEBAT/app/Controllers/Lab.php(447): CodeIgniter\Database\BaseConnection->query()
#5 /var/www/html/SIMRSHEBAT/system/CodeIgniter.php(934): App\Controllers\Lab->produk()
#6 /var/www/html/SIMRSHEBAT/system/CodeIgniter.php(499): CodeIgniter\CodeIgniter->runController()
#7 /var/www/html/SIMRSHEBAT/system/CodeIgniter.php(368): CodeIgniter\CodeIgniter->handleRequest()
#8 /var/www/html/SIMRSHEBAT/index.php(67): CodeIgniter\CodeIgniter->run()
#9 {main}
CRITICAL - 2024-11-13 14:59:53 --> Call to a member function getResult() on bool
in APPPATH/Controllers/Lab.php on line 447.
 1 SYSTEMPATH/CodeIgniter.php(934): App\Controllers\Lab->produk()
 2 SYSTEMPATH/CodeIgniter.php(499): CodeIgniter\CodeIgniter->runController()
 3 SYSTEMPATH/CodeIgniter.php(368): CodeIgniter\CodeIgniter->handleRequest()
 4 FCPATH/index.php(67): CodeIgniter\CodeIgniter->run()
WARNING - 2024-11-13 14:59:53 --> [DEPRECATED] Creation of dynamic property App\Controllers\Lab::$db is deprecated in APPPATH/Controllers/Api.php on line 8.
 1 SYSTEMPATH/CodeIgniter.php(906): App\Controllers\Api->__construct()
 2 SYSTEMPATH/CodeIgniter.php(490): CodeIgniter\CodeIgniter->createController()
 3 SYSTEMPATH/CodeIgniter.php(368): CodeIgniter\CodeIgniter->handleRequest(null, Object(Config\Cache), false)
 4 FCPATH/index.php(67): CodeIgniter\CodeIgniter->run()
WARNING - 2024-11-13 14:59:53 --> [DEPRECATED] Creation of dynamic property App\Controllers\Lab::$simrs is deprecated in APPPATH/Controllers/Api.php on line 9.
 1 SYSTEMPATH/CodeIgniter.php(906): App\Controllers\Api->__construct()
 2 SYSTEMPATH/CodeIgniter.php(490): CodeIgniter\CodeIgniter->createController()
 3 SYSTEMPATH/CodeIgniter.php(368): CodeIgniter\CodeIgniter->handleRequest(null, Object(Config\Cache), false)
 4 FCPATH/index.php(67): CodeIgniter\CodeIgniter->run()
WARNING - 2024-11-13 14:59:53 --> [DEPRECATED] Creation of dynamic property App\Controllers\Rekammedisirna::$db is deprecated in APPPATH/Controllers/Api.php on line 8.
 1 SYSTEMPATH/CodeIgniter.php(906): App\Controllers\Api->__construct()
 2 SYSTEMPATH/CodeIgniter.php(490): CodeIgniter\CodeIgniter->createController()
 3 SYSTEMPATH/CodeIgniter.php(368): CodeIgniter\CodeIgniter->handleRequest(null, Object(Config\Cache), false)
 4 FCPATH/index.php(67): CodeIgniter\CodeIgniter->run()
WARNING - 2024-11-13 14:59:53 --> [DEPRECATED] Creation of dynamic property App\Controllers\Rekammedisirna::$simrs is deprecated in APPPATH/Controllers/Api.php on line 9.
 1 SYSTEMPATH/CodeIgniter.php(906): App\Controllers\Api->__construct()
 2 SYSTEMPATH/CodeIgniter.php(490): CodeIgniter\CodeIgniter->createController()
 3 SYSTEMPATH/CodeIgniter.php(368): CodeIgniter\CodeIgniter->handleRequest(null, Object(Config\Cache), false)
 4 FCPATH/index.php(67): CodeIgniter\CodeIgniter->run()
ERROR - 2024-11-13 14:59:53 --> ErrorException: pg_query(): Query failed: ERROR:  function left(integer, integer) does not exist
LINE 1: SELECT * from produk WHERE left(kd_produk,2)='UR' 
                                   ^
HINT:  No function matches the given name and argument types. You might need to add explicit type casts. in /var/www/html/SIMRSHEBAT/system/Database/Postgre/Connection.php:147
Stack trace:
#0 [internal function]: CodeIgniter\Debug\Exceptions->errorHandler()
#1 /var/www/html/SIMRSHEBAT/system/Database/Postgre/Connection.php(147): pg_query()
#2 /var/www/html/SIMRSHEBAT/system/Database/BaseConnection.php(691): CodeIgniter\Database\Postgre\Connection->execute()
#3 /var/www/html/SIMRSHEBAT/system/Database/BaseConnection.php(605): CodeIgniter\Database\BaseConnection->simpleQuery()
#4 /var/www/html/SIMRSHEBAT/app/Controllers/Lab.php(465): CodeIgniter\Database\BaseConnection->query()
#5 /var/www/html/SIMRSHEBAT/system/CodeIgniter.php(934): App\Controllers\Lab->produkRad()
#6 /var/www/html/SIMRSHEBAT/system/CodeIgniter.php(499): CodeIgniter\CodeIgniter->runController()
#7 /var/www/html/SIMRSHEBAT/system/CodeIgniter.php(368): CodeIgniter\CodeIgniter->handleRequest()
#8 /var/www/html/SIMRSHEBAT/index.php(67): CodeIgniter\CodeIgniter->run()
#9 {main}
CRITICAL - 2024-11-13 14:59:53 --> Call to a member function getResult() on bool
in APPPATH/Controllers/Lab.php on line 465.
 1 SYSTEMPATH/CodeIgniter.php(934): App\Controllers\Lab->produkRad()
 2 SYSTEMPATH/CodeIgniter.php(499): CodeIgniter\CodeIgniter->runController()
 3 SYSTEMPATH/CodeIgniter.php(368): CodeIgniter\CodeIgniter->handleRequest()
 4 FCPATH/index.php(67): CodeIgniter\CodeIgniter->run()
ERROR - 2024-11-13 14:59:53 --> ErrorException: pg_query(): Query failed: ERROR:  relation &quot;order_lab&quot; does not exist
LINE 2:         order_lab o inner join
                ^ in /var/www/html/SIMRSHEBAT/system/Database/Postgre/Connection.php:147
Stack trace:
#0 [internal function]: CodeIgniter\Debug\Exceptions->errorHandler()
#1 /var/www/html/SIMRSHEBAT/system/Database/Postgre/Connection.php(147): pg_query()
#2 /var/www/html/SIMRSHEBAT/system/Database/BaseConnection.php(691): CodeIgniter\Database\Postgre\Connection->execute()
#3 /var/www/html/SIMRSHEBAT/app/Controllers/Rekammedisirna.php(878): CodeIgniter\Database\BaseConnection->simpleQuery()
#4 /var/www/html/SIMRSHEBAT/system/CodeIgniter.php(934): App\Controllers\Rekammedisirna->datapenunjangpasienirna()
#5 /var/www/html/SIMRSHEBAT/system/CodeIgniter.php(499): CodeIgniter\CodeIgniter->runController()
#6 /var/www/html/SIMRSHEBAT/system/CodeIgniter.php(368): CodeIgniter\CodeIgniter->handleRequest()
#7 /var/www/html/SIMRSHEBAT/index.php(67): CodeIgniter\CodeIgniter->run()
#8 {main}
WARNING - 2024-11-13 14:59:53 --> [DEPRECATED] Creation of dynamic property App\Controllers\Kunjungan::$db is deprecated in APPPATH/Controllers/Api.php on line 8.
 1 SYSTEMPATH/CodeIgniter.php(906): App\Controllers\Api->__construct()
 2 SYSTEMPATH/CodeIgniter.php(490): CodeIgniter\CodeIgniter->createController()
 3 SYSTEMPATH/CodeIgniter.php(368): CodeIgniter\CodeIgniter->handleRequest(null, Object(Config\Cache), false)
 4 FCPATH/index.php(67): CodeIgniter\CodeIgniter->run()
WARNING - 2024-11-13 14:59:53 --> [DEPRECATED] Creation of dynamic property App\Controllers\Kunjungan::$simrs is deprecated in APPPATH/Controllers/Api.php on line 9.
 1 SYSTEMPATH/CodeIgniter.php(906): App\Controllers\Api->__construct()
 2 SYSTEMPATH/CodeIgniter.php(490): CodeIgniter\CodeIgniter->createController()
 3 SYSTEMPATH/CodeIgniter.php(368): CodeIgniter\CodeIgniter->handleRequest(null, Object(Config\Cache), false)
 4 FCPATH/index.php(67): CodeIgniter\CodeIgniter->run()
WARNING - 2024-11-13 14:59:53 --> [DEPRECATED] Creation of dynamic property App\Controllers\Kunjungan::$db is deprecated in APPPATH/Controllers/Api.php on line 8.
 1 SYSTEMPATH/CodeIgniter.php(906): App\Controllers\Api->__construct()
 2 SYSTEMPATH/CodeIgniter.php(490): CodeIgniter\CodeIgniter->createController()
 3 SYSTEMPATH/CodeIgniter.php(368): CodeIgniter\CodeIgniter->handleRequest(null, Object(Config\Cache), false)
 4 FCPATH/index.php(67): CodeIgniter\CodeIgniter->run()
WARNING - 2024-11-13 14:59:53 --> [DEPRECATED] Creation of dynamic property App\Controllers\Kunjungan::$simrs is deprecated in APPPATH/Controllers/Api.php on line 9.
 1 SYSTEMPATH/CodeIgniter.php(906): App\Controllers\Api->__construct()
 2 SYSTEMPATH/CodeIgniter.php(490): CodeIgniter\CodeIgniter->createController()
 3 SYSTEMPATH/CodeIgniter.php(368): CodeIgniter\CodeIgniter->handleRequest(null, Object(Config\Cache), false)
 4 FCPATH/index.php(67): CodeIgniter\CodeIgniter->run()
WARNING - 2024-11-13 14:59:53 --> [DEPRECATED] Creation of dynamic property App\Controllers\Datasosial::$db is deprecated in APPPATH/Controllers/Api.php on line 8.
 1 SYSTEMPATH/CodeIgniter.php(906): App\Controllers\Api->__construct()
 2 SYSTEMPATH/CodeIgniter.php(490): CodeIgniter\CodeIgniter->createController()
 3 SYSTEMPATH/CodeIgniter.php(368): CodeIgniter\CodeIgniter->handleRequest(null, Object(Config\Cache), false)
 4 FCPATH/index.php(67): CodeIgniter\CodeIgniter->run()
WARNING - 2024-11-13 14:59:53 --> [DEPRECATED] Creation of dynamic property App\Controllers\Datasosial::$simrs is deprecated in APPPATH/Controllers/Api.php on line 9.
 1 SYSTEMPATH/CodeIgniter.php(906): App\Controllers\Api->__construct()
 2 SYSTEMPATH/CodeIgniter.php(490): CodeIgniter\CodeIgniter->createController()
 3 SYSTEMPATH/CodeIgniter.php(368): CodeIgniter\CodeIgniter->handleRequest(null, Object(Config\Cache), false)
 4 FCPATH/index.php(67): CodeIgniter\CodeIgniter->run()
ERROR - 2024-11-13 14:59:53 --> ErrorException: pg_query(): Query failed: ERROR:  column &quot;id_penyakit&quot; specified in USING clause does not exist in left table in /var/www/html/SIMRSHEBAT/system/Database/Postgre/Connection.php:147
Stack trace:
#0 [internal function]: CodeIgniter\Debug\Exceptions->errorHandler()
#1 /var/www/html/SIMRSHEBAT/system/Database/Postgre/Connection.php(147): pg_query()
#2 /var/www/html/SIMRSHEBAT/system/Database/BaseConnection.php(691): CodeIgniter\Database\Postgre\Connection->execute()
#3 /var/www/html/SIMRSHEBAT/app/Controllers/Kunjungan.php(585): CodeIgniter\Database\BaseConnection->simpleQuery()
#4 /var/www/html/SIMRSHEBAT/system/CodeIgniter.php(934): App\Controllers\Kunjungan->historipenyakit()
#5 /var/www/html/SIMRSHEBAT/system/CodeIgniter.php(499): CodeIgniter\CodeIgniter->runController()
#6 /var/www/html/SIMRSHEBAT/system/CodeIgniter.php(368): CodeIgniter\CodeIgniter->handleRequest()
#7 /var/www/html/SIMRSHEBAT/index.php(67): CodeIgniter\CodeIgniter->run()
#8 {main}
ERROR - 2024-11-13 14:59:53 --> ErrorException: pg_query(): Query failed: ERROR:  relation &quot;alergi&quot; does not exist
LINE 1: SELECT * from alergi where no_rm='6-90-71-03' 
                      ^ in /var/www/html/SIMRSHEBAT/system/Database/Postgre/Connection.php:147
Stack trace:
#0 [internal function]: CodeIgniter\Debug\Exceptions->errorHandler()
#1 /var/www/html/SIMRSHEBAT/system/Database/Postgre/Connection.php(147): pg_query()
#2 /var/www/html/SIMRSHEBAT/system/Database/BaseConnection.php(691): CodeIgniter\Database\Postgre\Connection->execute()
#3 /var/www/html/SIMRSHEBAT/app/Controllers/Kunjungan.php(632): CodeIgniter\Database\BaseConnection->simpleQuery()
#4 /var/www/html/SIMRSHEBAT/system/CodeIgniter.php(934): App\Controllers\Kunjungan->historialergi()
#5 /var/www/html/SIMRSHEBAT/system/CodeIgniter.php(499): CodeIgniter\CodeIgniter->runController()
#6 /var/www/html/SIMRSHEBAT/system/CodeIgniter.php(368): CodeIgniter\CodeIgniter->handleRequest()
#7 /var/www/html/SIMRSHEBAT/index.php(67): CodeIgniter\CodeIgniter->run()
#8 {main}
WARNING - 2024-11-13 14:59:53 --> [DEPRECATED] Creation of dynamic property App\Controllers\Kunjungan::$db is deprecated in APPPATH/Controllers/Api.php on line 8.
 1 SYSTEMPATH/CodeIgniter.php(906): App\Controllers\Api->__construct()
 2 SYSTEMPATH/CodeIgniter.php(490): CodeIgniter\CodeIgniter->createController()
 3 SYSTEMPATH/CodeIgniter.php(368): CodeIgniter\CodeIgniter->handleRequest(null, Object(Config\Cache), false)
 4 FCPATH/index.php(67): CodeIgniter\CodeIgniter->run()
WARNING - 2024-11-13 14:59:53 --> [DEPRECATED] Creation of dynamic property App\Controllers\Kunjungan::$simrs is deprecated in APPPATH/Controllers/Api.php on line 9.
 1 SYSTEMPATH/CodeIgniter.php(906): App\Controllers\Api->__construct()
 2 SYSTEMPATH/CodeIgniter.php(490): CodeIgniter\CodeIgniter->createController()
 3 SYSTEMPATH/CodeIgniter.php(368): CodeIgniter\CodeIgniter->handleRequest(null, Object(Config\Cache), false)
 4 FCPATH/index.php(67): CodeIgniter\CodeIgniter->run()
WARNING - 2024-11-13 14:59:53 --> [DEPRECATED] Creation of dynamic property App\Controllers\Datasosial::$db is deprecated in APPPATH/Controllers/Api.php on line 8.
 1 SYSTEMPATH/CodeIgniter.php(906): App\Controllers\Api->__construct()
 2 SYSTEMPATH/CodeIgniter.php(490): CodeIgniter\CodeIgniter->createController()
 3 SYSTEMPATH/CodeIgniter.php(368): CodeIgniter\CodeIgniter->handleRequest(null, Object(Config\Cache), false)
 4 FCPATH/index.php(67): CodeIgniter\CodeIgniter->run()
WARNING - 2024-11-13 14:59:53 --> [DEPRECATED] Creation of dynamic property App\Controllers\Datasosial::$simrs is deprecated in APPPATH/Controllers/Api.php on line 9.
 1 SYSTEMPATH/CodeIgniter.php(906): App\Controllers\Api->__construct()
 2 SYSTEMPATH/CodeIgniter.php(490): CodeIgniter\CodeIgniter->createController()
 3 SYSTEMPATH/CodeIgniter.php(368): CodeIgniter\CodeIgniter->handleRequest(null, Object(Config\Cache), false)
 4 FCPATH/index.php(67): CodeIgniter\CodeIgniter->run()
ERROR - 2024-11-13 14:59:53 --> ErrorException: pg_query(): Query failed: ERROR:  column &quot;id_penyakit&quot; specified in USING clause does not exist in left table in /var/www/html/SIMRSHEBAT/system/Database/Postgre/Connection.php:147
Stack trace:
#0 [internal function]: CodeIgniter\Debug\Exceptions->errorHandler()
#1 /var/www/html/SIMRSHEBAT/system/Database/Postgre/Connection.php(147): pg_query()
#2 /var/www/html/SIMRSHEBAT/system/Database/BaseConnection.php(691): CodeIgniter\Database\Postgre\Connection->execute()
#3 /var/www/html/SIMRSHEBAT/app/Controllers/Kunjungan.php(617): CodeIgniter\Database\BaseConnection->simpleQuery()
#4 /var/www/html/SIMRSHEBAT/system/CodeIgniter.php(934): App\Controllers\Kunjungan->historipenyakitkeluarga()
#5 /var/www/html/SIMRSHEBAT/system/CodeIgniter.php(499): CodeIgniter\CodeIgniter->runController()
#6 /var/www/html/SIMRSHEBAT/system/CodeIgniter.php(368): CodeIgniter\CodeIgniter->handleRequest()
#7 /var/www/html/SIMRSHEBAT/index.php(67): CodeIgniter\CodeIgniter->run()
#8 {main}
WARNING - 2024-11-13 14:59:58 --> [DEPRECATED] Creation of dynamic property App\Controllers\Rekammedisirna::$db is deprecated in APPPATH/Controllers/Api.php on line 8.
 1 SYSTEMPATH/CodeIgniter.php(906): App\Controllers\Api->__construct()
 2 SYSTEMPATH/CodeIgniter.php(490): CodeIgniter\CodeIgniter->createController()
 3 SYSTEMPATH/CodeIgniter.php(368): CodeIgniter\CodeIgniter->handleRequest(null, Object(Config\Cache), false)
 4 FCPATH/index.php(67): CodeIgniter\CodeIgniter->run()
WARNING - 2024-11-13 14:59:58 --> [DEPRECATED] Creation of dynamic property App\Controllers\Rekammedisirna::$db is deprecated in APPPATH/Controllers/Api.php on line 8.
 1 SYSTEMPATH/CodeIgniter.php(906): App\Controllers\Api->__construct()
 2 SYSTEMPATH/CodeIgniter.php(490): CodeIgniter\CodeIgniter->createController()
 3 SYSTEMPATH/CodeIgniter.php(368): CodeIgniter\CodeIgniter->handleRequest(null, Object(Config\Cache), false)
 4 FCPATH/index.php(67): CodeIgniter\CodeIgniter->run()
WARNING - 2024-11-13 14:59:58 --> [DEPRECATED] Creation of dynamic property App\Controllers\Rekammedisirna::$db is deprecated in APPPATH/Controllers/Api.php on line 8.
 1 SYSTEMPATH/CodeIgniter.php(906): App\Controllers\Api->__construct()
 2 SYSTEMPATH/CodeIgniter.php(490): CodeIgniter\CodeIgniter->createController()
 3 SYSTEMPATH/CodeIgniter.php(368): CodeIgniter\CodeIgniter->handleRequest(null, Object(Config\Cache), false)
 4 FCPATH/index.php(67): CodeIgniter\CodeIgniter->run()
WARNING - 2024-11-13 14:59:58 --> [DEPRECATED] Creation of dynamic property App\Controllers\Rekammedisirna::$simrs is deprecated in APPPATH/Controllers/Api.php on line 9.
 1 SYSTEMPATH/CodeIgniter.php(906): App\Controllers\Api->__construct()
 2 SYSTEMPATH/CodeIgniter.php(490): CodeIgniter\CodeIgniter->createController()
 3 SYSTEMPATH/CodeIgniter.php(368): CodeIgniter\CodeIgniter->handleRequest(null, Object(Config\Cache), false)
 4 FCPATH/index.php(67): CodeIgniter\CodeIgniter->run()
WARNING - 2024-11-13 14:59:58 --> [DEPRECATED] Creation of dynamic property App\Controllers\Rekammedisirna::$simrs is deprecated in APPPATH/Controllers/Api.php on line 9.
 1 SYSTEMPATH/CodeIgniter.php(906): App\Controllers\Api->__construct()
 2 SYSTEMPATH/CodeIgniter.php(490): CodeIgniter\CodeIgniter->createController()
 3 SYSTEMPATH/CodeIgniter.php(368): CodeIgniter\CodeIgniter->handleRequest(null, Object(Config\Cache), false)
 4 FCPATH/index.php(67): CodeIgniter\CodeIgniter->run()
WARNING - 2024-11-13 14:59:58 --> [DEPRECATED] Creation of dynamic property App\Controllers\Rekammedisirna::$simrs is deprecated in APPPATH/Controllers/Api.php on line 9.
 1 SYSTEMPATH/CodeIgniter.php(906): App\Controllers\Api->__construct()
 2 SYSTEMPATH/CodeIgniter.php(490): CodeIgniter\CodeIgniter->createController()
 3 SYSTEMPATH/CodeIgniter.php(368): CodeIgniter\CodeIgniter->handleRequest(null, Object(Config\Cache), false)
 4 FCPATH/index.php(67): CodeIgniter\CodeIgniter->run()
ERROR - 2024-11-13 14:59:58 --> ErrorException: pg_query(): Query failed: ERROR:  relation &quot;soap_pasien&quot; does not exist
LINE 1:   SELECT * FROM soap_pasien s 
                        ^ in /var/www/html/SIMRSHEBAT/system/Database/Postgre/Connection.php:147
Stack trace:
#0 [internal function]: CodeIgniter\Debug\Exceptions->errorHandler()
#1 /var/www/html/SIMRSHEBAT/system/Database/Postgre/Connection.php(147): pg_query()
#2 /var/www/html/SIMRSHEBAT/system/Database/BaseConnection.php(691): CodeIgniter\Database\Postgre\Connection->execute()
#3 /var/www/html/SIMRSHEBAT/app/Controllers/Rekammedisirna.php(1008): CodeIgniter\Database\BaseConnection->simpleQuery()
#4 /var/www/html/SIMRSHEBAT/system/CodeIgniter.php(934): App\Controllers\Rekammedisirna->cekcppt()
#5 /var/www/html/SIMRSHEBAT/system/CodeIgniter.php(499): CodeIgniter\CodeIgniter->runController()
#6 /var/www/html/SIMRSHEBAT/system/CodeIgniter.php(368): CodeIgniter\CodeIgniter->handleRequest()
#7 /var/www/html/SIMRSHEBAT/index.php(67): CodeIgniter\CodeIgniter->run()
#8 {main}
WARNING - 2024-11-13 14:59:58 --> [DEPRECATED] Creation of dynamic property App\Controllers\Rekammedisirna::$db is deprecated in APPPATH/Controllers/Api.php on line 8.
 1 SYSTEMPATH/CodeIgniter.php(906): App\Controllers\Api->__construct()
 2 SYSTEMPATH/CodeIgniter.php(490): CodeIgniter\CodeIgniter->createController()
 3 SYSTEMPATH/CodeIgniter.php(368): CodeIgniter\CodeIgniter->handleRequest(null, Object(Config\Cache), false)
 4 FCPATH/index.php(67): CodeIgniter\CodeIgniter->run()
WARNING - 2024-11-13 14:59:58 --> [DEPRECATED] Creation of dynamic property App\Controllers\Rekammedisirna::$simrs is deprecated in APPPATH/Controllers/Api.php on line 9.
 1 SYSTEMPATH/CodeIgniter.php(906): App\Controllers\Api->__construct()
 2 SYSTEMPATH/CodeIgniter.php(490): CodeIgniter\CodeIgniter->createController()
 3 SYSTEMPATH/CodeIgniter.php(368): CodeIgniter\CodeIgniter->handleRequest(null, Object(Config\Cache), false)
 4 FCPATH/index.php(67): CodeIgniter\CodeIgniter->run()
WARNING - 2024-11-13 14:59:58 --> [DEPRECATED] Creation of dynamic property App\Controllers\Rekammedisirna::$db is deprecated in APPPATH/Controllers/Api.php on line 8.
 1 SYSTEMPATH/CodeIgniter.php(906): App\Controllers\Api->__construct()
 2 SYSTEMPATH/CodeIgniter.php(490): CodeIgniter\CodeIgniter->createController()
 3 SYSTEMPATH/CodeIgniter.php(368): CodeIgniter\CodeIgniter->handleRequest(null, Object(Config\Cache), false)
 4 FCPATH/index.php(67): CodeIgniter\CodeIgniter->run()
WARNING - 2024-11-13 14:59:58 --> [DEPRECATED] Creation of dynamic property App\Controllers\Rekammedisirna::$simrs is deprecated in APPPATH/Controllers/Api.php on line 9.
 1 SYSTEMPATH/CodeIgniter.php(906): App\Controllers\Api->__construct()
 2 SYSTEMPATH/CodeIgniter.php(490): CodeIgniter\CodeIgniter->createController()
 3 SYSTEMPATH/CodeIgniter.php(368): CodeIgniter\CodeIgniter->handleRequest(null, Object(Config\Cache), false)
 4 FCPATH/index.php(67): CodeIgniter\CodeIgniter->run()
WARNING - 2024-11-13 14:59:58 --> [DEPRECATED] Creation of dynamic property App\Controllers\Rekammedisirna::$db is deprecated in APPPATH/Controllers/Api.php on line 8.
 1 SYSTEMPATH/CodeIgniter.php(906): App\Controllers\Api->__construct()
 2 SYSTEMPATH/CodeIgniter.php(490): CodeIgniter\CodeIgniter->createController()
 3 SYSTEMPATH/CodeIgniter.php(368): CodeIgniter\CodeIgniter->handleRequest(null, Object(Config\Cache), false)
 4 FCPATH/index.php(67): CodeIgniter\CodeIgniter->run()
WARNING - 2024-11-13 14:59:58 --> [DEPRECATED] Creation of dynamic property App\Controllers\Rekammedisirna::$simrs is deprecated in APPPATH/Controllers/Api.php on line 9.
 1 SYSTEMPATH/CodeIgniter.php(906): App\Controllers\Api->__construct()
 2 SYSTEMPATH/CodeIgniter.php(490): CodeIgniter\CodeIgniter->createController()
 3 SYSTEMPATH/CodeIgniter.php(368): CodeIgniter\CodeIgniter->handleRequest(null, Object(Config\Cache), false)
 4 FCPATH/index.php(67): CodeIgniter\CodeIgniter->run()
ERROR - 2024-11-13 14:59:58 --> ErrorException: pg_query(): Query failed: ERROR:  relation &quot;konsultasi_dpjp&quot; does not exist
LINE 2:         konsultasi_dpjp 
                ^ in /var/www/html/SIMRSHEBAT/system/Database/Postgre/Connection.php:147
Stack trace:
#0 [internal function]: CodeIgniter\Debug\Exceptions->errorHandler()
#1 /var/www/html/SIMRSHEBAT/system/Database/Postgre/Connection.php(147): pg_query()
#2 /var/www/html/SIMRSHEBAT/system/Database/BaseConnection.php(691): CodeIgniter\Database\Postgre\Connection->execute()
#3 /var/www/html/SIMRSHEBAT/system/Database/BaseConnection.php(605): CodeIgniter\Database\BaseConnection->simpleQuery()
#4 /var/www/html/SIMRSHEBAT/app/Controllers/Rekammedisirna.php(577): CodeIgniter\Database\BaseConnection->query()
#5 /var/www/html/SIMRSHEBAT/system/CodeIgniter.php(934): App\Controllers\Rekammedisirna->dokumenPasien()
#6 /var/www/html/SIMRSHEBAT/system/CodeIgniter.php(499): CodeIgniter\CodeIgniter->runController()
#7 /var/www/html/SIMRSHEBAT/system/CodeIgniter.php(368): CodeIgniter\CodeIgniter->handleRequest()
#8 /var/www/html/SIMRSHEBAT/index.php(67): CodeIgniter\CodeIgniter->run()
#9 {main}
CRITICAL - 2024-11-13 14:59:58 --> Call to a member function getResult() on bool
in APPPATH/Controllers/Rekammedisirna.php on line 583.
 1 SYSTEMPATH/CodeIgniter.php(934): App\Controllers\Rekammedisirna->dokumenPasien()
 2 SYSTEMPATH/CodeIgniter.php(499): CodeIgniter\CodeIgniter->runController()
 3 SYSTEMPATH/CodeIgniter.php(368): CodeIgniter\CodeIgniter->handleRequest()
 4 FCPATH/index.php(67): CodeIgniter\CodeIgniter->run()
WARNING - 2024-11-13 15:00:14 --> [DEPRECATED] Creation of dynamic property App\Controllers\Rekammedisirna::$db is deprecated in APPPATH/Controllers/Api.php on line 8.
 1 SYSTEMPATH/CodeIgniter.php(906): App\Controllers\Api->__construct()
 2 SYSTEMPATH/CodeIgniter.php(490): CodeIgniter\CodeIgniter->createController()
 3 SYSTEMPATH/CodeIgniter.php(368): CodeIgniter\CodeIgniter->handleRequest(null, Object(Config\Cache), false)
 4 FCPATH/index.php(67): CodeIgniter\CodeIgniter->run()
WARNING - 2024-11-13 15:00:14 --> [DEPRECATED] Creation of dynamic property App\Controllers\Rekammedisirna::$simrs is deprecated in APPPATH/Controllers/Api.php on line 9.
 1 SYSTEMPATH/CodeIgniter.php(906): App\Controllers\Api->__construct()
 2 SYSTEMPATH/CodeIgniter.php(490): CodeIgniter\CodeIgniter->createController()
 3 SYSTEMPATH/CodeIgniter.php(368): CodeIgniter\CodeIgniter->handleRequest(null, Object(Config\Cache), false)
 4 FCPATH/index.php(67): CodeIgniter\CodeIgniter->run()
CRITICAL - 2024-11-13 15:00:14 --> Undefined property: stdClass::$norm
in APPPATH/Controllers/Rekammedisirna.php on line 1035.
 1 APPPATH/Controllers/Rekammedisirna.php(1035): CodeIgniter\Debug\Exceptions->errorHandler()
 2 SYSTEMPATH/CodeIgniter.php(934): App\Controllers\Rekammedisirna->viewtandavital()
 3 SYSTEMPATH/CodeIgniter.php(499): CodeIgniter\CodeIgniter->runController()
 4 SYSTEMPATH/CodeIgniter.php(368): CodeIgniter\CodeIgniter->handleRequest()
 5 FCPATH/index.php(67): CodeIgniter\CodeIgniter->run()
WARNING - 2024-11-13 15:00:33 --> [DEPRECATED] Creation of dynamic property App\Controllers\Rekammedisirna::$db is deprecated in APPPATH/Controllers/Api.php on line 8.
 1 SYSTEMPATH/CodeIgniter.php(906): App\Controllers\Api->__construct()
 2 SYSTEMPATH/CodeIgniter.php(490): CodeIgniter\CodeIgniter->createController()
 3 SYSTEMPATH/CodeIgniter.php(368): CodeIgniter\CodeIgniter->handleRequest(null, Object(Config\Cache), false)
 4 FCPATH/index.php(67): CodeIgniter\CodeIgniter->run()
WARNING - 2024-11-13 15:00:33 --> [DEPRECATED] Creation of dynamic property App\Controllers\Rekammedisirna::$simrs is deprecated in APPPATH/Controllers/Api.php on line 9.
 1 SYSTEMPATH/CodeIgniter.php(906): App\Controllers\Api->__construct()
 2 SYSTEMPATH/CodeIgniter.php(490): CodeIgniter\CodeIgniter->createController()
 3 SYSTEMPATH/CodeIgniter.php(368): CodeIgniter\CodeIgniter->handleRequest(null, Object(Config\Cache), false)
 4 FCPATH/index.php(67): CodeIgniter\CodeIgniter->run()
CRITICAL - 2024-11-13 15:00:33 --> Undefined property: stdClass::$norm
in APPPATH/Controllers/Rekammedisirna.php on line 1035.
 1 APPPATH/Controllers/Rekammedisirna.php(1035): CodeIgniter\Debug\Exceptions->errorHandler()
 2 SYSTEMPATH/CodeIgniter.php(934): App\Controllers\Rekammedisirna->viewtandavital()
 3 SYSTEMPATH/CodeIgniter.php(499): CodeIgniter\CodeIgniter->runController()
 4 SYSTEMPATH/CodeIgniter.php(368): CodeIgniter\CodeIgniter->handleRequest()
 5 FCPATH/index.php(67): CodeIgniter\CodeIgniter->run()
WARNING - 2024-11-13 15:00:36 --> [DEPRECATED] Creation of dynamic property App\Controllers\Rekammedisirna::$db is deprecated in APPPATH/Controllers/Api.php on line 8.
 1 SYSTEMPATH/CodeIgniter.php(906): App\Controllers\Api->__construct()
 2 SYSTEMPATH/CodeIgniter.php(490): CodeIgniter\CodeIgniter->createController()
 3 SYSTEMPATH/CodeIgniter.php(368): CodeIgniter\CodeIgniter->handleRequest(null, Object(Config\Cache), false)
 4 FCPATH/index.php(67): CodeIgniter\CodeIgniter->run()
WARNING - 2024-11-13 15:00:36 --> [DEPRECATED] Creation of dynamic property App\Controllers\Rekammedisirna::$simrs is deprecated in APPPATH/Controllers/Api.php on line 9.
 1 SYSTEMPATH/CodeIgniter.php(906): App\Controllers\Api->__construct()
 2 SYSTEMPATH/CodeIgniter.php(490): CodeIgniter\CodeIgniter->createController()
 3 SYSTEMPATH/CodeIgniter.php(368): CodeIgniter\CodeIgniter->handleRequest(null, Object(Config\Cache), false)
 4 FCPATH/index.php(67): CodeIgniter\CodeIgniter->run()
ERROR - 2024-11-13 15:00:36 --> ErrorException: pg_query(): Query failed: ERROR:  relation &quot;soap_pasien&quot; does not exist
LINE 1:   SELECT * FROM soap_pasien s 
                        ^ in /var/www/html/SIMRSHEBAT/system/Database/Postgre/Connection.php:147
Stack trace:
#0 [internal function]: CodeIgniter\Debug\Exceptions->errorHandler()
#1 /var/www/html/SIMRSHEBAT/system/Database/Postgre/Connection.php(147): pg_query()
#2 /var/www/html/SIMRSHEBAT/system/Database/BaseConnection.php(691): CodeIgniter\Database\Postgre\Connection->execute()
#3 /var/www/html/SIMRSHEBAT/app/Controllers/Rekammedisirna.php(976): CodeIgniter\Database\BaseConnection->simpleQuery()
#4 /var/www/html/SIMRSHEBAT/system/CodeIgniter.php(934): App\Controllers\Rekammedisirna->datakunjunganhistorirmsoapiirna()
#5 /var/www/html/SIMRSHEBAT/system/CodeIgniter.php(499): CodeIgniter\CodeIgniter->runController()
#6 /var/www/html/SIMRSHEBAT/system/CodeIgniter.php(368): CodeIgniter\CodeIgniter->handleRequest()
#7 /var/www/html/SIMRSHEBAT/index.php(67): CodeIgniter\CodeIgniter->run()
#8 {main}
WARNING - 2024-11-13 15:00:49 --> [DEPRECATED] Creation of dynamic property App\Controllers\Rekammedisirna::$db is deprecated in APPPATH/Controllers/Api.php on line 8.
 1 SYSTEMPATH/CodeIgniter.php(906): App\Controllers\Api->__construct()
 2 SYSTEMPATH/CodeIgniter.php(490): CodeIgniter\CodeIgniter->createController()
 3 SYSTEMPATH/CodeIgniter.php(368): CodeIgniter\CodeIgniter->handleRequest(null, Object(Config\Cache), false)
 4 FCPATH/index.php(67): CodeIgniter\CodeIgniter->run()
WARNING - 2024-11-13 15:00:49 --> [DEPRECATED] Creation of dynamic property App\Controllers\Rekammedisirna::$simrs is deprecated in APPPATH/Controllers/Api.php on line 9.
 1 SYSTEMPATH/CodeIgniter.php(906): App\Controllers\Api->__construct()
 2 SYSTEMPATH/CodeIgniter.php(490): CodeIgniter\CodeIgniter->createController()
 3 SYSTEMPATH/CodeIgniter.php(368): CodeIgniter\CodeIgniter->handleRequest(null, Object(Config\Cache), false)
 4 FCPATH/index.php(67): CodeIgniter\CodeIgniter->run()
ERROR - 2024-11-13 15:00:49 --> ErrorException: pg_query(): Query failed: ERROR:  relation &quot;ews&quot; does not exist
LINE 1: SELECT * FROM ews s inner join pegawai p on p.id_pegawai=s.i...
                      ^ in /var/www/html/SIMRSHEBAT/system/Database/Postgre/Connection.php:147
Stack trace:
#0 [internal function]: CodeIgniter\Debug\Exceptions->errorHandler()
#1 /var/www/html/SIMRSHEBAT/system/Database/Postgre/Connection.php(147): pg_query()
#2 /var/www/html/SIMRSHEBAT/system/Database/BaseConnection.php(691): CodeIgniter\Database\Postgre\Connection->execute()
#3 /var/www/html/SIMRSHEBAT/app/Controllers/Rekammedisirna.php(1122): CodeIgniter\Database\BaseConnection->simpleQuery()
#4 /var/www/html/SIMRSHEBAT/system/CodeIgniter.php(934): App\Controllers\Rekammedisirna->dataewsirna()
#5 /var/www/html/SIMRSHEBAT/system/CodeIgniter.php(499): CodeIgniter\CodeIgniter->runController()
#6 /var/www/html/SIMRSHEBAT/system/CodeIgniter.php(368): CodeIgniter\CodeIgniter->handleRequest()
#7 /var/www/html/SIMRSHEBAT/index.php(67): CodeIgniter\CodeIgniter->run()
#8 {main}
WARNING - 2024-11-13 15:01:05 --> [DEPRECATED] Creation of dynamic property App\Controllers\Kunjungan::$db is deprecated in APPPATH/Controllers/Api.php on line 8.
 1 SYSTEMPATH/CodeIgniter.php(906): App\Controllers\Api->__construct()
 2 SYSTEMPATH/CodeIgniter.php(490): CodeIgniter\CodeIgniter->createController()
 3 SYSTEMPATH/CodeIgniter.php(368): CodeIgniter\CodeIgniter->handleRequest(null, Object(Config\Cache), false)
 4 FCPATH/index.php(67): CodeIgniter\CodeIgniter->run()
WARNING - 2024-11-13 15:01:05 --> [DEPRECATED] Creation of dynamic property App\Controllers\Kunjungan::$db is deprecated in APPPATH/Controllers/Api.php on line 8.
 1 SYSTEMPATH/CodeIgniter.php(906): App\Controllers\Api->__construct()
 2 SYSTEMPATH/CodeIgniter.php(490): CodeIgniter\CodeIgniter->createController()
 3 SYSTEMPATH/CodeIgniter.php(368): CodeIgniter\CodeIgniter->handleRequest(null, Object(Config\Cache), false)
 4 FCPATH/index.php(67): CodeIgniter\CodeIgniter->run()
WARNING - 2024-11-13 15:01:05 --> [DEPRECATED] Creation of dynamic property App\Controllers\Kunjungan::$db is deprecated in APPPATH/Controllers/Api.php on line 8.
 1 SYSTEMPATH/CodeIgniter.php(906): App\Controllers\Api->__construct()
 2 SYSTEMPATH/CodeIgniter.php(490): CodeIgniter\CodeIgniter->createController()
 3 SYSTEMPATH/CodeIgniter.php(368): CodeIgniter\CodeIgniter->handleRequest(null, Object(Config\Cache), false)
 4 FCPATH/index.php(67): CodeIgniter\CodeIgniter->run()
WARNING - 2024-11-13 15:01:05 --> [DEPRECATED] Creation of dynamic property App\Controllers\Kunjungan::$simrs is deprecated in APPPATH/Controllers/Api.php on line 9.
 1 SYSTEMPATH/CodeIgniter.php(906): App\Controllers\Api->__construct()
 2 SYSTEMPATH/CodeIgniter.php(490): CodeIgniter\CodeIgniter->createController()
 3 SYSTEMPATH/CodeIgniter.php(368): CodeIgniter\CodeIgniter->handleRequest(null, Object(Config\Cache), false)
 4 FCPATH/index.php(67): CodeIgniter\CodeIgniter->run()
WARNING - 2024-11-13 15:01:05 --> [DEPRECATED] Creation of dynamic property App\Controllers\Kunjungan::$simrs is deprecated in APPPATH/Controllers/Api.php on line 9.
 1 SYSTEMPATH/CodeIgniter.php(906): App\Controllers\Api->__construct()
 2 SYSTEMPATH/CodeIgniter.php(490): CodeIgniter\CodeIgniter->createController()
 3 SYSTEMPATH/CodeIgniter.php(368): CodeIgniter\CodeIgniter->handleRequest(null, Object(Config\Cache), false)
 4 FCPATH/index.php(67): CodeIgniter\CodeIgniter->run()
WARNING - 2024-11-13 15:01:05 --> [DEPRECATED] Creation of dynamic property App\Controllers\Kunjungan::$simrs is deprecated in APPPATH/Controllers/Api.php on line 9.
 1 SYSTEMPATH/CodeIgniter.php(906): App\Controllers\Api->__construct()
 2 SYSTEMPATH/CodeIgniter.php(490): CodeIgniter\CodeIgniter->createController()
 3 SYSTEMPATH/CodeIgniter.php(368): CodeIgniter\CodeIgniter->handleRequest(null, Object(Config\Cache), false)
 4 FCPATH/index.php(67): CodeIgniter\CodeIgniter->run()
ERROR - 2024-11-13 15:01:05 --> ErrorException: pg_query(): Query failed: ERROR:  relation &quot;keadaan_keluar&quot; does not exist
LINE 1: SELECT * FROM keadaan_keluar
                      ^ in /var/www/html/SIMRSHEBAT/system/Database/Postgre/Connection.php:147
Stack trace:
#0 [internal function]: CodeIgniter\Debug\Exceptions->errorHandler()
#1 /var/www/html/SIMRSHEBAT/system/Database/Postgre/Connection.php(147): pg_query()
#2 /var/www/html/SIMRSHEBAT/system/Database/BaseConnection.php(691): CodeIgniter\Database\Postgre\Connection->execute()
#3 /var/www/html/SIMRSHEBAT/system/Database/BaseConnection.php(605): CodeIgniter\Database\BaseConnection->simpleQuery()
#4 /var/www/html/SIMRSHEBAT/app/Controllers/Kunjungan.php(1798): CodeIgniter\Database\BaseConnection->query()
#5 /var/www/html/SIMRSHEBAT/system/CodeIgniter.php(934): App\Controllers\Kunjungan->keadaanumum()
#6 /var/www/html/SIMRSHEBAT/system/CodeIgniter.php(499): CodeIgniter\CodeIgniter->runController()
#7 /var/www/html/SIMRSHEBAT/system/CodeIgniter.php(368): CodeIgniter\CodeIgniter->handleRequest()
#8 /var/www/html/SIMRSHEBAT/index.php(67): CodeIgniter\CodeIgniter->run()
#9 {main}
ERROR - 2024-11-13 15:01:05 --> ErrorException: pg_query(): Query failed: ERROR:  relation &quot;cara_masuk&quot; does not exist
LINE 1: SELECT * FROM cara_masuk
                      ^ in /var/www/html/SIMRSHEBAT/system/Database/Postgre/Connection.php:147
Stack trace:
#0 [internal function]: CodeIgniter\Debug\Exceptions->errorHandler()
#1 /var/www/html/SIMRSHEBAT/system/Database/Postgre/Connection.php(147): pg_query()
#2 /var/www/html/SIMRSHEBAT/system/Database/BaseConnection.php(691): CodeIgniter\Database\Postgre\Connection->execute()
#3 /var/www/html/SIMRSHEBAT/system/Database/BaseConnection.php(605): CodeIgniter\Database\BaseConnection->simpleQuery()
#4 /var/www/html/SIMRSHEBAT/app/Controllers/Kunjungan.php(1782): CodeIgniter\Database\BaseConnection->query()
#5 /var/www/html/SIMRSHEBAT/system/CodeIgniter.php(934): App\Controllers\Kunjungan->caramasuk()
#6 /var/www/html/SIMRSHEBAT/system/CodeIgniter.php(499): CodeIgniter\CodeIgniter->runController()
#7 /var/www/html/SIMRSHEBAT/system/CodeIgniter.php(368): CodeIgniter\CodeIgniter->handleRequest()
#8 /var/www/html/SIMRSHEBAT/index.php(67): CodeIgniter\CodeIgniter->run()
#9 {main}
CRITICAL - 2024-11-13 15:01:05 --> Call to a member function getResult() on bool
in APPPATH/Controllers/Kunjungan.php on line 1800.
 1 SYSTEMPATH/CodeIgniter.php(934): App\Controllers\Kunjungan->keadaanumum()
 2 SYSTEMPATH/CodeIgniter.php(499): CodeIgniter\CodeIgniter->runController()
 3 SYSTEMPATH/CodeIgniter.php(368): CodeIgniter\CodeIgniter->handleRequest()
 4 FCPATH/index.php(67): CodeIgniter\CodeIgniter->run()
CRITICAL - 2024-11-13 15:01:05 --> Call to a member function getResult() on bool
in APPPATH/Controllers/Kunjungan.php on line 1784.
 1 SYSTEMPATH/CodeIgniter.php(934): App\Controllers\Kunjungan->caramasuk()
 2 SYSTEMPATH/CodeIgniter.php(499): CodeIgniter\CodeIgniter->runController()
 3 SYSTEMPATH/CodeIgniter.php(368): CodeIgniter\CodeIgniter->handleRequest()
 4 FCPATH/index.php(67): CodeIgniter\CodeIgniter->run()
WARNING - 2024-11-13 15:01:05 --> [DEPRECATED] Creation of dynamic property App\Controllers\Rekammedisirna::$db is deprecated in APPPATH/Controllers/Api.php on line 8.
 1 SYSTEMPATH/CodeIgniter.php(906): App\Controllers\Api->__construct()
 2 SYSTEMPATH/CodeIgniter.php(490): CodeIgniter\CodeIgniter->createController()
 3 SYSTEMPATH/CodeIgniter.php(368): CodeIgniter\CodeIgniter->handleRequest(null, Object(Config\Cache), false)
 4 FCPATH/index.php(67): CodeIgniter\CodeIgniter->run()
WARNING - 2024-11-13 15:01:05 --> [DEPRECATED] Creation of dynamic property App\Controllers\Rekammedisirna::$simrs is deprecated in APPPATH/Controllers/Api.php on line 9.
 1 SYSTEMPATH/CodeIgniter.php(906): App\Controllers\Api->__construct()
 2 SYSTEMPATH/CodeIgniter.php(490): CodeIgniter\CodeIgniter->createController()
 3 SYSTEMPATH/CodeIgniter.php(368): CodeIgniter\CodeIgniter->handleRequest(null, Object(Config\Cache), false)
 4 FCPATH/index.php(67): CodeIgniter\CodeIgniter->run()
WARNING - 2024-11-13 15:01:05 --> [DEPRECATED] Creation of dynamic property App\Controllers\Rekammedisirja::$db is deprecated in APPPATH/Controllers/Api.php on line 8.
 1 SYSTEMPATH/CodeIgniter.php(906): App\Controllers\Api->__construct()
 2 SYSTEMPATH/CodeIgniter.php(490): CodeIgniter\CodeIgniter->createController()
 3 SYSTEMPATH/CodeIgniter.php(368): CodeIgniter\CodeIgniter->handleRequest(null, Object(Config\Cache), false)
 4 FCPATH/index.php(67): CodeIgniter\CodeIgniter->run()
WARNING - 2024-11-13 15:01:05 --> [DEPRECATED] Creation of dynamic property App\Controllers\Rekammedisirja::$simrs is deprecated in APPPATH/Controllers/Api.php on line 9.
 1 SYSTEMPATH/CodeIgniter.php(906): App\Controllers\Api->__construct()
 2 SYSTEMPATH/CodeIgniter.php(490): CodeIgniter\CodeIgniter->createController()
 3 SYSTEMPATH/CodeIgniter.php(368): CodeIgniter\CodeIgniter->handleRequest(null, Object(Config\Cache), false)
 4 FCPATH/index.php(67): CodeIgniter\CodeIgniter->run()
WARNING - 2024-11-13 15:01:05 --> [DEPRECATED] Creation of dynamic property App\Controllers\Rekammedisirja::$db is deprecated in APPPATH/Controllers/Api.php on line 8.
 1 SYSTEMPATH/CodeIgniter.php(906): App\Controllers\Api->__construct()
 2 SYSTEMPATH/CodeIgniter.php(490): CodeIgniter\CodeIgniter->createController()
 3 SYSTEMPATH/CodeIgniter.php(368): CodeIgniter\CodeIgniter->handleRequest(null, Object(Config\Cache), false)
 4 FCPATH/index.php(67): CodeIgniter\CodeIgniter->run()
WARNING - 2024-11-13 15:01:05 --> [DEPRECATED] Creation of dynamic property App\Controllers\Rekammedisirja::$simrs is deprecated in APPPATH/Controllers/Api.php on line 9.
 1 SYSTEMPATH/CodeIgniter.php(906): App\Controllers\Api->__construct()
 2 SYSTEMPATH/CodeIgniter.php(490): CodeIgniter\CodeIgniter->createController()
 3 SYSTEMPATH/CodeIgniter.php(368): CodeIgniter\CodeIgniter->handleRequest(null, Object(Config\Cache), false)
 4 FCPATH/index.php(67): CodeIgniter\CodeIgniter->run()
ERROR - 2024-11-13 15:01:06 --> ErrorException: pg_query(): Query failed: ERROR:  relation &quot;soap_pasien&quot; does not exist
LINE 1: SELECT * FROM soap_pasien s inner join pegawai p on p.id_peg...
                      ^ in /var/www/html/SIMRSHEBAT/system/Database/Postgre/Connection.php:147
Stack trace:
#0 [internal function]: CodeIgniter\Debug\Exceptions->errorHandler()
#1 /var/www/html/SIMRSHEBAT/system/Database/Postgre/Connection.php(147): pg_query()
#2 /var/www/html/SIMRSHEBAT/system/Database/BaseConnection.php(691): CodeIgniter\Database\Postgre\Connection->execute()
#3 /var/www/html/SIMRSHEBAT/app/Controllers/Rekammedisirja.php(194): CodeIgniter\Database\BaseConnection->simpleQuery()
#4 /var/www/html/SIMRSHEBAT/system/CodeIgniter.php(934): App\Controllers\Rekammedisirja->datakunjunganhistorirmsoapiresume()
#5 /var/www/html/SIMRSHEBAT/system/CodeIgniter.php(499): CodeIgniter\CodeIgniter->runController()
#6 /var/www/html/SIMRSHEBAT/system/CodeIgniter.php(368): CodeIgniter\CodeIgniter->handleRequest()
#7 /var/www/html/SIMRSHEBAT/index.php(67): CodeIgniter\CodeIgniter->run()
#8 {main}
ERROR - 2024-11-13 15:01:06 --> ErrorException: pg_query(): Query failed: ERROR:  column &quot;id_kunjungan&quot; specified in USING clause does not exist in right table in /var/www/html/SIMRSHEBAT/system/Database/Postgre/Connection.php:147
Stack trace:
#0 [internal function]: CodeIgniter\Debug\Exceptions->errorHandler()
#1 /var/www/html/SIMRSHEBAT/system/Database/Postgre/Connection.php(147): pg_query()
#2 /var/www/html/SIMRSHEBAT/system/Database/BaseConnection.php(691): CodeIgniter\Database\Postgre\Connection->execute()
#3 /var/www/html/SIMRSHEBAT/system/Database/BaseConnection.php(605): CodeIgniter\Database\BaseConnection->simpleQuery()
#4 /var/www/html/SIMRSHEBAT/app/Controllers/Rekammedisirja.php(275): CodeIgniter\Database\BaseConnection->query()
#5 /var/www/html/SIMRSHEBAT/system/CodeIgniter.php(934): App\Controllers\Rekammedisirja->ReviewAssesmenMedisIrjaresume()
#6 /var/www/html/SIMRSHEBAT/system/CodeIgniter.php(499): CodeIgniter\CodeIgniter->runController()
#7 /var/www/html/SIMRSHEBAT/system/CodeIgniter.php(368): CodeIgniter\CodeIgniter->handleRequest()
#8 /var/www/html/SIMRSHEBAT/index.php(67): CodeIgniter\CodeIgniter->run()
#9 {main}
CRITICAL - 2024-11-13 15:01:06 --> Call to a member function getRow() on bool
in APPPATH/Controllers/Rekammedisirja.php on line 275.
 1 SYSTEMPATH/CodeIgniter.php(934): App\Controllers\Rekammedisirja->ReviewAssesmenMedisIrjaresume()
 2 SYSTEMPATH/CodeIgniter.php(499): CodeIgniter\CodeIgniter->runController()
 3 SYSTEMPATH/CodeIgniter.php(368): CodeIgniter\CodeIgniter->handleRequest()
 4 FCPATH/index.php(67): CodeIgniter\CodeIgniter->run()
WARNING - 2024-11-13 15:01:25 --> [DEPRECATED] Creation of dynamic property App\Controllers\Rekammedisirna::$db is deprecated in APPPATH/Controllers/Api.php on line 8.
 1 SYSTEMPATH/CodeIgniter.php(906): App\Controllers\Api->__construct()
 2 SYSTEMPATH/CodeIgniter.php(490): CodeIgniter\CodeIgniter->createController()
 3 SYSTEMPATH/CodeIgniter.php(368): CodeIgniter\CodeIgniter->handleRequest(null, Object(Config\Cache), false)
 4 FCPATH/index.php(67): CodeIgniter\CodeIgniter->run()
WARNING - 2024-11-13 15:01:25 --> [DEPRECATED] Creation of dynamic property App\Controllers\Rekammedisirna::$simrs is deprecated in APPPATH/Controllers/Api.php on line 9.
 1 SYSTEMPATH/CodeIgniter.php(906): App\Controllers\Api->__construct()
 2 SYSTEMPATH/CodeIgniter.php(490): CodeIgniter\CodeIgniter->createController()
 3 SYSTEMPATH/CodeIgniter.php(368): CodeIgniter\CodeIgniter->handleRequest(null, Object(Config\Cache), false)
 4 FCPATH/index.php(67): CodeIgniter\CodeIgniter->run()
WARNING - 2024-11-13 15:01:25 --> [DEPRECATED] Creation of dynamic property App\Controllers\Rekammedisirna::$db is deprecated in APPPATH/Controllers/Api.php on line 8.
 1 SYSTEMPATH/CodeIgniter.php(906): App\Controllers\Api->__construct()
 2 SYSTEMPATH/CodeIgniter.php(490): CodeIgniter\CodeIgniter->createController()
 3 SYSTEMPATH/CodeIgniter.php(368): CodeIgniter\CodeIgniter->handleRequest(null, Object(Config\Cache), false)
 4 FCPATH/index.php(67): CodeIgniter\CodeIgniter->run()
WARNING - 2024-11-13 15:01:25 --> [DEPRECATED] Creation of dynamic property App\Controllers\Rekammedisirna::$simrs is deprecated in APPPATH/Controllers/Api.php on line 9.
 1 SYSTEMPATH/CodeIgniter.php(906): App\Controllers\Api->__construct()
 2 SYSTEMPATH/CodeIgniter.php(490): CodeIgniter\CodeIgniter->createController()
 3 SYSTEMPATH/CodeIgniter.php(368): CodeIgniter\CodeIgniter->handleRequest(null, Object(Config\Cache), false)
 4 FCPATH/index.php(67): CodeIgniter\CodeIgniter->run()
ERROR - 2024-11-13 15:01:25 --> ErrorException: pg_query(): Query failed: ERROR:  relation &quot;pemberian_infus&quot; does not exist
LINE 1: SELECT * from pemberian_infus p inner join far_obat f on f.k...
                      ^ in /var/www/html/SIMRSHEBAT/system/Database/Postgre/Connection.php:147
Stack trace:
#0 [internal function]: CodeIgniter\Debug\Exceptions->errorHandler()
#1 /var/www/html/SIMRSHEBAT/system/Database/Postgre/Connection.php(147): pg_query()
#2 /var/www/html/SIMRSHEBAT/system/Database/BaseConnection.php(691): CodeIgniter\Database\Postgre\Connection->execute()
#3 /var/www/html/SIMRSHEBAT/system/Database/BaseConnection.php(605): CodeIgniter\Database\BaseConnection->simpleQuery()
#4 /var/www/html/SIMRSHEBAT/app/Controllers/Rekammedisirna.php(4151): CodeIgniter\Database\BaseConnection->query()
#5 /var/www/html/SIMRSHEBAT/system/CodeIgniter.php(934): App\Controllers\Rekammedisirna->daftarpemberianinfus()
#6 /var/www/html/SIMRSHEBAT/system/CodeIgniter.php(499): CodeIgniter\CodeIgniter->runController()
#7 /var/www/html/SIMRSHEBAT/system/CodeIgniter.php(368): CodeIgniter\CodeIgniter->handleRequest()
#8 /var/www/html/SIMRSHEBAT/index.php(67): CodeIgniter\CodeIgniter->run()
#9 {main}
CRITICAL - 2024-11-13 15:01:25 --> Call to a member function getResult() on bool
in APPPATH/Controllers/Rekammedisirna.php on line 4151.
 1 SYSTEMPATH/CodeIgniter.php(934): App\Controllers\Rekammedisirna->daftarpemberianinfus()
 2 SYSTEMPATH/CodeIgniter.php(499): CodeIgniter\CodeIgniter->runController()
 3 SYSTEMPATH/CodeIgniter.php(368): CodeIgniter\CodeIgniter->handleRequest()
 4 FCPATH/index.php(67): CodeIgniter\CodeIgniter->run()
WARNING - 2024-11-13 15:01:33 --> [DEPRECATED] Creation of dynamic property App\Controllers\Rekammedisirna::$db is deprecated in APPPATH/Controllers/Api.php on line 8.
 1 SYSTEMPATH/CodeIgniter.php(906): App\Controllers\Api->__construct()
 2 SYSTEMPATH/CodeIgniter.php(490): CodeIgniter\CodeIgniter->createController()
 3 SYSTEMPATH/CodeIgniter.php(368): CodeIgniter\CodeIgniter->handleRequest(null, Object(Config\Cache), false)
 4 FCPATH/index.php(67): CodeIgniter\CodeIgniter->run()
WARNING - 2024-11-13 15:01:33 --> [DEPRECATED] Creation of dynamic property App\Controllers\Rekammedisirna::$simrs is deprecated in APPPATH/Controllers/Api.php on line 9.
 1 SYSTEMPATH/CodeIgniter.php(906): App\Controllers\Api->__construct()
 2 SYSTEMPATH/CodeIgniter.php(490): CodeIgniter\CodeIgniter->createController()
 3 SYSTEMPATH/CodeIgniter.php(368): CodeIgniter\CodeIgniter->handleRequest(null, Object(Config\Cache), false)
 4 FCPATH/index.php(67): CodeIgniter\CodeIgniter->run()
WARNING - 2024-11-13 15:01:33 --> [DEPRECATED] Creation of dynamic property App\Controllers\Rekammedisirna::$db is deprecated in APPPATH/Controllers/Api.php on line 8.
 1 SYSTEMPATH/CodeIgniter.php(906): App\Controllers\Api->__construct()
 2 SYSTEMPATH/CodeIgniter.php(490): CodeIgniter\CodeIgniter->createController()
 3 SYSTEMPATH/CodeIgniter.php(368): CodeIgniter\CodeIgniter->handleRequest(null, Object(Config\Cache), false)
 4 FCPATH/index.php(67): CodeIgniter\CodeIgniter->run()
WARNING - 2024-11-13 15:01:33 --> [DEPRECATED] Creation of dynamic property App\Controllers\Rekammedisirna::$simrs is deprecated in APPPATH/Controllers/Api.php on line 9.
 1 SYSTEMPATH/CodeIgniter.php(906): App\Controllers\Api->__construct()
 2 SYSTEMPATH/CodeIgniter.php(490): CodeIgniter\CodeIgniter->createController()
 3 SYSTEMPATH/CodeIgniter.php(368): CodeIgniter\CodeIgniter->handleRequest(null, Object(Config\Cache), false)
 4 FCPATH/index.php(67): CodeIgniter\CodeIgniter->run()
ERROR - 2024-11-13 15:01:33 --> ErrorException: pg_query(): Query failed: ERROR:  relation &quot;pemberian_obat&quot; does not exist
LINE 1: ...adi' else 'Obat Racik' end as jenis_obat_far from pemberian_...
                                                             ^ in /var/www/html/SIMRSHEBAT/system/Database/Postgre/Connection.php:147
Stack trace:
#0 [internal function]: CodeIgniter\Debug\Exceptions->errorHandler()
#1 /var/www/html/SIMRSHEBAT/system/Database/Postgre/Connection.php(147): pg_query()
#2 /var/www/html/SIMRSHEBAT/system/Database/BaseConnection.php(691): CodeIgniter\Database\Postgre\Connection->execute()
#3 /var/www/html/SIMRSHEBAT/system/Database/BaseConnection.php(605): CodeIgniter\Database\BaseConnection->simpleQuery()
#4 /var/www/html/SIMRSHEBAT/app/Controllers/Rekammedisirna.php(4136): CodeIgniter\Database\BaseConnection->query()
#5 /var/www/html/SIMRSHEBAT/system/CodeIgniter.php(934): App\Controllers\Rekammedisirna->daftarpemberianobat()
#6 /var/www/html/SIMRSHEBAT/system/CodeIgniter.php(499): CodeIgniter\CodeIgniter->runController()
#7 /var/www/html/SIMRSHEBAT/system/CodeIgniter.php(368): CodeIgniter\CodeIgniter->handleRequest()
#8 /var/www/html/SIMRSHEBAT/index.php(67): CodeIgniter\CodeIgniter->run()
#9 {main}
CRITICAL - 2024-11-13 15:01:33 --> Call to a member function getResult() on bool
in APPPATH/Controllers/Rekammedisirna.php on line 4136.
 1 SYSTEMPATH/CodeIgniter.php(934): App\Controllers\Rekammedisirna->daftarpemberianobat()
 2 SYSTEMPATH/CodeIgniter.php(499): CodeIgniter\CodeIgniter->runController()
 3 SYSTEMPATH/CodeIgniter.php(368): CodeIgniter\CodeIgniter->handleRequest()
 4 FCPATH/index.php(67): CodeIgniter\CodeIgniter->run()
WARNING - 2024-11-13 15:01:41 --> [DEPRECATED] Creation of dynamic property App\Controllers\Rekammedisirna::$db is deprecated in APPPATH/Controllers/Api.php on line 8.
 1 SYSTEMPATH/CodeIgniter.php(906): App\Controllers\Api->__construct()
 2 SYSTEMPATH/CodeIgniter.php(490): CodeIgniter\CodeIgniter->createController()
 3 SYSTEMPATH/CodeIgniter.php(368): CodeIgniter\CodeIgniter->handleRequest(null, Object(Config\Cache), false)
 4 FCPATH/index.php(67): CodeIgniter\CodeIgniter->run()
WARNING - 2024-11-13 15:01:41 --> [DEPRECATED] Creation of dynamic property App\Controllers\Rekammedisirna::$simrs is deprecated in APPPATH/Controllers/Api.php on line 9.
 1 SYSTEMPATH/CodeIgniter.php(906): App\Controllers\Api->__construct()
 2 SYSTEMPATH/CodeIgniter.php(490): CodeIgniter\CodeIgniter->createController()
 3 SYSTEMPATH/CodeIgniter.php(368): CodeIgniter\CodeIgniter->handleRequest(null, Object(Config\Cache), false)
 4 FCPATH/index.php(67): CodeIgniter\CodeIgniter->run()
WARNING - 2024-11-13 15:01:41 --> [DEPRECATED] Creation of dynamic property App\Controllers\Rekammedisirna::$db is deprecated in APPPATH/Controllers/Api.php on line 8.
 1 SYSTEMPATH/CodeIgniter.php(906): App\Controllers\Api->__construct()
 2 SYSTEMPATH/CodeIgniter.php(490): CodeIgniter\CodeIgniter->createController()
 3 SYSTEMPATH/CodeIgniter.php(368): CodeIgniter\CodeIgniter->handleRequest(null, Object(Config\Cache), false)
 4 FCPATH/index.php(67): CodeIgniter\CodeIgniter->run()
WARNING - 2024-11-13 15:01:41 --> [DEPRECATED] Creation of dynamic property App\Controllers\Rekammedisirna::$simrs is deprecated in APPPATH/Controllers/Api.php on line 9.
 1 SYSTEMPATH/CodeIgniter.php(906): App\Controllers\Api->__construct()
 2 SYSTEMPATH/CodeIgniter.php(490): CodeIgniter\CodeIgniter->createController()
 3 SYSTEMPATH/CodeIgniter.php(368): CodeIgniter\CodeIgniter->handleRequest(null, Object(Config\Cache), false)
 4 FCPATH/index.php(67): CodeIgniter\CodeIgniter->run()
ERROR - 2024-11-13 15:01:41 --> ErrorException: pg_query(): Query failed: ERROR:  relation &quot;pemberian_infus&quot; does not exist
LINE 1: SELECT * from pemberian_infus p inner join far_obat f on f.k...
                      ^ in /var/www/html/SIMRSHEBAT/system/Database/Postgre/Connection.php:147
Stack trace:
#0 [internal function]: CodeIgniter\Debug\Exceptions->errorHandler()
#1 /var/www/html/SIMRSHEBAT/system/Database/Postgre/Connection.php(147): pg_query()
#2 /var/www/html/SIMRSHEBAT/system/Database/BaseConnection.php(691): CodeIgniter\Database\Postgre\Connection->execute()
#3 /var/www/html/SIMRSHEBAT/system/Database/BaseConnection.php(605): CodeIgniter\Database\BaseConnection->simpleQuery()
#4 /var/www/html/SIMRSHEBAT/app/Controllers/Rekammedisirna.php(4151): CodeIgniter\Database\BaseConnection->query()
#5 /var/www/html/SIMRSHEBAT/system/CodeIgniter.php(934): App\Controllers\Rekammedisirna->daftarpemberianinfus()
#6 /var/www/html/SIMRSHEBAT/system/CodeIgniter.php(499): CodeIgniter\CodeIgniter->runController()
#7 /var/www/html/SIMRSHEBAT/system/CodeIgniter.php(368): CodeIgniter\CodeIgniter->handleRequest()
#8 /var/www/html/SIMRSHEBAT/index.php(67): CodeIgniter\CodeIgniter->run()
#9 {main}
CRITICAL - 2024-11-13 15:01:41 --> Call to a member function getResult() on bool
in APPPATH/Controllers/Rekammedisirna.php on line 4151.
 1 SYSTEMPATH/CodeIgniter.php(934): App\Controllers\Rekammedisirna->daftarpemberianinfus()
 2 SYSTEMPATH/CodeIgniter.php(499): CodeIgniter\CodeIgniter->runController()
 3 SYSTEMPATH/CodeIgniter.php(368): CodeIgniter\CodeIgniter->handleRequest()
 4 FCPATH/index.php(67): CodeIgniter\CodeIgniter->run()
WARNING - 2024-11-13 15:01:55 --> [DEPRECATED] Creation of dynamic property App\Controllers\Rekammedisirna::$db is deprecated in APPPATH/Controllers/Api.php on line 8.
 1 SYSTEMPATH/CodeIgniter.php(906): App\Controllers\Api->__construct()
 2 SYSTEMPATH/CodeIgniter.php(490): CodeIgniter\CodeIgniter->createController()
 3 SYSTEMPATH/CodeIgniter.php(368): CodeIgniter\CodeIgniter->handleRequest(null, Object(Config\Cache), false)
 4 FCPATH/index.php(67): CodeIgniter\CodeIgniter->run()
WARNING - 2024-11-13 15:01:55 --> [DEPRECATED] Creation of dynamic property App\Controllers\Rekammedisirna::$simrs is deprecated in APPPATH/Controllers/Api.php on line 9.
 1 SYSTEMPATH/CodeIgniter.php(906): App\Controllers\Api->__construct()
 2 SYSTEMPATH/CodeIgniter.php(490): CodeIgniter\CodeIgniter->createController()
 3 SYSTEMPATH/CodeIgniter.php(368): CodeIgniter\CodeIgniter->handleRequest(null, Object(Config\Cache), false)
 4 FCPATH/index.php(67): CodeIgniter\CodeIgniter->run()
WARNING - 2024-11-13 15:01:55 --> [DEPRECATED] Creation of dynamic property App\Controllers\Rekammedisirna::$db is deprecated in APPPATH/Controllers/Api.php on line 8.
 1 SYSTEMPATH/CodeIgniter.php(906): App\Controllers\Api->__construct()
 2 SYSTEMPATH/CodeIgniter.php(490): CodeIgniter\CodeIgniter->createController()
 3 SYSTEMPATH/CodeIgniter.php(368): CodeIgniter\CodeIgniter->handleRequest(null, Object(Config\Cache), false)
 4 FCPATH/index.php(67): CodeIgniter\CodeIgniter->run()
WARNING - 2024-11-13 15:01:55 --> [DEPRECATED] Creation of dynamic property App\Controllers\Rekammedisirna::$simrs is deprecated in APPPATH/Controllers/Api.php on line 9.
 1 SYSTEMPATH/CodeIgniter.php(906): App\Controllers\Api->__construct()
 2 SYSTEMPATH/CodeIgniter.php(490): CodeIgniter\CodeIgniter->createController()
 3 SYSTEMPATH/CodeIgniter.php(368): CodeIgniter\CodeIgniter->handleRequest(null, Object(Config\Cache), false)
 4 FCPATH/index.php(67): CodeIgniter\CodeIgniter->run()
WARNING - 2024-11-13 15:01:55 --> [DEPRECATED] Creation of dynamic property App\Controllers\Rekammedisirna::$db is deprecated in APPPATH/Controllers/Api.php on line 8.
 1 SYSTEMPATH/CodeIgniter.php(906): App\Controllers\Api->__construct()
 2 SYSTEMPATH/CodeIgniter.php(490): CodeIgniter\CodeIgniter->createController()
 3 SYSTEMPATH/CodeIgniter.php(368): CodeIgniter\CodeIgniter->handleRequest(null, Object(Config\Cache), false)
 4 FCPATH/index.php(67): CodeIgniter\CodeIgniter->run()
WARNING - 2024-11-13 15:01:55 --> [DEPRECATED] Creation of dynamic property App\Controllers\Rekammedisirna::$db is deprecated in APPPATH/Controllers/Api.php on line 8.
 1 SYSTEMPATH/CodeIgniter.php(906): App\Controllers\Api->__construct()
 2 SYSTEMPATH/CodeIgniter.php(490): CodeIgniter\CodeIgniter->createController()
 3 SYSTEMPATH/CodeIgniter.php(368): CodeIgniter\CodeIgniter->handleRequest(null, Object(Config\Cache), false)
 4 FCPATH/index.php(67): CodeIgniter\CodeIgniter->run()
WARNING - 2024-11-13 15:01:55 --> [DEPRECATED] Creation of dynamic property App\Controllers\Rekammedisirna::$simrs is deprecated in APPPATH/Controllers/Api.php on line 9.
 1 SYSTEMPATH/CodeIgniter.php(906): App\Controllers\Api->__construct()
 2 SYSTEMPATH/CodeIgniter.php(490): CodeIgniter\CodeIgniter->createController()
 3 SYSTEMPATH/CodeIgniter.php(368): CodeIgniter\CodeIgniter->handleRequest(null, Object(Config\Cache), false)
 4 FCPATH/index.php(67): CodeIgniter\CodeIgniter->run()
WARNING - 2024-11-13 15:01:55 --> [DEPRECATED] Creation of dynamic property App\Controllers\Rekammedisirna::$simrs is deprecated in APPPATH/Controllers/Api.php on line 9.
 1 SYSTEMPATH/CodeIgniter.php(906): App\Controllers\Api->__construct()
 2 SYSTEMPATH/CodeIgniter.php(490): CodeIgniter\CodeIgniter->createController()
 3 SYSTEMPATH/CodeIgniter.php(368): CodeIgniter\CodeIgniter->handleRequest(null, Object(Config\Cache), false)
 4 FCPATH/index.php(67): CodeIgniter\CodeIgniter->run()
ERROR - 2024-11-13 15:01:55 --> ErrorException: pg_query(): Query failed: ERROR:  relation &quot;persetujuan_tindakan&quot; does not exist
LINE 1: SELECT * FROM persetujuan_tindakan WHERE id_kunjungan = '0' ...
                      ^ in /var/www/html/SIMRSHEBAT/system/Database/Postgre/Connection.php:147
Stack trace:
#0 [internal function]: CodeIgniter\Debug\Exceptions->errorHandler()
#1 /var/www/html/SIMRSHEBAT/system/Database/Postgre/Connection.php(147): pg_query()
#2 /var/www/html/SIMRSHEBAT/system/Database/BaseConnection.php(691): CodeIgniter\Database\Postgre\Connection->execute()
#3 /var/www/html/SIMRSHEBAT/system/Database/BaseConnection.php(605): CodeIgniter\Database\BaseConnection->simpleQuery()
#4 /var/www/html/SIMRSHEBAT/app/Controllers/Rekammedisirna.php(7396): CodeIgniter\Database\BaseConnection->query()
#5 /var/www/html/SIMRSHEBAT/system/CodeIgniter.php(934): App\Controllers\Rekammedisirna->loadPersetujTind()
#6 /var/www/html/SIMRSHEBAT/system/CodeIgniter.php(499): CodeIgniter\CodeIgniter->runController()
#7 /var/www/html/SIMRSHEBAT/system/CodeIgniter.php(368): CodeIgniter\CodeIgniter->handleRequest()
#8 /var/www/html/SIMRSHEBAT/index.php(67): CodeIgniter\CodeIgniter->run()
#9 {main}
ERROR - 2024-11-13 15:01:55 --> ErrorException: pg_query(): Query failed: ERROR:  column &quot;id_pegawai&quot; specified in USING clause does not exist in left table in /var/www/html/SIMRSHEBAT/system/Database/Postgre/Connection.php:147
Stack trace:
#0 [internal function]: CodeIgniter\Debug\Exceptions->errorHandler()
#1 /var/www/html/SIMRSHEBAT/system/Database/Postgre/Connection.php(147): pg_query()
#2 /var/www/html/SIMRSHEBAT/system/Database/BaseConnection.php(691): CodeIgniter\Database\Postgre\Connection->execute()
#3 /var/www/html/SIMRSHEBAT/system/Database/BaseConnection.php(605): CodeIgniter\Database\BaseConnection->simpleQuery()
#4 /var/www/html/SIMRSHEBAT/app/Controllers/Rekammedisirna.php(4175): CodeIgniter\Database\BaseConnection->query()
#5 /var/www/html/SIMRSHEBAT/system/CodeIgniter.php(934): App\Controllers\Rekammedisirna->searchDokter()
#6 /var/www/html/SIMRSHEBAT/system/CodeIgniter.php(499): CodeIgniter\CodeIgniter->runController()
#7 /var/www/html/SIMRSHEBAT/system/CodeIgniter.php(368): CodeIgniter\CodeIgniter->handleRequest()
#8 /var/www/html/SIMRSHEBAT/index.php(67): CodeIgniter\CodeIgniter->run()
#9 {main}
CRITICAL - 2024-11-13 15:01:55 --> Call to a member function getNumRows() on bool
in APPPATH/Controllers/Rekammedisirna.php on line 7398.
 1 SYSTEMPATH/CodeIgniter.php(934): App\Controllers\Rekammedisirna->loadPersetujTind()
 2 SYSTEMPATH/CodeIgniter.php(499): CodeIgniter\CodeIgniter->runController()
 3 SYSTEMPATH/CodeIgniter.php(368): CodeIgniter\CodeIgniter->handleRequest()
 4 FCPATH/index.php(67): CodeIgniter\CodeIgniter->run()
CRITICAL - 2024-11-13 15:01:55 --> Call to a member function getResult() on bool
in APPPATH/Controllers/Rekammedisirna.php on line 4175.
 1 SYSTEMPATH/CodeIgniter.php(934): App\Controllers\Rekammedisirna->searchDokter()
 2 SYSTEMPATH/CodeIgniter.php(499): CodeIgniter\CodeIgniter->runController()
 3 SYSTEMPATH/CodeIgniter.php(368): CodeIgniter\CodeIgniter->handleRequest()
 4 FCPATH/index.php(67): CodeIgniter\CodeIgniter->run()
ERROR - 2024-11-13 15:01:55 --> ErrorException: pg_query(): Query failed: ERROR:  column &quot;id_pegawai&quot; specified in USING clause does not exist in left table in /var/www/html/SIMRSHEBAT/system/Database/Postgre/Connection.php:147
Stack trace:
#0 [internal function]: CodeIgniter\Debug\Exceptions->errorHandler()
#1 /var/www/html/SIMRSHEBAT/system/Database/Postgre/Connection.php(147): pg_query()
#2 /var/www/html/SIMRSHEBAT/system/Database/BaseConnection.php(691): CodeIgniter\Database\Postgre\Connection->execute()
#3 /var/www/html/SIMRSHEBAT/system/Database/BaseConnection.php(605): CodeIgniter\Database\BaseConnection->simpleQuery()
#4 /var/www/html/SIMRSHEBAT/app/Controllers/Rekammedisirna.php(4200): CodeIgniter\Database\BaseConnection->query()
#5 /var/www/html/SIMRSHEBAT/system/CodeIgniter.php(934): App\Controllers\Rekammedisirna->searchPerawat()
#6 /var/www/html/SIMRSHEBAT/system/CodeIgniter.php(499): CodeIgniter\CodeIgniter->runController()
#7 /var/www/html/SIMRSHEBAT/system/CodeIgniter.php(368): CodeIgniter\CodeIgniter->handleRequest()
#8 /var/www/html/SIMRSHEBAT/index.php(67): CodeIgniter\CodeIgniter->run()
#9 {main}
CRITICAL - 2024-11-13 15:01:55 --> Call to a member function getResult() on bool
in APPPATH/Controllers/Rekammedisirna.php on line 4200.
 1 SYSTEMPATH/CodeIgniter.php(934): App\Controllers\Rekammedisirna->searchPerawat()
 2 SYSTEMPATH/CodeIgniter.php(499): CodeIgniter\CodeIgniter->runController()
 3 SYSTEMPATH/CodeIgniter.php(368): CodeIgniter\CodeIgniter->handleRequest()
 4 FCPATH/index.php(67): CodeIgniter\CodeIgniter->run()
WARNING - 2024-11-13 15:02:14 --> [DEPRECATED] Creation of dynamic property App\Controllers\Rekammedisirna::$db is deprecated in APPPATH/Controllers/Api.php on line 8.
 1 SYSTEMPATH/CodeIgniter.php(906): App\Controllers\Api->__construct()
 2 SYSTEMPATH/CodeIgniter.php(490): CodeIgniter\CodeIgniter->createController()
 3 SYSTEMPATH/CodeIgniter.php(368): CodeIgniter\CodeIgniter->handleRequest(null, Object(Config\Cache), false)
 4 FCPATH/index.php(67): CodeIgniter\CodeIgniter->run()
WARNING - 2024-11-13 15:02:14 --> [DEPRECATED] Creation of dynamic property App\Controllers\Rekammedisirna::$simrs is deprecated in APPPATH/Controllers/Api.php on line 9.
 1 SYSTEMPATH/CodeIgniter.php(906): App\Controllers\Api->__construct()
 2 SYSTEMPATH/CodeIgniter.php(490): CodeIgniter\CodeIgniter->createController()
 3 SYSTEMPATH/CodeIgniter.php(368): CodeIgniter\CodeIgniter->handleRequest(null, Object(Config\Cache), false)
 4 FCPATH/index.php(67): CodeIgniter\CodeIgniter->run()
WARNING - 2024-11-13 15:02:14 --> [DEPRECATED] Creation of dynamic property App\Controllers\Rekammedisirna::$db is deprecated in APPPATH/Controllers/Api.php on line 8.
 1 SYSTEMPATH/CodeIgniter.php(906): App\Controllers\Api->__construct()
 2 SYSTEMPATH/CodeIgniter.php(490): CodeIgniter\CodeIgniter->createController()
 3 SYSTEMPATH/CodeIgniter.php(368): CodeIgniter\CodeIgniter->handleRequest(null, Object(Config\Cache), false)
 4 FCPATH/index.php(67): CodeIgniter\CodeIgniter->run()
WARNING - 2024-11-13 15:02:14 --> [DEPRECATED] Creation of dynamic property App\Controllers\Rekammedisirna::$simrs is deprecated in APPPATH/Controllers/Api.php on line 9.
 1 SYSTEMPATH/CodeIgniter.php(906): App\Controllers\Api->__construct()
 2 SYSTEMPATH/CodeIgniter.php(490): CodeIgniter\CodeIgniter->createController()
 3 SYSTEMPATH/CodeIgniter.php(368): CodeIgniter\CodeIgniter->handleRequest(null, Object(Config\Cache), false)
 4 FCPATH/index.php(67): CodeIgniter\CodeIgniter->run()
CRITICAL - 2024-11-13 15:02:14 --> Undefined property: stdClass::$norm
in APPPATH/Controllers/Rekammedisirna.php on line 1035.
 1 APPPATH/Controllers/Rekammedisirna.php(1035): CodeIgniter\Debug\Exceptions->errorHandler()
 2 SYSTEMPATH/CodeIgniter.php(934): App\Controllers\Rekammedisirna->viewtandavital()
 3 SYSTEMPATH/CodeIgniter.php(499): CodeIgniter\CodeIgniter->runController()
 4 SYSTEMPATH/CodeIgniter.php(368): CodeIgniter\CodeIgniter->handleRequest()
 5 FCPATH/index.php(67): CodeIgniter\CodeIgniter->run()
WARNING - 2024-11-13 15:02:14 --> [DEPRECATED] Creation of dynamic property App\Controllers\Assesmen_RS::$db is deprecated in APPPATH/Controllers/Api.php on line 8.
 1 SYSTEMPATH/CodeIgniter.php(906): App\Controllers\Api->__construct()
 2 SYSTEMPATH/CodeIgniter.php(490): CodeIgniter\CodeIgniter->createController()
 3 SYSTEMPATH/CodeIgniter.php(368): CodeIgniter\CodeIgniter->handleRequest(null, Object(Config\Cache), false)
 4 FCPATH/index.php(67): CodeIgniter\CodeIgniter->run()
WARNING - 2024-11-13 15:02:14 --> [DEPRECATED] Creation of dynamic property App\Controllers\Assesmen_RS::$simrs is deprecated in APPPATH/Controllers/Api.php on line 9.
 1 SYSTEMPATH/CodeIgniter.php(906): App\Controllers\Api->__construct()
 2 SYSTEMPATH/CodeIgniter.php(490): CodeIgniter\CodeIgniter->createController()
 3 SYSTEMPATH/CodeIgniter.php(368): CodeIgniter\CodeIgniter->handleRequest(null, Object(Config\Cache), false)
 4 FCPATH/index.php(67): CodeIgniter\CodeIgniter->run()
WARNING - 2024-11-13 15:02:21 --> [DEPRECATED] Creation of dynamic property App\Controllers\Rekammedisirna::$db is deprecated in APPPATH/Controllers/Api.php on line 8.
 1 SYSTEMPATH/CodeIgniter.php(906): App\Controllers\Api->__construct()
 2 SYSTEMPATH/CodeIgniter.php(490): CodeIgniter\CodeIgniter->createController()
 3 SYSTEMPATH/CodeIgniter.php(368): CodeIgniter\CodeIgniter->handleRequest(null, Object(Config\Cache), false)
 4 FCPATH/index.php(67): CodeIgniter\CodeIgniter->run()
WARNING - 2024-11-13 15:02:21 --> [DEPRECATED] Creation of dynamic property App\Controllers\Rekammedisirna::$simrs is deprecated in APPPATH/Controllers/Api.php on line 9.
 1 SYSTEMPATH/CodeIgniter.php(906): App\Controllers\Api->__construct()
 2 SYSTEMPATH/CodeIgniter.php(490): CodeIgniter\CodeIgniter->createController()
 3 SYSTEMPATH/CodeIgniter.php(368): CodeIgniter\CodeIgniter->handleRequest(null, Object(Config\Cache), false)
 4 FCPATH/index.php(67): CodeIgniter\CodeIgniter->run()
WARNING - 2024-11-13 15:02:21 --> [DEPRECATED] Creation of dynamic property App\Controllers\Rekammedisirna::$db is deprecated in APPPATH/Controllers/Api.php on line 8.
 1 SYSTEMPATH/CodeIgniter.php(906): App\Controllers\Api->__construct()
 2 SYSTEMPATH/CodeIgniter.php(490): CodeIgniter\CodeIgniter->createController()
 3 SYSTEMPATH/CodeIgniter.php(368): CodeIgniter\CodeIgniter->handleRequest(null, Object(Config\Cache), false)
 4 FCPATH/index.php(67): CodeIgniter\CodeIgniter->run()
WARNING - 2024-11-13 15:02:21 --> [DEPRECATED] Creation of dynamic property App\Controllers\Rekammedisirna::$simrs is deprecated in APPPATH/Controllers/Api.php on line 9.
 1 SYSTEMPATH/CodeIgniter.php(906): App\Controllers\Api->__construct()
 2 SYSTEMPATH/CodeIgniter.php(490): CodeIgniter\CodeIgniter->createController()
 3 SYSTEMPATH/CodeIgniter.php(368): CodeIgniter\CodeIgniter->handleRequest(null, Object(Config\Cache), false)
 4 FCPATH/index.php(67): CodeIgniter\CodeIgniter->run()
ERROR - 2024-11-13 15:02:21 --> ErrorException: pg_query(): Query failed: ERROR:  relation &quot;growth_chart&quot; does not exist
LINE 1: SELECT * FROM growth_chart where no_rm ='6-90-71-03' 
                      ^ in /var/www/html/SIMRSHEBAT/system/Database/Postgre/Connection.php:147
Stack trace:
#0 [internal function]: CodeIgniter\Debug\Exceptions->errorHandler()
#1 /var/www/html/SIMRSHEBAT/system/Database/Postgre/Connection.php(147): pg_query()
#2 /var/www/html/SIMRSHEBAT/system/Database/BaseConnection.php(691): CodeIgniter\Database\Postgre\Connection->execute()
#3 /var/www/html/SIMRSHEBAT/system/Database/BaseConnection.php(605): CodeIgniter\Database\BaseConnection->simpleQuery()
#4 /var/www/html/SIMRSHEBAT/app/Controllers/Rekammedisirna.php(7352): CodeIgniter\Database\BaseConnection->query()
#5 /var/www/html/SIMRSHEBAT/system/CodeIgniter.php(934): App\Controllers\Rekammedisirna->growthchart()
#6 /var/www/html/SIMRSHEBAT/system/CodeIgniter.php(499): CodeIgniter\CodeIgniter->runController()
#7 /var/www/html/SIMRSHEBAT/system/CodeIgniter.php(368): CodeIgniter\CodeIgniter->handleRequest()
#8 /var/www/html/SIMRSHEBAT/index.php(67): CodeIgniter\CodeIgniter->run()
#9 {main}
CRITICAL - 2024-11-13 15:02:21 --> Call to a member function getNumRows() on bool
in APPPATH/Controllers/Rekammedisirna.php on line 7354.
 1 SYSTEMPATH/CodeIgniter.php(934): App\Controllers\Rekammedisirna->growthchart()
 2 SYSTEMPATH/CodeIgniter.php(499): CodeIgniter\CodeIgniter->runController()
 3 SYSTEMPATH/CodeIgniter.php(368): CodeIgniter\CodeIgniter->handleRequest()
 4 FCPATH/index.php(67): CodeIgniter\CodeIgniter->run()
WARNING - 2024-11-13 15:03:10 --> [DEPRECATED] Creation of dynamic property App\Controllers\Assesmentbos::$db is deprecated in APPPATH/Controllers/Api.php on line 8.
 1 SYSTEMPATH/CodeIgniter.php(906): App\Controllers\Api->__construct()
 2 SYSTEMPATH/CodeIgniter.php(490): CodeIgniter\CodeIgniter->createController()
 3 SYSTEMPATH/CodeIgniter.php(368): CodeIgniter\CodeIgniter->handleRequest(null, Object(Config\Cache), false)
 4 FCPATH/index.php(67): CodeIgniter\CodeIgniter->run()
WARNING - 2024-11-13 15:03:10 --> [DEPRECATED] Creation of dynamic property App\Controllers\Assesmentbos::$simrs is deprecated in APPPATH/Controllers/Api.php on line 9.
 1 SYSTEMPATH/CodeIgniter.php(906): App\Controllers\Api->__construct()
 2 SYSTEMPATH/CodeIgniter.php(490): CodeIgniter\CodeIgniter->createController()
 3 SYSTEMPATH/CodeIgniter.php(368): CodeIgniter\CodeIgniter->handleRequest(null, Object(Config\Cache), false)
 4 FCPATH/index.php(67): CodeIgniter\CodeIgniter->run()
ERROR - 2024-11-13 15:03:10 --> ErrorException: pg_query(): Query failed: ERROR:  relation &quot;kegiatan&quot; does not exist
LINE 1: SELECT * FROM kegiatan WHERE rl='3.5'
                      ^ in /var/www/html/SIMRSHEBAT/system/Database/Postgre/Connection.php:147
Stack trace:
#0 [internal function]: CodeIgniter\Debug\Exceptions->errorHandler()
#1 /var/www/html/SIMRSHEBAT/system/Database/Postgre/Connection.php(147): pg_query()
#2 /var/www/html/SIMRSHEBAT/system/Database/BaseConnection.php(691): CodeIgniter\Database\Postgre\Connection->execute()
#3 /var/www/html/SIMRSHEBAT/system/Database/BaseConnection.php(605): CodeIgniter\Database\BaseConnection->simpleQuery()
#4 /var/www/html/SIMRSHEBAT/app/Controllers/Assesmentbos.php(169): CodeIgniter\Database\BaseConnection->query()
#5 /var/www/html/SIMRSHEBAT/system/CodeIgniter.php(934): App\Controllers\Assesmentbos->Rlkegiatan35()
#6 /var/www/html/SIMRSHEBAT/system/CodeIgniter.php(499): CodeIgniter\CodeIgniter->runController()
#7 /var/www/html/SIMRSHEBAT/system/CodeIgniter.php(368): CodeIgniter\CodeIgniter->handleRequest()
#8 /var/www/html/SIMRSHEBAT/index.php(67): CodeIgniter\CodeIgniter->run()
#9 {main}
CRITICAL - 2024-11-13 15:03:10 --> Call to a member function getResult() on bool
in APPPATH/Controllers/Assesmentbos.php on line 171.
 1 SYSTEMPATH/CodeIgniter.php(934): App\Controllers\Assesmentbos->Rlkegiatan35()
 2 SYSTEMPATH/CodeIgniter.php(499): CodeIgniter\CodeIgniter->runController()
 3 SYSTEMPATH/CodeIgniter.php(368): CodeIgniter\CodeIgniter->handleRequest()
 4 FCPATH/index.php(67): CodeIgniter\CodeIgniter->run()
WARNING - 2024-11-13 15:03:11 --> [DEPRECATED] Creation of dynamic property App\Controllers\Rekammedisirna::$db is deprecated in APPPATH/Controllers/Api.php on line 8.
 1 SYSTEMPATH/CodeIgniter.php(906): App\Controllers\Api->__construct()
 2 SYSTEMPATH/CodeIgniter.php(490): CodeIgniter\CodeIgniter->createController()
 3 SYSTEMPATH/CodeIgniter.php(368): CodeIgniter\CodeIgniter->handleRequest(null, Object(Config\Cache), false)
 4 FCPATH/index.php(67): CodeIgniter\CodeIgniter->run()
WARNING - 2024-11-13 15:03:11 --> [DEPRECATED] Creation of dynamic property App\Controllers\Rekammedisirna::$simrs is deprecated in APPPATH/Controllers/Api.php on line 9.
 1 SYSTEMPATH/CodeIgniter.php(906): App\Controllers\Api->__construct()
 2 SYSTEMPATH/CodeIgniter.php(490): CodeIgniter\CodeIgniter->createController()
 3 SYSTEMPATH/CodeIgniter.php(368): CodeIgniter\CodeIgniter->handleRequest(null, Object(Config\Cache), false)
 4 FCPATH/index.php(67): CodeIgniter\CodeIgniter->run()
WARNING - 2024-11-13 15:03:11 --> [DEPRECATED] Creation of dynamic property App\Controllers\Rekammedisirna::$db is deprecated in APPPATH/Controllers/Api.php on line 8.
 1 SYSTEMPATH/CodeIgniter.php(906): App\Controllers\Api->__construct()
 2 SYSTEMPATH/CodeIgniter.php(490): CodeIgniter\CodeIgniter->createController()
 3 SYSTEMPATH/CodeIgniter.php(368): CodeIgniter\CodeIgniter->handleRequest(null, Object(Config\Cache), false)
 4 FCPATH/index.php(67): CodeIgniter\CodeIgniter->run()
WARNING - 2024-11-13 15:03:11 --> [DEPRECATED] Creation of dynamic property App\Controllers\Rekammedisirna::$simrs is deprecated in APPPATH/Controllers/Api.php on line 9.
 1 SYSTEMPATH/CodeIgniter.php(906): App\Controllers\Api->__construct()
 2 SYSTEMPATH/CodeIgniter.php(490): CodeIgniter\CodeIgniter->createController()
 3 SYSTEMPATH/CodeIgniter.php(368): CodeIgniter\CodeIgniter->handleRequest(null, Object(Config\Cache), false)
 4 FCPATH/index.php(67): CodeIgniter\CodeIgniter->run()
WARNING - 2024-11-13 15:03:11 --> [DEPRECATED] Creation of dynamic property App\Controllers\Rekammedisirna::$db is deprecated in APPPATH/Controllers/Api.php on line 8.
 1 SYSTEMPATH/CodeIgniter.php(906): App\Controllers\Api->__construct()
 2 SYSTEMPATH/CodeIgniter.php(490): CodeIgniter\CodeIgniter->createController()
 3 SYSTEMPATH/CodeIgniter.php(368): CodeIgniter\CodeIgniter->handleRequest(null, Object(Config\Cache), false)
 4 FCPATH/index.php(67): CodeIgniter\CodeIgniter->run()
WARNING - 2024-11-13 15:03:11 --> [DEPRECATED] Creation of dynamic property App\Controllers\Rekammedisirna::$simrs is deprecated in APPPATH/Controllers/Api.php on line 9.
 1 SYSTEMPATH/CodeIgniter.php(906): App\Controllers\Api->__construct()
 2 SYSTEMPATH/CodeIgniter.php(490): CodeIgniter\CodeIgniter->createController()
 3 SYSTEMPATH/CodeIgniter.php(368): CodeIgniter\CodeIgniter->handleRequest(null, Object(Config\Cache), false)
 4 FCPATH/index.php(67): CodeIgniter\CodeIgniter->run()
WARNING - 2024-11-13 15:03:39 --> [DEPRECATED] Creation of dynamic property App\Controllers\Setup::$db is deprecated in APPPATH/Controllers/Api.php on line 8.
 1 SYSTEMPATH/CodeIgniter.php(906): App\Controllers\Api->__construct()
 2 SYSTEMPATH/CodeIgniter.php(490): CodeIgniter\CodeIgniter->createController()
 3 SYSTEMPATH/CodeIgniter.php(368): CodeIgniter\CodeIgniter->handleRequest(null, Object(Config\Cache), false)
 4 FCPATH/index.php(67): CodeIgniter\CodeIgniter->run()
WARNING - 2024-11-13 15:03:39 --> [DEPRECATED] Creation of dynamic property App\Controllers\Setup::$simrs is deprecated in APPPATH/Controllers/Api.php on line 9.
 1 SYSTEMPATH/CodeIgniter.php(906): App\Controllers\Api->__construct()
 2 SYSTEMPATH/CodeIgniter.php(490): CodeIgniter\CodeIgniter->createController()
 3 SYSTEMPATH/CodeIgniter.php(368): CodeIgniter\CodeIgniter->handleRequest(null, Object(Config\Cache), false)
 4 FCPATH/index.php(67): CodeIgniter\CodeIgniter->run()
WARNING - 2024-11-13 15:03:39 --> [DEPRECATED] Creation of dynamic property App\Controllers\Rekammedisirna::$db is deprecated in APPPATH/Controllers/Api.php on line 8.
 1 SYSTEMPATH/CodeIgniter.php(906): App\Controllers\Api->__construct()
 2 SYSTEMPATH/CodeIgniter.php(490): CodeIgniter\CodeIgniter->createController()
 3 SYSTEMPATH/CodeIgniter.php(368): CodeIgniter\CodeIgniter->handleRequest(null, Object(Config\Cache), false)
 4 FCPATH/index.php(67): CodeIgniter\CodeIgniter->run()
WARNING - 2024-11-13 15:03:39 --> [DEPRECATED] Creation of dynamic property App\Controllers\Rekammedisirna::$simrs is deprecated in APPPATH/Controllers/Api.php on line 9.
 1 SYSTEMPATH/CodeIgniter.php(906): App\Controllers\Api->__construct()
 2 SYSTEMPATH/CodeIgniter.php(490): CodeIgniter\CodeIgniter->createController()
 3 SYSTEMPATH/CodeIgniter.php(368): CodeIgniter\CodeIgniter->handleRequest(null, Object(Config\Cache), false)
 4 FCPATH/index.php(67): CodeIgniter\CodeIgniter->run()
WARNING - 2024-11-13 15:03:39 --> [DEPRECATED] Creation of dynamic property App\Controllers\Setup::$db is deprecated in APPPATH/Controllers/Api.php on line 8.
 1 SYSTEMPATH/CodeIgniter.php(906): App\Controllers\Api->__construct()
 2 SYSTEMPATH/CodeIgniter.php(490): CodeIgniter\CodeIgniter->createController()
 3 SYSTEMPATH/CodeIgniter.php(368): CodeIgniter\CodeIgniter->handleRequest(null, Object(Config\Cache), false)
 4 FCPATH/index.php(67): CodeIgniter\CodeIgniter->run()
WARNING - 2024-11-13 15:03:39 --> [DEPRECATED] Creation of dynamic property App\Controllers\Setup::$simrs is deprecated in APPPATH/Controllers/Api.php on line 9.
 1 SYSTEMPATH/CodeIgniter.php(906): App\Controllers\Api->__construct()
 2 SYSTEMPATH/CodeIgniter.php(490): CodeIgniter\CodeIgniter->createController()
 3 SYSTEMPATH/CodeIgniter.php(368): CodeIgniter\CodeIgniter->handleRequest(null, Object(Config\Cache), false)
 4 FCPATH/index.php(67): CodeIgniter\CodeIgniter->run()
ERROR - 2024-11-13 15:03:39 --> ErrorException: pg_query(): Query failed: ERROR:  column &quot;jenis_pegawai&quot; does not exist
LINE 2:                     WHERE jenis_pegawai = '1'
                                  ^ in /var/www/html/SIMRSHEBAT/system/Database/Postgre/Connection.php:147
Stack trace:
#0 [internal function]: CodeIgniter\Debug\Exceptions->errorHandler()
#1 /var/www/html/SIMRSHEBAT/system/Database/Postgre/Connection.php(147): pg_query()
#2 /var/www/html/SIMRSHEBAT/system/Database/BaseConnection.php(691): CodeIgniter\Database\Postgre\Connection->execute()
#3 /var/www/html/SIMRSHEBAT/system/Database/BaseConnection.php(605): CodeIgniter\Database\BaseConnection->simpleQuery()
#4 /var/www/html/SIMRSHEBAT/app/Controllers/Setup.php(1071): CodeIgniter\Database\BaseConnection->query()
#5 /var/www/html/SIMRSHEBAT/system/CodeIgniter.php(934): App\Controllers\Setup->getDokter()
#6 /var/www/html/SIMRSHEBAT/system/CodeIgniter.php(499): CodeIgniter\CodeIgniter->runController()
#7 /var/www/html/SIMRSHEBAT/system/CodeIgniter.php(368): CodeIgniter\CodeIgniter->handleRequest()
#8 /var/www/html/SIMRSHEBAT/index.php(67): CodeIgniter\CodeIgniter->run()
#9 {main}
CRITICAL - 2024-11-13 15:03:39 --> Call to a member function getResult() on bool
in APPPATH/Controllers/Setup.php on line 1074.
 1 SYSTEMPATH/CodeIgniter.php(934): App\Controllers\Setup->getDokter()
 2 SYSTEMPATH/CodeIgniter.php(499): CodeIgniter\CodeIgniter->runController()
 3 SYSTEMPATH/CodeIgniter.php(368): CodeIgniter\CodeIgniter->handleRequest()
 4 FCPATH/index.php(67): CodeIgniter\CodeIgniter->run()
ERROR - 2024-11-13 15:03:39 --> ErrorException: pg_query(): Query failed: ERROR:  relation &quot;spesialisasi_kamar&quot; does not exist
LINE 1: SELECT * from spesialisasi_kamar order by nama_spesialisasi_...
                      ^ in /var/www/html/SIMRSHEBAT/system/Database/Postgre/Connection.php:147
Stack trace:
#0 [internal function]: CodeIgniter\Debug\Exceptions->errorHandler()
#1 /var/www/html/SIMRSHEBAT/system/Database/Postgre/Connection.php(147): pg_query()
#2 /var/www/html/SIMRSHEBAT/system/Database/BaseConnection.php(691): CodeIgniter\Database\Postgre\Connection->execute()
#3 /var/www/html/SIMRSHEBAT/system/Database/BaseConnection.php(605): CodeIgniter\Database\BaseConnection->simpleQuery()
#4 /var/www/html/SIMRSHEBAT/app/Controllers/Setup.php(496): CodeIgniter\Database\BaseConnection->query()
#5 /var/www/html/SIMRSHEBAT/system/CodeIgniter.php(934): App\Controllers\Setup->getSpesialisasi()
#6 /var/www/html/SIMRSHEBAT/system/CodeIgniter.php(499): CodeIgniter\CodeIgniter->runController()
#7 /var/www/html/SIMRSHEBAT/system/CodeIgniter.php(368): CodeIgniter\CodeIgniter->handleRequest()
#8 /var/www/html/SIMRSHEBAT/index.php(67): CodeIgniter\CodeIgniter->run()
#9 {main}
CRITICAL - 2024-11-13 15:03:39 --> Call to a member function getResult() on bool
in APPPATH/Controllers/Setup.php on line 499.
 1 SYSTEMPATH/CodeIgniter.php(934): App\Controllers\Setup->getSpesialisasi()
 2 SYSTEMPATH/CodeIgniter.php(499): CodeIgniter\CodeIgniter->runController()
 3 SYSTEMPATH/CodeIgniter.php(368): CodeIgniter\CodeIgniter->handleRequest()
 4 FCPATH/index.php(67): CodeIgniter\CodeIgniter->run()
ERROR - 2024-11-13 15:03:39 --> ErrorException: pg_query(): Query failed: ERROR:  column kamar.id_kamar does not exist
LINE 4:            left JOIN kamar on kamar.id_kamar=kunjungan.id_ka...
                                      ^
HINT:  Perhaps you meant to reference the column &quot;kamar.no_kamar&quot;. in /var/www/html/SIMRSHEBAT/system/Database/Postgre/Connection.php:147
Stack trace:
#0 [internal function]: CodeIgniter\Debug\Exceptions->errorHandler()
#1 /var/www/html/SIMRSHEBAT/system/Database/Postgre/Connection.php(147): pg_query()
#2 /var/www/html/SIMRSHEBAT/system/Database/BaseConnection.php(691): CodeIgniter\Database\Postgre\Connection->execute()
#3 /var/www/html/SIMRSHEBAT/system/Database/BaseConnection.php(605): CodeIgniter\Database\BaseConnection->simpleQuery()
#4 /var/www/html/SIMRSHEBAT/app/Controllers/Rekammedisirna.php(4238): CodeIgniter\Database\BaseConnection->query()
#5 /var/www/html/SIMRSHEBAT/system/CodeIgniter.php(934): App\Controllers\Rekammedisirna->Ruangan()
#6 /var/www/html/SIMRSHEBAT/system/CodeIgniter.php(499): CodeIgniter\CodeIgniter->runController()
#7 /var/www/html/SIMRSHEBAT/system/CodeIgniter.php(368): CodeIgniter\CodeIgniter->handleRequest()
#8 /var/www/html/SIMRSHEBAT/index.php(67): CodeIgniter\CodeIgniter->run()
#9 {main}
CRITICAL - 2024-11-13 15:03:39 --> Call to a member function getResult() on bool
in APPPATH/Controllers/Rekammedisirna.php on line 4238.
 1 SYSTEMPATH/CodeIgniter.php(934): App\Controllers\Rekammedisirna->Ruangan()
 2 SYSTEMPATH/CodeIgniter.php(499): CodeIgniter\CodeIgniter->runController()
 3 SYSTEMPATH/CodeIgniter.php(368): CodeIgniter\CodeIgniter->handleRequest()
 4 FCPATH/index.php(67): CodeIgniter\CodeIgniter->run()
WARNING - 2024-11-13 15:03:39 --> [DEPRECATED] Creation of dynamic property App\Controllers\Rekammedisirna::$db is deprecated in APPPATH/Controllers/Api.php on line 8.
 1 SYSTEMPATH/CodeIgniter.php(906): App\Controllers\Api->__construct()
 2 SYSTEMPATH/CodeIgniter.php(490): CodeIgniter\CodeIgniter->createController()
 3 SYSTEMPATH/CodeIgniter.php(368): CodeIgniter\CodeIgniter->handleRequest(null, Object(Config\Cache), false)
 4 FCPATH/index.php(67): CodeIgniter\CodeIgniter->run()
WARNING - 2024-11-13 15:03:39 --> [DEPRECATED] Creation of dynamic property App\Controllers\Rekammedisirna::$simrs is deprecated in APPPATH/Controllers/Api.php on line 9.
 1 SYSTEMPATH/CodeIgniter.php(906): App\Controllers\Api->__construct()
 2 SYSTEMPATH/CodeIgniter.php(490): CodeIgniter\CodeIgniter->createController()
 3 SYSTEMPATH/CodeIgniter.php(368): CodeIgniter\CodeIgniter->handleRequest(null, Object(Config\Cache), false)
 4 FCPATH/index.php(67): CodeIgniter\CodeIgniter->run()
WARNING - 2024-11-13 15:03:39 --> [DEPRECATED] Creation of dynamic property App\Controllers\Rekammedisirna::$db is deprecated in APPPATH/Controllers/Api.php on line 8.
 1 SYSTEMPATH/CodeIgniter.php(906): App\Controllers\Api->__construct()
 2 SYSTEMPATH/CodeIgniter.php(490): CodeIgniter\CodeIgniter->createController()
 3 SYSTEMPATH/CodeIgniter.php(368): CodeIgniter\CodeIgniter->handleRequest(null, Object(Config\Cache), false)
 4 FCPATH/index.php(67): CodeIgniter\CodeIgniter->run()
WARNING - 2024-11-13 15:03:39 --> [DEPRECATED] Creation of dynamic property App\Controllers\Rekammedisirna::$simrs is deprecated in APPPATH/Controllers/Api.php on line 9.
 1 SYSTEMPATH/CodeIgniter.php(906): App\Controllers\Api->__construct()
 2 SYSTEMPATH/CodeIgniter.php(490): CodeIgniter\CodeIgniter->createController()
 3 SYSTEMPATH/CodeIgniter.php(368): CodeIgniter\CodeIgniter->handleRequest(null, Object(Config\Cache), false)
 4 FCPATH/index.php(67): CodeIgniter\CodeIgniter->run()
WARNING - 2024-11-13 15:03:39 --> [DEPRECATED] Creation of dynamic property App\Controllers\Rekammedisirna::$db is deprecated in APPPATH/Controllers/Api.php on line 8.
 1 SYSTEMPATH/CodeIgniter.php(906): App\Controllers\Api->__construct()
 2 SYSTEMPATH/CodeIgniter.php(490): CodeIgniter\CodeIgniter->createController()
 3 SYSTEMPATH/CodeIgniter.php(368): CodeIgniter\CodeIgniter->handleRequest(null, Object(Config\Cache), false)
 4 FCPATH/index.php(67): CodeIgniter\CodeIgniter->run()
WARNING - 2024-11-13 15:03:39 --> [DEPRECATED] Creation of dynamic property App\Controllers\Rekammedisirna::$simrs is deprecated in APPPATH/Controllers/Api.php on line 9.
 1 SYSTEMPATH/CodeIgniter.php(906): App\Controllers\Api->__construct()
 2 SYSTEMPATH/CodeIgniter.php(490): CodeIgniter\CodeIgniter->createController()
 3 SYSTEMPATH/CodeIgniter.php(368): CodeIgniter\CodeIgniter->handleRequest(null, Object(Config\Cache), false)
 4 FCPATH/index.php(67): CodeIgniter\CodeIgniter->run()
CRITICAL - 2024-11-13 15:03:39 --> Undefined property: stdClass::$norm
in APPPATH/Controllers/Rekammedisirna.php on line 1035.
 1 APPPATH/Controllers/Rekammedisirna.php(1035): CodeIgniter\Debug\Exceptions->errorHandler()
 2 SYSTEMPATH/CodeIgniter.php(934): App\Controllers\Rekammedisirna->viewtandavital()
 3 SYSTEMPATH/CodeIgniter.php(499): CodeIgniter\CodeIgniter->runController()
 4 SYSTEMPATH/CodeIgniter.php(368): CodeIgniter\CodeIgniter->handleRequest()
 5 FCPATH/index.php(67): CodeIgniter\CodeIgniter->run()
ERROR - 2024-11-13 15:03:39 --> ErrorException: pg_query(): Query failed: ERROR:  column &quot;id_pegawai&quot; specified in USING clause does not exist in left table in /var/www/html/SIMRSHEBAT/system/Database/Postgre/Connection.php:147
Stack trace:
#0 [internal function]: CodeIgniter\Debug\Exceptions->errorHandler()
#1 /var/www/html/SIMRSHEBAT/system/Database/Postgre/Connection.php(147): pg_query()
#2 /var/www/html/SIMRSHEBAT/system/Database/BaseConnection.php(691): CodeIgniter\Database\Postgre\Connection->execute()
#3 /var/www/html/SIMRSHEBAT/system/Database/BaseConnection.php(605): CodeIgniter\Database\BaseConnection->simpleQuery()
#4 /var/www/html/SIMRSHEBAT/app/Controllers/Rekammedisirna.php(4175): CodeIgniter\Database\BaseConnection->query()
#5 /var/www/html/SIMRSHEBAT/system/CodeIgniter.php(934): App\Controllers\Rekammedisirna->searchDokter()
#6 /var/www/html/SIMRSHEBAT/system/CodeIgniter.php(499): CodeIgniter\CodeIgniter->runController()
#7 /var/www/html/SIMRSHEBAT/system/CodeIgniter.php(368): CodeIgniter\CodeIgniter->handleRequest()
#8 /var/www/html/SIMRSHEBAT/index.php(67): CodeIgniter\CodeIgniter->run()
#9 {main}
CRITICAL - 2024-11-13 15:03:39 --> Call to a member function getResult() on bool
in APPPATH/Controllers/Rekammedisirna.php on line 4175.
 1 SYSTEMPATH/CodeIgniter.php(934): App\Controllers\Rekammedisirna->searchDokter()
 2 SYSTEMPATH/CodeIgniter.php(499): CodeIgniter\CodeIgniter->runController()
 3 SYSTEMPATH/CodeIgniter.php(368): CodeIgniter\CodeIgniter->handleRequest()
 4 FCPATH/index.php(67): CodeIgniter\CodeIgniter->run()
ERROR - 2024-11-13 15:03:39 --> ErrorException: pg_query(): Query failed: ERROR:  column &quot;id_pegawai&quot; specified in USING clause does not exist in left table in /var/www/html/SIMRSHEBAT/system/Database/Postgre/Connection.php:147
Stack trace:
#0 [internal function]: CodeIgniter\Debug\Exceptions->errorHandler()
#1 /var/www/html/SIMRSHEBAT/system/Database/Postgre/Connection.php(147): pg_query()
#2 /var/www/html/SIMRSHEBAT/system/Database/BaseConnection.php(691): CodeIgniter\Database\Postgre\Connection->execute()
#3 /var/www/html/SIMRSHEBAT/system/Database/BaseConnection.php(605): CodeIgniter\Database\BaseConnection->simpleQuery()
#4 /var/www/html/SIMRSHEBAT/app/Controllers/Rekammedisirna.php(4200): CodeIgniter\Database\BaseConnection->query()
#5 /var/www/html/SIMRSHEBAT/system/CodeIgniter.php(934): App\Controllers\Rekammedisirna->searchPerawat()
#6 /var/www/html/SIMRSHEBAT/system/CodeIgniter.php(499): CodeIgniter\CodeIgniter->runController()
#7 /var/www/html/SIMRSHEBAT/system/CodeIgniter.php(368): CodeIgniter\CodeIgniter->handleRequest()
#8 /var/www/html/SIMRSHEBAT/index.php(67): CodeIgniter\CodeIgniter->run()
#9 {main}
CRITICAL - 2024-11-13 15:03:39 --> Call to a member function getResult() on bool
in APPPATH/Controllers/Rekammedisirna.php on line 4200.
 1 SYSTEMPATH/CodeIgniter.php(934): App\Controllers\Rekammedisirna->searchPerawat()
 2 SYSTEMPATH/CodeIgniter.php(499): CodeIgniter\CodeIgniter->runController()
 3 SYSTEMPATH/CodeIgniter.php(368): CodeIgniter\CodeIgniter->handleRequest()
 4 FCPATH/index.php(67): CodeIgniter\CodeIgniter->run()
WARNING - 2024-11-13 15:03:39 --> [DEPRECATED] Creation of dynamic property App\Controllers\Rekammedisirna::$db is deprecated in APPPATH/Controllers/Api.php on line 8.
 1 SYSTEMPATH/CodeIgniter.php(906): App\Controllers\Api->__construct()
 2 SYSTEMPATH/CodeIgniter.php(490): CodeIgniter\CodeIgniter->createController()
 3 SYSTEMPATH/CodeIgniter.php(368): CodeIgniter\CodeIgniter->handleRequest(null, Object(Config\Cache), false)
 4 FCPATH/index.php(67): CodeIgniter\CodeIgniter->run()
WARNING - 2024-11-13 15:03:39 --> [DEPRECATED] Creation of dynamic property App\Controllers\Rekammedisirna::$simrs is deprecated in APPPATH/Controllers/Api.php on line 9.
 1 SYSTEMPATH/CodeIgniter.php(906): App\Controllers\Api->__construct()
 2 SYSTEMPATH/CodeIgniter.php(490): CodeIgniter\CodeIgniter->createController()
 3 SYSTEMPATH/CodeIgniter.php(368): CodeIgniter\CodeIgniter->handleRequest(null, Object(Config\Cache), false)
 4 FCPATH/index.php(67): CodeIgniter\CodeIgniter->run()
WARNING - 2024-11-13 15:05:27 --> [DEPRECATED] Creation of dynamic property App\Controllers\Rawatjalan::$db is deprecated in APPPATH/Controllers/Api.php on line 8.
 1 SYSTEMPATH/CodeIgniter.php(906): App\Controllers\Api->__construct()
 2 SYSTEMPATH/CodeIgniter.php(490): CodeIgniter\CodeIgniter->createController()
 3 SYSTEMPATH/CodeIgniter.php(368): CodeIgniter\CodeIgniter->handleRequest(null, Object(Config\Cache), false)
 4 FCPATH/index.php(67): CodeIgniter\CodeIgniter->run()
WARNING - 2024-11-13 15:05:27 --> [DEPRECATED] Creation of dynamic property App\Controllers\Rawatjalan::$simrs is deprecated in APPPATH/Controllers/Api.php on line 9.
 1 SYSTEMPATH/CodeIgniter.php(906): App\Controllers\Api->__construct()
 2 SYSTEMPATH/CodeIgniter.php(490): CodeIgniter\CodeIgniter->createController()
 3 SYSTEMPATH/CodeIgniter.php(368): CodeIgniter\CodeIgniter->handleRequest(null, Object(Config\Cache), false)
 4 FCPATH/index.php(67): CodeIgniter\CodeIgniter->run()
WARNING - 2024-11-13 15:05:27 --> [DEPRECATED] Creation of dynamic property App\Controllers\Rekammedisirna::$db is deprecated in APPPATH/Controllers/Api.php on line 8.
 1 SYSTEMPATH/CodeIgniter.php(906): App\Controllers\Api->__construct()
 2 SYSTEMPATH/CodeIgniter.php(490): CodeIgniter\CodeIgniter->createController()
 3 SYSTEMPATH/CodeIgniter.php(368): CodeIgniter\CodeIgniter->handleRequest(null, Object(Config\Cache), false)
 4 FCPATH/index.php(67): CodeIgniter\CodeIgniter->run()
WARNING - 2024-11-13 15:05:27 --> [DEPRECATED] Creation of dynamic property App\Controllers\Rekammedisirna::$simrs is deprecated in APPPATH/Controllers/Api.php on line 9.
 1 SYSTEMPATH/CodeIgniter.php(906): App\Controllers\Api->__construct()
 2 SYSTEMPATH/CodeIgniter.php(490): CodeIgniter\CodeIgniter->createController()
 3 SYSTEMPATH/CodeIgniter.php(368): CodeIgniter\CodeIgniter->handleRequest(null, Object(Config\Cache), false)
 4 FCPATH/index.php(67): CodeIgniter\CodeIgniter->run()
ERROR - 2024-11-13 15:05:27 --> ErrorException: pg_query(): Query failed: ERROR:  column &quot;jenis_pegawai&quot; does not exist
LINE 1: SELECT * FROM pegawai where jenis_pegawai='1'
                                    ^ in /var/www/html/SIMRSHEBAT/system/Database/Postgre/Connection.php:147
Stack trace:
#0 [internal function]: CodeIgniter\Debug\Exceptions->errorHandler()
#1 /var/www/html/SIMRSHEBAT/system/Database/Postgre/Connection.php(147): pg_query()
#2 /var/www/html/SIMRSHEBAT/system/Database/BaseConnection.php(691): CodeIgniter\Database\Postgre\Connection->execute()
#3 /var/www/html/SIMRSHEBAT/system/Database/BaseConnection.php(605): CodeIgniter\Database\BaseConnection->simpleQuery()
#4 /var/www/html/SIMRSHEBAT/app/Controllers/Rawatjalan.php(32): CodeIgniter\Database\BaseConnection->query()
#5 /var/www/html/SIMRSHEBAT/system/CodeIgniter.php(934): App\Controllers\Rawatjalan->pegawai()
#6 /var/www/html/SIMRSHEBAT/system/CodeIgniter.php(499): CodeIgniter\CodeIgniter->runController()
#7 /var/www/html/SIMRSHEBAT/system/CodeIgniter.php(368): CodeIgniter\CodeIgniter->handleRequest()
#8 /var/www/html/SIMRSHEBAT/index.php(67): CodeIgniter\CodeIgniter->run()
#9 {main}
CRITICAL - 2024-11-13 15:05:27 --> Call to a member function getResult() on bool
in APPPATH/Controllers/Rawatjalan.php on line 35.
 1 SYSTEMPATH/CodeIgniter.php(934): App\Controllers\Rawatjalan->pegawai()
 2 SYSTEMPATH/CodeIgniter.php(499): CodeIgniter\CodeIgniter->runController()
 3 SYSTEMPATH/CodeIgniter.php(368): CodeIgniter\CodeIgniter->handleRequest()
 4 FCPATH/index.php(67): CodeIgniter\CodeIgniter->run()
WARNING - 2024-11-13 15:05:27 --> [DEPRECATED] Creation of dynamic property App\Controllers\Rekammedisirna::$db is deprecated in APPPATH/Controllers/Api.php on line 8.
 1 SYSTEMPATH/CodeIgniter.php(906): App\Controllers\Api->__construct()
 2 SYSTEMPATH/CodeIgniter.php(490): CodeIgniter\CodeIgniter->createController()
 3 SYSTEMPATH/CodeIgniter.php(368): CodeIgniter\CodeIgniter->handleRequest(null, Object(Config\Cache), false)
 4 FCPATH/index.php(67): CodeIgniter\CodeIgniter->run()
WARNING - 2024-11-13 15:05:27 --> [DEPRECATED] Creation of dynamic property App\Controllers\Rekammedisirna::$simrs is deprecated in APPPATH/Controllers/Api.php on line 9.
 1 SYSTEMPATH/CodeIgniter.php(906): App\Controllers\Api->__construct()
 2 SYSTEMPATH/CodeIgniter.php(490): CodeIgniter\CodeIgniter->createController()
 3 SYSTEMPATH/CodeIgniter.php(368): CodeIgniter\CodeIgniter->handleRequest(null, Object(Config\Cache), false)
 4 FCPATH/index.php(67): CodeIgniter\CodeIgniter->run()
WARNING - 2024-11-13 15:05:27 --> [DEPRECATED] Creation of dynamic property App\Controllers\Rekammedisirna::$db is deprecated in APPPATH/Controllers/Api.php on line 8.
 1 SYSTEMPATH/CodeIgniter.php(906): App\Controllers\Api->__construct()
 2 SYSTEMPATH/CodeIgniter.php(490): CodeIgniter\CodeIgniter->createController()
 3 SYSTEMPATH/CodeIgniter.php(368): CodeIgniter\CodeIgniter->handleRequest(null, Object(Config\Cache), false)
 4 FCPATH/index.php(67): CodeIgniter\CodeIgniter->run()
WARNING - 2024-11-13 15:05:27 --> [DEPRECATED] Creation of dynamic property App\Controllers\Rekammedisirna::$simrs is deprecated in APPPATH/Controllers/Api.php on line 9.
 1 SYSTEMPATH/CodeIgniter.php(906): App\Controllers\Api->__construct()
 2 SYSTEMPATH/CodeIgniter.php(490): CodeIgniter\CodeIgniter->createController()
 3 SYSTEMPATH/CodeIgniter.php(368): CodeIgniter\CodeIgniter->handleRequest(null, Object(Config\Cache), false)
 4 FCPATH/index.php(67): CodeIgniter\CodeIgniter->run()
WARNING - 2024-11-13 15:05:29 --> [DEPRECATED] Creation of dynamic property App\Controllers\Rekammedisirna::$db is deprecated in APPPATH/Controllers/Api.php on line 8.
 1 SYSTEMPATH/CodeIgniter.php(906): App\Controllers\Api->__construct()
 2 SYSTEMPATH/CodeIgniter.php(490): CodeIgniter\CodeIgniter->createController()
 3 SYSTEMPATH/CodeIgniter.php(368): CodeIgniter\CodeIgniter->handleRequest(null, Object(Config\Cache), false)
 4 FCPATH/index.php(67): CodeIgniter\CodeIgniter->run()
WARNING - 2024-11-13 15:05:29 --> [DEPRECATED] Creation of dynamic property App\Controllers\Rekammedisirna::$simrs is deprecated in APPPATH/Controllers/Api.php on line 9.
 1 SYSTEMPATH/CodeIgniter.php(906): App\Controllers\Api->__construct()
 2 SYSTEMPATH/CodeIgniter.php(490): CodeIgniter\CodeIgniter->createController()
 3 SYSTEMPATH/CodeIgniter.php(368): CodeIgniter\CodeIgniter->handleRequest(null, Object(Config\Cache), false)
 4 FCPATH/index.php(67): CodeIgniter\CodeIgniter->run()
ERROR - 2024-11-13 15:05:29 --> ErrorException: pg_query(): Query failed: ERROR:  relation &quot;cek_keselamatan_op&quot; does not exist
LINE 1: SELECT * FROM cek_keselamatan_op WHERE  id_kunjungan='0' 
                      ^ in /var/www/html/SIMRSHEBAT/system/Database/Postgre/Connection.php:147
Stack trace:
#0 [internal function]: CodeIgniter\Debug\Exceptions->errorHandler()
#1 /var/www/html/SIMRSHEBAT/system/Database/Postgre/Connection.php(147): pg_query()
#2 /var/www/html/SIMRSHEBAT/system/Database/BaseConnection.php(691): CodeIgniter\Database\Postgre\Connection->execute()
#3 /var/www/html/SIMRSHEBAT/system/Database/BaseConnection.php(605): CodeIgniter\Database\BaseConnection->simpleQuery()
#4 /var/www/html/SIMRSHEBAT/app/Controllers/Rekammedisirna.php(4856): CodeIgniter\Database\BaseConnection->query()
#5 /var/www/html/SIMRSHEBAT/system/CodeIgniter.php(934): App\Controllers\Rekammedisirna->showchecklistkeselamatanop()
#6 /var/www/html/SIMRSHEBAT/system/CodeIgniter.php(499): CodeIgniter\CodeIgniter->runController()
#7 /var/www/html/SIMRSHEBAT/system/CodeIgniter.php(368): CodeIgniter\CodeIgniter->handleRequest()
#8 /var/www/html/SIMRSHEBAT/index.php(67): CodeIgniter\CodeIgniter->run()
#9 {main}
CRITICAL - 2024-11-13 15:05:29 --> Call to a member function getResult() on bool
in APPPATH/Controllers/Rekammedisirna.php on line 4856.
 1 SYSTEMPATH/CodeIgniter.php(934): App\Controllers\Rekammedisirna->showchecklistkeselamatanop()
 2 SYSTEMPATH/CodeIgniter.php(499): CodeIgniter\CodeIgniter->runController()
 3 SYSTEMPATH/CodeIgniter.php(368): CodeIgniter\CodeIgniter->handleRequest()
 4 FCPATH/index.php(67): CodeIgniter\CodeIgniter->run()
WARNING - 2024-11-13 15:05:44 --> [DEPRECATED] Creation of dynamic property App\Controllers\Rekammedisirna::$db is deprecated in APPPATH/Controllers/Api.php on line 8.
 1 SYSTEMPATH/CodeIgniter.php(906): App\Controllers\Api->__construct()
 2 SYSTEMPATH/CodeIgniter.php(490): CodeIgniter\CodeIgniter->createController()
 3 SYSTEMPATH/CodeIgniter.php(368): CodeIgniter\CodeIgniter->handleRequest(null, Object(Config\Cache), false)
 4 FCPATH/index.php(67): CodeIgniter\CodeIgniter->run()
WARNING - 2024-11-13 15:05:44 --> [DEPRECATED] Creation of dynamic property App\Controllers\Rekammedisirna::$simrs is deprecated in APPPATH/Controllers/Api.php on line 9.
 1 SYSTEMPATH/CodeIgniter.php(906): App\Controllers\Api->__construct()
 2 SYSTEMPATH/CodeIgniter.php(490): CodeIgniter\CodeIgniter->createController()
 3 SYSTEMPATH/CodeIgniter.php(368): CodeIgniter\CodeIgniter->handleRequest(null, Object(Config\Cache), false)
 4 FCPATH/index.php(67): CodeIgniter\CodeIgniter->run()
WARNING - 2024-11-13 15:05:44 --> [DEPRECATED] Creation of dynamic property App\Controllers\Rekammedisirna::$db is deprecated in APPPATH/Controllers/Api.php on line 8.
 1 SYSTEMPATH/CodeIgniter.php(906): App\Controllers\Api->__construct()
 2 SYSTEMPATH/CodeIgniter.php(490): CodeIgniter\CodeIgniter->createController()
 3 SYSTEMPATH/CodeIgniter.php(368): CodeIgniter\CodeIgniter->handleRequest(null, Object(Config\Cache), false)
 4 FCPATH/index.php(67): CodeIgniter\CodeIgniter->run()
WARNING - 2024-11-13 15:05:44 --> [DEPRECATED] Creation of dynamic property App\Controllers\Rekammedisirna::$simrs is deprecated in APPPATH/Controllers/Api.php on line 9.
 1 SYSTEMPATH/CodeIgniter.php(906): App\Controllers\Api->__construct()
 2 SYSTEMPATH/CodeIgniter.php(490): CodeIgniter\CodeIgniter->createController()
 3 SYSTEMPATH/CodeIgniter.php(368): CodeIgniter\CodeIgniter->handleRequest(null, Object(Config\Cache), false)
 4 FCPATH/index.php(67): CodeIgniter\CodeIgniter->run()
WARNING - 2024-11-13 15:05:44 --> [DEPRECATED] Creation of dynamic property App\Controllers\Rekammedisirna::$db is deprecated in APPPATH/Controllers/Api.php on line 8.
 1 SYSTEMPATH/CodeIgniter.php(906): App\Controllers\Api->__construct()
 2 SYSTEMPATH/CodeIgniter.php(490): CodeIgniter\CodeIgniter->createController()
 3 SYSTEMPATH/CodeIgniter.php(368): CodeIgniter\CodeIgniter->handleRequest(null, Object(Config\Cache), false)
 4 FCPATH/index.php(67): CodeIgniter\CodeIgniter->run()
WARNING - 2024-11-13 15:05:44 --> [DEPRECATED] Creation of dynamic property App\Controllers\Rekammedisirna::$simrs is deprecated in APPPATH/Controllers/Api.php on line 9.
 1 SYSTEMPATH/CodeIgniter.php(906): App\Controllers\Api->__construct()
 2 SYSTEMPATH/CodeIgniter.php(490): CodeIgniter\CodeIgniter->createController()
 3 SYSTEMPATH/CodeIgniter.php(368): CodeIgniter\CodeIgniter->handleRequest(null, Object(Config\Cache), false)
 4 FCPATH/index.php(67): CodeIgniter\CodeIgniter->run()
WARNING - 2024-11-13 15:05:45 --> [DEPRECATED] Creation of dynamic property App\Controllers\Rekammedisirna::$db is deprecated in APPPATH/Controllers/Api.php on line 8.
 1 SYSTEMPATH/CodeIgniter.php(906): App\Controllers\Api->__construct()
 2 SYSTEMPATH/CodeIgniter.php(490): CodeIgniter\CodeIgniter->createController()
 3 SYSTEMPATH/CodeIgniter.php(368): CodeIgniter\CodeIgniter->handleRequest(null, Object(Config\Cache), false)
 4 FCPATH/index.php(67): CodeIgniter\CodeIgniter->run()
WARNING - 2024-11-13 15:05:45 --> [DEPRECATED] Creation of dynamic property App\Controllers\Rekammedisirna::$simrs is deprecated in APPPATH/Controllers/Api.php on line 9.
 1 SYSTEMPATH/CodeIgniter.php(906): App\Controllers\Api->__construct()
 2 SYSTEMPATH/CodeIgniter.php(490): CodeIgniter\CodeIgniter->createController()
 3 SYSTEMPATH/CodeIgniter.php(368): CodeIgniter\CodeIgniter->handleRequest(null, Object(Config\Cache), false)
 4 FCPATH/index.php(67): CodeIgniter\CodeIgniter->run()
ERROR - 2024-11-13 15:05:45 --> ErrorException: pg_query(): Query failed: ERROR:  relation &quot;rencana_pembedahan&quot; does not exist
LINE 1: SELECT * FROM rencana_pembedahan INNER JOIN pasien USING (no...
                      ^ in /var/www/html/SIMRSHEBAT/system/Database/Postgre/Connection.php:147
Stack trace:
#0 [internal function]: CodeIgniter\Debug\Exceptions->errorHandler()
#1 /var/www/html/SIMRSHEBAT/system/Database/Postgre/Connection.php(147): pg_query()
#2 /var/www/html/SIMRSHEBAT/system/Database/BaseConnection.php(691): CodeIgniter\Database\Postgre\Connection->execute()
#3 /var/www/html/SIMRSHEBAT/system/Database/BaseConnection.php(605): CodeIgniter\Database\BaseConnection->simpleQuery()
#4 /var/www/html/SIMRSHEBAT/app/Controllers/Rekammedisirna.php(7578): CodeIgniter\Database\BaseConnection->query()
#5 /var/www/html/SIMRSHEBAT/system/CodeIgniter.php(934): App\Controllers\Rekammedisirna->showDataRencanaPembedahan()
#6 /var/www/html/SIMRSHEBAT/system/CodeIgniter.php(499): CodeIgniter\CodeIgniter->runController()
#7 /var/www/html/SIMRSHEBAT/system/CodeIgniter.php(368): CodeIgniter\CodeIgniter->handleRequest()
#8 /var/www/html/SIMRSHEBAT/index.php(67): CodeIgniter\CodeIgniter->run()
#9 {main}
CRITICAL - 2024-11-13 15:05:45 --> Call to a member function getResult() on bool
in APPPATH/Controllers/Rekammedisirna.php on line 7581.
 1 SYSTEMPATH/CodeIgniter.php(934): App\Controllers\Rekammedisirna->showDataRencanaPembedahan()
 2 SYSTEMPATH/CodeIgniter.php(499): CodeIgniter\CodeIgniter->runController()
 3 SYSTEMPATH/CodeIgniter.php(368): CodeIgniter\CodeIgniter->handleRequest()
 4 FCPATH/index.php(67): CodeIgniter\CodeIgniter->run()
WARNING - 2024-11-13 15:06:30 --> [DEPRECATED] Creation of dynamic property App\Controllers\Rekammedisirna::$db is deprecated in APPPATH/Controllers/Api.php on line 8.
 1 SYSTEMPATH/CodeIgniter.php(906): App\Controllers\Api->__construct()
 2 SYSTEMPATH/CodeIgniter.php(490): CodeIgniter\CodeIgniter->createController()
 3 SYSTEMPATH/CodeIgniter.php(368): CodeIgniter\CodeIgniter->handleRequest(null, Object(Config\Cache), false)
 4 FCPATH/index.php(67): CodeIgniter\CodeIgniter->run()
WARNING - 2024-11-13 15:06:30 --> [DEPRECATED] Creation of dynamic property App\Controllers\Rekammedisirna::$simrs is deprecated in APPPATH/Controllers/Api.php on line 9.
 1 SYSTEMPATH/CodeIgniter.php(906): App\Controllers\Api->__construct()
 2 SYSTEMPATH/CodeIgniter.php(490): CodeIgniter\CodeIgniter->createController()
 3 SYSTEMPATH/CodeIgniter.php(368): CodeIgniter\CodeIgniter->handleRequest(null, Object(Config\Cache), false)
 4 FCPATH/index.php(67): CodeIgniter\CodeIgniter->run()
WARNING - 2024-11-13 15:06:30 --> [DEPRECATED] Creation of dynamic property App\Controllers\Rekammedisirna::$db is deprecated in APPPATH/Controllers/Api.php on line 8.
 1 SYSTEMPATH/CodeIgniter.php(906): App\Controllers\Api->__construct()
 2 SYSTEMPATH/CodeIgniter.php(490): CodeIgniter\CodeIgniter->createController()
 3 SYSTEMPATH/CodeIgniter.php(368): CodeIgniter\CodeIgniter->handleRequest(null, Object(Config\Cache), false)
 4 FCPATH/index.php(67): CodeIgniter\CodeIgniter->run()
WARNING - 2024-11-13 15:06:30 --> [DEPRECATED] Creation of dynamic property App\Controllers\Rekammedisirna::$simrs is deprecated in APPPATH/Controllers/Api.php on line 9.
 1 SYSTEMPATH/CodeIgniter.php(906): App\Controllers\Api->__construct()
 2 SYSTEMPATH/CodeIgniter.php(490): CodeIgniter\CodeIgniter->createController()
 3 SYSTEMPATH/CodeIgniter.php(368): CodeIgniter\CodeIgniter->handleRequest(null, Object(Config\Cache), false)
 4 FCPATH/index.php(67): CodeIgniter\CodeIgniter->run()
ERROR - 2024-11-13 15:06:30 --> ErrorException: pg_query(): Query failed: ERROR:  column &quot;id_pegawai&quot; specified in USING clause does not exist in left table in /var/www/html/SIMRSHEBAT/system/Database/Postgre/Connection.php:147
Stack trace:
#0 [internal function]: CodeIgniter\Debug\Exceptions->errorHandler()
#1 /var/www/html/SIMRSHEBAT/system/Database/Postgre/Connection.php(147): pg_query()
#2 /var/www/html/SIMRSHEBAT/system/Database/BaseConnection.php(691): CodeIgniter\Database\Postgre\Connection->execute()
#3 /var/www/html/SIMRSHEBAT/system/Database/BaseConnection.php(605): CodeIgniter\Database\BaseConnection->simpleQuery()
#4 /var/www/html/SIMRSHEBAT/app/Controllers/Rekammedisirna.php(4175): CodeIgniter\Database\BaseConnection->query()
#5 /var/www/html/SIMRSHEBAT/system/CodeIgniter.php(934): App\Controllers\Rekammedisirna->searchDokter()
#6 /var/www/html/SIMRSHEBAT/system/CodeIgniter.php(499): CodeIgniter\CodeIgniter->runController()
#7 /var/www/html/SIMRSHEBAT/system/CodeIgniter.php(368): CodeIgniter\CodeIgniter->handleRequest()
#8 /var/www/html/SIMRSHEBAT/index.php(67): CodeIgniter\CodeIgniter->run()
#9 {main}
CRITICAL - 2024-11-13 15:06:30 --> Call to a member function getResult() on bool
in APPPATH/Controllers/Rekammedisirna.php on line 4175.
 1 SYSTEMPATH/CodeIgniter.php(934): App\Controllers\Rekammedisirna->searchDokter()
 2 SYSTEMPATH/CodeIgniter.php(499): CodeIgniter\CodeIgniter->runController()
 3 SYSTEMPATH/CodeIgniter.php(368): CodeIgniter\CodeIgniter->handleRequest()
 4 FCPATH/index.php(67): CodeIgniter\CodeIgniter->run()
WARNING - 2024-11-13 15:06:30 --> [DEPRECATED] Creation of dynamic property App\Controllers\Rekammedisirna::$db is deprecated in APPPATH/Controllers/Api.php on line 8.
 1 SYSTEMPATH/CodeIgniter.php(906): App\Controllers\Api->__construct()
 2 SYSTEMPATH/CodeIgniter.php(490): CodeIgniter\CodeIgniter->createController()
 3 SYSTEMPATH/CodeIgniter.php(368): CodeIgniter\CodeIgniter->handleRequest(null, Object(Config\Cache), false)
 4 FCPATH/index.php(67): CodeIgniter\CodeIgniter->run()
WARNING - 2024-11-13 15:06:30 --> [DEPRECATED] Creation of dynamic property App\Controllers\Rekammedisirna::$simrs is deprecated in APPPATH/Controllers/Api.php on line 9.
 1 SYSTEMPATH/CodeIgniter.php(906): App\Controllers\Api->__construct()
 2 SYSTEMPATH/CodeIgniter.php(490): CodeIgniter\CodeIgniter->createController()
 3 SYSTEMPATH/CodeIgniter.php(368): CodeIgniter\CodeIgniter->handleRequest(null, Object(Config\Cache), false)
 4 FCPATH/index.php(67): CodeIgniter\CodeIgniter->run()
WARNING - 2024-11-13 15:06:30 --> [DEPRECATED] Creation of dynamic property App\Controllers\Rekammedisirna::$db is deprecated in APPPATH/Controllers/Api.php on line 8.
 1 SYSTEMPATH/CodeIgniter.php(906): App\Controllers\Api->__construct()
 2 SYSTEMPATH/CodeIgniter.php(490): CodeIgniter\CodeIgniter->createController()
 3 SYSTEMPATH/CodeIgniter.php(368): CodeIgniter\CodeIgniter->handleRequest(null, Object(Config\Cache), false)
 4 FCPATH/index.php(67): CodeIgniter\CodeIgniter->run()
WARNING - 2024-11-13 15:06:30 --> [DEPRECATED] Creation of dynamic property App\Controllers\Rekammedisirna::$simrs is deprecated in APPPATH/Controllers/Api.php on line 9.
 1 SYSTEMPATH/CodeIgniter.php(906): App\Controllers\Api->__construct()
 2 SYSTEMPATH/CodeIgniter.php(490): CodeIgniter\CodeIgniter->createController()
 3 SYSTEMPATH/CodeIgniter.php(368): CodeIgniter\CodeIgniter->handleRequest(null, Object(Config\Cache), false)
 4 FCPATH/index.php(67): CodeIgniter\CodeIgniter->run()
WARNING - 2024-11-13 15:07:34 --> [DEPRECATED] Creation of dynamic property App\Controllers\Rekammedisirna::$db is deprecated in APPPATH/Controllers/Api.php on line 8.
 1 SYSTEMPATH/CodeIgniter.php(906): App\Controllers\Api->__construct()
 2 SYSTEMPATH/CodeIgniter.php(490): CodeIgniter\CodeIgniter->createController()
 3 SYSTEMPATH/CodeIgniter.php(368): CodeIgniter\CodeIgniter->handleRequest(null, Object(Config\Cache), false)
 4 FCPATH/index.php(67): CodeIgniter\CodeIgniter->run()
WARNING - 2024-11-13 15:07:34 --> [DEPRECATED] Creation of dynamic property App\Controllers\Rekammedisirna::$simrs is deprecated in APPPATH/Controllers/Api.php on line 9.
 1 SYSTEMPATH/CodeIgniter.php(906): App\Controllers\Api->__construct()
 2 SYSTEMPATH/CodeIgniter.php(490): CodeIgniter\CodeIgniter->createController()
 3 SYSTEMPATH/CodeIgniter.php(368): CodeIgniter\CodeIgniter->handleRequest(null, Object(Config\Cache), false)
 4 FCPATH/index.php(67): CodeIgniter\CodeIgniter->run()
WARNING - 2024-11-13 15:07:34 --> [DEPRECATED] Creation of dynamic property App\Controllers\Rekammedisirna::$db is deprecated in APPPATH/Controllers/Api.php on line 8.
 1 SYSTEMPATH/CodeIgniter.php(906): App\Controllers\Api->__construct()
 2 SYSTEMPATH/CodeIgniter.php(490): CodeIgniter\CodeIgniter->createController()
 3 SYSTEMPATH/CodeIgniter.php(368): CodeIgniter\CodeIgniter->handleRequest(null, Object(Config\Cache), false)
 4 FCPATH/index.php(67): CodeIgniter\CodeIgniter->run()
WARNING - 2024-11-13 15:07:34 --> [DEPRECATED] Creation of dynamic property App\Controllers\Rekammedisirna::$simrs is deprecated in APPPATH/Controllers/Api.php on line 9.
 1 SYSTEMPATH/CodeIgniter.php(906): App\Controllers\Api->__construct()
 2 SYSTEMPATH/CodeIgniter.php(490): CodeIgniter\CodeIgniter->createController()
 3 SYSTEMPATH/CodeIgniter.php(368): CodeIgniter\CodeIgniter->handleRequest(null, Object(Config\Cache), false)
 4 FCPATH/index.php(67): CodeIgniter\CodeIgniter->run()
WARNING - 2024-11-13 15:07:34 --> [DEPRECATED] Creation of dynamic property App\Controllers\Rekammedisirna::$db is deprecated in APPPATH/Controllers/Api.php on line 8.
 1 SYSTEMPATH/CodeIgniter.php(906): App\Controllers\Api->__construct()
 2 SYSTEMPATH/CodeIgniter.php(490): CodeIgniter\CodeIgniter->createController()
 3 SYSTEMPATH/CodeIgniter.php(368): CodeIgniter\CodeIgniter->handleRequest(null, Object(Config\Cache), false)
 4 FCPATH/index.php(67): CodeIgniter\CodeIgniter->run()
WARNING - 2024-11-13 15:07:34 --> [DEPRECATED] Creation of dynamic property App\Controllers\Rekammedisirna::$simrs is deprecated in APPPATH/Controllers/Api.php on line 9.
 1 SYSTEMPATH/CodeIgniter.php(906): App\Controllers\Api->__construct()
 2 SYSTEMPATH/CodeIgniter.php(490): CodeIgniter\CodeIgniter->createController()
 3 SYSTEMPATH/CodeIgniter.php(368): CodeIgniter\CodeIgniter->handleRequest(null, Object(Config\Cache), false)
 4 FCPATH/index.php(67): CodeIgniter\CodeIgniter->run()
WARNING - 2024-11-13 15:07:35 --> [DEPRECATED] Creation of dynamic property App\Controllers\Rekammedisirja::$db is deprecated in APPPATH/Controllers/Api.php on line 8.
 1 SYSTEMPATH/CodeIgniter.php(906): App\Controllers\Api->__construct()
 2 SYSTEMPATH/CodeIgniter.php(490): CodeIgniter\CodeIgniter->createController()
 3 SYSTEMPATH/CodeIgniter.php(368): CodeIgniter\CodeIgniter->handleRequest(null, Object(Config\Cache), false)
 4 FCPATH/index.php(67): CodeIgniter\CodeIgniter->run()
WARNING - 2024-11-13 15:07:35 --> [DEPRECATED] Creation of dynamic property App\Controllers\Rekammedisirja::$simrs is deprecated in APPPATH/Controllers/Api.php on line 9.
 1 SYSTEMPATH/CodeIgniter.php(906): App\Controllers\Api->__construct()
 2 SYSTEMPATH/CodeIgniter.php(490): CodeIgniter\CodeIgniter->createController()
 3 SYSTEMPATH/CodeIgniter.php(368): CodeIgniter\CodeIgniter->handleRequest(null, Object(Config\Cache), false)
 4 FCPATH/index.php(67): CodeIgniter\CodeIgniter->run()
WARNING - 2024-11-13 15:07:35 --> [DEPRECATED] Creation of dynamic property App\Controllers\Rekammedisirja::$db is deprecated in APPPATH/Controllers/Api.php on line 8.
 1 SYSTEMPATH/CodeIgniter.php(906): App\Controllers\Api->__construct()
 2 SYSTEMPATH/CodeIgniter.php(490): CodeIgniter\CodeIgniter->createController()
 3 SYSTEMPATH/CodeIgniter.php(368): CodeIgniter\CodeIgniter->handleRequest(null, Object(Config\Cache), false)
 4 FCPATH/index.php(67): CodeIgniter\CodeIgniter->run()
WARNING - 2024-11-13 15:07:35 --> [DEPRECATED] Creation of dynamic property App\Controllers\Rekammedisirja::$simrs is deprecated in APPPATH/Controllers/Api.php on line 9.
 1 SYSTEMPATH/CodeIgniter.php(906): App\Controllers\Api->__construct()
 2 SYSTEMPATH/CodeIgniter.php(490): CodeIgniter\CodeIgniter->createController()
 3 SYSTEMPATH/CodeIgniter.php(368): CodeIgniter\CodeIgniter->handleRequest(null, Object(Config\Cache), false)
 4 FCPATH/index.php(67): CodeIgniter\CodeIgniter->run()
WARNING - 2024-11-13 15:07:35 --> [DEPRECATED] Creation of dynamic property App\Controllers\Rawatjalan::$db is deprecated in APPPATH/Controllers/Api.php on line 8.
 1 SYSTEMPATH/CodeIgniter.php(906): App\Controllers\Api->__construct()
 2 SYSTEMPATH/CodeIgniter.php(490): CodeIgniter\CodeIgniter->createController()
 3 SYSTEMPATH/CodeIgniter.php(368): CodeIgniter\CodeIgniter->handleRequest(null, Object(Config\Cache), false)
 4 FCPATH/index.php(67): CodeIgniter\CodeIgniter->run()
WARNING - 2024-11-13 15:07:35 --> [DEPRECATED] Creation of dynamic property App\Controllers\Rawatjalan::$simrs is deprecated in APPPATH/Controllers/Api.php on line 9.
 1 SYSTEMPATH/CodeIgniter.php(906): App\Controllers\Api->__construct()
 2 SYSTEMPATH/CodeIgniter.php(490): CodeIgniter\CodeIgniter->createController()
 3 SYSTEMPATH/CodeIgniter.php(368): CodeIgniter\CodeIgniter->handleRequest(null, Object(Config\Cache), false)
 4 FCPATH/index.php(67): CodeIgniter\CodeIgniter->run()
ERROR - 2024-11-13 15:07:35 --> ErrorException: pg_query(): Query failed: ERROR:  column &quot;id_kunjungan&quot; does not exist
LINE 2: ...mr_tindakan inner join icd_9 USING(kd_icd9) where id_kunjung...
                                                             ^ in /var/www/html/SIMRSHEBAT/system/Database/Postgre/Connection.php:147
Stack trace:
#0 [internal function]: CodeIgniter\Debug\Exceptions->errorHandler()
#1 /var/www/html/SIMRSHEBAT/system/Database/Postgre/Connection.php(147): pg_query()
#2 /var/www/html/SIMRSHEBAT/system/Database/BaseConnection.php(691): CodeIgniter\Database\Postgre\Connection->execute()
#3 /var/www/html/SIMRSHEBAT/app/Controllers/Rekammedisirja.php(411): CodeIgniter\Database\BaseConnection->simpleQuery()
#4 /var/www/html/SIMRSHEBAT/system/CodeIgniter.php(934): App\Controllers\Rekammedisirja->datamricd9irja()
#5 /var/www/html/SIMRSHEBAT/system/CodeIgniter.php(499): CodeIgniter\CodeIgniter->runController()
#6 /var/www/html/SIMRSHEBAT/system/CodeIgniter.php(368): CodeIgniter\CodeIgniter->handleRequest()
#7 /var/www/html/SIMRSHEBAT/index.php(67): CodeIgniter\CodeIgniter->run()
#8 {main}
ERROR - 2024-11-13 15:07:35 --> ErrorException: pg_query(): Query failed: ERROR:  column &quot;id_penyakit&quot; specified in USING clause does not exist in left table in /var/www/html/SIMRSHEBAT/system/Database/Postgre/Connection.php:147
Stack trace:
#0 [internal function]: CodeIgniter\Debug\Exceptions->errorHandler()
#1 /var/www/html/SIMRSHEBAT/system/Database/Postgre/Connection.php(147): pg_query()
#2 /var/www/html/SIMRSHEBAT/system/Database/BaseConnection.php(691): CodeIgniter\Database\Postgre\Connection->execute()
#3 /var/www/html/SIMRSHEBAT/app/Controllers/Rekammedisirja.php(453): CodeIgniter\Database\BaseConnection->simpleQuery()
#4 /var/www/html/SIMRSHEBAT/system/CodeIgniter.php(934): App\Controllers\Rekammedisirja->datamrpenyakitirja()
#5 /var/www/html/SIMRSHEBAT/system/CodeIgniter.php(499): CodeIgniter\CodeIgniter->runController()
#6 /var/www/html/SIMRSHEBAT/system/CodeIgniter.php(368): CodeIgniter\CodeIgniter->handleRequest()
#7 /var/www/html/SIMRSHEBAT/index.php(67): CodeIgniter\CodeIgniter->run()
#8 {main}
ERROR - 2024-11-13 15:07:35 --> ErrorException: pg_query(): Query failed: ERROR:  column &quot;jenis_pegawai&quot; does not exist
LINE 1: SELECT * FROM pegawai where jenis_pegawai='1'
                                    ^ in /var/www/html/SIMRSHEBAT/system/Database/Postgre/Connection.php:147
Stack trace:
#0 [internal function]: CodeIgniter\Debug\Exceptions->errorHandler()
#1 /var/www/html/SIMRSHEBAT/system/Database/Postgre/Connection.php(147): pg_query()
#2 /var/www/html/SIMRSHEBAT/system/Database/BaseConnection.php(691): CodeIgniter\Database\Postgre\Connection->execute()
#3 /var/www/html/SIMRSHEBAT/system/Database/BaseConnection.php(605): CodeIgniter\Database\BaseConnection->simpleQuery()
#4 /var/www/html/SIMRSHEBAT/app/Controllers/Rawatjalan.php(32): CodeIgniter\Database\BaseConnection->query()
#5 /var/www/html/SIMRSHEBAT/system/CodeIgniter.php(934): App\Controllers\Rawatjalan->pegawai()
#6 /var/www/html/SIMRSHEBAT/system/CodeIgniter.php(499): CodeIgniter\CodeIgniter->runController()
#7 /var/www/html/SIMRSHEBAT/system/CodeIgniter.php(368): CodeIgniter\CodeIgniter->handleRequest()
#8 /var/www/html/SIMRSHEBAT/index.php(67): CodeIgniter\CodeIgniter->run()
#9 {main}
CRITICAL - 2024-11-13 15:07:35 --> Call to a member function getResult() on bool
in APPPATH/Controllers/Rawatjalan.php on line 35.
 1 SYSTEMPATH/CodeIgniter.php(934): App\Controllers\Rawatjalan->pegawai()
 2 SYSTEMPATH/CodeIgniter.php(499): CodeIgniter\CodeIgniter->runController()
 3 SYSTEMPATH/CodeIgniter.php(368): CodeIgniter\CodeIgniter->handleRequest()
 4 FCPATH/index.php(67): CodeIgniter\CodeIgniter->run()
WARNING - 2024-11-13 15:07:35 --> [DEPRECATED] Creation of dynamic property App\Controllers\Lab::$db is deprecated in APPPATH/Controllers/Api.php on line 8.
 1 SYSTEMPATH/CodeIgniter.php(906): App\Controllers\Api->__construct()
 2 SYSTEMPATH/CodeIgniter.php(490): CodeIgniter\CodeIgniter->createController()
 3 SYSTEMPATH/CodeIgniter.php(368): CodeIgniter\CodeIgniter->handleRequest(null, Object(Config\Cache), false)
 4 FCPATH/index.php(67): CodeIgniter\CodeIgniter->run()
WARNING - 2024-11-13 15:07:35 --> [DEPRECATED] Creation of dynamic property App\Controllers\Lab::$simrs is deprecated in APPPATH/Controllers/Api.php on line 9.
 1 SYSTEMPATH/CodeIgniter.php(906): App\Controllers\Api->__construct()
 2 SYSTEMPATH/CodeIgniter.php(490): CodeIgniter\CodeIgniter->createController()
 3 SYSTEMPATH/CodeIgniter.php(368): CodeIgniter\CodeIgniter->handleRequest(null, Object(Config\Cache), false)
 4 FCPATH/index.php(67): CodeIgniter\CodeIgniter->run()
WARNING - 2024-11-13 15:07:35 --> [DEPRECATED] Creation of dynamic property App\Controllers\Lab::$db is deprecated in APPPATH/Controllers/Api.php on line 8.
 1 SYSTEMPATH/CodeIgniter.php(906): App\Controllers\Api->__construct()
 2 SYSTEMPATH/CodeIgniter.php(490): CodeIgniter\CodeIgniter->createController()
 3 SYSTEMPATH/CodeIgniter.php(368): CodeIgniter\CodeIgniter->handleRequest(null, Object(Config\Cache), false)
 4 FCPATH/index.php(67): CodeIgniter\CodeIgniter->run()
WARNING - 2024-11-13 15:07:35 --> [DEPRECATED] Creation of dynamic property App\Controllers\Lab::$simrs is deprecated in APPPATH/Controllers/Api.php on line 9.
 1 SYSTEMPATH/CodeIgniter.php(906): App\Controllers\Api->__construct()
 2 SYSTEMPATH/CodeIgniter.php(490): CodeIgniter\CodeIgniter->createController()
 3 SYSTEMPATH/CodeIgniter.php(368): CodeIgniter\CodeIgniter->handleRequest(null, Object(Config\Cache), false)
 4 FCPATH/index.php(67): CodeIgniter\CodeIgniter->run()
WARNING - 2024-11-13 15:07:35 --> [DEPRECATED] Creation of dynamic property App\Controllers\Lab::$db is deprecated in APPPATH/Controllers/Api.php on line 8.
 1 SYSTEMPATH/CodeIgniter.php(906): App\Controllers\Api->__construct()
 2 SYSTEMPATH/CodeIgniter.php(490): CodeIgniter\CodeIgniter->createController()
 3 SYSTEMPATH/CodeIgniter.php(368): CodeIgniter\CodeIgniter->handleRequest(null, Object(Config\Cache), false)
 4 FCPATH/index.php(67): CodeIgniter\CodeIgniter->run()
WARNING - 2024-11-13 15:07:35 --> [DEPRECATED] Creation of dynamic property App\Controllers\Lab::$simrs is deprecated in APPPATH/Controllers/Api.php on line 9.
 1 SYSTEMPATH/CodeIgniter.php(906): App\Controllers\Api->__construct()
 2 SYSTEMPATH/CodeIgniter.php(490): CodeIgniter\CodeIgniter->createController()
 3 SYSTEMPATH/CodeIgniter.php(368): CodeIgniter\CodeIgniter->handleRequest(null, Object(Config\Cache), false)
 4 FCPATH/index.php(67): CodeIgniter\CodeIgniter->run()
ERROR - 2024-11-13 15:07:35 --> ErrorException: pg_query(): Query failed: ERROR:  column &quot;id_jenis_produk&quot; does not exist
LINE 1: SELECT * from produk WHERE id_jenis_produk='3' 
                                   ^ in /var/www/html/SIMRSHEBAT/system/Database/Postgre/Connection.php:147
Stack trace:
#0 [internal function]: CodeIgniter\Debug\Exceptions->errorHandler()
#1 /var/www/html/SIMRSHEBAT/system/Database/Postgre/Connection.php(147): pg_query()
#2 /var/www/html/SIMRSHEBAT/system/Database/BaseConnection.php(691): CodeIgniter\Database\Postgre\Connection->execute()
#3 /var/www/html/SIMRSHEBAT/system/Database/BaseConnection.php(605): CodeIgniter\Database\BaseConnection->simpleQuery()
#4 /var/www/html/SIMRSHEBAT/app/Controllers/Lab.php(447): CodeIgniter\Database\BaseConnection->query()
#5 /var/www/html/SIMRSHEBAT/system/CodeIgniter.php(934): App\Controllers\Lab->produk()
#6 /var/www/html/SIMRSHEBAT/system/CodeIgniter.php(499): CodeIgniter\CodeIgniter->runController()
#7 /var/www/html/SIMRSHEBAT/system/CodeIgniter.php(368): CodeIgniter\CodeIgniter->handleRequest()
#8 /var/www/html/SIMRSHEBAT/index.php(67): CodeIgniter\CodeIgniter->run()
#9 {main}
ERROR - 2024-11-13 15:07:35 --> ErrorException: pg_query(): Query failed: ERROR:  function left(integer, integer) does not exist
LINE 1: SELECT * from produk WHERE left(kd_produk,2)='CT' 
                                   ^
HINT:  No function matches the given name and argument types. You might need to add explicit type casts. in /var/www/html/SIMRSHEBAT/system/Database/Postgre/Connection.php:147
Stack trace:
#0 [internal function]: CodeIgniter\Debug\Exceptions->errorHandler()
#1 /var/www/html/SIMRSHEBAT/system/Database/Postgre/Connection.php(147): pg_query()
#2 /var/www/html/SIMRSHEBAT/system/Database/BaseConnection.php(691): CodeIgniter\Database\Postgre\Connection->execute()
#3 /var/www/html/SIMRSHEBAT/system/Database/BaseConnection.php(605): CodeIgniter\Database\BaseConnection->simpleQuery()
#4 /var/www/html/SIMRSHEBAT/app/Controllers/Lab.php(465): CodeIgniter\Database\BaseConnection->query()
#5 /var/www/html/SIMRSHEBAT/system/CodeIgniter.php(934): App\Controllers\Lab->produkRad()
#6 /var/www/html/SIMRSHEBAT/system/CodeIgniter.php(499): CodeIgniter\CodeIgniter->runController()
#7 /var/www/html/SIMRSHEBAT/system/CodeIgniter.php(368): CodeIgniter\CodeIgniter->handleRequest()
#8 /var/www/html/SIMRSHEBAT/index.php(67): CodeIgniter\CodeIgniter->run()
#9 {main}
CRITICAL - 2024-11-13 15:07:35 --> Call to a member function getResult() on bool
in APPPATH/Controllers/Lab.php on line 447.
 1 SYSTEMPATH/CodeIgniter.php(934): App\Controllers\Lab->produk()
 2 SYSTEMPATH/CodeIgniter.php(499): CodeIgniter\CodeIgniter->runController()
 3 SYSTEMPATH/CodeIgniter.php(368): CodeIgniter\CodeIgniter->handleRequest()
 4 FCPATH/index.php(67): CodeIgniter\CodeIgniter->run()
CRITICAL - 2024-11-13 15:07:35 --> Call to a member function getResult() on bool
in APPPATH/Controllers/Lab.php on line 465.
 1 SYSTEMPATH/CodeIgniter.php(934): App\Controllers\Lab->produkRad()
 2 SYSTEMPATH/CodeIgniter.php(499): CodeIgniter\CodeIgniter->runController()
 3 SYSTEMPATH/CodeIgniter.php(368): CodeIgniter\CodeIgniter->handleRequest()
 4 FCPATH/index.php(67): CodeIgniter\CodeIgniter->run()
ERROR - 2024-11-13 15:07:35 --> ErrorException: pg_query(): Query failed: ERROR:  function left(integer, integer) does not exist
LINE 1: SELECT * from produk WHERE left(kd_produk,2)='XR' 
                                   ^
HINT:  No function matches the given name and argument types. You might need to add explicit type casts. in /var/www/html/SIMRSHEBAT/system/Database/Postgre/Connection.php:147
Stack trace:
#0 [internal function]: CodeIgniter\Debug\Exceptions->errorHandler()
#1 /var/www/html/SIMRSHEBAT/system/Database/Postgre/Connection.php(147): pg_query()
#2 /var/www/html/SIMRSHEBAT/system/Database/BaseConnection.php(691): CodeIgniter\Database\Postgre\Connection->execute()
#3 /var/www/html/SIMRSHEBAT/system/Database/BaseConnection.php(605): CodeIgniter\Database\BaseConnection->simpleQuery()
#4 /var/www/html/SIMRSHEBAT/app/Controllers/Lab.php(465): CodeIgniter\Database\BaseConnection->query()
#5 /var/www/html/SIMRSHEBAT/system/CodeIgniter.php(934): App\Controllers\Lab->produkRad()
#6 /var/www/html/SIMRSHEBAT/system/CodeIgniter.php(499): CodeIgniter\CodeIgniter->runController()
#7 /var/www/html/SIMRSHEBAT/system/CodeIgniter.php(368): CodeIgniter\CodeIgniter->handleRequest()
#8 /var/www/html/SIMRSHEBAT/index.php(67): CodeIgniter\CodeIgniter->run()
#9 {main}
CRITICAL - 2024-11-13 15:07:35 --> Call to a member function getResult() on bool
in APPPATH/Controllers/Lab.php on line 465.
 1 SYSTEMPATH/CodeIgniter.php(934): App\Controllers\Lab->produkRad()
 2 SYSTEMPATH/CodeIgniter.php(499): CodeIgniter\CodeIgniter->runController()
 3 SYSTEMPATH/CodeIgniter.php(368): CodeIgniter\CodeIgniter->handleRequest()
 4 FCPATH/index.php(67): CodeIgniter\CodeIgniter->run()
WARNING - 2024-11-13 15:07:35 --> [DEPRECATED] Creation of dynamic property App\Controllers\Rekammedisirna::$db is deprecated in APPPATH/Controllers/Api.php on line 8.
 1 SYSTEMPATH/CodeIgniter.php(906): App\Controllers\Api->__construct()
 2 SYSTEMPATH/CodeIgniter.php(490): CodeIgniter\CodeIgniter->createController()
 3 SYSTEMPATH/CodeIgniter.php(368): CodeIgniter\CodeIgniter->handleRequest(null, Object(Config\Cache), false)
 4 FCPATH/index.php(67): CodeIgniter\CodeIgniter->run()
WARNING - 2024-11-13 15:07:35 --> [DEPRECATED] Creation of dynamic property App\Controllers\Rekammedisirna::$simrs is deprecated in APPPATH/Controllers/Api.php on line 9.
 1 SYSTEMPATH/CodeIgniter.php(906): App\Controllers\Api->__construct()
 2 SYSTEMPATH/CodeIgniter.php(490): CodeIgniter\CodeIgniter->createController()
 3 SYSTEMPATH/CodeIgniter.php(368): CodeIgniter\CodeIgniter->handleRequest(null, Object(Config\Cache), false)
 4 FCPATH/index.php(67): CodeIgniter\CodeIgniter->run()
WARNING - 2024-11-13 15:07:35 --> [DEPRECATED] Creation of dynamic property App\Controllers\Lab::$db is deprecated in APPPATH/Controllers/Api.php on line 8.
 1 SYSTEMPATH/CodeIgniter.php(906): App\Controllers\Api->__construct()
 2 SYSTEMPATH/CodeIgniter.php(490): CodeIgniter\CodeIgniter->createController()
 3 SYSTEMPATH/CodeIgniter.php(368): CodeIgniter\CodeIgniter->handleRequest(null, Object(Config\Cache), false)
 4 FCPATH/index.php(67): CodeIgniter\CodeIgniter->run()
WARNING - 2024-11-13 15:07:35 --> [DEPRECATED] Creation of dynamic property App\Controllers\Lab::$simrs is deprecated in APPPATH/Controllers/Api.php on line 9.
 1 SYSTEMPATH/CodeIgniter.php(906): App\Controllers\Api->__construct()
 2 SYSTEMPATH/CodeIgniter.php(490): CodeIgniter\CodeIgniter->createController()
 3 SYSTEMPATH/CodeIgniter.php(368): CodeIgniter\CodeIgniter->handleRequest(null, Object(Config\Cache), false)
 4 FCPATH/index.php(67): CodeIgniter\CodeIgniter->run()
WARNING - 2024-11-13 15:07:35 --> [DEPRECATED] Creation of dynamic property App\Controllers\Kunjungan::$db is deprecated in APPPATH/Controllers/Api.php on line 8.
 1 SYSTEMPATH/CodeIgniter.php(906): App\Controllers\Api->__construct()
 2 SYSTEMPATH/CodeIgniter.php(490): CodeIgniter\CodeIgniter->createController()
 3 SYSTEMPATH/CodeIgniter.php(368): CodeIgniter\CodeIgniter->handleRequest(null, Object(Config\Cache), false)
 4 FCPATH/index.php(67): CodeIgniter\CodeIgniter->run()
WARNING - 2024-11-13 15:07:35 --> [DEPRECATED] Creation of dynamic property App\Controllers\Kunjungan::$simrs is deprecated in APPPATH/Controllers/Api.php on line 9.
 1 SYSTEMPATH/CodeIgniter.php(906): App\Controllers\Api->__construct()
 2 SYSTEMPATH/CodeIgniter.php(490): CodeIgniter\CodeIgniter->createController()
 3 SYSTEMPATH/CodeIgniter.php(368): CodeIgniter\CodeIgniter->handleRequest(null, Object(Config\Cache), false)
 4 FCPATH/index.php(67): CodeIgniter\CodeIgniter->run()
ERROR - 2024-11-13 15:07:35 --> ErrorException: pg_query(): Query failed: ERROR:  function left(integer, integer) does not exist
LINE 1: SELECT * from produk WHERE left(kd_produk,2)='UR' 
                                   ^
HINT:  No function matches the given name and argument types. You might need to add explicit type casts. in /var/www/html/SIMRSHEBAT/system/Database/Postgre/Connection.php:147
Stack trace:
#0 [internal function]: CodeIgniter\Debug\Exceptions->errorHandler()
#1 /var/www/html/SIMRSHEBAT/system/Database/Postgre/Connection.php(147): pg_query()
#2 /var/www/html/SIMRSHEBAT/system/Database/BaseConnection.php(691): CodeIgniter\Database\Postgre\Connection->execute()
#3 /var/www/html/SIMRSHEBAT/system/Database/BaseConnection.php(605): CodeIgniter\Database\BaseConnection->simpleQuery()
#4 /var/www/html/SIMRSHEBAT/app/Controllers/Lab.php(465): CodeIgniter\Database\BaseConnection->query()
#5 /var/www/html/SIMRSHEBAT/system/CodeIgniter.php(934): App\Controllers\Lab->produkRad()
#6 /var/www/html/SIMRSHEBAT/system/CodeIgniter.php(499): CodeIgniter\CodeIgniter->runController()
#7 /var/www/html/SIMRSHEBAT/system/CodeIgniter.php(368): CodeIgniter\CodeIgniter->handleRequest()
#8 /var/www/html/SIMRSHEBAT/index.php(67): CodeIgniter\CodeIgniter->run()
#9 {main}
ERROR - 2024-11-13 15:07:35 --> ErrorException: pg_query(): Query failed: ERROR:  relation &quot;order_lab&quot; does not exist
LINE 2:         order_lab o inner join
                ^ in /var/www/html/SIMRSHEBAT/system/Database/Postgre/Connection.php:147
Stack trace:
#0 [internal function]: CodeIgniter\Debug\Exceptions->errorHandler()
#1 /var/www/html/SIMRSHEBAT/system/Database/Postgre/Connection.php(147): pg_query()
#2 /var/www/html/SIMRSHEBAT/system/Database/BaseConnection.php(691): CodeIgniter\Database\Postgre\Connection->execute()
#3 /var/www/html/SIMRSHEBAT/app/Controllers/Rekammedisirna.php(878): CodeIgniter\Database\BaseConnection->simpleQuery()
#4 /var/www/html/SIMRSHEBAT/system/CodeIgniter.php(934): App\Controllers\Rekammedisirna->datapenunjangpasienirna()
#5 /var/www/html/SIMRSHEBAT/system/CodeIgniter.php(499): CodeIgniter\CodeIgniter->runController()
#6 /var/www/html/SIMRSHEBAT/system/CodeIgniter.php(368): CodeIgniter\CodeIgniter->handleRequest()
#7 /var/www/html/SIMRSHEBAT/index.php(67): CodeIgniter\CodeIgniter->run()
#8 {main}
CRITICAL - 2024-11-13 15:07:35 --> Call to a member function getResult() on bool
in APPPATH/Controllers/Lab.php on line 465.
 1 SYSTEMPATH/CodeIgniter.php(934): App\Controllers\Lab->produkRad()
 2 SYSTEMPATH/CodeIgniter.php(499): CodeIgniter\CodeIgniter->runController()
 3 SYSTEMPATH/CodeIgniter.php(368): CodeIgniter\CodeIgniter->handleRequest()
 4 FCPATH/index.php(67): CodeIgniter\CodeIgniter->run()
ERROR - 2024-11-13 15:07:35 --> ErrorException: pg_query(): Query failed: ERROR:  column &quot;id_penyakit&quot; specified in USING clause does not exist in left table in /var/www/html/SIMRSHEBAT/system/Database/Postgre/Connection.php:147
Stack trace:
#0 [internal function]: CodeIgniter\Debug\Exceptions->errorHandler()
#1 /var/www/html/SIMRSHEBAT/system/Database/Postgre/Connection.php(147): pg_query()
#2 /var/www/html/SIMRSHEBAT/system/Database/BaseConnection.php(691): CodeIgniter\Database\Postgre\Connection->execute()
#3 /var/www/html/SIMRSHEBAT/app/Controllers/Kunjungan.php(585): CodeIgniter\Database\BaseConnection->simpleQuery()
#4 /var/www/html/SIMRSHEBAT/system/CodeIgniter.php(934): App\Controllers\Kunjungan->historipenyakit()
#5 /var/www/html/SIMRSHEBAT/system/CodeIgniter.php(499): CodeIgniter\CodeIgniter->runController()
#6 /var/www/html/SIMRSHEBAT/system/CodeIgniter.php(368): CodeIgniter\CodeIgniter->handleRequest()
#7 /var/www/html/SIMRSHEBAT/index.php(67): CodeIgniter\CodeIgniter->run()
#8 {main}
WARNING - 2024-11-13 15:07:35 --> [DEPRECATED] Creation of dynamic property App\Controllers\Kunjungan::$db is deprecated in APPPATH/Controllers/Api.php on line 8.
 1 SYSTEMPATH/CodeIgniter.php(906): App\Controllers\Api->__construct()
 2 SYSTEMPATH/CodeIgniter.php(490): CodeIgniter\CodeIgniter->createController()
 3 SYSTEMPATH/CodeIgniter.php(368): CodeIgniter\CodeIgniter->handleRequest(null, Object(Config\Cache), false)
 4 FCPATH/index.php(67): CodeIgniter\CodeIgniter->run()
WARNING - 2024-11-13 15:07:35 --> [DEPRECATED] Creation of dynamic property App\Controllers\Kunjungan::$simrs is deprecated in APPPATH/Controllers/Api.php on line 9.
 1 SYSTEMPATH/CodeIgniter.php(906): App\Controllers\Api->__construct()
 2 SYSTEMPATH/CodeIgniter.php(490): CodeIgniter\CodeIgniter->createController()
 3 SYSTEMPATH/CodeIgniter.php(368): CodeIgniter\CodeIgniter->handleRequest(null, Object(Config\Cache), false)
 4 FCPATH/index.php(67): CodeIgniter\CodeIgniter->run()
WARNING - 2024-11-13 15:07:35 --> [DEPRECATED] Creation of dynamic property App\Controllers\Kunjungan::$db is deprecated in APPPATH/Controllers/Api.php on line 8.
 1 SYSTEMPATH/CodeIgniter.php(906): App\Controllers\Api->__construct()
 2 SYSTEMPATH/CodeIgniter.php(490): CodeIgniter\CodeIgniter->createController()
 3 SYSTEMPATH/CodeIgniter.php(368): CodeIgniter\CodeIgniter->handleRequest(null, Object(Config\Cache), false)
 4 FCPATH/index.php(67): CodeIgniter\CodeIgniter->run()
WARNING - 2024-11-13 15:07:35 --> [DEPRECATED] Creation of dynamic property App\Controllers\Kunjungan::$simrs is deprecated in APPPATH/Controllers/Api.php on line 9.
 1 SYSTEMPATH/CodeIgniter.php(906): App\Controllers\Api->__construct()
 2 SYSTEMPATH/CodeIgniter.php(490): CodeIgniter\CodeIgniter->createController()
 3 SYSTEMPATH/CodeIgniter.php(368): CodeIgniter\CodeIgniter->handleRequest(null, Object(Config\Cache), false)
 4 FCPATH/index.php(67): CodeIgniter\CodeIgniter->run()
ERROR - 2024-11-13 15:07:35 --> ErrorException: pg_query(): Query failed: ERROR:  relation &quot;alergi&quot; does not exist
LINE 1: SELECT * from alergi where no_rm='6-90-71-03' 
                      ^ in /var/www/html/SIMRSHEBAT/system/Database/Postgre/Connection.php:147
Stack trace:
#0 [internal function]: CodeIgniter\Debug\Exceptions->errorHandler()
#1 /var/www/html/SIMRSHEBAT/system/Database/Postgre/Connection.php(147): pg_query()
#2 /var/www/html/SIMRSHEBAT/system/Database/BaseConnection.php(691): CodeIgniter\Database\Postgre\Connection->execute()
#3 /var/www/html/SIMRSHEBAT/app/Controllers/Kunjungan.php(632): CodeIgniter\Database\BaseConnection->simpleQuery()
#4 /var/www/html/SIMRSHEBAT/system/CodeIgniter.php(934): App\Controllers\Kunjungan->historialergi()
#5 /var/www/html/SIMRSHEBAT/system/CodeIgniter.php(499): CodeIgniter\CodeIgniter->runController()
#6 /var/www/html/SIMRSHEBAT/system/CodeIgniter.php(368): CodeIgniter\CodeIgniter->handleRequest()
#7 /var/www/html/SIMRSHEBAT/index.php(67): CodeIgniter\CodeIgniter->run()
#8 {main}
WARNING - 2024-11-13 15:07:35 --> [DEPRECATED] Creation of dynamic property App\Controllers\Datasosial::$db is deprecated in APPPATH/Controllers/Api.php on line 8.
 1 SYSTEMPATH/CodeIgniter.php(906): App\Controllers\Api->__construct()
 2 SYSTEMPATH/CodeIgniter.php(490): CodeIgniter\CodeIgniter->createController()
 3 SYSTEMPATH/CodeIgniter.php(368): CodeIgniter\CodeIgniter->handleRequest(null, Object(Config\Cache), false)
 4 FCPATH/index.php(67): CodeIgniter\CodeIgniter->run()
WARNING - 2024-11-13 15:07:35 --> [DEPRECATED] Creation of dynamic property App\Controllers\Datasosial::$simrs is deprecated in APPPATH/Controllers/Api.php on line 9.
 1 SYSTEMPATH/CodeIgniter.php(906): App\Controllers\Api->__construct()
 2 SYSTEMPATH/CodeIgniter.php(490): CodeIgniter\CodeIgniter->createController()
 3 SYSTEMPATH/CodeIgniter.php(368): CodeIgniter\CodeIgniter->handleRequest(null, Object(Config\Cache), false)
 4 FCPATH/index.php(67): CodeIgniter\CodeIgniter->run()
ERROR - 2024-11-13 15:07:35 --> ErrorException: pg_query(): Query failed: ERROR:  column &quot;id_penyakit&quot; specified in USING clause does not exist in left table in /var/www/html/SIMRSHEBAT/system/Database/Postgre/Connection.php:147
Stack trace:
#0 [internal function]: CodeIgniter\Debug\Exceptions->errorHandler()
#1 /var/www/html/SIMRSHEBAT/system/Database/Postgre/Connection.php(147): pg_query()
#2 /var/www/html/SIMRSHEBAT/system/Database/BaseConnection.php(691): CodeIgniter\Database\Postgre\Connection->execute()
#3 /var/www/html/SIMRSHEBAT/app/Controllers/Kunjungan.php(617): CodeIgniter\Database\BaseConnection->simpleQuery()
#4 /var/www/html/SIMRSHEBAT/system/CodeIgniter.php(934): App\Controllers\Kunjungan->historipenyakitkeluarga()
#5 /var/www/html/SIMRSHEBAT/system/CodeIgniter.php(499): CodeIgniter\CodeIgniter->runController()
#6 /var/www/html/SIMRSHEBAT/system/CodeIgniter.php(368): CodeIgniter\CodeIgniter->handleRequest()
#7 /var/www/html/SIMRSHEBAT/index.php(67): CodeIgniter\CodeIgniter->run()
#8 {main}
WARNING - 2024-11-13 15:07:35 --> [DEPRECATED] Creation of dynamic property App\Controllers\Datasosial::$db is deprecated in APPPATH/Controllers/Api.php on line 8.
 1 SYSTEMPATH/CodeIgniter.php(906): App\Controllers\Api->__construct()
 2 SYSTEMPATH/CodeIgniter.php(490): CodeIgniter\CodeIgniter->createController()
 3 SYSTEMPATH/CodeIgniter.php(368): CodeIgniter\CodeIgniter->handleRequest(null, Object(Config\Cache), false)
 4 FCPATH/index.php(67): CodeIgniter\CodeIgniter->run()
WARNING - 2024-11-13 15:07:35 --> [DEPRECATED] Creation of dynamic property App\Controllers\Datasosial::$simrs is deprecated in APPPATH/Controllers/Api.php on line 9.
 1 SYSTEMPATH/CodeIgniter.php(906): App\Controllers\Api->__construct()
 2 SYSTEMPATH/CodeIgniter.php(490): CodeIgniter\CodeIgniter->createController()
 3 SYSTEMPATH/CodeIgniter.php(368): CodeIgniter\CodeIgniter->handleRequest(null, Object(Config\Cache), false)
 4 FCPATH/index.php(67): CodeIgniter\CodeIgniter->run()
WARNING - 2024-11-13 15:07:50 --> [DEPRECATED] Creation of dynamic property App\Controllers\Rekammedisirna::$db is deprecated in APPPATH/Controllers/Api.php on line 8.
 1 SYSTEMPATH/CodeIgniter.php(906): App\Controllers\Api->__construct()
 2 SYSTEMPATH/CodeIgniter.php(490): CodeIgniter\CodeIgniter->createController()
 3 SYSTEMPATH/CodeIgniter.php(368): CodeIgniter\CodeIgniter->handleRequest(null, Object(Config\Cache), false)
 4 FCPATH/index.php(67): CodeIgniter\CodeIgniter->run()
WARNING - 2024-11-13 15:07:50 --> [DEPRECATED] Creation of dynamic property App\Controllers\Rekammedisirna::$simrs is deprecated in APPPATH/Controllers/Api.php on line 9.
 1 SYSTEMPATH/CodeIgniter.php(906): App\Controllers\Api->__construct()
 2 SYSTEMPATH/CodeIgniter.php(490): CodeIgniter\CodeIgniter->createController()
 3 SYSTEMPATH/CodeIgniter.php(368): CodeIgniter\CodeIgniter->handleRequest(null, Object(Config\Cache), false)
 4 FCPATH/index.php(67): CodeIgniter\CodeIgniter->run()
CRITICAL - 2024-11-13 15:07:50 --> Undefined property: stdClass::$norm
in APPPATH/Controllers/Rekammedisirna.php on line 1035.
 1 APPPATH/Controllers/Rekammedisirna.php(1035): CodeIgniter\Debug\Exceptions->errorHandler()
 2 SYSTEMPATH/CodeIgniter.php(934): App\Controllers\Rekammedisirna->viewtandavital()
 3 SYSTEMPATH/CodeIgniter.php(499): CodeIgniter\CodeIgniter->runController()
 4 SYSTEMPATH/CodeIgniter.php(368): CodeIgniter\CodeIgniter->handleRequest()
 5 FCPATH/index.php(67): CodeIgniter\CodeIgniter->run()
WARNING - 2024-11-13 15:07:53 --> [DEPRECATED] Creation of dynamic property App\Controllers\Rekammedisirja::$db is deprecated in APPPATH/Controllers/Api.php on line 8.
 1 SYSTEMPATH/CodeIgniter.php(906): App\Controllers\Api->__construct()
 2 SYSTEMPATH/CodeIgniter.php(490): CodeIgniter\CodeIgniter->createController()
 3 SYSTEMPATH/CodeIgniter.php(368): CodeIgniter\CodeIgniter->handleRequest(null, Object(Config\Cache), false)
 4 FCPATH/index.php(67): CodeIgniter\CodeIgniter->run()
WARNING - 2024-11-13 15:07:53 --> [DEPRECATED] Creation of dynamic property App\Controllers\Rekammedisirja::$simrs is deprecated in APPPATH/Controllers/Api.php on line 9.
 1 SYSTEMPATH/CodeIgniter.php(906): App\Controllers\Api->__construct()
 2 SYSTEMPATH/CodeIgniter.php(490): CodeIgniter\CodeIgniter->createController()
 3 SYSTEMPATH/CodeIgniter.php(368): CodeIgniter\CodeIgniter->handleRequest(null, Object(Config\Cache), false)
 4 FCPATH/index.php(67): CodeIgniter\CodeIgniter->run()
ERROR - 2024-11-13 15:07:53 --> ErrorException: pg_query(): Query failed: ERROR:  column kun.id_transaksi does not exist
LINE 5:             JOIN transaksi tra ON kun.id_transaksi = tra.id_...
                                          ^ in /var/www/html/SIMRSHEBAT/system/Database/Postgre/Connection.php:147
Stack trace:
#0 [internal function]: CodeIgniter\Debug\Exceptions->errorHandler()
#1 /var/www/html/SIMRSHEBAT/system/Database/Postgre/Connection.php(147): pg_query()
#2 /var/www/html/SIMRSHEBAT/system/Database/BaseConnection.php(691): CodeIgniter\Database\Postgre\Connection->execute()
#3 /var/www/html/SIMRSHEBAT/app/Controllers/Rekammedisirja.php(2037): CodeIgniter\Database\BaseConnection->simpleQuery()
#4 /var/www/html/SIMRSHEBAT/system/CodeIgniter.php(934): App\Controllers\Rekammedisirja->datakunjunganhistorirm()
#5 /var/www/html/SIMRSHEBAT/system/CodeIgniter.php(499): CodeIgniter\CodeIgniter->runController()
#6 /var/www/html/SIMRSHEBAT/system/CodeIgniter.php(368): CodeIgniter\CodeIgniter->handleRequest()
#7 /var/www/html/SIMRSHEBAT/index.php(67): CodeIgniter\CodeIgniter->run()
#8 {main}
WARNING - 2024-11-13 15:07:57 --> [DEPRECATED] Creation of dynamic property App\Controllers\Rekammedisirna::$db is deprecated in APPPATH/Controllers/Api.php on line 8.
 1 SYSTEMPATH/CodeIgniter.php(906): App\Controllers\Api->__construct()
 2 SYSTEMPATH/CodeIgniter.php(490): CodeIgniter\CodeIgniter->createController()
 3 SYSTEMPATH/CodeIgniter.php(368): CodeIgniter\CodeIgniter->handleRequest(null, Object(Config\Cache), false)
 4 FCPATH/index.php(67): CodeIgniter\CodeIgniter->run()
WARNING - 2024-11-13 15:07:57 --> [DEPRECATED] Creation of dynamic property App\Controllers\Rekammedisirna::$simrs is deprecated in APPPATH/Controllers/Api.php on line 9.
 1 SYSTEMPATH/CodeIgniter.php(906): App\Controllers\Api->__construct()
 2 SYSTEMPATH/CodeIgniter.php(490): CodeIgniter\CodeIgniter->createController()
 3 SYSTEMPATH/CodeIgniter.php(368): CodeIgniter\CodeIgniter->handleRequest(null, Object(Config\Cache), false)
 4 FCPATH/index.php(67): CodeIgniter\CodeIgniter->run()
CRITICAL - 2024-11-13 15:07:57 --> Undefined property: stdClass::$norm
in APPPATH/Controllers/Rekammedisirna.php on line 1035.
 1 APPPATH/Controllers/Rekammedisirna.php(1035): CodeIgniter\Debug\Exceptions->errorHandler()
 2 SYSTEMPATH/CodeIgniter.php(934): App\Controllers\Rekammedisirna->viewtandavital()
 3 SYSTEMPATH/CodeIgniter.php(499): CodeIgniter\CodeIgniter->runController()
 4 SYSTEMPATH/CodeIgniter.php(368): CodeIgniter\CodeIgniter->handleRequest()
 5 FCPATH/index.php(67): CodeIgniter\CodeIgniter->run()
WARNING - 2024-11-13 15:08:26 --> [DEPRECATED] Creation of dynamic property App\Controllers\Kunjungan::$db is deprecated in APPPATH/Controllers/Api.php on line 8.
 1 SYSTEMPATH/CodeIgniter.php(906): App\Controllers\Api->__construct()
 2 SYSTEMPATH/CodeIgniter.php(490): CodeIgniter\CodeIgniter->createController()
 3 SYSTEMPATH/CodeIgniter.php(368): CodeIgniter\CodeIgniter->handleRequest(null, Object(Config\Cache), false)
 4 FCPATH/index.php(67): CodeIgniter\CodeIgniter->run()
WARNING - 2024-11-13 15:08:26 --> [DEPRECATED] Creation of dynamic property App\Controllers\Kunjungan::$simrs is deprecated in APPPATH/Controllers/Api.php on line 9.
 1 SYSTEMPATH/CodeIgniter.php(906): App\Controllers\Api->__construct()
 2 SYSTEMPATH/CodeIgniter.php(490): CodeIgniter\CodeIgniter->createController()
 3 SYSTEMPATH/CodeIgniter.php(368): CodeIgniter\CodeIgniter->handleRequest(null, Object(Config\Cache), false)
 4 FCPATH/index.php(67): CodeIgniter\CodeIgniter->run()
WARNING - 2024-11-13 15:08:34 --> [DEPRECATED] Creation of dynamic property App\Controllers\Kunjungan::$db is deprecated in APPPATH/Controllers/Api.php on line 8.
 1 SYSTEMPATH/CodeIgniter.php(906): App\Controllers\Api->__construct()
 2 SYSTEMPATH/CodeIgniter.php(490): CodeIgniter\CodeIgniter->createController()
 3 SYSTEMPATH/CodeIgniter.php(368): CodeIgniter\CodeIgniter->handleRequest(null, Object(Config\Cache), false)
 4 FCPATH/index.php(67): CodeIgniter\CodeIgniter->run()
WARNING - 2024-11-13 15:08:34 --> [DEPRECATED] Creation of dynamic property App\Controllers\Kunjungan::$simrs is deprecated in APPPATH/Controllers/Api.php on line 9.
 1 SYSTEMPATH/CodeIgniter.php(906): App\Controllers\Api->__construct()
 2 SYSTEMPATH/CodeIgniter.php(490): CodeIgniter\CodeIgniter->createController()
 3 SYSTEMPATH/CodeIgniter.php(368): CodeIgniter\CodeIgniter->handleRequest(null, Object(Config\Cache), false)
 4 FCPATH/index.php(67): CodeIgniter\CodeIgniter->run()
WARNING - 2024-11-13 15:09:04 --> [DEPRECATED] Creation of dynamic property App\Controllers\Rekammedisirja::$db is deprecated in APPPATH/Controllers/Api.php on line 8.
 1 SYSTEMPATH/CodeIgniter.php(906): App\Controllers\Api->__construct()
 2 SYSTEMPATH/CodeIgniter.php(490): CodeIgniter\CodeIgniter->createController()
 3 SYSTEMPATH/CodeIgniter.php(368): CodeIgniter\CodeIgniter->handleRequest(null, Object(Config\Cache), false)
 4 FCPATH/index.php(67): CodeIgniter\CodeIgniter->run()
WARNING - 2024-11-13 15:09:04 --> [DEPRECATED] Creation of dynamic property App\Controllers\Rekammedisirja::$simrs is deprecated in APPPATH/Controllers/Api.php on line 9.
 1 SYSTEMPATH/CodeIgniter.php(906): App\Controllers\Api->__construct()
 2 SYSTEMPATH/CodeIgniter.php(490): CodeIgniter\CodeIgniter->createController()
 3 SYSTEMPATH/CodeIgniter.php(368): CodeIgniter\CodeIgniter->handleRequest(null, Object(Config\Cache), false)
 4 FCPATH/index.php(67): CodeIgniter\CodeIgniter->run()
ERROR - 2024-11-13 15:09:04 --> ErrorException: pg_query(): Query failed: ERROR:  relation &quot;mr_diagnosa_perawat&quot; does not exist
LINE 1: SELECT * FROM mr_diagnosa_perawat WHERE id_kunjungan = '0'  
                      ^ in /var/www/html/SIMRSHEBAT/system/Database/Postgre/Connection.php:147
Stack trace:
#0 [internal function]: CodeIgniter\Debug\Exceptions->errorHandler()
#1 /var/www/html/SIMRSHEBAT/system/Database/Postgre/Connection.php(147): pg_query()
#2 /var/www/html/SIMRSHEBAT/system/Database/BaseConnection.php(691): CodeIgniter\Database\Postgre\Connection->execute()
#3 /var/www/html/SIMRSHEBAT/system/Database/BaseConnection.php(605): CodeIgniter\Database\BaseConnection->simpleQuery()
#4 /var/www/html/SIMRSHEBAT/app/Controllers/Rekammedisirja.php(2230): CodeIgniter\Database\BaseConnection->query()
#5 /var/www/html/SIMRSHEBAT/system/CodeIgniter.php(934): App\Controllers\Rekammedisirja->adddiagperawat()
#6 /var/www/html/SIMRSHEBAT/system/CodeIgniter.php(499): CodeIgniter\CodeIgniter->runController()
#7 /var/www/html/SIMRSHEBAT/system/CodeIgniter.php(368): CodeIgniter\CodeIgniter->handleRequest()
#8 /var/www/html/SIMRSHEBAT/index.php(67): CodeIgniter\CodeIgniter->run()
#9 {main}
CRITICAL - 2024-11-13 15:09:04 --> Call to a member function getNumRows() on bool
in APPPATH/Controllers/Rekammedisirja.php on line 2231.
 1 SYSTEMPATH/CodeIgniter.php(934): App\Controllers\Rekammedisirja->adddiagperawat()
 2 SYSTEMPATH/CodeIgniter.php(499): CodeIgniter\CodeIgniter->runController()
 3 SYSTEMPATH/CodeIgniter.php(368): CodeIgniter\CodeIgniter->handleRequest()
 4 FCPATH/index.php(67): CodeIgniter\CodeIgniter->run()
WARNING - 2024-11-13 15:09:05 --> [DEPRECATED] Creation of dynamic property App\Controllers\Rekammedisirja::$db is deprecated in APPPATH/Controllers/Api.php on line 8.
 1 SYSTEMPATH/CodeIgniter.php(906): App\Controllers\Api->__construct()
 2 SYSTEMPATH/CodeIgniter.php(490): CodeIgniter\CodeIgniter->createController()
 3 SYSTEMPATH/CodeIgniter.php(368): CodeIgniter\CodeIgniter->handleRequest(null, Object(Config\Cache), false)
 4 FCPATH/index.php(67): CodeIgniter\CodeIgniter->run()
WARNING - 2024-11-13 15:09:05 --> [DEPRECATED] Creation of dynamic property App\Controllers\Rekammedisirja::$simrs is deprecated in APPPATH/Controllers/Api.php on line 9.
 1 SYSTEMPATH/CodeIgniter.php(906): App\Controllers\Api->__construct()
 2 SYSTEMPATH/CodeIgniter.php(490): CodeIgniter\CodeIgniter->createController()
 3 SYSTEMPATH/CodeIgniter.php(368): CodeIgniter\CodeIgniter->handleRequest(null, Object(Config\Cache), false)
 4 FCPATH/index.php(67): CodeIgniter\CodeIgniter->run()
ERROR - 2024-11-13 15:09:05 --> ErrorException: pg_query(): Query failed: ERROR:  relation &quot;mr_diagnosa_perawat&quot; does not exist
LINE 1: SELECT diagnosa from mr_diagnosa_perawat where id_kunjungan=...
                             ^ in /var/www/html/SIMRSHEBAT/system/Database/Postgre/Connection.php:147
Stack trace:
#0 [internal function]: CodeIgniter\Debug\Exceptions->errorHandler()
#1 /var/www/html/SIMRSHEBAT/system/Database/Postgre/Connection.php(147): pg_query()
#2 /var/www/html/SIMRSHEBAT/system/Database/BaseConnection.php(691): CodeIgniter\Database\Postgre\Connection->execute()
#3 /var/www/html/SIMRSHEBAT/system/Database/BaseConnection.php(605): CodeIgniter\Database\BaseConnection->simpleQuery()
#4 /var/www/html/SIMRSHEBAT/app/Controllers/Rekammedisirja.php(2143): CodeIgniter\Database\BaseConnection->query()
#5 /var/www/html/SIMRSHEBAT/system/CodeIgniter.php(934): App\Controllers\Rekammedisirja->ReviewDiagnosaPerawat()
#6 /var/www/html/SIMRSHEBAT/system/CodeIgniter.php(499): CodeIgniter\CodeIgniter->runController()
#7 /var/www/html/SIMRSHEBAT/system/CodeIgniter.php(368): CodeIgniter\CodeIgniter->handleRequest()
#8 /var/www/html/SIMRSHEBAT/index.php(67): CodeIgniter\CodeIgniter->run()
#9 {main}
CRITICAL - 2024-11-13 15:09:05 --> Call to a member function getRow() on bool
in APPPATH/Controllers/Rekammedisirja.php on line 2143.
 1 SYSTEMPATH/CodeIgniter.php(934): App\Controllers\Rekammedisirja->ReviewDiagnosaPerawat()
 2 SYSTEMPATH/CodeIgniter.php(499): CodeIgniter\CodeIgniter->runController()
 3 SYSTEMPATH/CodeIgniter.php(368): CodeIgniter\CodeIgniter->handleRequest()
 4 FCPATH/index.php(67): CodeIgniter\CodeIgniter->run()
WARNING - 2024-11-13 15:09:58 --> [DEPRECATED] Creation of dynamic property App\Controllers\Kunjungan::$db is deprecated in APPPATH/Controllers/Api.php on line 8.
 1 SYSTEMPATH/CodeIgniter.php(906): App\Controllers\Api->__construct()
 2 SYSTEMPATH/CodeIgniter.php(490): CodeIgniter\CodeIgniter->createController()
 3 SYSTEMPATH/CodeIgniter.php(368): CodeIgniter\CodeIgniter->handleRequest(null, Object(Config\Cache), false)
 4 FCPATH/index.php(67): CodeIgniter\CodeIgniter->run()
WARNING - 2024-11-13 15:09:58 --> [DEPRECATED] Creation of dynamic property App\Controllers\Kunjungan::$db is deprecated in APPPATH/Controllers/Api.php on line 8.
 1 SYSTEMPATH/CodeIgniter.php(906): App\Controllers\Api->__construct()
 2 SYSTEMPATH/CodeIgniter.php(490): CodeIgniter\CodeIgniter->createController()
 3 SYSTEMPATH/CodeIgniter.php(368): CodeIgniter\CodeIgniter->handleRequest(null, Object(Config\Cache), false)
 4 FCPATH/index.php(67): CodeIgniter\CodeIgniter->run()
WARNING - 2024-11-13 15:09:58 --> [DEPRECATED] Creation of dynamic property App\Controllers\Kunjungan::$db is deprecated in APPPATH/Controllers/Api.php on line 8.
 1 SYSTEMPATH/CodeIgniter.php(906): App\Controllers\Api->__construct()
 2 SYSTEMPATH/CodeIgniter.php(490): CodeIgniter\CodeIgniter->createController()
 3 SYSTEMPATH/CodeIgniter.php(368): CodeIgniter\CodeIgniter->handleRequest(null, Object(Config\Cache), false)
 4 FCPATH/index.php(67): CodeIgniter\CodeIgniter->run()
WARNING - 2024-11-13 15:09:58 --> [DEPRECATED] Creation of dynamic property App\Controllers\Kunjungan::$simrs is deprecated in APPPATH/Controllers/Api.php on line 9.
 1 SYSTEMPATH/CodeIgniter.php(906): App\Controllers\Api->__construct()
 2 SYSTEMPATH/CodeIgniter.php(490): CodeIgniter\CodeIgniter->createController()
 3 SYSTEMPATH/CodeIgniter.php(368): CodeIgniter\CodeIgniter->handleRequest(null, Object(Config\Cache), false)
 4 FCPATH/index.php(67): CodeIgniter\CodeIgniter->run()
WARNING - 2024-11-13 15:09:58 --> [DEPRECATED] Creation of dynamic property App\Controllers\Kunjungan::$simrs is deprecated in APPPATH/Controllers/Api.php on line 9.
 1 SYSTEMPATH/CodeIgniter.php(906): App\Controllers\Api->__construct()
 2 SYSTEMPATH/CodeIgniter.php(490): CodeIgniter\CodeIgniter->createController()
 3 SYSTEMPATH/CodeIgniter.php(368): CodeIgniter\CodeIgniter->handleRequest(null, Object(Config\Cache), false)
 4 FCPATH/index.php(67): CodeIgniter\CodeIgniter->run()
WARNING - 2024-11-13 15:09:58 --> [DEPRECATED] Creation of dynamic property App\Controllers\Kunjungan::$simrs is deprecated in APPPATH/Controllers/Api.php on line 9.
 1 SYSTEMPATH/CodeIgniter.php(906): App\Controllers\Api->__construct()
 2 SYSTEMPATH/CodeIgniter.php(490): CodeIgniter\CodeIgniter->createController()
 3 SYSTEMPATH/CodeIgniter.php(368): CodeIgniter\CodeIgniter->handleRequest(null, Object(Config\Cache), false)
 4 FCPATH/index.php(67): CodeIgniter\CodeIgniter->run()
ERROR - 2024-11-13 15:09:58 --> ErrorException: pg_query(): Query failed: ERROR:  relation &quot;cara_masuk&quot; does not exist
LINE 1: SELECT * FROM cara_masuk
                      ^ in /var/www/html/SIMRSHEBAT/system/Database/Postgre/Connection.php:147
Stack trace:
#0 [internal function]: CodeIgniter\Debug\Exceptions->errorHandler()
#1 /var/www/html/SIMRSHEBAT/system/Database/Postgre/Connection.php(147): pg_query()
#2 /var/www/html/SIMRSHEBAT/system/Database/BaseConnection.php(691): CodeIgniter\Database\Postgre\Connection->execute()
#3 /var/www/html/SIMRSHEBAT/system/Database/BaseConnection.php(605): CodeIgniter\Database\BaseConnection->simpleQuery()
#4 /var/www/html/SIMRSHEBAT/app/Controllers/Kunjungan.php(1782): CodeIgniter\Database\BaseConnection->query()
#5 /var/www/html/SIMRSHEBAT/system/CodeIgniter.php(934): App\Controllers\Kunjungan->caramasuk()
#6 /var/www/html/SIMRSHEBAT/system/CodeIgniter.php(499): CodeIgniter\CodeIgniter->runController()
#7 /var/www/html/SIMRSHEBAT/system/CodeIgniter.php(368): CodeIgniter\CodeIgniter->handleRequest()
#8 /var/www/html/SIMRSHEBAT/index.php(67): CodeIgniter\CodeIgniter->run()
#9 {main}
CRITICAL - 2024-11-13 15:09:58 --> Call to a member function getResult() on bool
in APPPATH/Controllers/Kunjungan.php on line 1784.
 1 SYSTEMPATH/CodeIgniter.php(934): App\Controllers\Kunjungan->caramasuk()
 2 SYSTEMPATH/CodeIgniter.php(499): CodeIgniter\CodeIgniter->runController()
 3 SYSTEMPATH/CodeIgniter.php(368): CodeIgniter\CodeIgniter->handleRequest()
 4 FCPATH/index.php(67): CodeIgniter\CodeIgniter->run()
ERROR - 2024-11-13 15:09:58 --> ErrorException: pg_query(): Query failed: ERROR:  relation &quot;keadaan_keluar&quot; does not exist
LINE 1: SELECT * FROM keadaan_keluar
                      ^ in /var/www/html/SIMRSHEBAT/system/Database/Postgre/Connection.php:147
Stack trace:
#0 [internal function]: CodeIgniter\Debug\Exceptions->errorHandler()
#1 /var/www/html/SIMRSHEBAT/system/Database/Postgre/Connection.php(147): pg_query()
#2 /var/www/html/SIMRSHEBAT/system/Database/BaseConnection.php(691): CodeIgniter\Database\Postgre\Connection->execute()
#3 /var/www/html/SIMRSHEBAT/system/Database/BaseConnection.php(605): CodeIgniter\Database\BaseConnection->simpleQuery()
#4 /var/www/html/SIMRSHEBAT/app/Controllers/Kunjungan.php(1798): CodeIgniter\Database\BaseConnection->query()
#5 /var/www/html/SIMRSHEBAT/system/CodeIgniter.php(934): App\Controllers\Kunjungan->keadaanumum()
#6 /var/www/html/SIMRSHEBAT/system/CodeIgniter.php(499): CodeIgniter\CodeIgniter->runController()
#7 /var/www/html/SIMRSHEBAT/system/CodeIgniter.php(368): CodeIgniter\CodeIgniter->handleRequest()
#8 /var/www/html/SIMRSHEBAT/index.php(67): CodeIgniter\CodeIgniter->run()
#9 {main}
CRITICAL - 2024-11-13 15:09:58 --> Call to a member function getResult() on bool
in APPPATH/Controllers/Kunjungan.php on line 1800.
 1 SYSTEMPATH/CodeIgniter.php(934): App\Controllers\Kunjungan->keadaanumum()
 2 SYSTEMPATH/CodeIgniter.php(499): CodeIgniter\CodeIgniter->runController()
 3 SYSTEMPATH/CodeIgniter.php(368): CodeIgniter\CodeIgniter->handleRequest()
 4 FCPATH/index.php(67): CodeIgniter\CodeIgniter->run()
WARNING - 2024-11-13 15:09:58 --> [DEPRECATED] Creation of dynamic property App\Controllers\Rekammedisirna::$db is deprecated in APPPATH/Controllers/Api.php on line 8.
 1 SYSTEMPATH/CodeIgniter.php(906): App\Controllers\Api->__construct()
 2 SYSTEMPATH/CodeIgniter.php(490): CodeIgniter\CodeIgniter->createController()
 3 SYSTEMPATH/CodeIgniter.php(368): CodeIgniter\CodeIgniter->handleRequest(null, Object(Config\Cache), false)
 4 FCPATH/index.php(67): CodeIgniter\CodeIgniter->run()
WARNING - 2024-11-13 15:09:58 --> [DEPRECATED] Creation of dynamic property App\Controllers\Rekammedisirna::$simrs is deprecated in APPPATH/Controllers/Api.php on line 9.
 1 SYSTEMPATH/CodeIgniter.php(906): App\Controllers\Api->__construct()
 2 SYSTEMPATH/CodeIgniter.php(490): CodeIgniter\CodeIgniter->createController()
 3 SYSTEMPATH/CodeIgniter.php(368): CodeIgniter\CodeIgniter->handleRequest(null, Object(Config\Cache), false)
 4 FCPATH/index.php(67): CodeIgniter\CodeIgniter->run()
WARNING - 2024-11-13 15:09:58 --> [DEPRECATED] Creation of dynamic property App\Controllers\Rekammedisirja::$db is deprecated in APPPATH/Controllers/Api.php on line 8.
 1 SYSTEMPATH/CodeIgniter.php(906): App\Controllers\Api->__construct()
 2 SYSTEMPATH/CodeIgniter.php(490): CodeIgniter\CodeIgniter->createController()
 3 SYSTEMPATH/CodeIgniter.php(368): CodeIgniter\CodeIgniter->handleRequest(null, Object(Config\Cache), false)
 4 FCPATH/index.php(67): CodeIgniter\CodeIgniter->run()
WARNING - 2024-11-13 15:09:58 --> [DEPRECATED] Creation of dynamic property App\Controllers\Rekammedisirja::$simrs is deprecated in APPPATH/Controllers/Api.php on line 9.
 1 SYSTEMPATH/CodeIgniter.php(906): App\Controllers\Api->__construct()
 2 SYSTEMPATH/CodeIgniter.php(490): CodeIgniter\CodeIgniter->createController()
 3 SYSTEMPATH/CodeIgniter.php(368): CodeIgniter\CodeIgniter->handleRequest(null, Object(Config\Cache), false)
 4 FCPATH/index.php(67): CodeIgniter\CodeIgniter->run()
WARNING - 2024-11-13 15:09:58 --> [DEPRECATED] Creation of dynamic property App\Controllers\Rekammedisirja::$db is deprecated in APPPATH/Controllers/Api.php on line 8.
 1 SYSTEMPATH/CodeIgniter.php(906): App\Controllers\Api->__construct()
 2 SYSTEMPATH/CodeIgniter.php(490): CodeIgniter\CodeIgniter->createController()
 3 SYSTEMPATH/CodeIgniter.php(368): CodeIgniter\CodeIgniter->handleRequest(null, Object(Config\Cache), false)
 4 FCPATH/index.php(67): CodeIgniter\CodeIgniter->run()
WARNING - 2024-11-13 15:09:58 --> [DEPRECATED] Creation of dynamic property App\Controllers\Rekammedisirja::$simrs is deprecated in APPPATH/Controllers/Api.php on line 9.
 1 SYSTEMPATH/CodeIgniter.php(906): App\Controllers\Api->__construct()
 2 SYSTEMPATH/CodeIgniter.php(490): CodeIgniter\CodeIgniter->createController()
 3 SYSTEMPATH/CodeIgniter.php(368): CodeIgniter\CodeIgniter->handleRequest(null, Object(Config\Cache), false)
 4 FCPATH/index.php(67): CodeIgniter\CodeIgniter->run()
ERROR - 2024-11-13 15:09:58 --> ErrorException: pg_query(): Query failed: ERROR:  relation &quot;soap_pasien&quot; does not exist
LINE 1: SELECT * FROM soap_pasien s inner join pegawai p on p.id_peg...
                      ^ in /var/www/html/SIMRSHEBAT/system/Database/Postgre/Connection.php:147
Stack trace:
#0 [internal function]: CodeIgniter\Debug\Exceptions->errorHandler()
#1 /var/www/html/SIMRSHEBAT/system/Database/Postgre/Connection.php(147): pg_query()
#2 /var/www/html/SIMRSHEBAT/system/Database/BaseConnection.php(691): CodeIgniter\Database\Postgre\Connection->execute()
#3 /var/www/html/SIMRSHEBAT/app/Controllers/Rekammedisirja.php(194): CodeIgniter\Database\BaseConnection->simpleQuery()
#4 /var/www/html/SIMRSHEBAT/system/CodeIgniter.php(934): App\Controllers\Rekammedisirja->datakunjunganhistorirmsoapiresume()
#5 /var/www/html/SIMRSHEBAT/system/CodeIgniter.php(499): CodeIgniter\CodeIgniter->runController()
#6 /var/www/html/SIMRSHEBAT/system/CodeIgniter.php(368): CodeIgniter\CodeIgniter->handleRequest()
#7 /var/www/html/SIMRSHEBAT/index.php(67): CodeIgniter\CodeIgniter->run()
#8 {main}
ERROR - 2024-11-13 15:09:58 --> ErrorException: pg_query(): Query failed: ERROR:  column &quot;id_kunjungan&quot; specified in USING clause does not exist in right table in /var/www/html/SIMRSHEBAT/system/Database/Postgre/Connection.php:147
Stack trace:
#0 [internal function]: CodeIgniter\Debug\Exceptions->errorHandler()
#1 /var/www/html/SIMRSHEBAT/system/Database/Postgre/Connection.php(147): pg_query()
#2 /var/www/html/SIMRSHEBAT/system/Database/BaseConnection.php(691): CodeIgniter\Database\Postgre\Connection->execute()
#3 /var/www/html/SIMRSHEBAT/system/Database/BaseConnection.php(605): CodeIgniter\Database\BaseConnection->simpleQuery()
#4 /var/www/html/SIMRSHEBAT/app/Controllers/Rekammedisirja.php(275): CodeIgniter\Database\BaseConnection->query()
#5 /var/www/html/SIMRSHEBAT/system/CodeIgniter.php(934): App\Controllers\Rekammedisirja->ReviewAssesmenMedisIrjaresume()
#6 /var/www/html/SIMRSHEBAT/system/CodeIgniter.php(499): CodeIgniter\CodeIgniter->runController()
#7 /var/www/html/SIMRSHEBAT/system/CodeIgniter.php(368): CodeIgniter\CodeIgniter->handleRequest()
#8 /var/www/html/SIMRSHEBAT/index.php(67): CodeIgniter\CodeIgniter->run()
#9 {main}
CRITICAL - 2024-11-13 15:09:58 --> Call to a member function getRow() on bool
in APPPATH/Controllers/Rekammedisirja.php on line 275.
 1 SYSTEMPATH/CodeIgniter.php(934): App\Controllers\Rekammedisirja->ReviewAssesmenMedisIrjaresume()
 2 SYSTEMPATH/CodeIgniter.php(499): CodeIgniter\CodeIgniter->runController()
 3 SYSTEMPATH/CodeIgniter.php(368): CodeIgniter\CodeIgniter->handleRequest()
 4 FCPATH/index.php(67): CodeIgniter\CodeIgniter->run()
WARNING - 2024-11-13 15:10:03 --> [DEPRECATED] Creation of dynamic property App\Controllers\Rekammedisirna::$db is deprecated in APPPATH/Controllers/Api.php on line 8.
 1 SYSTEMPATH/CodeIgniter.php(906): App\Controllers\Api->__construct()
 2 SYSTEMPATH/CodeIgniter.php(490): CodeIgniter\CodeIgniter->createController()
 3 SYSTEMPATH/CodeIgniter.php(368): CodeIgniter\CodeIgniter->handleRequest(null, Object(Config\Cache), false)
 4 FCPATH/index.php(67): CodeIgniter\CodeIgniter->run()
WARNING - 2024-11-13 15:10:03 --> [DEPRECATED] Creation of dynamic property App\Controllers\Rekammedisirna::$simrs is deprecated in APPPATH/Controllers/Api.php on line 9.
 1 SYSTEMPATH/CodeIgniter.php(906): App\Controllers\Api->__construct()
 2 SYSTEMPATH/CodeIgniter.php(490): CodeIgniter\CodeIgniter->createController()
 3 SYSTEMPATH/CodeIgniter.php(368): CodeIgniter\CodeIgniter->handleRequest(null, Object(Config\Cache), false)
 4 FCPATH/index.php(67): CodeIgniter\CodeIgniter->run()
CRITICAL - 2024-11-13 15:10:03 --> Undefined property: stdClass::$norm
in APPPATH/Controllers/Rekammedisirna.php on line 1035.
 1 APPPATH/Controllers/Rekammedisirna.php(1035): CodeIgniter\Debug\Exceptions->errorHandler()
 2 SYSTEMPATH/CodeIgniter.php(934): App\Controllers\Rekammedisirna->viewtandavital()
 3 SYSTEMPATH/CodeIgniter.php(499): CodeIgniter\CodeIgniter->runController()
 4 SYSTEMPATH/CodeIgniter.php(368): CodeIgniter\CodeIgniter->handleRequest()
 5 FCPATH/index.php(67): CodeIgniter\CodeIgniter->run()
WARNING - 2024-11-13 15:10:48 --> [DEPRECATED] Creation of dynamic property App\Controllers\Rekammedisirna::$db is deprecated in APPPATH/Controllers/Api.php on line 8.
 1 SYSTEMPATH/CodeIgniter.php(906): App\Controllers\Api->__construct()
 2 SYSTEMPATH/CodeIgniter.php(490): CodeIgniter\CodeIgniter->createController()
 3 SYSTEMPATH/CodeIgniter.php(368): CodeIgniter\CodeIgniter->handleRequest(null, Object(Config\Cache), false)
 4 FCPATH/index.php(67): CodeIgniter\CodeIgniter->run()
WARNING - 2024-11-13 15:10:48 --> [DEPRECATED] Creation of dynamic property App\Controllers\Rekammedisirna::$simrs is deprecated in APPPATH/Controllers/Api.php on line 9.
 1 SYSTEMPATH/CodeIgniter.php(906): App\Controllers\Api->__construct()
 2 SYSTEMPATH/CodeIgniter.php(490): CodeIgniter\CodeIgniter->createController()
 3 SYSTEMPATH/CodeIgniter.php(368): CodeIgniter\CodeIgniter->handleRequest(null, Object(Config\Cache), false)
 4 FCPATH/index.php(67): CodeIgniter\CodeIgniter->run()
ERROR - 2024-11-13 15:10:48 --> ErrorException: pg_query(): Query failed: ERROR:  relation &quot;soap_pasien&quot; does not exist
LINE 1:   SELECT * FROM soap_pasien s 
                        ^ in /var/www/html/SIMRSHEBAT/system/Database/Postgre/Connection.php:147
Stack trace:
#0 [internal function]: CodeIgniter\Debug\Exceptions->errorHandler()
#1 /var/www/html/SIMRSHEBAT/system/Database/Postgre/Connection.php(147): pg_query()
#2 /var/www/html/SIMRSHEBAT/system/Database/BaseConnection.php(691): CodeIgniter\Database\Postgre\Connection->execute()
#3 /var/www/html/SIMRSHEBAT/app/Controllers/Rekammedisirna.php(976): CodeIgniter\Database\BaseConnection->simpleQuery()
#4 /var/www/html/SIMRSHEBAT/system/CodeIgniter.php(934): App\Controllers\Rekammedisirna->datakunjunganhistorirmsoapiirna()
#5 /var/www/html/SIMRSHEBAT/system/CodeIgniter.php(499): CodeIgniter\CodeIgniter->runController()
#6 /var/www/html/SIMRSHEBAT/system/CodeIgniter.php(368): CodeIgniter\CodeIgniter->handleRequest()
#7 /var/www/html/SIMRSHEBAT/index.php(67): CodeIgniter\CodeIgniter->run()
#8 {main}
WARNING - 2024-11-13 15:11:19 --> [DEPRECATED] Creation of dynamic property App\Controllers\Rekammedisirja::$db is deprecated in APPPATH/Controllers/Api.php on line 8.
 1 SYSTEMPATH/CodeIgniter.php(906): App\Controllers\Api->__construct()
 2 SYSTEMPATH/CodeIgniter.php(490): CodeIgniter\CodeIgniter->createController()
 3 SYSTEMPATH/CodeIgniter.php(368): CodeIgniter\CodeIgniter->handleRequest(null, Object(Config\Cache), false)
 4 FCPATH/index.php(67): CodeIgniter\CodeIgniter->run()
WARNING - 2024-11-13 15:11:19 --> [DEPRECATED] Creation of dynamic property App\Controllers\Rekammedisirja::$simrs is deprecated in APPPATH/Controllers/Api.php on line 9.
 1 SYSTEMPATH/CodeIgniter.php(906): App\Controllers\Api->__construct()
 2 SYSTEMPATH/CodeIgniter.php(490): CodeIgniter\CodeIgniter->createController()
 3 SYSTEMPATH/CodeIgniter.php(368): CodeIgniter\CodeIgniter->handleRequest(null, Object(Config\Cache), false)
 4 FCPATH/index.php(67): CodeIgniter\CodeIgniter->run()
ERROR - 2024-11-13 15:11:19 --> ErrorException: pg_query(): Query failed: ERROR:  column kun.id_transaksi does not exist
LINE 5:             JOIN transaksi tra ON kun.id_transaksi = tra.id_...
                                          ^ in /var/www/html/SIMRSHEBAT/system/Database/Postgre/Connection.php:147
Stack trace:
#0 [internal function]: CodeIgniter\Debug\Exceptions->errorHandler()
#1 /var/www/html/SIMRSHEBAT/system/Database/Postgre/Connection.php(147): pg_query()
#2 /var/www/html/SIMRSHEBAT/system/Database/BaseConnection.php(691): CodeIgniter\Database\Postgre\Connection->execute()
#3 /var/www/html/SIMRSHEBAT/app/Controllers/Rekammedisirja.php(2037): CodeIgniter\Database\BaseConnection->simpleQuery()
#4 /var/www/html/SIMRSHEBAT/system/CodeIgniter.php(934): App\Controllers\Rekammedisirja->datakunjunganhistorirm()
#5 /var/www/html/SIMRSHEBAT/system/CodeIgniter.php(499): CodeIgniter\CodeIgniter->runController()
#6 /var/www/html/SIMRSHEBAT/system/CodeIgniter.php(368): CodeIgniter\CodeIgniter->handleRequest()
#7 /var/www/html/SIMRSHEBAT/index.php(67): CodeIgniter\CodeIgniter->run()
#8 {main}
WARNING - 2024-11-13 15:11:59 --> [DEPRECATED] Creation of dynamic property App\Controllers\Rekammedisirna::$db is deprecated in APPPATH/Controllers/Api.php on line 8.
 1 SYSTEMPATH/CodeIgniter.php(906): App\Controllers\Api->__construct()
 2 SYSTEMPATH/CodeIgniter.php(490): CodeIgniter\CodeIgniter->createController()
 3 SYSTEMPATH/CodeIgniter.php(368): CodeIgniter\CodeIgniter->handleRequest(null, Object(Config\Cache), false)
 4 FCPATH/index.php(67): CodeIgniter\CodeIgniter->run()
WARNING - 2024-11-13 15:11:59 --> [DEPRECATED] Creation of dynamic property App\Controllers\Rekammedisirna::$simrs is deprecated in APPPATH/Controllers/Api.php on line 9.
 1 SYSTEMPATH/CodeIgniter.php(906): App\Controllers\Api->__construct()
 2 SYSTEMPATH/CodeIgniter.php(490): CodeIgniter\CodeIgniter->createController()
 3 SYSTEMPATH/CodeIgniter.php(368): CodeIgniter\CodeIgniter->handleRequest(null, Object(Config\Cache), false)
 4 FCPATH/index.php(67): CodeIgniter\CodeIgniter->run()
WARNING - 2024-11-13 15:11:59 --> [DEPRECATED] Creation of dynamic property App\Controllers\Rekammedisirna::$db is deprecated in APPPATH/Controllers/Api.php on line 8.
 1 SYSTEMPATH/CodeIgniter.php(906): App\Controllers\Api->__construct()
 2 SYSTEMPATH/CodeIgniter.php(490): CodeIgniter\CodeIgniter->createController()
 3 SYSTEMPATH/CodeIgniter.php(368): CodeIgniter\CodeIgniter->handleRequest(null, Object(Config\Cache), false)
 4 FCPATH/index.php(67): CodeIgniter\CodeIgniter->run()
WARNING - 2024-11-13 15:11:59 --> [DEPRECATED] Creation of dynamic property App\Controllers\Rekammedisirna::$simrs is deprecated in APPPATH/Controllers/Api.php on line 9.
 1 SYSTEMPATH/CodeIgniter.php(906): App\Controllers\Api->__construct()
 2 SYSTEMPATH/CodeIgniter.php(490): CodeIgniter\CodeIgniter->createController()
 3 SYSTEMPATH/CodeIgniter.php(368): CodeIgniter\CodeIgniter->handleRequest(null, Object(Config\Cache), false)
 4 FCPATH/index.php(67): CodeIgniter\CodeIgniter->run()
WARNING - 2024-11-13 15:11:59 --> [DEPRECATED] Creation of dynamic property App\Controllers\Rekammedisirna::$db is deprecated in APPPATH/Controllers/Api.php on line 8.
 1 SYSTEMPATH/CodeIgniter.php(906): App\Controllers\Api->__construct()
 2 SYSTEMPATH/CodeIgniter.php(490): CodeIgniter\CodeIgniter->createController()
 3 SYSTEMPATH/CodeIgniter.php(368): CodeIgniter\CodeIgniter->handleRequest(null, Object(Config\Cache), false)
 4 FCPATH/index.php(67): CodeIgniter\CodeIgniter->run()
WARNING - 2024-11-13 15:11:59 --> [DEPRECATED] Creation of dynamic property App\Controllers\Rekammedisirna::$simrs is deprecated in APPPATH/Controllers/Api.php on line 9.
 1 SYSTEMPATH/CodeIgniter.php(906): App\Controllers\Api->__construct()
 2 SYSTEMPATH/CodeIgniter.php(490): CodeIgniter\CodeIgniter->createController()
 3 SYSTEMPATH/CodeIgniter.php(368): CodeIgniter\CodeIgniter->handleRequest(null, Object(Config\Cache), false)
 4 FCPATH/index.php(67): CodeIgniter\CodeIgniter->run()
WARNING - 2024-11-13 15:12:19 --> [DEPRECATED] Creation of dynamic property App\Controllers\Rekammedisirna::$db is deprecated in APPPATH/Controllers/Api.php on line 8.
 1 SYSTEMPATH/CodeIgniter.php(906): App\Controllers\Api->__construct()
 2 SYSTEMPATH/CodeIgniter.php(490): CodeIgniter\CodeIgniter->createController()
 3 SYSTEMPATH/CodeIgniter.php(368): CodeIgniter\CodeIgniter->handleRequest(null, Object(Config\Cache), false)
 4 FCPATH/index.php(67): CodeIgniter\CodeIgniter->run()
WARNING - 2024-11-13 15:12:19 --> [DEPRECATED] Creation of dynamic property App\Controllers\Rekammedisirna::$simrs is deprecated in APPPATH/Controllers/Api.php on line 9.
 1 SYSTEMPATH/CodeIgniter.php(906): App\Controllers\Api->__construct()
 2 SYSTEMPATH/CodeIgniter.php(490): CodeIgniter\CodeIgniter->createController()
 3 SYSTEMPATH/CodeIgniter.php(368): CodeIgniter\CodeIgniter->handleRequest(null, Object(Config\Cache), false)
 4 FCPATH/index.php(67): CodeIgniter\CodeIgniter->run()
ERROR - 2024-11-13 15:12:19 --> ErrorException: pg_query(): Query failed: ERROR:  relation &quot;soap_pasien&quot; does not exist
LINE 1:   SELECT * FROM soap_pasien s 
                        ^ in /var/www/html/SIMRSHEBAT/system/Database/Postgre/Connection.php:147
Stack trace:
#0 [internal function]: CodeIgniter\Debug\Exceptions->errorHandler()
#1 /var/www/html/SIMRSHEBAT/system/Database/Postgre/Connection.php(147): pg_query()
#2 /var/www/html/SIMRSHEBAT/system/Database/BaseConnection.php(691): CodeIgniter\Database\Postgre\Connection->execute()
#3 /var/www/html/SIMRSHEBAT/app/Controllers/Rekammedisirna.php(976): CodeIgniter\Database\BaseConnection->simpleQuery()
#4 /var/www/html/SIMRSHEBAT/system/CodeIgniter.php(934): App\Controllers\Rekammedisirna->datakunjunganhistorirmsoapiirna()
#5 /var/www/html/SIMRSHEBAT/system/CodeIgniter.php(499): CodeIgniter\CodeIgniter->runController()
#6 /var/www/html/SIMRSHEBAT/system/CodeIgniter.php(368): CodeIgniter\CodeIgniter->handleRequest()
#7 /var/www/html/SIMRSHEBAT/index.php(67): CodeIgniter\CodeIgniter->run()
#8 {main}
WARNING - 2024-11-13 15:12:30 --> [DEPRECATED] Creation of dynamic property App\Controllers\Rekammedisirja::$db is deprecated in APPPATH/Controllers/Api.php on line 8.
 1 SYSTEMPATH/CodeIgniter.php(906): App\Controllers\Api->__construct()
 2 SYSTEMPATH/CodeIgniter.php(490): CodeIgniter\CodeIgniter->createController()
 3 SYSTEMPATH/CodeIgniter.php(368): CodeIgniter\CodeIgniter->handleRequest(null, Object(Config\Cache), false)
 4 FCPATH/index.php(67): CodeIgniter\CodeIgniter->run()
WARNING - 2024-11-13 15:12:30 --> [DEPRECATED] Creation of dynamic property App\Controllers\Rekammedisirja::$simrs is deprecated in APPPATH/Controllers/Api.php on line 9.
 1 SYSTEMPATH/CodeIgniter.php(906): App\Controllers\Api->__construct()
 2 SYSTEMPATH/CodeIgniter.php(490): CodeIgniter\CodeIgniter->createController()
 3 SYSTEMPATH/CodeIgniter.php(368): CodeIgniter\CodeIgniter->handleRequest(null, Object(Config\Cache), false)
 4 FCPATH/index.php(67): CodeIgniter\CodeIgniter->run()
ERROR - 2024-11-13 15:12:30 --> ErrorException: pg_query(): Query failed: ERROR:  column kun.id_transaksi does not exist
LINE 5:             JOIN transaksi tra ON kun.id_transaksi = tra.id_...
                                          ^ in /var/www/html/SIMRSHEBAT/system/Database/Postgre/Connection.php:147
Stack trace:
#0 [internal function]: CodeIgniter\Debug\Exceptions->errorHandler()
#1 /var/www/html/SIMRSHEBAT/system/Database/Postgre/Connection.php(147): pg_query()
#2 /var/www/html/SIMRSHEBAT/system/Database/BaseConnection.php(691): CodeIgniter\Database\Postgre\Connection->execute()
#3 /var/www/html/SIMRSHEBAT/app/Controllers/Rekammedisirja.php(2037): CodeIgniter\Database\BaseConnection->simpleQuery()
#4 /var/www/html/SIMRSHEBAT/system/CodeIgniter.php(934): App\Controllers\Rekammedisirja->datakunjunganhistorirm()
#5 /var/www/html/SIMRSHEBAT/system/CodeIgniter.php(499): CodeIgniter\CodeIgniter->runController()
#6 /var/www/html/SIMRSHEBAT/system/CodeIgniter.php(368): CodeIgniter\CodeIgniter->handleRequest()
#7 /var/www/html/SIMRSHEBAT/index.php(67): CodeIgniter\CodeIgniter->run()
#8 {main}
WARNING - 2024-11-13 15:17:45 --> [DEPRECATED] Creation of dynamic property App\Controllers\Rekammedisirna::$db is deprecated in APPPATH/Controllers/Api.php on line 8.
 1 SYSTEMPATH/CodeIgniter.php(906): App\Controllers\Api->__construct()
 2 SYSTEMPATH/CodeIgniter.php(490): CodeIgniter\CodeIgniter->createController()
 3 SYSTEMPATH/CodeIgniter.php(368): CodeIgniter\CodeIgniter->handleRequest(null, Object(Config\Cache), false)
 4 FCPATH/index.php(67): CodeIgniter\CodeIgniter->run()
WARNING - 2024-11-13 15:17:45 --> [DEPRECATED] Creation of dynamic property App\Controllers\Rekammedisirna::$simrs is deprecated in APPPATH/Controllers/Api.php on line 9.
 1 SYSTEMPATH/CodeIgniter.php(906): App\Controllers\Api->__construct()
 2 SYSTEMPATH/CodeIgniter.php(490): CodeIgniter\CodeIgniter->createController()
 3 SYSTEMPATH/CodeIgniter.php(368): CodeIgniter\CodeIgniter->handleRequest(null, Object(Config\Cache), false)
 4 FCPATH/index.php(67): CodeIgniter\CodeIgniter->run()
WARNING - 2024-11-13 15:17:45 --> [DEPRECATED] Creation of dynamic property App\Controllers\Rekammedisirna::$db is deprecated in APPPATH/Controllers/Api.php on line 8.
 1 SYSTEMPATH/CodeIgniter.php(906): App\Controllers\Api->__construct()
 2 SYSTEMPATH/CodeIgniter.php(490): CodeIgniter\CodeIgniter->createController()
 3 SYSTEMPATH/CodeIgniter.php(368): CodeIgniter\CodeIgniter->handleRequest(null, Object(Config\Cache), false)
 4 FCPATH/index.php(67): CodeIgniter\CodeIgniter->run()
WARNING - 2024-11-13 15:17:45 --> [DEPRECATED] Creation of dynamic property App\Controllers\Rekammedisirna::$simrs is deprecated in APPPATH/Controllers/Api.php on line 9.
 1 SYSTEMPATH/CodeIgniter.php(906): App\Controllers\Api->__construct()
 2 SYSTEMPATH/CodeIgniter.php(490): CodeIgniter\CodeIgniter->createController()
 3 SYSTEMPATH/CodeIgniter.php(368): CodeIgniter\CodeIgniter->handleRequest(null, Object(Config\Cache), false)
 4 FCPATH/index.php(67): CodeIgniter\CodeIgniter->run()
WARNING - 2024-11-13 15:17:45 --> [DEPRECATED] Creation of dynamic property App\Controllers\Rekammedisirna::$db is deprecated in APPPATH/Controllers/Api.php on line 8.
 1 SYSTEMPATH/CodeIgniter.php(906): App\Controllers\Api->__construct()
 2 SYSTEMPATH/CodeIgniter.php(490): CodeIgniter\CodeIgniter->createController()
 3 SYSTEMPATH/CodeIgniter.php(368): CodeIgniter\CodeIgniter->handleRequest(null, Object(Config\Cache), false)
 4 FCPATH/index.php(67): CodeIgniter\CodeIgniter->run()
WARNING - 2024-11-13 15:17:45 --> [DEPRECATED] Creation of dynamic property App\Controllers\Rekammedisirna::$simrs is deprecated in APPPATH/Controllers/Api.php on line 9.
 1 SYSTEMPATH/CodeIgniter.php(906): App\Controllers\Api->__construct()
 2 SYSTEMPATH/CodeIgniter.php(490): CodeIgniter\CodeIgniter->createController()
 3 SYSTEMPATH/CodeIgniter.php(368): CodeIgniter\CodeIgniter->handleRequest(null, Object(Config\Cache), false)
 4 FCPATH/index.php(67): CodeIgniter\CodeIgniter->run()
