INFO - 2024-11-08 07:50:55 --> Session: Class initialized using 'CodeIgniter\Session\Handlers\FileHandler' driver.
WARNING - 2024-11-08 07:50:58 --> [DEPRECATED] Creation of dynamic property App\Controllers\User::$db is deprecated in APPPATH/Controllers/Api.php on line 8.
 1 SYSTEMPATH/CodeIgniter.php(906): App\Controllers\Api->__construct()
 2 SYSTEMPATH/CodeIgniter.php(490): CodeIgniter\CodeIgniter->createController()
 3 SYSTEMPATH/CodeIgniter.php(368): CodeIgniter\CodeIgniter->handleRequest(null, Object(Config\Cache), false)
 4 FCPATH/index.php(67): CodeIgniter\CodeIgniter->run()
WARNING - 2024-11-08 07:50:58 --> [DEPRECATED] Creation of dynamic property App\Controllers\User::$simrs is deprecated in APPPATH/Controllers/Api.php on line 9.
 1 SYSTEMPATH/CodeIgniter.php(906): App\Controllers\Api->__construct()
 2 SYSTEMPATH/CodeIgniter.php(490): CodeIgniter\CodeIgniter->createController()
 3 SYSTEMPATH/CodeIgniter.php(368): CodeIgniter\CodeIgniter->handleRequest(null, Object(Config\Cache), false)
 4 FCPATH/index.php(67): CodeIgniter\CodeIgniter->run()
WARNING - 2024-11-08 07:50:58 --> [DEPRECATED] Creation of dynamic property App\Controllers\Laporan::$db is deprecated in APPPATH/Controllers/Api.php on line 8.
 1 SYSTEMPATH/CodeIgniter.php(906): App\Controllers\Api->__construct()
 2 SYSTEMPATH/CodeIgniter.php(490): CodeIgniter\CodeIgniter->createController()
 3 SYSTEMPATH/CodeIgniter.php(368): CodeIgniter\CodeIgniter->handleRequest(null, Object(Config\Cache), false)
 4 FCPATH/index.php(67): CodeIgniter\CodeIgniter->run()
WARNING - 2024-11-08 07:50:58 --> [DEPRECATED] Creation of dynamic property App\Controllers\Laporan::$simrs is deprecated in APPPATH/Controllers/Api.php on line 9.
 1 SYSTEMPATH/CodeIgniter.php(906): App\Controllers\Api->__construct()
 2 SYSTEMPATH/CodeIgniter.php(490): CodeIgniter\CodeIgniter->createController()
 3 SYSTEMPATH/CodeIgniter.php(368): CodeIgniter\CodeIgniter->handleRequest(null, Object(Config\Cache), false)
 4 FCPATH/index.php(67): CodeIgniter\CodeIgniter->run()
WARNING - 2024-11-08 07:50:58 --> [DEPRECATED] Creation of dynamic property App\Controllers\User::$db is deprecated in APPPATH/Controllers/Api.php on line 8.
 1 SYSTEMPATH/CodeIgniter.php(906): App\Controllers\Api->__construct()
 2 SYSTEMPATH/CodeIgniter.php(490): CodeIgniter\CodeIgniter->createController()
 3 SYSTEMPATH/CodeIgniter.php(368): CodeIgniter\CodeIgniter->handleRequest(null, Object(Config\Cache), false)
 4 FCPATH/index.php(67): CodeIgniter\CodeIgniter->run()
WARNING - 2024-11-08 07:50:58 --> [DEPRECATED] Creation of dynamic property App\Controllers\User::$simrs is deprecated in APPPATH/Controllers/Api.php on line 9.
 1 SYSTEMPATH/CodeIgniter.php(906): App\Controllers\Api->__construct()
 2 SYSTEMPATH/CodeIgniter.php(490): CodeIgniter\CodeIgniter->createController()
 3 SYSTEMPATH/CodeIgniter.php(368): CodeIgniter\CodeIgniter->handleRequest(null, Object(Config\Cache), false)
 4 FCPATH/index.php(67): CodeIgniter\CodeIgniter->run()
WARNING - 2024-11-08 07:50:58 --> [DEPRECATED] Creation of dynamic property App\Controllers\User::$db is deprecated in APPPATH/Controllers/Api.php on line 8.
 1 SYSTEMPATH/CodeIgniter.php(906): App\Controllers\Api->__construct()
 2 SYSTEMPATH/CodeIgniter.php(490): CodeIgniter\CodeIgniter->createController()
 3 SYSTEMPATH/CodeIgniter.php(368): CodeIgniter\CodeIgniter->handleRequest(null, Object(Config\Cache), false)
 4 FCPATH/index.php(67): CodeIgniter\CodeIgniter->run()
WARNING - 2024-11-08 07:50:58 --> [DEPRECATED] Creation of dynamic property App\Controllers\User::$simrs is deprecated in APPPATH/Controllers/Api.php on line 9.
 1 SYSTEMPATH/CodeIgniter.php(906): App\Controllers\Api->__construct()
 2 SYSTEMPATH/CodeIgniter.php(490): CodeIgniter\CodeIgniter->createController()
 3 SYSTEMPATH/CodeIgniter.php(368): CodeIgniter\CodeIgniter->handleRequest(null, Object(Config\Cache), false)
 4 FCPATH/index.php(67): CodeIgniter\CodeIgniter->run()
INFO - 2024-11-08 08:50:59 --> Session: Class initialized using 'CodeIgniter\Session\Handlers\FileHandler' driver.
INFO - 2024-11-08 10:42:50 --> Session: Class initialized using 'CodeIgniter\Session\Handlers\FileHandler' driver.
WARNING - 2024-11-08 11:12:58 --> [DEPRECATED] Creation of dynamic property App\Controllers\User::$db is deprecated in APPPATH/Controllers/Api.php on line 8.
 1 SYSTEMPATH/CodeIgniter.php(906): App\Controllers\Api->__construct()
 2 SYSTEMPATH/CodeIgniter.php(490): CodeIgniter\CodeIgniter->createController()
 3 SYSTEMPATH/CodeIgniter.php(368): CodeIgniter\CodeIgniter->handleRequest(null, Object(Config\Cache), false)
 4 FCPATH/index.php(67): CodeIgniter\CodeIgniter->run()
WARNING - 2024-11-08 11:12:58 --> [DEPRECATED] Creation of dynamic property App\Controllers\User::$simrs is deprecated in APPPATH/Controllers/Api.php on line 9.
 1 SYSTEMPATH/CodeIgniter.php(906): App\Controllers\Api->__construct()
 2 SYSTEMPATH/CodeIgniter.php(490): CodeIgniter\CodeIgniter->createController()
 3 SYSTEMPATH/CodeIgniter.php(368): CodeIgniter\CodeIgniter->handleRequest(null, Object(Config\Cache), false)
 4 FCPATH/index.php(67): CodeIgniter\CodeIgniter->run()
WARNING - 2024-11-08 11:12:58 --> [DEPRECATED] Creation of dynamic property App\Controllers\Laporan::$db is deprecated in APPPATH/Controllers/Api.php on line 8.
 1 SYSTEMPATH/CodeIgniter.php(906): App\Controllers\Api->__construct()
 2 SYSTEMPATH/CodeIgniter.php(490): CodeIgniter\CodeIgniter->createController()
 3 SYSTEMPATH/CodeIgniter.php(368): CodeIgniter\CodeIgniter->handleRequest(null, Object(Config\Cache), false)
 4 FCPATH/index.php(67): CodeIgniter\CodeIgniter->run()
WARNING - 2024-11-08 11:12:58 --> [DEPRECATED] Creation of dynamic property App\Controllers\Laporan::$simrs is deprecated in APPPATH/Controllers/Api.php on line 9.
 1 SYSTEMPATH/CodeIgniter.php(906): App\Controllers\Api->__construct()
 2 SYSTEMPATH/CodeIgniter.php(490): CodeIgniter\CodeIgniter->createController()
 3 SYSTEMPATH/CodeIgniter.php(368): CodeIgniter\CodeIgniter->handleRequest(null, Object(Config\Cache), false)
 4 FCPATH/index.php(67): CodeIgniter\CodeIgniter->run()
WARNING - 2024-11-08 11:12:58 --> [DEPRECATED] Creation of dynamic property App\Controllers\User::$db is deprecated in APPPATH/Controllers/Api.php on line 8.
 1 SYSTEMPATH/CodeIgniter.php(906): App\Controllers\Api->__construct()
 2 SYSTEMPATH/CodeIgniter.php(490): CodeIgniter\CodeIgniter->createController()
 3 SYSTEMPATH/CodeIgniter.php(368): CodeIgniter\CodeIgniter->handleRequest(null, Object(Config\Cache), false)
 4 FCPATH/index.php(67): CodeIgniter\CodeIgniter->run()
WARNING - 2024-11-08 11:12:58 --> [DEPRECATED] Creation of dynamic property App\Controllers\User::$simrs is deprecated in APPPATH/Controllers/Api.php on line 9.
 1 SYSTEMPATH/CodeIgniter.php(906): App\Controllers\Api->__construct()
 2 SYSTEMPATH/CodeIgniter.php(490): CodeIgniter\CodeIgniter->createController()
 3 SYSTEMPATH/CodeIgniter.php(368): CodeIgniter\CodeIgniter->handleRequest(null, Object(Config\Cache), false)
 4 FCPATH/index.php(67): CodeIgniter\CodeIgniter->run()
WARNING - 2024-11-08 11:12:58 --> [DEPRECATED] Creation of dynamic property App\Controllers\User::$db is deprecated in APPPATH/Controllers/Api.php on line 8.
 1 SYSTEMPATH/CodeIgniter.php(906): App\Controllers\Api->__construct()
 2 SYSTEMPATH/CodeIgniter.php(490): CodeIgniter\CodeIgniter->createController()
 3 SYSTEMPATH/CodeIgniter.php(368): CodeIgniter\CodeIgniter->handleRequest(null, Object(Config\Cache), false)
 4 FCPATH/index.php(67): CodeIgniter\CodeIgniter->run()
WARNING - 2024-11-08 11:12:58 --> [DEPRECATED] Creation of dynamic property App\Controllers\User::$simrs is deprecated in APPPATH/Controllers/Api.php on line 9.
 1 SYSTEMPATH/CodeIgniter.php(906): App\Controllers\Api->__construct()
 2 SYSTEMPATH/CodeIgniter.php(490): CodeIgniter\CodeIgniter->createController()
 3 SYSTEMPATH/CodeIgniter.php(368): CodeIgniter\CodeIgniter->handleRequest(null, Object(Config\Cache), false)
 4 FCPATH/index.php(67): CodeIgniter\CodeIgniter->run()
WARNING - 2024-11-08 11:13:03 --> [DEPRECATED] Creation of dynamic property App\Controllers\Rekammedisirna::$db is deprecated in APPPATH/Controllers/Api.php on line 8.
 1 SYSTEMPATH/CodeIgniter.php(906): App\Controllers\Api->__construct()
 2 SYSTEMPATH/CodeIgniter.php(490): CodeIgniter\CodeIgniter->createController()
 3 SYSTEMPATH/CodeIgniter.php(368): CodeIgniter\CodeIgniter->handleRequest(null, Object(Config\Cache), false)
 4 FCPATH/index.php(67): CodeIgniter\CodeIgniter->run()
WARNING - 2024-11-08 11:13:03 --> [DEPRECATED] Creation of dynamic property App\Controllers\Rekammedisirna::$simrs is deprecated in APPPATH/Controllers/Api.php on line 9.
 1 SYSTEMPATH/CodeIgniter.php(906): App\Controllers\Api->__construct()
 2 SYSTEMPATH/CodeIgniter.php(490): CodeIgniter\CodeIgniter->createController()
 3 SYSTEMPATH/CodeIgniter.php(368): CodeIgniter\CodeIgniter->handleRequest(null, Object(Config\Cache), false)
 4 FCPATH/index.php(67): CodeIgniter\CodeIgniter->run()
WARNING - 2024-11-08 11:13:03 --> [DEPRECATED] Creation of dynamic property App\Controllers\Rekammedisirna::$db is deprecated in APPPATH/Controllers/Api.php on line 8.
 1 SYSTEMPATH/CodeIgniter.php(906): App\Controllers\Api->__construct()
 2 SYSTEMPATH/CodeIgniter.php(490): CodeIgniter\CodeIgniter->createController()
 3 SYSTEMPATH/CodeIgniter.php(368): CodeIgniter\CodeIgniter->handleRequest(null, Object(Config\Cache), false)
 4 FCPATH/index.php(67): CodeIgniter\CodeIgniter->run()
WARNING - 2024-11-08 11:13:03 --> [DEPRECATED] Creation of dynamic property App\Controllers\Rekammedisirna::$simrs is deprecated in APPPATH/Controllers/Api.php on line 9.
 1 SYSTEMPATH/CodeIgniter.php(906): App\Controllers\Api->__construct()
 2 SYSTEMPATH/CodeIgniter.php(490): CodeIgniter\CodeIgniter->createController()
 3 SYSTEMPATH/CodeIgniter.php(368): CodeIgniter\CodeIgniter->handleRequest(null, Object(Config\Cache), false)
 4 FCPATH/index.php(67): CodeIgniter\CodeIgniter->run()
WARNING - 2024-11-08 11:13:03 --> [DEPRECATED] Creation of dynamic property App\Controllers\Rekammedisirna::$db is deprecated in APPPATH/Controllers/Api.php on line 8.
 1 SYSTEMPATH/CodeIgniter.php(906): App\Controllers\Api->__construct()
 2 SYSTEMPATH/CodeIgniter.php(490): CodeIgniter\CodeIgniter->createController()
 3 SYSTEMPATH/CodeIgniter.php(368): CodeIgniter\CodeIgniter->handleRequest(null, Object(Config\Cache), false)
 4 FCPATH/index.php(67): CodeIgniter\CodeIgniter->run()
WARNING - 2024-11-08 11:13:03 --> [DEPRECATED] Creation of dynamic property App\Controllers\Rekammedisirna::$simrs is deprecated in APPPATH/Controllers/Api.php on line 9.
 1 SYSTEMPATH/CodeIgniter.php(906): App\Controllers\Api->__construct()
 2 SYSTEMPATH/CodeIgniter.php(490): CodeIgniter\CodeIgniter->createController()
 3 SYSTEMPATH/CodeIgniter.php(368): CodeIgniter\CodeIgniter->handleRequest(null, Object(Config\Cache), false)
 4 FCPATH/index.php(67): CodeIgniter\CodeIgniter->run()
ERROR - 2024-11-08 11:13:03 --> ErrorException: pg_query(): Query failed: ERROR:  column &quot;id_pegawai&quot; specified in USING clause does not exist in left table in /var/www/html/SIMRSHEBAT/system/Database/Postgre/Connection.php:147
Stack trace:
#0 [internal function]: CodeIgniter\Debug\Exceptions->errorHandler()
#1 /var/www/html/SIMRSHEBAT/system/Database/Postgre/Connection.php(147): pg_query()
#2 /var/www/html/SIMRSHEBAT/system/Database/BaseConnection.php(691): CodeIgniter\Database\Postgre\Connection->execute()
#3 /var/www/html/SIMRSHEBAT/system/Database/BaseConnection.php(605): CodeIgniter\Database\BaseConnection->simpleQuery()
#4 /var/www/html/SIMRSHEBAT/app/Controllers/Rekammedisirna.php(4126): CodeIgniter\Database\BaseConnection->query()
#5 /var/www/html/SIMRSHEBAT/system/CodeIgniter.php(934): App\Controllers\Rekammedisirna->searchPerawat()
#6 /var/www/html/SIMRSHEBAT/system/CodeIgniter.php(499): CodeIgniter\CodeIgniter->runController()
#7 /var/www/html/SIMRSHEBAT/system/CodeIgniter.php(368): CodeIgniter\CodeIgniter->handleRequest()
#8 /var/www/html/SIMRSHEBAT/index.php(67): CodeIgniter\CodeIgniter->run()
#9 {main}
CRITICAL - 2024-11-08 11:13:03 --> Call to a member function getResult() on bool
in APPPATH/Controllers/Rekammedisirna.php on line 4126.
 1 SYSTEMPATH/CodeIgniter.php(934): App\Controllers\Rekammedisirna->searchPerawat()
 2 SYSTEMPATH/CodeIgniter.php(499): CodeIgniter\CodeIgniter->runController()
 3 SYSTEMPATH/CodeIgniter.php(368): CodeIgniter\CodeIgniter->handleRequest()
 4 FCPATH/index.php(67): CodeIgniter\CodeIgniter->run()
ERROR - 2024-11-08 11:13:03 --> ErrorException: pg_query(): Query failed: ERROR:  column &quot;id_pegawai&quot; specified in USING clause does not exist in left table in /var/www/html/SIMRSHEBAT/system/Database/Postgre/Connection.php:147
Stack trace:
#0 [internal function]: CodeIgniter\Debug\Exceptions->errorHandler()
#1 /var/www/html/SIMRSHEBAT/system/Database/Postgre/Connection.php(147): pg_query()
#2 /var/www/html/SIMRSHEBAT/system/Database/BaseConnection.php(691): CodeIgniter\Database\Postgre\Connection->execute()
#3 /var/www/html/SIMRSHEBAT/system/Database/BaseConnection.php(605): CodeIgniter\Database\BaseConnection->simpleQuery()
#4 /var/www/html/SIMRSHEBAT/app/Controllers/Rekammedisirna.php(4101): CodeIgniter\Database\BaseConnection->query()
#5 /var/www/html/SIMRSHEBAT/system/CodeIgniter.php(934): App\Controllers\Rekammedisirna->searchDokter()
#6 /var/www/html/SIMRSHEBAT/system/CodeIgniter.php(499): CodeIgniter\CodeIgniter->runController()
#7 /var/www/html/SIMRSHEBAT/system/CodeIgniter.php(368): CodeIgniter\CodeIgniter->handleRequest()
#8 /var/www/html/SIMRSHEBAT/index.php(67): CodeIgniter\CodeIgniter->run()
#9 {main}
CRITICAL - 2024-11-08 11:13:03 --> Call to a member function getResult() on bool
in APPPATH/Controllers/Rekammedisirna.php on line 4101.
 1 SYSTEMPATH/CodeIgniter.php(934): App\Controllers\Rekammedisirna->searchDokter()
 2 SYSTEMPATH/CodeIgniter.php(499): CodeIgniter\CodeIgniter->runController()
 3 SYSTEMPATH/CodeIgniter.php(368): CodeIgniter\CodeIgniter->handleRequest()
 4 FCPATH/index.php(67): CodeIgniter\CodeIgniter->run()
ERROR - 2024-11-08 11:13:03 --> ErrorException: pg_query(): Query failed: ERROR:  relation &quot;jenis_anastesi&quot; does not exist
LINE 1: SELECT * FROM jenis_anastesi
                      ^ in /var/www/html/SIMRSHEBAT/system/Database/Postgre/Connection.php:147
Stack trace:
#0 [internal function]: CodeIgniter\Debug\Exceptions->errorHandler()
#1 /var/www/html/SIMRSHEBAT/system/Database/Postgre/Connection.php(147): pg_query()
#2 /var/www/html/SIMRSHEBAT/system/Database/BaseConnection.php(691): CodeIgniter\Database\Postgre\Connection->execute()
#3 /var/www/html/SIMRSHEBAT/system/Database/BaseConnection.php(605): CodeIgniter\Database\BaseConnection->simpleQuery()
#4 /var/www/html/SIMRSHEBAT/app/Controllers/Rekammedisirna.php(7396): CodeIgniter\Database\BaseConnection->query()
#5 /var/www/html/SIMRSHEBAT/system/CodeIgniter.php(934): App\Controllers\Rekammedisirna->jenisanastesi()
#6 /var/www/html/SIMRSHEBAT/system/CodeIgniter.php(499): CodeIgniter\CodeIgniter->runController()
#7 /var/www/html/SIMRSHEBAT/system/CodeIgniter.php(368): CodeIgniter\CodeIgniter->handleRequest()
#8 /var/www/html/SIMRSHEBAT/index.php(67): CodeIgniter\CodeIgniter->run()
#9 {main}
CRITICAL - 2024-11-08 11:13:03 --> Call to a member function getResult() on bool
in APPPATH/Controllers/Rekammedisirna.php on line 7396.
 1 SYSTEMPATH/CodeIgniter.php(934): App\Controllers\Rekammedisirna->jenisanastesi()
 2 SYSTEMPATH/CodeIgniter.php(499): CodeIgniter\CodeIgniter->runController()
 3 SYSTEMPATH/CodeIgniter.php(368): CodeIgniter\CodeIgniter->handleRequest()
 4 FCPATH/index.php(67): CodeIgniter\CodeIgniter->run()
WARNING - 2024-11-08 11:13:03 --> [DEPRECATED] Creation of dynamic property App\Controllers\Rekammedisirna::$db is deprecated in APPPATH/Controllers/Api.php on line 8.
 1 SYSTEMPATH/CodeIgniter.php(906): App\Controllers\Api->__construct()
 2 SYSTEMPATH/CodeIgniter.php(490): CodeIgniter\CodeIgniter->createController()
 3 SYSTEMPATH/CodeIgniter.php(368): CodeIgniter\CodeIgniter->handleRequest(null, Object(Config\Cache), false)
 4 FCPATH/index.php(67): CodeIgniter\CodeIgniter->run()
WARNING - 2024-11-08 11:13:03 --> [DEPRECATED] Creation of dynamic property App\Controllers\Rekammedisirna::$simrs is deprecated in APPPATH/Controllers/Api.php on line 9.
 1 SYSTEMPATH/CodeIgniter.php(906): App\Controllers\Api->__construct()
 2 SYSTEMPATH/CodeIgniter.php(490): CodeIgniter\CodeIgniter->createController()
 3 SYSTEMPATH/CodeIgniter.php(368): CodeIgniter\CodeIgniter->handleRequest(null, Object(Config\Cache), false)
 4 FCPATH/index.php(67): CodeIgniter\CodeIgniter->run()
WARNING - 2024-11-08 11:13:03 --> [DEPRECATED] Creation of dynamic property App\Controllers\Rekammedisirna::$db is deprecated in APPPATH/Controllers/Api.php on line 8.
 1 SYSTEMPATH/CodeIgniter.php(906): App\Controllers\Api->__construct()
 2 SYSTEMPATH/CodeIgniter.php(490): CodeIgniter\CodeIgniter->createController()
 3 SYSTEMPATH/CodeIgniter.php(368): CodeIgniter\CodeIgniter->handleRequest(null, Object(Config\Cache), false)
 4 FCPATH/index.php(67): CodeIgniter\CodeIgniter->run()
WARNING - 2024-11-08 11:13:03 --> [DEPRECATED] Creation of dynamic property App\Controllers\Rekammedisirna::$simrs is deprecated in APPPATH/Controllers/Api.php on line 9.
 1 SYSTEMPATH/CodeIgniter.php(906): App\Controllers\Api->__construct()
 2 SYSTEMPATH/CodeIgniter.php(490): CodeIgniter\CodeIgniter->createController()
 3 SYSTEMPATH/CodeIgniter.php(368): CodeIgniter\CodeIgniter->handleRequest(null, Object(Config\Cache), false)
 4 FCPATH/index.php(67): CodeIgniter\CodeIgniter->run()
WARNING - 2024-11-08 11:13:03 --> [DEPRECATED] Creation of dynamic property App\Controllers\Rekammedisirna::$db is deprecated in APPPATH/Controllers/Api.php on line 8.
 1 SYSTEMPATH/CodeIgniter.php(906): App\Controllers\Api->__construct()
 2 SYSTEMPATH/CodeIgniter.php(490): CodeIgniter\CodeIgniter->createController()
 3 SYSTEMPATH/CodeIgniter.php(368): CodeIgniter\CodeIgniter->handleRequest(null, Object(Config\Cache), false)
 4 FCPATH/index.php(67): CodeIgniter\CodeIgniter->run()
WARNING - 2024-11-08 11:13:03 --> [DEPRECATED] Creation of dynamic property App\Controllers\Rekammedisirna::$simrs is deprecated in APPPATH/Controllers/Api.php on line 9.
 1 SYSTEMPATH/CodeIgniter.php(906): App\Controllers\Api->__construct()
 2 SYSTEMPATH/CodeIgniter.php(490): CodeIgniter\CodeIgniter->createController()
 3 SYSTEMPATH/CodeIgniter.php(368): CodeIgniter\CodeIgniter->handleRequest(null, Object(Config\Cache), false)
 4 FCPATH/index.php(67): CodeIgniter\CodeIgniter->run()
WARNING - 2024-11-08 11:13:05 --> [DEPRECATED] Creation of dynamic property App\Controllers\Rekammedisirna::$db is deprecated in APPPATH/Controllers/Api.php on line 8.
 1 SYSTEMPATH/CodeIgniter.php(906): App\Controllers\Api->__construct()
 2 SYSTEMPATH/CodeIgniter.php(490): CodeIgniter\CodeIgniter->createController()
 3 SYSTEMPATH/CodeIgniter.php(368): CodeIgniter\CodeIgniter->handleRequest(null, Object(Config\Cache), false)
 4 FCPATH/index.php(67): CodeIgniter\CodeIgniter->run()
WARNING - 2024-11-08 11:13:05 --> [DEPRECATED] Creation of dynamic property App\Controllers\Rekammedisirna::$simrs is deprecated in APPPATH/Controllers/Api.php on line 9.
 1 SYSTEMPATH/CodeIgniter.php(906): App\Controllers\Api->__construct()
 2 SYSTEMPATH/CodeIgniter.php(490): CodeIgniter\CodeIgniter->createController()
 3 SYSTEMPATH/CodeIgniter.php(368): CodeIgniter\CodeIgniter->handleRequest(null, Object(Config\Cache), false)
 4 FCPATH/index.php(67): CodeIgniter\CodeIgniter->run()
ERROR - 2024-11-08 11:13:05 --> ErrorException: pg_query(): Query failed: ERROR:  relation &quot;input_bedah&quot; does not exist
LINE 1: SELECT * FROM input_bedah WHERE id_transaksi='JL.APOTIK HIDU...
                      ^ in /var/www/html/SIMRSHEBAT/system/Database/Postgre/Connection.php:147
Stack trace:
#0 [internal function]: CodeIgniter\Debug\Exceptions->errorHandler()
#1 /var/www/html/SIMRSHEBAT/system/Database/Postgre/Connection.php(147): pg_query()
#2 /var/www/html/SIMRSHEBAT/system/Database/BaseConnection.php(691): CodeIgniter\Database\Postgre\Connection->execute()
#3 /var/www/html/SIMRSHEBAT/system/Database/BaseConnection.php(605): CodeIgniter\Database\BaseConnection->simpleQuery()
#4 /var/www/html/SIMRSHEBAT/app/Controllers/Rekammedisirna.php(4687): CodeIgniter\Database\BaseConnection->query()
#5 /var/www/html/SIMRSHEBAT/system/CodeIgniter.php(934): App\Controllers\Rekammedisirna->showinputpembedahan()
#6 /var/www/html/SIMRSHEBAT/system/CodeIgniter.php(499): CodeIgniter\CodeIgniter->runController()
#7 /var/www/html/SIMRSHEBAT/system/CodeIgniter.php(368): CodeIgniter\CodeIgniter->handleRequest()
#8 /var/www/html/SIMRSHEBAT/index.php(67): CodeIgniter\CodeIgniter->run()
#9 {main}
CRITICAL - 2024-11-08 11:13:05 --> Call to a member function getResult() on bool
in APPPATH/Controllers/Rekammedisirna.php on line 4687.
 1 SYSTEMPATH/CodeIgniter.php(934): App\Controllers\Rekammedisirna->showinputpembedahan()
 2 SYSTEMPATH/CodeIgniter.php(499): CodeIgniter\CodeIgniter->runController()
 3 SYSTEMPATH/CodeIgniter.php(368): CodeIgniter\CodeIgniter->handleRequest()
 4 FCPATH/index.php(67): CodeIgniter\CodeIgniter->run()
WARNING - 2024-11-08 11:13:22 --> [DEPRECATED] Creation of dynamic property App\Controllers\Rekammedisirna::$db is deprecated in APPPATH/Controllers/Api.php on line 8.
 1 SYSTEMPATH/CodeIgniter.php(906): App\Controllers\Api->__construct()
 2 SYSTEMPATH/CodeIgniter.php(490): CodeIgniter\CodeIgniter->createController()
 3 SYSTEMPATH/CodeIgniter.php(368): CodeIgniter\CodeIgniter->handleRequest(null, Object(Config\Cache), false)
 4 FCPATH/index.php(67): CodeIgniter\CodeIgniter->run()
WARNING - 2024-11-08 11:13:22 --> [DEPRECATED] Creation of dynamic property App\Controllers\Rekammedisirna::$simrs is deprecated in APPPATH/Controllers/Api.php on line 9.
 1 SYSTEMPATH/CodeIgniter.php(906): App\Controllers\Api->__construct()
 2 SYSTEMPATH/CodeIgniter.php(490): CodeIgniter\CodeIgniter->createController()
 3 SYSTEMPATH/CodeIgniter.php(368): CodeIgniter\CodeIgniter->handleRequest(null, Object(Config\Cache), false)
 4 FCPATH/index.php(67): CodeIgniter\CodeIgniter->run()
WARNING - 2024-11-08 11:13:22 --> [DEPRECATED] Creation of dynamic property App\Controllers\Rekammedisirna::$db is deprecated in APPPATH/Controllers/Api.php on line 8.
 1 SYSTEMPATH/CodeIgniter.php(906): App\Controllers\Api->__construct()
 2 SYSTEMPATH/CodeIgniter.php(490): CodeIgniter\CodeIgniter->createController()
 3 SYSTEMPATH/CodeIgniter.php(368): CodeIgniter\CodeIgniter->handleRequest(null, Object(Config\Cache), false)
 4 FCPATH/index.php(67): CodeIgniter\CodeIgniter->run()
WARNING - 2024-11-08 11:13:22 --> [DEPRECATED] Creation of dynamic property App\Controllers\Rekammedisirna::$simrs is deprecated in APPPATH/Controllers/Api.php on line 9.
 1 SYSTEMPATH/CodeIgniter.php(906): App\Controllers\Api->__construct()
 2 SYSTEMPATH/CodeIgniter.php(490): CodeIgniter\CodeIgniter->createController()
 3 SYSTEMPATH/CodeIgniter.php(368): CodeIgniter\CodeIgniter->handleRequest(null, Object(Config\Cache), false)
 4 FCPATH/index.php(67): CodeIgniter\CodeIgniter->run()
ERROR - 2024-11-08 11:13:22 --> ErrorException: pg_query(): Query failed: ERROR:  column &quot;id_pegawai&quot; specified in USING clause does not exist in left table in /var/www/html/SIMRSHEBAT/system/Database/Postgre/Connection.php:147
Stack trace:
#0 [internal function]: CodeIgniter\Debug\Exceptions->errorHandler()
#1 /var/www/html/SIMRSHEBAT/system/Database/Postgre/Connection.php(147): pg_query()
#2 /var/www/html/SIMRSHEBAT/system/Database/BaseConnection.php(691): CodeIgniter\Database\Postgre\Connection->execute()
#3 /var/www/html/SIMRSHEBAT/system/Database/BaseConnection.php(605): CodeIgniter\Database\BaseConnection->simpleQuery()
#4 /var/www/html/SIMRSHEBAT/app/Controllers/Rekammedisirna.php(4101): CodeIgniter\Database\BaseConnection->query()
#5 /var/www/html/SIMRSHEBAT/system/CodeIgniter.php(934): App\Controllers\Rekammedisirna->searchDokter()
#6 /var/www/html/SIMRSHEBAT/system/CodeIgniter.php(499): CodeIgniter\CodeIgniter->runController()
#7 /var/www/html/SIMRSHEBAT/system/CodeIgniter.php(368): CodeIgniter\CodeIgniter->handleRequest()
#8 /var/www/html/SIMRSHEBAT/index.php(67): CodeIgniter\CodeIgniter->run()
#9 {main}
CRITICAL - 2024-11-08 11:13:22 --> Call to a member function getResult() on bool
in APPPATH/Controllers/Rekammedisirna.php on line 4101.
 1 SYSTEMPATH/CodeIgniter.php(934): App\Controllers\Rekammedisirna->searchDokter()
 2 SYSTEMPATH/CodeIgniter.php(499): CodeIgniter\CodeIgniter->runController()
 3 SYSTEMPATH/CodeIgniter.php(368): CodeIgniter\CodeIgniter->handleRequest()
 4 FCPATH/index.php(67): CodeIgniter\CodeIgniter->run()
WARNING - 2024-11-08 11:13:22 --> [DEPRECATED] Creation of dynamic property App\Controllers\Rekammedisirna::$db is deprecated in APPPATH/Controllers/Api.php on line 8.
 1 SYSTEMPATH/CodeIgniter.php(906): App\Controllers\Api->__construct()
 2 SYSTEMPATH/CodeIgniter.php(490): CodeIgniter\CodeIgniter->createController()
 3 SYSTEMPATH/CodeIgniter.php(368): CodeIgniter\CodeIgniter->handleRequest(null, Object(Config\Cache), false)
 4 FCPATH/index.php(67): CodeIgniter\CodeIgniter->run()
WARNING - 2024-11-08 11:13:22 --> [DEPRECATED] Creation of dynamic property App\Controllers\Rekammedisirna::$simrs is deprecated in APPPATH/Controllers/Api.php on line 9.
 1 SYSTEMPATH/CodeIgniter.php(906): App\Controllers\Api->__construct()
 2 SYSTEMPATH/CodeIgniter.php(490): CodeIgniter\CodeIgniter->createController()
 3 SYSTEMPATH/CodeIgniter.php(368): CodeIgniter\CodeIgniter->handleRequest(null, Object(Config\Cache), false)
 4 FCPATH/index.php(67): CodeIgniter\CodeIgniter->run()
WARNING - 2024-11-08 11:13:22 --> [DEPRECATED] Creation of dynamic property App\Controllers\Rekammedisirna::$db is deprecated in APPPATH/Controllers/Api.php on line 8.
 1 SYSTEMPATH/CodeIgniter.php(906): App\Controllers\Api->__construct()
 2 SYSTEMPATH/CodeIgniter.php(490): CodeIgniter\CodeIgniter->createController()
 3 SYSTEMPATH/CodeIgniter.php(368): CodeIgniter\CodeIgniter->handleRequest(null, Object(Config\Cache), false)
 4 FCPATH/index.php(67): CodeIgniter\CodeIgniter->run()
WARNING - 2024-11-08 11:13:22 --> [DEPRECATED] Creation of dynamic property App\Controllers\Rekammedisirna::$simrs is deprecated in APPPATH/Controllers/Api.php on line 9.
 1 SYSTEMPATH/CodeIgniter.php(906): App\Controllers\Api->__construct()
 2 SYSTEMPATH/CodeIgniter.php(490): CodeIgniter\CodeIgniter->createController()
 3 SYSTEMPATH/CodeIgniter.php(368): CodeIgniter\CodeIgniter->handleRequest(null, Object(Config\Cache), false)
 4 FCPATH/index.php(67): CodeIgniter\CodeIgniter->run()
INFO - 2024-11-08 12:12:59 --> Session: Class initialized using 'CodeIgniter\Session\Handlers\FileHandler' driver.
INFO - 2024-11-08 12:45:20 --> Session: Class initialized using 'CodeIgniter\Session\Handlers\FileHandler' driver.
WARNING - 2024-11-08 12:45:23 --> [DEPRECATED] Creation of dynamic property App\Controllers\User::$db is deprecated in APPPATH/Controllers/Api.php on line 8.
 1 SYSTEMPATH/CodeIgniter.php(906): App\Controllers\Api->__construct()
 2 SYSTEMPATH/CodeIgniter.php(490): CodeIgniter\CodeIgniter->createController()
 3 SYSTEMPATH/CodeIgniter.php(368): CodeIgniter\CodeIgniter->handleRequest(null, Object(Config\Cache), false)
 4 FCPATH/index.php(67): CodeIgniter\CodeIgniter->run()
WARNING - 2024-11-08 12:45:23 --> [DEPRECATED] Creation of dynamic property App\Controllers\User::$simrs is deprecated in APPPATH/Controllers/Api.php on line 9.
 1 SYSTEMPATH/CodeIgniter.php(906): App\Controllers\Api->__construct()
 2 SYSTEMPATH/CodeIgniter.php(490): CodeIgniter\CodeIgniter->createController()
 3 SYSTEMPATH/CodeIgniter.php(368): CodeIgniter\CodeIgniter->handleRequest(null, Object(Config\Cache), false)
 4 FCPATH/index.php(67): CodeIgniter\CodeIgniter->run()
WARNING - 2024-11-08 12:45:23 --> [DEPRECATED] Creation of dynamic property App\Controllers\Laporan::$db is deprecated in APPPATH/Controllers/Api.php on line 8.
 1 SYSTEMPATH/CodeIgniter.php(906): App\Controllers\Api->__construct()
 2 SYSTEMPATH/CodeIgniter.php(490): CodeIgniter\CodeIgniter->createController()
 3 SYSTEMPATH/CodeIgniter.php(368): CodeIgniter\CodeIgniter->handleRequest(null, Object(Config\Cache), false)
 4 FCPATH/index.php(67): CodeIgniter\CodeIgniter->run()
WARNING - 2024-11-08 12:45:23 --> [DEPRECATED] Creation of dynamic property App\Controllers\Laporan::$simrs is deprecated in APPPATH/Controllers/Api.php on line 9.
 1 SYSTEMPATH/CodeIgniter.php(906): App\Controllers\Api->__construct()
 2 SYSTEMPATH/CodeIgniter.php(490): CodeIgniter\CodeIgniter->createController()
 3 SYSTEMPATH/CodeIgniter.php(368): CodeIgniter\CodeIgniter->handleRequest(null, Object(Config\Cache), false)
 4 FCPATH/index.php(67): CodeIgniter\CodeIgniter->run()
WARNING - 2024-11-08 12:45:23 --> [DEPRECATED] Creation of dynamic property App\Controllers\User::$db is deprecated in APPPATH/Controllers/Api.php on line 8.
 1 SYSTEMPATH/CodeIgniter.php(906): App\Controllers\Api->__construct()
 2 SYSTEMPATH/CodeIgniter.php(490): CodeIgniter\CodeIgniter->createController()
 3 SYSTEMPATH/CodeIgniter.php(368): CodeIgniter\CodeIgniter->handleRequest(null, Object(Config\Cache), false)
 4 FCPATH/index.php(67): CodeIgniter\CodeIgniter->run()
WARNING - 2024-11-08 12:45:23 --> [DEPRECATED] Creation of dynamic property App\Controllers\User::$simrs is deprecated in APPPATH/Controllers/Api.php on line 9.
 1 SYSTEMPATH/CodeIgniter.php(906): App\Controllers\Api->__construct()
 2 SYSTEMPATH/CodeIgniter.php(490): CodeIgniter\CodeIgniter->createController()
 3 SYSTEMPATH/CodeIgniter.php(368): CodeIgniter\CodeIgniter->handleRequest(null, Object(Config\Cache), false)
 4 FCPATH/index.php(67): CodeIgniter\CodeIgniter->run()
WARNING - 2024-11-08 12:45:23 --> [DEPRECATED] Creation of dynamic property App\Controllers\User::$db is deprecated in APPPATH/Controllers/Api.php on line 8.
 1 SYSTEMPATH/CodeIgniter.php(906): App\Controllers\Api->__construct()
 2 SYSTEMPATH/CodeIgniter.php(490): CodeIgniter\CodeIgniter->createController()
 3 SYSTEMPATH/CodeIgniter.php(368): CodeIgniter\CodeIgniter->handleRequest(null, Object(Config\Cache), false)
 4 FCPATH/index.php(67): CodeIgniter\CodeIgniter->run()
WARNING - 2024-11-08 12:45:23 --> [DEPRECATED] Creation of dynamic property App\Controllers\User::$simrs is deprecated in APPPATH/Controllers/Api.php on line 9.
 1 SYSTEMPATH/CodeIgniter.php(906): App\Controllers\Api->__construct()
 2 SYSTEMPATH/CodeIgniter.php(490): CodeIgniter\CodeIgniter->createController()
 3 SYSTEMPATH/CodeIgniter.php(368): CodeIgniter\CodeIgniter->handleRequest(null, Object(Config\Cache), false)
 4 FCPATH/index.php(67): CodeIgniter\CodeIgniter->run()
INFO - 2024-11-08 13:23:32 --> Session: Class initialized using 'CodeIgniter\Session\Handlers\FileHandler' driver.
WARNING - 2024-11-08 13:54:43 --> [DEPRECATED] Creation of dynamic property App\Controllers\User::$db is deprecated in APPPATH/Controllers/Api.php on line 8.
 1 SYSTEMPATH/CodeIgniter.php(906): App\Controllers\Api->__construct()
 2 SYSTEMPATH/CodeIgniter.php(490): CodeIgniter\CodeIgniter->createController()
 3 SYSTEMPATH/CodeIgniter.php(368): CodeIgniter\CodeIgniter->handleRequest(null, Object(Config\Cache), false)
 4 FCPATH/index.php(67): CodeIgniter\CodeIgniter->run()
WARNING - 2024-11-08 13:54:43 --> [DEPRECATED] Creation of dynamic property App\Controllers\User::$simrs is deprecated in APPPATH/Controllers/Api.php on line 9.
 1 SYSTEMPATH/CodeIgniter.php(906): App\Controllers\Api->__construct()
 2 SYSTEMPATH/CodeIgniter.php(490): CodeIgniter\CodeIgniter->createController()
 3 SYSTEMPATH/CodeIgniter.php(368): CodeIgniter\CodeIgniter->handleRequest(null, Object(Config\Cache), false)
 4 FCPATH/index.php(67): CodeIgniter\CodeIgniter->run()
WARNING - 2024-11-08 13:54:44 --> [DEPRECATED] Creation of dynamic property App\Controllers\Laporan::$db is deprecated in APPPATH/Controllers/Api.php on line 8.
 1 SYSTEMPATH/CodeIgniter.php(906): App\Controllers\Api->__construct()
 2 SYSTEMPATH/CodeIgniter.php(490): CodeIgniter\CodeIgniter->createController()
 3 SYSTEMPATH/CodeIgniter.php(368): CodeIgniter\CodeIgniter->handleRequest(null, Object(Config\Cache), false)
 4 FCPATH/index.php(67): CodeIgniter\CodeIgniter->run()
WARNING - 2024-11-08 13:54:44 --> [DEPRECATED] Creation of dynamic property App\Controllers\Laporan::$simrs is deprecated in APPPATH/Controllers/Api.php on line 9.
 1 SYSTEMPATH/CodeIgniter.php(906): App\Controllers\Api->__construct()
 2 SYSTEMPATH/CodeIgniter.php(490): CodeIgniter\CodeIgniter->createController()
 3 SYSTEMPATH/CodeIgniter.php(368): CodeIgniter\CodeIgniter->handleRequest(null, Object(Config\Cache), false)
 4 FCPATH/index.php(67): CodeIgniter\CodeIgniter->run()
WARNING - 2024-11-08 13:54:44 --> [DEPRECATED] Creation of dynamic property App\Controllers\User::$db is deprecated in APPPATH/Controllers/Api.php on line 8.
 1 SYSTEMPATH/CodeIgniter.php(906): App\Controllers\Api->__construct()
 2 SYSTEMPATH/CodeIgniter.php(490): CodeIgniter\CodeIgniter->createController()
 3 SYSTEMPATH/CodeIgniter.php(368): CodeIgniter\CodeIgniter->handleRequest(null, Object(Config\Cache), false)
 4 FCPATH/index.php(67): CodeIgniter\CodeIgniter->run()
WARNING - 2024-11-08 13:54:44 --> [DEPRECATED] Creation of dynamic property App\Controllers\User::$simrs is deprecated in APPPATH/Controllers/Api.php on line 9.
 1 SYSTEMPATH/CodeIgniter.php(906): App\Controllers\Api->__construct()
 2 SYSTEMPATH/CodeIgniter.php(490): CodeIgniter\CodeIgniter->createController()
 3 SYSTEMPATH/CodeIgniter.php(368): CodeIgniter\CodeIgniter->handleRequest(null, Object(Config\Cache), false)
 4 FCPATH/index.php(67): CodeIgniter\CodeIgniter->run()
WARNING - 2024-11-08 13:55:12 --> [DEPRECATED] Creation of dynamic property App\Controllers\Rekammedisirna::$db is deprecated in APPPATH/Controllers/Api.php on line 8.
 1 SYSTEMPATH/CodeIgniter.php(906): App\Controllers\Api->__construct()
 2 SYSTEMPATH/CodeIgniter.php(490): CodeIgniter\CodeIgniter->createController()
 3 SYSTEMPATH/CodeIgniter.php(368): CodeIgniter\CodeIgniter->handleRequest(null, Object(Config\Cache), false)
 4 FCPATH/index.php(67): CodeIgniter\CodeIgniter->run()
WARNING - 2024-11-08 13:55:12 --> [DEPRECATED] Creation of dynamic property App\Controllers\Rekammedisirna::$simrs is deprecated in APPPATH/Controllers/Api.php on line 9.
 1 SYSTEMPATH/CodeIgniter.php(906): App\Controllers\Api->__construct()
 2 SYSTEMPATH/CodeIgniter.php(490): CodeIgniter\CodeIgniter->createController()
 3 SYSTEMPATH/CodeIgniter.php(368): CodeIgniter\CodeIgniter->handleRequest(null, Object(Config\Cache), false)
 4 FCPATH/index.php(67): CodeIgniter\CodeIgniter->run()
WARNING - 2024-11-08 13:55:12 --> [DEPRECATED] Creation of dynamic property App\Controllers\Rekammedisirna::$db is deprecated in APPPATH/Controllers/Api.php on line 8.
 1 SYSTEMPATH/CodeIgniter.php(906): App\Controllers\Api->__construct()
 2 SYSTEMPATH/CodeIgniter.php(490): CodeIgniter\CodeIgniter->createController()
 3 SYSTEMPATH/CodeIgniter.php(368): CodeIgniter\CodeIgniter->handleRequest(null, Object(Config\Cache), false)
 4 FCPATH/index.php(67): CodeIgniter\CodeIgniter->run()
WARNING - 2024-11-08 13:55:12 --> [DEPRECATED] Creation of dynamic property App\Controllers\Rekammedisirna::$simrs is deprecated in APPPATH/Controllers/Api.php on line 9.
 1 SYSTEMPATH/CodeIgniter.php(906): App\Controllers\Api->__construct()
 2 SYSTEMPATH/CodeIgniter.php(490): CodeIgniter\CodeIgniter->createController()
 3 SYSTEMPATH/CodeIgniter.php(368): CodeIgniter\CodeIgniter->handleRequest(null, Object(Config\Cache), false)
 4 FCPATH/index.php(67): CodeIgniter\CodeIgniter->run()
WARNING - 2024-11-08 13:55:13 --> [DEPRECATED] Creation of dynamic property App\Controllers\Rekammedisirna::$db is deprecated in APPPATH/Controllers/Api.php on line 8.
 1 SYSTEMPATH/CodeIgniter.php(906): App\Controllers\Api->__construct()
 2 SYSTEMPATH/CodeIgniter.php(490): CodeIgniter\CodeIgniter->createController()
 3 SYSTEMPATH/CodeIgniter.php(368): CodeIgniter\CodeIgniter->handleRequest(null, Object(Config\Cache), false)
 4 FCPATH/index.php(67): CodeIgniter\CodeIgniter->run()
WARNING - 2024-11-08 13:55:13 --> [DEPRECATED] Creation of dynamic property App\Controllers\Rekammedisirna::$simrs is deprecated in APPPATH/Controllers/Api.php on line 9.
 1 SYSTEMPATH/CodeIgniter.php(906): App\Controllers\Api->__construct()
 2 SYSTEMPATH/CodeIgniter.php(490): CodeIgniter\CodeIgniter->createController()
 3 SYSTEMPATH/CodeIgniter.php(368): CodeIgniter\CodeIgniter->handleRequest(null, Object(Config\Cache), false)
 4 FCPATH/index.php(67): CodeIgniter\CodeIgniter->run()
WARNING - 2024-11-08 13:55:19 --> [DEPRECATED] Creation of dynamic property App\Controllers\Rekammedisirja::$db is deprecated in APPPATH/Controllers/Api.php on line 8.
 1 SYSTEMPATH/CodeIgniter.php(906): App\Controllers\Api->__construct()
 2 SYSTEMPATH/CodeIgniter.php(490): CodeIgniter\CodeIgniter->createController()
 3 SYSTEMPATH/CodeIgniter.php(368): CodeIgniter\CodeIgniter->handleRequest(null, Object(Config\Cache), false)
 4 FCPATH/index.php(67): CodeIgniter\CodeIgniter->run()
WARNING - 2024-11-08 13:55:19 --> [DEPRECATED] Creation of dynamic property App\Controllers\Rekammedisirja::$simrs is deprecated in APPPATH/Controllers/Api.php on line 9.
 1 SYSTEMPATH/CodeIgniter.php(906): App\Controllers\Api->__construct()
 2 SYSTEMPATH/CodeIgniter.php(490): CodeIgniter\CodeIgniter->createController()
 3 SYSTEMPATH/CodeIgniter.php(368): CodeIgniter\CodeIgniter->handleRequest(null, Object(Config\Cache), false)
 4 FCPATH/index.php(67): CodeIgniter\CodeIgniter->run()
WARNING - 2024-11-08 13:55:19 --> [DEPRECATED] Creation of dynamic property App\Controllers\Rekammedisirja::$db is deprecated in APPPATH/Controllers/Api.php on line 8.
 1 SYSTEMPATH/CodeIgniter.php(906): App\Controllers\Api->__construct()
 2 SYSTEMPATH/CodeIgniter.php(490): CodeIgniter\CodeIgniter->createController()
 3 SYSTEMPATH/CodeIgniter.php(368): CodeIgniter\CodeIgniter->handleRequest(null, Object(Config\Cache), false)
 4 FCPATH/index.php(67): CodeIgniter\CodeIgniter->run()
WARNING - 2024-11-08 13:55:19 --> [DEPRECATED] Creation of dynamic property App\Controllers\Rekammedisirja::$simrs is deprecated in APPPATH/Controllers/Api.php on line 9.
 1 SYSTEMPATH/CodeIgniter.php(906): App\Controllers\Api->__construct()
 2 SYSTEMPATH/CodeIgniter.php(490): CodeIgniter\CodeIgniter->createController()
 3 SYSTEMPATH/CodeIgniter.php(368): CodeIgniter\CodeIgniter->handleRequest(null, Object(Config\Cache), false)
 4 FCPATH/index.php(67): CodeIgniter\CodeIgniter->run()
WARNING - 2024-11-08 13:55:19 --> [DEPRECATED] Creation of dynamic property App\Controllers\Rawatjalan::$db is deprecated in APPPATH/Controllers/Api.php on line 8.
 1 SYSTEMPATH/CodeIgniter.php(906): App\Controllers\Api->__construct()
 2 SYSTEMPATH/CodeIgniter.php(490): CodeIgniter\CodeIgniter->createController()
 3 SYSTEMPATH/CodeIgniter.php(368): CodeIgniter\CodeIgniter->handleRequest(null, Object(Config\Cache), false)
 4 FCPATH/index.php(67): CodeIgniter\CodeIgniter->run()
WARNING - 2024-11-08 13:55:19 --> [DEPRECATED] Creation of dynamic property App\Controllers\Rawatjalan::$simrs is deprecated in APPPATH/Controllers/Api.php on line 9.
 1 SYSTEMPATH/CodeIgniter.php(906): App\Controllers\Api->__construct()
 2 SYSTEMPATH/CodeIgniter.php(490): CodeIgniter\CodeIgniter->createController()
 3 SYSTEMPATH/CodeIgniter.php(368): CodeIgniter\CodeIgniter->handleRequest(null, Object(Config\Cache), false)
 4 FCPATH/index.php(67): CodeIgniter\CodeIgniter->run()
ERROR - 2024-11-08 13:55:19 --> ErrorException: pg_query(): Query failed: ERROR:  column &quot;id_penyakit&quot; specified in USING clause does not exist in left table in /var/www/html/SIMRSHEBAT/system/Database/Postgre/Connection.php:147
Stack trace:
#0 [internal function]: CodeIgniter\Debug\Exceptions->errorHandler()
#1 /var/www/html/SIMRSHEBAT/system/Database/Postgre/Connection.php(147): pg_query()
#2 /var/www/html/SIMRSHEBAT/system/Database/BaseConnection.php(691): CodeIgniter\Database\Postgre\Connection->execute()
#3 /var/www/html/SIMRSHEBAT/app/Controllers/Rekammedisirja.php(453): CodeIgniter\Database\BaseConnection->simpleQuery()
#4 /var/www/html/SIMRSHEBAT/system/CodeIgniter.php(934): App\Controllers\Rekammedisirja->datamrpenyakitirja()
#5 /var/www/html/SIMRSHEBAT/system/CodeIgniter.php(499): CodeIgniter\CodeIgniter->runController()
#6 /var/www/html/SIMRSHEBAT/system/CodeIgniter.php(368): CodeIgniter\CodeIgniter->handleRequest()
#7 /var/www/html/SIMRSHEBAT/index.php(67): CodeIgniter\CodeIgniter->run()
#8 {main}
ERROR - 2024-11-08 13:55:19 --> ErrorException: pg_query(): Query failed: ERROR:  column &quot;id_kunjungan&quot; does not exist
LINE 2: ...mr_tindakan inner join icd_9 USING(kd_icd9) where id_kunjung...
                                                             ^ in /var/www/html/SIMRSHEBAT/system/Database/Postgre/Connection.php:147
Stack trace:
#0 [internal function]: CodeIgniter\Debug\Exceptions->errorHandler()
#1 /var/www/html/SIMRSHEBAT/system/Database/Postgre/Connection.php(147): pg_query()
#2 /var/www/html/SIMRSHEBAT/system/Database/BaseConnection.php(691): CodeIgniter\Database\Postgre\Connection->execute()
#3 /var/www/html/SIMRSHEBAT/app/Controllers/Rekammedisirja.php(411): CodeIgniter\Database\BaseConnection->simpleQuery()
#4 /var/www/html/SIMRSHEBAT/system/CodeIgniter.php(934): App\Controllers\Rekammedisirja->datamricd9irja()
#5 /var/www/html/SIMRSHEBAT/system/CodeIgniter.php(499): CodeIgniter\CodeIgniter->runController()
#6 /var/www/html/SIMRSHEBAT/system/CodeIgniter.php(368): CodeIgniter\CodeIgniter->handleRequest()
#7 /var/www/html/SIMRSHEBAT/index.php(67): CodeIgniter\CodeIgniter->run()
#8 {main}
ERROR - 2024-11-08 13:55:19 --> ErrorException: pg_query(): Query failed: ERROR:  column &quot;jenis_pegawai&quot; does not exist
LINE 1: SELECT * FROM pegawai where jenis_pegawai='1'
                                    ^ in /var/www/html/SIMRSHEBAT/system/Database/Postgre/Connection.php:147
Stack trace:
#0 [internal function]: CodeIgniter\Debug\Exceptions->errorHandler()
#1 /var/www/html/SIMRSHEBAT/system/Database/Postgre/Connection.php(147): pg_query()
#2 /var/www/html/SIMRSHEBAT/system/Database/BaseConnection.php(691): CodeIgniter\Database\Postgre\Connection->execute()
#3 /var/www/html/SIMRSHEBAT/system/Database/BaseConnection.php(605): CodeIgniter\Database\BaseConnection->simpleQuery()
#4 /var/www/html/SIMRSHEBAT/app/Controllers/Rawatjalan.php(32): CodeIgniter\Database\BaseConnection->query()
#5 /var/www/html/SIMRSHEBAT/system/CodeIgniter.php(934): App\Controllers\Rawatjalan->pegawai()
#6 /var/www/html/SIMRSHEBAT/system/CodeIgniter.php(499): CodeIgniter\CodeIgniter->runController()
#7 /var/www/html/SIMRSHEBAT/system/CodeIgniter.php(368): CodeIgniter\CodeIgniter->handleRequest()
#8 /var/www/html/SIMRSHEBAT/index.php(67): CodeIgniter\CodeIgniter->run()
#9 {main}
CRITICAL - 2024-11-08 13:55:19 --> Call to a member function getResult() on bool
in APPPATH/Controllers/Rawatjalan.php on line 35.
 1 SYSTEMPATH/CodeIgniter.php(934): App\Controllers\Rawatjalan->pegawai()
 2 SYSTEMPATH/CodeIgniter.php(499): CodeIgniter\CodeIgniter->runController()
 3 SYSTEMPATH/CodeIgniter.php(368): CodeIgniter\CodeIgniter->handleRequest()
 4 FCPATH/index.php(67): CodeIgniter\CodeIgniter->run()
WARNING - 2024-11-08 13:55:19 --> [DEPRECATED] Creation of dynamic property App\Controllers\Lab::$db is deprecated in APPPATH/Controllers/Api.php on line 8.
 1 SYSTEMPATH/CodeIgniter.php(906): App\Controllers\Api->__construct()
 2 SYSTEMPATH/CodeIgniter.php(490): CodeIgniter\CodeIgniter->createController()
 3 SYSTEMPATH/CodeIgniter.php(368): CodeIgniter\CodeIgniter->handleRequest(null, Object(Config\Cache), false)
 4 FCPATH/index.php(67): CodeIgniter\CodeIgniter->run()
WARNING - 2024-11-08 13:55:19 --> [DEPRECATED] Creation of dynamic property App\Controllers\Lab::$simrs is deprecated in APPPATH/Controllers/Api.php on line 9.
 1 SYSTEMPATH/CodeIgniter.php(906): App\Controllers\Api->__construct()
 2 SYSTEMPATH/CodeIgniter.php(490): CodeIgniter\CodeIgniter->createController()
 3 SYSTEMPATH/CodeIgniter.php(368): CodeIgniter\CodeIgniter->handleRequest(null, Object(Config\Cache), false)
 4 FCPATH/index.php(67): CodeIgniter\CodeIgniter->run()
WARNING - 2024-11-08 13:55:19 --> [DEPRECATED] Creation of dynamic property App\Controllers\Lab::$db is deprecated in APPPATH/Controllers/Api.php on line 8.
 1 SYSTEMPATH/CodeIgniter.php(906): App\Controllers\Api->__construct()
 2 SYSTEMPATH/CodeIgniter.php(490): CodeIgniter\CodeIgniter->createController()
 3 SYSTEMPATH/CodeIgniter.php(368): CodeIgniter\CodeIgniter->handleRequest(null, Object(Config\Cache), false)
 4 FCPATH/index.php(67): CodeIgniter\CodeIgniter->run()
WARNING - 2024-11-08 13:55:19 --> [DEPRECATED] Creation of dynamic property App\Controllers\Lab::$simrs is deprecated in APPPATH/Controllers/Api.php on line 9.
 1 SYSTEMPATH/CodeIgniter.php(906): App\Controllers\Api->__construct()
 2 SYSTEMPATH/CodeIgniter.php(490): CodeIgniter\CodeIgniter->createController()
 3 SYSTEMPATH/CodeIgniter.php(368): CodeIgniter\CodeIgniter->handleRequest(null, Object(Config\Cache), false)
 4 FCPATH/index.php(67): CodeIgniter\CodeIgniter->run()
WARNING - 2024-11-08 13:55:19 --> [DEPRECATED] Creation of dynamic property App\Controllers\Lab::$db is deprecated in APPPATH/Controllers/Api.php on line 8.
 1 SYSTEMPATH/CodeIgniter.php(906): App\Controllers\Api->__construct()
 2 SYSTEMPATH/CodeIgniter.php(490): CodeIgniter\CodeIgniter->createController()
 3 SYSTEMPATH/CodeIgniter.php(368): CodeIgniter\CodeIgniter->handleRequest(null, Object(Config\Cache), false)
 4 FCPATH/index.php(67): CodeIgniter\CodeIgniter->run()
WARNING - 2024-11-08 13:55:19 --> [DEPRECATED] Creation of dynamic property App\Controllers\Lab::$simrs is deprecated in APPPATH/Controllers/Api.php on line 9.
 1 SYSTEMPATH/CodeIgniter.php(906): App\Controllers\Api->__construct()
 2 SYSTEMPATH/CodeIgniter.php(490): CodeIgniter\CodeIgniter->createController()
 3 SYSTEMPATH/CodeIgniter.php(368): CodeIgniter\CodeIgniter->handleRequest(null, Object(Config\Cache), false)
 4 FCPATH/index.php(67): CodeIgniter\CodeIgniter->run()
ERROR - 2024-11-08 13:55:19 --> ErrorException: pg_query(): Query failed: ERROR:  function left(integer, integer) does not exist
LINE 1: SELECT * from produk WHERE left(kd_produk,2)='CT' 
                                   ^
HINT:  No function matches the given name and argument types. You might need to add explicit type casts. in /var/www/html/SIMRSHEBAT/system/Database/Postgre/Connection.php:147
Stack trace:
#0 [internal function]: CodeIgniter\Debug\Exceptions->errorHandler()
#1 /var/www/html/SIMRSHEBAT/system/Database/Postgre/Connection.php(147): pg_query()
#2 /var/www/html/SIMRSHEBAT/system/Database/BaseConnection.php(691): CodeIgniter\Database\Postgre\Connection->execute()
#3 /var/www/html/SIMRSHEBAT/system/Database/BaseConnection.php(605): CodeIgniter\Database\BaseConnection->simpleQuery()
#4 /var/www/html/SIMRSHEBAT/app/Controllers/Lab.php(465): CodeIgniter\Database\BaseConnection->query()
#5 /var/www/html/SIMRSHEBAT/system/CodeIgniter.php(934): App\Controllers\Lab->produkRad()
#6 /var/www/html/SIMRSHEBAT/system/CodeIgniter.php(499): CodeIgniter\CodeIgniter->runController()
#7 /var/www/html/SIMRSHEBAT/system/CodeIgniter.php(368): CodeIgniter\CodeIgniter->handleRequest()
#8 /var/www/html/SIMRSHEBAT/index.php(67): CodeIgniter\CodeIgniter->run()
#9 {main}
CRITICAL - 2024-11-08 13:55:19 --> Call to a member function getResult() on bool
in APPPATH/Controllers/Lab.php on line 465.
 1 SYSTEMPATH/CodeIgniter.php(934): App\Controllers\Lab->produkRad()
 2 SYSTEMPATH/CodeIgniter.php(499): CodeIgniter\CodeIgniter->runController()
 3 SYSTEMPATH/CodeIgniter.php(368): CodeIgniter\CodeIgniter->handleRequest()
 4 FCPATH/index.php(67): CodeIgniter\CodeIgniter->run()
ERROR - 2024-11-08 13:55:19 --> ErrorException: pg_query(): Query failed: ERROR:  function left(integer, integer) does not exist
LINE 1: SELECT * from produk WHERE left(kd_produk,2)='XR' 
                                   ^
HINT:  No function matches the given name and argument types. You might need to add explicit type casts. in /var/www/html/SIMRSHEBAT/system/Database/Postgre/Connection.php:147
Stack trace:
#0 [internal function]: CodeIgniter\Debug\Exceptions->errorHandler()
#1 /var/www/html/SIMRSHEBAT/system/Database/Postgre/Connection.php(147): pg_query()
#2 /var/www/html/SIMRSHEBAT/system/Database/BaseConnection.php(691): CodeIgniter\Database\Postgre\Connection->execute()
#3 /var/www/html/SIMRSHEBAT/system/Database/BaseConnection.php(605): CodeIgniter\Database\BaseConnection->simpleQuery()
#4 /var/www/html/SIMRSHEBAT/app/Controllers/Lab.php(465): CodeIgniter\Database\BaseConnection->query()
#5 /var/www/html/SIMRSHEBAT/system/CodeIgniter.php(934): App\Controllers\Lab->produkRad()
#6 /var/www/html/SIMRSHEBAT/system/CodeIgniter.php(499): CodeIgniter\CodeIgniter->runController()
#7 /var/www/html/SIMRSHEBAT/system/CodeIgniter.php(368): CodeIgniter\CodeIgniter->handleRequest()
#8 /var/www/html/SIMRSHEBAT/index.php(67): CodeIgniter\CodeIgniter->run()
#9 {main}
ERROR - 2024-11-08 13:55:19 --> ErrorException: pg_query(): Query failed: ERROR:  column &quot;id_jenis_produk&quot; does not exist
LINE 1: SELECT * from produk WHERE id_jenis_produk='3' 
                                   ^ in /var/www/html/SIMRSHEBAT/system/Database/Postgre/Connection.php:147
Stack trace:
#0 [internal function]: CodeIgniter\Debug\Exceptions->errorHandler()
#1 /var/www/html/SIMRSHEBAT/system/Database/Postgre/Connection.php(147): pg_query()
#2 /var/www/html/SIMRSHEBAT/system/Database/BaseConnection.php(691): CodeIgniter\Database\Postgre\Connection->execute()
#3 /var/www/html/SIMRSHEBAT/system/Database/BaseConnection.php(605): CodeIgniter\Database\BaseConnection->simpleQuery()
#4 /var/www/html/SIMRSHEBAT/app/Controllers/Lab.php(447): CodeIgniter\Database\BaseConnection->query()
#5 /var/www/html/SIMRSHEBAT/system/CodeIgniter.php(934): App\Controllers\Lab->produk()
#6 /var/www/html/SIMRSHEBAT/system/CodeIgniter.php(499): CodeIgniter\CodeIgniter->runController()
#7 /var/www/html/SIMRSHEBAT/system/CodeIgniter.php(368): CodeIgniter\CodeIgniter->handleRequest()
#8 /var/www/html/SIMRSHEBAT/index.php(67): CodeIgniter\CodeIgniter->run()
#9 {main}
CRITICAL - 2024-11-08 13:55:19 --> Call to a member function getResult() on bool
in APPPATH/Controllers/Lab.php on line 465.
 1 SYSTEMPATH/CodeIgniter.php(934): App\Controllers\Lab->produkRad()
 2 SYSTEMPATH/CodeIgniter.php(499): CodeIgniter\CodeIgniter->runController()
 3 SYSTEMPATH/CodeIgniter.php(368): CodeIgniter\CodeIgniter->handleRequest()
 4 FCPATH/index.php(67): CodeIgniter\CodeIgniter->run()
CRITICAL - 2024-11-08 13:55:19 --> Call to a member function getResult() on bool
in APPPATH/Controllers/Lab.php on line 447.
 1 SYSTEMPATH/CodeIgniter.php(934): App\Controllers\Lab->produk()
 2 SYSTEMPATH/CodeIgniter.php(499): CodeIgniter\CodeIgniter->runController()
 3 SYSTEMPATH/CodeIgniter.php(368): CodeIgniter\CodeIgniter->handleRequest()
 4 FCPATH/index.php(67): CodeIgniter\CodeIgniter->run()
WARNING - 2024-11-08 13:55:19 --> [DEPRECATED] Creation of dynamic property App\Controllers\Lab::$db is deprecated in APPPATH/Controllers/Api.php on line 8.
 1 SYSTEMPATH/CodeIgniter.php(906): App\Controllers\Api->__construct()
 2 SYSTEMPATH/CodeIgniter.php(490): CodeIgniter\CodeIgniter->createController()
 3 SYSTEMPATH/CodeIgniter.php(368): CodeIgniter\CodeIgniter->handleRequest(null, Object(Config\Cache), false)
 4 FCPATH/index.php(67): CodeIgniter\CodeIgniter->run()
WARNING - 2024-11-08 13:55:19 --> [DEPRECATED] Creation of dynamic property App\Controllers\Lab::$simrs is deprecated in APPPATH/Controllers/Api.php on line 9.
 1 SYSTEMPATH/CodeIgniter.php(906): App\Controllers\Api->__construct()
 2 SYSTEMPATH/CodeIgniter.php(490): CodeIgniter\CodeIgniter->createController()
 3 SYSTEMPATH/CodeIgniter.php(368): CodeIgniter\CodeIgniter->handleRequest(null, Object(Config\Cache), false)
 4 FCPATH/index.php(67): CodeIgniter\CodeIgniter->run()
ERROR - 2024-11-08 13:55:19 --> ErrorException: pg_query(): Query failed: ERROR:  function left(integer, integer) does not exist
LINE 1: SELECT * from produk WHERE left(kd_produk,2)='UR' 
                                   ^
HINT:  No function matches the given name and argument types. You might need to add explicit type casts. in /var/www/html/SIMRSHEBAT/system/Database/Postgre/Connection.php:147
Stack trace:
#0 [internal function]: CodeIgniter\Debug\Exceptions->errorHandler()
#1 /var/www/html/SIMRSHEBAT/system/Database/Postgre/Connection.php(147): pg_query()
#2 /var/www/html/SIMRSHEBAT/system/Database/BaseConnection.php(691): CodeIgniter\Database\Postgre\Connection->execute()
#3 /var/www/html/SIMRSHEBAT/system/Database/BaseConnection.php(605): CodeIgniter\Database\BaseConnection->simpleQuery()
#4 /var/www/html/SIMRSHEBAT/app/Controllers/Lab.php(465): CodeIgniter\Database\BaseConnection->query()
#5 /var/www/html/SIMRSHEBAT/system/CodeIgniter.php(934): App\Controllers\Lab->produkRad()
#6 /var/www/html/SIMRSHEBAT/system/CodeIgniter.php(499): CodeIgniter\CodeIgniter->runController()
#7 /var/www/html/SIMRSHEBAT/system/CodeIgniter.php(368): CodeIgniter\CodeIgniter->handleRequest()
#8 /var/www/html/SIMRSHEBAT/index.php(67): CodeIgniter\CodeIgniter->run()
#9 {main}
CRITICAL - 2024-11-08 13:55:19 --> Call to a member function getResult() on bool
in APPPATH/Controllers/Lab.php on line 465.
 1 SYSTEMPATH/CodeIgniter.php(934): App\Controllers\Lab->produkRad()
 2 SYSTEMPATH/CodeIgniter.php(499): CodeIgniter\CodeIgniter->runController()
 3 SYSTEMPATH/CodeIgniter.php(368): CodeIgniter\CodeIgniter->handleRequest()
 4 FCPATH/index.php(67): CodeIgniter\CodeIgniter->run()
WARNING - 2024-11-08 13:55:19 --> [DEPRECATED] Creation of dynamic property App\Controllers\Rekammedisirna::$db is deprecated in APPPATH/Controllers/Api.php on line 8.
 1 SYSTEMPATH/CodeIgniter.php(906): App\Controllers\Api->__construct()
 2 SYSTEMPATH/CodeIgniter.php(490): CodeIgniter\CodeIgniter->createController()
 3 SYSTEMPATH/CodeIgniter.php(368): CodeIgniter\CodeIgniter->handleRequest(null, Object(Config\Cache), false)
 4 FCPATH/index.php(67): CodeIgniter\CodeIgniter->run()
WARNING - 2024-11-08 13:55:19 --> [DEPRECATED] Creation of dynamic property App\Controllers\Kunjungan::$db is deprecated in APPPATH/Controllers/Api.php on line 8.
 1 SYSTEMPATH/CodeIgniter.php(906): App\Controllers\Api->__construct()
 2 SYSTEMPATH/CodeIgniter.php(490): CodeIgniter\CodeIgniter->createController()
 3 SYSTEMPATH/CodeIgniter.php(368): CodeIgniter\CodeIgniter->handleRequest(null, Object(Config\Cache), false)
 4 FCPATH/index.php(67): CodeIgniter\CodeIgniter->run()
WARNING - 2024-11-08 13:55:19 --> [DEPRECATED] Creation of dynamic property App\Controllers\Rekammedisirna::$simrs is deprecated in APPPATH/Controllers/Api.php on line 9.
 1 SYSTEMPATH/CodeIgniter.php(906): App\Controllers\Api->__construct()
 2 SYSTEMPATH/CodeIgniter.php(490): CodeIgniter\CodeIgniter->createController()
 3 SYSTEMPATH/CodeIgniter.php(368): CodeIgniter\CodeIgniter->handleRequest(null, Object(Config\Cache), false)
 4 FCPATH/index.php(67): CodeIgniter\CodeIgniter->run()
WARNING - 2024-11-08 13:55:19 --> [DEPRECATED] Creation of dynamic property App\Controllers\Kunjungan::$simrs is deprecated in APPPATH/Controllers/Api.php on line 9.
 1 SYSTEMPATH/CodeIgniter.php(906): App\Controllers\Api->__construct()
 2 SYSTEMPATH/CodeIgniter.php(490): CodeIgniter\CodeIgniter->createController()
 3 SYSTEMPATH/CodeIgniter.php(368): CodeIgniter\CodeIgniter->handleRequest(null, Object(Config\Cache), false)
 4 FCPATH/index.php(67): CodeIgniter\CodeIgniter->run()
WARNING - 2024-11-08 13:55:19 --> [DEPRECATED] Creation of dynamic property App\Controllers\Kunjungan::$db is deprecated in APPPATH/Controllers/Api.php on line 8.
 1 SYSTEMPATH/CodeIgniter.php(906): App\Controllers\Api->__construct()
 2 SYSTEMPATH/CodeIgniter.php(490): CodeIgniter\CodeIgniter->createController()
 3 SYSTEMPATH/CodeIgniter.php(368): CodeIgniter\CodeIgniter->handleRequest(null, Object(Config\Cache), false)
 4 FCPATH/index.php(67): CodeIgniter\CodeIgniter->run()
WARNING - 2024-11-08 13:55:19 --> [DEPRECATED] Creation of dynamic property App\Controllers\Kunjungan::$simrs is deprecated in APPPATH/Controllers/Api.php on line 9.
 1 SYSTEMPATH/CodeIgniter.php(906): App\Controllers\Api->__construct()
 2 SYSTEMPATH/CodeIgniter.php(490): CodeIgniter\CodeIgniter->createController()
 3 SYSTEMPATH/CodeIgniter.php(368): CodeIgniter\CodeIgniter->handleRequest(null, Object(Config\Cache), false)
 4 FCPATH/index.php(67): CodeIgniter\CodeIgniter->run()
ERROR - 2024-11-08 13:55:19 --> ErrorException: pg_query(): Query failed: ERROR:  relation &quot;order_lab&quot; does not exist
LINE 2:         order_lab o inner join
                ^ in /var/www/html/SIMRSHEBAT/system/Database/Postgre/Connection.php:147
Stack trace:
#0 [internal function]: CodeIgniter\Debug\Exceptions->errorHandler()
#1 /var/www/html/SIMRSHEBAT/system/Database/Postgre/Connection.php(147): pg_query()
#2 /var/www/html/SIMRSHEBAT/system/Database/BaseConnection.php(691): CodeIgniter\Database\Postgre\Connection->execute()
#3 /var/www/html/SIMRSHEBAT/app/Controllers/Rekammedisirna.php(823): CodeIgniter\Database\BaseConnection->simpleQuery()
#4 /var/www/html/SIMRSHEBAT/system/CodeIgniter.php(934): App\Controllers\Rekammedisirna->datapenunjangpasienirna()
#5 /var/www/html/SIMRSHEBAT/system/CodeIgniter.php(499): CodeIgniter\CodeIgniter->runController()
#6 /var/www/html/SIMRSHEBAT/system/CodeIgniter.php(368): CodeIgniter\CodeIgniter->handleRequest()
#7 /var/www/html/SIMRSHEBAT/index.php(67): CodeIgniter\CodeIgniter->run()
#8 {main}
ERROR - 2024-11-08 13:55:19 --> ErrorException: pg_query(): Query failed: ERROR:  column &quot;id_penyakit&quot; specified in USING clause does not exist in left table in /var/www/html/SIMRSHEBAT/system/Database/Postgre/Connection.php:147
Stack trace:
#0 [internal function]: CodeIgniter\Debug\Exceptions->errorHandler()
#1 /var/www/html/SIMRSHEBAT/system/Database/Postgre/Connection.php(147): pg_query()
#2 /var/www/html/SIMRSHEBAT/system/Database/BaseConnection.php(691): CodeIgniter\Database\Postgre\Connection->execute()
#3 /var/www/html/SIMRSHEBAT/app/Controllers/Kunjungan.php(585): CodeIgniter\Database\BaseConnection->simpleQuery()
#4 /var/www/html/SIMRSHEBAT/system/CodeIgniter.php(934): App\Controllers\Kunjungan->historipenyakit()
#5 /var/www/html/SIMRSHEBAT/system/CodeIgniter.php(499): CodeIgniter\CodeIgniter->runController()
#6 /var/www/html/SIMRSHEBAT/system/CodeIgniter.php(368): CodeIgniter\CodeIgniter->handleRequest()
#7 /var/www/html/SIMRSHEBAT/index.php(67): CodeIgniter\CodeIgniter->run()
#8 {main}
ERROR - 2024-11-08 13:55:19 --> ErrorException: pg_query(): Query failed: ERROR:  relation &quot;alergi&quot; does not exist
LINE 1: SELECT * from alergi where no_rm='6-00-08-35' 
                      ^ in /var/www/html/SIMRSHEBAT/system/Database/Postgre/Connection.php:147
Stack trace:
#0 [internal function]: CodeIgniter\Debug\Exceptions->errorHandler()
#1 /var/www/html/SIMRSHEBAT/system/Database/Postgre/Connection.php(147): pg_query()
#2 /var/www/html/SIMRSHEBAT/system/Database/BaseConnection.php(691): CodeIgniter\Database\Postgre\Connection->execute()
#3 /var/www/html/SIMRSHEBAT/app/Controllers/Kunjungan.php(632): CodeIgniter\Database\BaseConnection->simpleQuery()
#4 /var/www/html/SIMRSHEBAT/system/CodeIgniter.php(934): App\Controllers\Kunjungan->historialergi()
#5 /var/www/html/SIMRSHEBAT/system/CodeIgniter.php(499): CodeIgniter\CodeIgniter->runController()
#6 /var/www/html/SIMRSHEBAT/system/CodeIgniter.php(368): CodeIgniter\CodeIgniter->handleRequest()
#7 /var/www/html/SIMRSHEBAT/index.php(67): CodeIgniter\CodeIgniter->run()
#8 {main}
WARNING - 2024-11-08 13:55:19 --> [DEPRECATED] Creation of dynamic property App\Controllers\Datasosial::$db is deprecated in APPPATH/Controllers/Api.php on line 8.
 1 SYSTEMPATH/CodeIgniter.php(906): App\Controllers\Api->__construct()
 2 SYSTEMPATH/CodeIgniter.php(490): CodeIgniter\CodeIgniter->createController()
 3 SYSTEMPATH/CodeIgniter.php(368): CodeIgniter\CodeIgniter->handleRequest(null, Object(Config\Cache), false)
 4 FCPATH/index.php(67): CodeIgniter\CodeIgniter->run()
WARNING - 2024-11-08 13:55:19 --> [DEPRECATED] Creation of dynamic property App\Controllers\Datasosial::$simrs is deprecated in APPPATH/Controllers/Api.php on line 9.
 1 SYSTEMPATH/CodeIgniter.php(906): App\Controllers\Api->__construct()
 2 SYSTEMPATH/CodeIgniter.php(490): CodeIgniter\CodeIgniter->createController()
 3 SYSTEMPATH/CodeIgniter.php(368): CodeIgniter\CodeIgniter->handleRequest(null, Object(Config\Cache), false)
 4 FCPATH/index.php(67): CodeIgniter\CodeIgniter->run()
WARNING - 2024-11-08 13:55:19 --> [DEPRECATED] Creation of dynamic property App\Controllers\Kunjungan::$db is deprecated in APPPATH/Controllers/Api.php on line 8.
 1 SYSTEMPATH/CodeIgniter.php(906): App\Controllers\Api->__construct()
 2 SYSTEMPATH/CodeIgniter.php(490): CodeIgniter\CodeIgniter->createController()
 3 SYSTEMPATH/CodeIgniter.php(368): CodeIgniter\CodeIgniter->handleRequest(null, Object(Config\Cache), false)
 4 FCPATH/index.php(67): CodeIgniter\CodeIgniter->run()
WARNING - 2024-11-08 13:55:19 --> [DEPRECATED] Creation of dynamic property App\Controllers\Datasosial::$db is deprecated in APPPATH/Controllers/Api.php on line 8.
 1 SYSTEMPATH/CodeIgniter.php(906): App\Controllers\Api->__construct()
 2 SYSTEMPATH/CodeIgniter.php(490): CodeIgniter\CodeIgniter->createController()
 3 SYSTEMPATH/CodeIgniter.php(368): CodeIgniter\CodeIgniter->handleRequest(null, Object(Config\Cache), false)
 4 FCPATH/index.php(67): CodeIgniter\CodeIgniter->run()
WARNING - 2024-11-08 13:55:19 --> [DEPRECATED] Creation of dynamic property App\Controllers\Kunjungan::$simrs is deprecated in APPPATH/Controllers/Api.php on line 9.
 1 SYSTEMPATH/CodeIgniter.php(906): App\Controllers\Api->__construct()
 2 SYSTEMPATH/CodeIgniter.php(490): CodeIgniter\CodeIgniter->createController()
 3 SYSTEMPATH/CodeIgniter.php(368): CodeIgniter\CodeIgniter->handleRequest(null, Object(Config\Cache), false)
 4 FCPATH/index.php(67): CodeIgniter\CodeIgniter->run()
WARNING - 2024-11-08 13:55:19 --> [DEPRECATED] Creation of dynamic property App\Controllers\Datasosial::$simrs is deprecated in APPPATH/Controllers/Api.php on line 9.
 1 SYSTEMPATH/CodeIgniter.php(906): App\Controllers\Api->__construct()
 2 SYSTEMPATH/CodeIgniter.php(490): CodeIgniter\CodeIgniter->createController()
 3 SYSTEMPATH/CodeIgniter.php(368): CodeIgniter\CodeIgniter->handleRequest(null, Object(Config\Cache), false)
 4 FCPATH/index.php(67): CodeIgniter\CodeIgniter->run()
ERROR - 2024-11-08 13:55:19 --> ErrorException: pg_query(): Query failed: ERROR:  column &quot;id_penyakit&quot; specified in USING clause does not exist in left table in /var/www/html/SIMRSHEBAT/system/Database/Postgre/Connection.php:147
Stack trace:
#0 [internal function]: CodeIgniter\Debug\Exceptions->errorHandler()
#1 /var/www/html/SIMRSHEBAT/system/Database/Postgre/Connection.php(147): pg_query()
#2 /var/www/html/SIMRSHEBAT/system/Database/BaseConnection.php(691): CodeIgniter\Database\Postgre\Connection->execute()
#3 /var/www/html/SIMRSHEBAT/app/Controllers/Kunjungan.php(617): CodeIgniter\Database\BaseConnection->simpleQuery()
#4 /var/www/html/SIMRSHEBAT/system/CodeIgniter.php(934): App\Controllers\Kunjungan->historipenyakitkeluarga()
#5 /var/www/html/SIMRSHEBAT/system/CodeIgniter.php(499): CodeIgniter\CodeIgniter->runController()
#6 /var/www/html/SIMRSHEBAT/system/CodeIgniter.php(368): CodeIgniter\CodeIgniter->handleRequest()
#7 /var/www/html/SIMRSHEBAT/index.php(67): CodeIgniter\CodeIgniter->run()
#8 {main}
WARNING - 2024-11-08 14:15:23 --> [DEPRECATED] Creation of dynamic property App\Controllers\Rekammedisirna::$db is deprecated in APPPATH/Controllers/Api.php on line 8.
 1 SYSTEMPATH/CodeIgniter.php(906): App\Controllers\Api->__construct()
 2 SYSTEMPATH/CodeIgniter.php(490): CodeIgniter\CodeIgniter->createController()
 3 SYSTEMPATH/CodeIgniter.php(368): CodeIgniter\CodeIgniter->handleRequest(null, Object(Config\Cache), false)
 4 FCPATH/index.php(67): CodeIgniter\CodeIgniter->run()
WARNING - 2024-11-08 14:15:23 --> [DEPRECATED] Creation of dynamic property App\Controllers\Rekammedisirna::$db is deprecated in APPPATH/Controllers/Api.php on line 8.
 1 SYSTEMPATH/CodeIgniter.php(906): App\Controllers\Api->__construct()
 2 SYSTEMPATH/CodeIgniter.php(490): CodeIgniter\CodeIgniter->createController()
 3 SYSTEMPATH/CodeIgniter.php(368): CodeIgniter\CodeIgniter->handleRequest(null, Object(Config\Cache), false)
 4 FCPATH/index.php(67): CodeIgniter\CodeIgniter->run()
WARNING - 2024-11-08 14:15:23 --> [DEPRECATED] Creation of dynamic property App\Controllers\Rekammedisirna::$simrs is deprecated in APPPATH/Controllers/Api.php on line 9.
 1 SYSTEMPATH/CodeIgniter.php(906): App\Controllers\Api->__construct()
 2 SYSTEMPATH/CodeIgniter.php(490): CodeIgniter\CodeIgniter->createController()
 3 SYSTEMPATH/CodeIgniter.php(368): CodeIgniter\CodeIgniter->handleRequest(null, Object(Config\Cache), false)
 4 FCPATH/index.php(67): CodeIgniter\CodeIgniter->run()
WARNING - 2024-11-08 14:15:23 --> [DEPRECATED] Creation of dynamic property App\Controllers\Rekammedisirna::$simrs is deprecated in APPPATH/Controllers/Api.php on line 9.
 1 SYSTEMPATH/CodeIgniter.php(906): App\Controllers\Api->__construct()
 2 SYSTEMPATH/CodeIgniter.php(490): CodeIgniter\CodeIgniter->createController()
 3 SYSTEMPATH/CodeIgniter.php(368): CodeIgniter\CodeIgniter->handleRequest(null, Object(Config\Cache), false)
 4 FCPATH/index.php(67): CodeIgniter\CodeIgniter->run()
CRITICAL - 2024-11-08 14:15:23 --> Attempt to read property "rm" on null
in APPPATH/Views/view/modal/rm_irna/EdukasiPasien.php on line 3.
 1 APPPATH/Views/view/modal/rm_irna/EdukasiPasien.php(3): CodeIgniter\Debug\Exceptions->errorHandler()
 2 SYSTEMPATH/View/View.php(213): include('APPPATH/Views/view/modal/rm_irna/EdukasiPasien.php')
 3 SYSTEMPATH/View/View.php(216): CodeIgniter\View\View->CodeIgniter\View\{closure}()
 4 SYSTEMPATH/Common.php(1184): CodeIgniter\View\View->render()
 5 APPPATH/Controllers/Rekammedisirna.php(7153): view()
 6 SYSTEMPATH/CodeIgniter.php(934): App\Controllers\Rekammedisirna->viewEdukasiPasien()
 7 SYSTEMPATH/CodeIgniter.php(499): CodeIgniter\CodeIgniter->runController()
 8 SYSTEMPATH/CodeIgniter.php(368): CodeIgniter\CodeIgniter->handleRequest()
 9 FCPATH/index.php(67): CodeIgniter\CodeIgniter->run()
ERROR - 2024-11-08 14:15:23 --> ErrorException: pg_query(): Query failed: ERROR:  relation &quot;edukasi&quot; does not exist
LINE 1: SELECT * FROM edukasi WHERE id_transaksi = '6-00-08-35' AND ...
                      ^ in /var/www/html/SIMRSHEBAT/system/Database/Postgre/Connection.php:147
Stack trace:
#0 [internal function]: CodeIgniter\Debug\Exceptions->errorHandler()
#1 /var/www/html/SIMRSHEBAT/system/Database/Postgre/Connection.php(147): pg_query()
#2 /var/www/html/SIMRSHEBAT/system/Database/BaseConnection.php(691): CodeIgniter\Database\Postgre\Connection->execute()
#3 /var/www/html/SIMRSHEBAT/system/Database/BaseConnection.php(605): CodeIgniter\Database\BaseConnection->simpleQuery()
#4 /var/www/html/SIMRSHEBAT/app/Controllers/Rekammedisirna.php(3013): CodeIgniter\Database\BaseConnection->query()
#5 /var/www/html/SIMRSHEBAT/system/CodeIgniter.php(934): App\Controllers\Rekammedisirna->load_edukasiirnautama()
#6 /var/www/html/SIMRSHEBAT/system/CodeIgniter.php(499): CodeIgniter\CodeIgniter->runController()
#7 /var/www/html/SIMRSHEBAT/system/CodeIgniter.php(368): CodeIgniter\CodeIgniter->handleRequest()
#8 /var/www/html/SIMRSHEBAT/index.php(67): CodeIgniter\CodeIgniter->run()
#9 {main}
ERROR - 2024-11-08 14:15:23 --> ErrorException: pg_query(): Query failed: ERROR:  relation &quot;detail_edukasi&quot; does not exist
LINE 1: SELECT * FROM detail_edukasi INNER JOIN pegawai USING (id_pe...
                      ^ in /var/www/html/SIMRSHEBAT/system/Database/Postgre/Connection.php:147
Stack trace:
#0 [internal function]: CodeIgniter\Debug\Exceptions->errorHandler()
#1 /var/www/html/SIMRSHEBAT/system/Database/Postgre/Connection.php(147): pg_query()
#2 /var/www/html/SIMRSHEBAT/system/Database/BaseConnection.php(691): CodeIgniter\Database\Postgre\Connection->execute()
#3 /var/www/html/SIMRSHEBAT/system/Database/BaseConnection.php(605): CodeIgniter\Database\BaseConnection->simpleQuery()
#4 /var/www/html/SIMRSHEBAT/app/Controllers/Rekammedisirna.php(3015): CodeIgniter\Database\BaseConnection->query()
#5 /var/www/html/SIMRSHEBAT/system/CodeIgniter.php(934): App\Controllers\Rekammedisirna->load_edukasiirnautama()
#6 /var/www/html/SIMRSHEBAT/system/CodeIgniter.php(499): CodeIgniter\CodeIgniter->runController()
#7 /var/www/html/SIMRSHEBAT/system/CodeIgniter.php(368): CodeIgniter\CodeIgniter->handleRequest()
#8 /var/www/html/SIMRSHEBAT/index.php(67): CodeIgniter\CodeIgniter->run()
#9 {main}
CRITICAL - 2024-11-08 14:15:23 --> Call to a member function getNumRows() on bool
in APPPATH/Controllers/Rekammedisirna.php on line 3018.
 1 SYSTEMPATH/CodeIgniter.php(934): App\Controllers\Rekammedisirna->load_edukasiirnautama()
 2 SYSTEMPATH/CodeIgniter.php(499): CodeIgniter\CodeIgniter->runController()
 3 SYSTEMPATH/CodeIgniter.php(368): CodeIgniter\CodeIgniter->handleRequest()
 4 FCPATH/index.php(67): CodeIgniter\CodeIgniter->run()
WARNING - 2024-11-08 14:15:28 --> [DEPRECATED] Creation of dynamic property App\Controllers\Rekammedisirna::$db is deprecated in APPPATH/Controllers/Api.php on line 8.
 1 SYSTEMPATH/CodeIgniter.php(906): App\Controllers\Api->__construct()
 2 SYSTEMPATH/CodeIgniter.php(490): CodeIgniter\CodeIgniter->createController()
 3 SYSTEMPATH/CodeIgniter.php(368): CodeIgniter\CodeIgniter->handleRequest(null, Object(Config\Cache), false)
 4 FCPATH/index.php(67): CodeIgniter\CodeIgniter->run()
WARNING - 2024-11-08 14:15:28 --> [DEPRECATED] Creation of dynamic property App\Controllers\Rekammedisirna::$simrs is deprecated in APPPATH/Controllers/Api.php on line 9.
 1 SYSTEMPATH/CodeIgniter.php(906): App\Controllers\Api->__construct()
 2 SYSTEMPATH/CodeIgniter.php(490): CodeIgniter\CodeIgniter->createController()
 3 SYSTEMPATH/CodeIgniter.php(368): CodeIgniter\CodeIgniter->handleRequest(null, Object(Config\Cache), false)
 4 FCPATH/index.php(67): CodeIgniter\CodeIgniter->run()
WARNING - 2024-11-08 14:15:28 --> [DEPRECATED] Creation of dynamic property App\Controllers\Rekammedisirna::$db is deprecated in APPPATH/Controllers/Api.php on line 8.
 1 SYSTEMPATH/CodeIgniter.php(906): App\Controllers\Api->__construct()
 2 SYSTEMPATH/CodeIgniter.php(490): CodeIgniter\CodeIgniter->createController()
 3 SYSTEMPATH/CodeIgniter.php(368): CodeIgniter\CodeIgniter->handleRequest(null, Object(Config\Cache), false)
 4 FCPATH/index.php(67): CodeIgniter\CodeIgniter->run()
WARNING - 2024-11-08 14:15:28 --> [DEPRECATED] Creation of dynamic property App\Controllers\Rekammedisirna::$simrs is deprecated in APPPATH/Controllers/Api.php on line 9.
 1 SYSTEMPATH/CodeIgniter.php(906): App\Controllers\Api->__construct()
 2 SYSTEMPATH/CodeIgniter.php(490): CodeIgniter\CodeIgniter->createController()
 3 SYSTEMPATH/CodeIgniter.php(368): CodeIgniter\CodeIgniter->handleRequest(null, Object(Config\Cache), false)
 4 FCPATH/index.php(67): CodeIgniter\CodeIgniter->run()
CRITICAL - 2024-11-08 14:15:28 --> Attempt to read property "rm" on null
in APPPATH/Views/view/modal/rm_irna/EdukasiPasien.php on line 3.
 1 APPPATH/Views/view/modal/rm_irna/EdukasiPasien.php(3): CodeIgniter\Debug\Exceptions->errorHandler()
 2 SYSTEMPATH/View/View.php(213): include('APPPATH/Views/view/modal/rm_irna/EdukasiPasien.php')
 3 SYSTEMPATH/View/View.php(216): CodeIgniter\View\View->CodeIgniter\View\{closure}()
 4 SYSTEMPATH/Common.php(1184): CodeIgniter\View\View->render()
 5 APPPATH/Controllers/Rekammedisirna.php(7153): view()
 6 SYSTEMPATH/CodeIgniter.php(934): App\Controllers\Rekammedisirna->viewEdukasiPasien()
 7 SYSTEMPATH/CodeIgniter.php(499): CodeIgniter\CodeIgniter->runController()
 8 SYSTEMPATH/CodeIgniter.php(368): CodeIgniter\CodeIgniter->handleRequest()
 9 FCPATH/index.php(67): CodeIgniter\CodeIgniter->run()
ERROR - 2024-11-08 14:15:28 --> ErrorException: pg_query(): Query failed: ERROR:  relation &quot;edukasi&quot; does not exist
LINE 1: SELECT * FROM edukasi WHERE id_transaksi = '6-00-08-35' AND ...
                      ^ in /var/www/html/SIMRSHEBAT/system/Database/Postgre/Connection.php:147
Stack trace:
#0 [internal function]: CodeIgniter\Debug\Exceptions->errorHandler()
#1 /var/www/html/SIMRSHEBAT/system/Database/Postgre/Connection.php(147): pg_query()
#2 /var/www/html/SIMRSHEBAT/system/Database/BaseConnection.php(691): CodeIgniter\Database\Postgre\Connection->execute()
#3 /var/www/html/SIMRSHEBAT/system/Database/BaseConnection.php(605): CodeIgniter\Database\BaseConnection->simpleQuery()
#4 /var/www/html/SIMRSHEBAT/app/Controllers/Rekammedisirna.php(3013): CodeIgniter\Database\BaseConnection->query()
#5 /var/www/html/SIMRSHEBAT/system/CodeIgniter.php(934): App\Controllers\Rekammedisirna->load_edukasiirnautama()
#6 /var/www/html/SIMRSHEBAT/system/CodeIgniter.php(499): CodeIgniter\CodeIgniter->runController()
#7 /var/www/html/SIMRSHEBAT/system/CodeIgniter.php(368): CodeIgniter\CodeIgniter->handleRequest()
#8 /var/www/html/SIMRSHEBAT/index.php(67): CodeIgniter\CodeIgniter->run()
#9 {main}
ERROR - 2024-11-08 14:15:28 --> ErrorException: pg_query(): Query failed: ERROR:  relation &quot;detail_edukasi&quot; does not exist
LINE 1: SELECT * FROM detail_edukasi INNER JOIN pegawai USING (id_pe...
                      ^ in /var/www/html/SIMRSHEBAT/system/Database/Postgre/Connection.php:147
Stack trace:
#0 [internal function]: CodeIgniter\Debug\Exceptions->errorHandler()
#1 /var/www/html/SIMRSHEBAT/system/Database/Postgre/Connection.php(147): pg_query()
#2 /var/www/html/SIMRSHEBAT/system/Database/BaseConnection.php(691): CodeIgniter\Database\Postgre\Connection->execute()
#3 /var/www/html/SIMRSHEBAT/system/Database/BaseConnection.php(605): CodeIgniter\Database\BaseConnection->simpleQuery()
#4 /var/www/html/SIMRSHEBAT/app/Controllers/Rekammedisirna.php(3015): CodeIgniter\Database\BaseConnection->query()
#5 /var/www/html/SIMRSHEBAT/system/CodeIgniter.php(934): App\Controllers\Rekammedisirna->load_edukasiirnautama()
#6 /var/www/html/SIMRSHEBAT/system/CodeIgniter.php(499): CodeIgniter\CodeIgniter->runController()
#7 /var/www/html/SIMRSHEBAT/system/CodeIgniter.php(368): CodeIgniter\CodeIgniter->handleRequest()
#8 /var/www/html/SIMRSHEBAT/index.php(67): CodeIgniter\CodeIgniter->run()
#9 {main}
CRITICAL - 2024-11-08 14:15:28 --> Call to a member function getNumRows() on bool
in APPPATH/Controllers/Rekammedisirna.php on line 3018.
 1 SYSTEMPATH/CodeIgniter.php(934): App\Controllers\Rekammedisirna->load_edukasiirnautama()
 2 SYSTEMPATH/CodeIgniter.php(499): CodeIgniter\CodeIgniter->runController()
 3 SYSTEMPATH/CodeIgniter.php(368): CodeIgniter\CodeIgniter->handleRequest()
 4 FCPATH/index.php(67): CodeIgniter\CodeIgniter->run()
WARNING - 2024-11-08 14:16:01 --> [DEPRECATED] Creation of dynamic property App\Controllers\Rekammedisirna::$db is deprecated in APPPATH/Controllers/Api.php on line 8.
 1 SYSTEMPATH/CodeIgniter.php(906): App\Controllers\Api->__construct()
 2 SYSTEMPATH/CodeIgniter.php(490): CodeIgniter\CodeIgniter->createController()
 3 SYSTEMPATH/CodeIgniter.php(368): CodeIgniter\CodeIgniter->handleRequest(null, Object(Config\Cache), false)
 4 FCPATH/index.php(67): CodeIgniter\CodeIgniter->run()
WARNING - 2024-11-08 14:16:01 --> [DEPRECATED] Creation of dynamic property App\Controllers\Rekammedisirna::$simrs is deprecated in APPPATH/Controllers/Api.php on line 9.
 1 SYSTEMPATH/CodeIgniter.php(906): App\Controllers\Api->__construct()
 2 SYSTEMPATH/CodeIgniter.php(490): CodeIgniter\CodeIgniter->createController()
 3 SYSTEMPATH/CodeIgniter.php(368): CodeIgniter\CodeIgniter->handleRequest(null, Object(Config\Cache), false)
 4 FCPATH/index.php(67): CodeIgniter\CodeIgniter->run()
WARNING - 2024-11-08 14:16:01 --> [DEPRECATED] Creation of dynamic property App\Controllers\Rekammedisirna::$db is deprecated in APPPATH/Controllers/Api.php on line 8.
 1 SYSTEMPATH/CodeIgniter.php(906): App\Controllers\Api->__construct()
 2 SYSTEMPATH/CodeIgniter.php(490): CodeIgniter\CodeIgniter->createController()
 3 SYSTEMPATH/CodeIgniter.php(368): CodeIgniter\CodeIgniter->handleRequest(null, Object(Config\Cache), false)
 4 FCPATH/index.php(67): CodeIgniter\CodeIgniter->run()
WARNING - 2024-11-08 14:16:01 --> [DEPRECATED] Creation of dynamic property App\Controllers\Rekammedisirna::$db is deprecated in APPPATH/Controllers/Api.php on line 8.
 1 SYSTEMPATH/CodeIgniter.php(906): App\Controllers\Api->__construct()
 2 SYSTEMPATH/CodeIgniter.php(490): CodeIgniter\CodeIgniter->createController()
 3 SYSTEMPATH/CodeIgniter.php(368): CodeIgniter\CodeIgniter->handleRequest(null, Object(Config\Cache), false)
 4 FCPATH/index.php(67): CodeIgniter\CodeIgniter->run()
WARNING - 2024-11-08 14:16:01 --> [DEPRECATED] Creation of dynamic property App\Controllers\Rekammedisirna::$simrs is deprecated in APPPATH/Controllers/Api.php on line 9.
 1 SYSTEMPATH/CodeIgniter.php(906): App\Controllers\Api->__construct()
 2 SYSTEMPATH/CodeIgniter.php(490): CodeIgniter\CodeIgniter->createController()
 3 SYSTEMPATH/CodeIgniter.php(368): CodeIgniter\CodeIgniter->handleRequest(null, Object(Config\Cache), false)
 4 FCPATH/index.php(67): CodeIgniter\CodeIgniter->run()
WARNING - 2024-11-08 14:16:01 --> [DEPRECATED] Creation of dynamic property App\Controllers\Rekammedisirna::$simrs is deprecated in APPPATH/Controllers/Api.php on line 9.
 1 SYSTEMPATH/CodeIgniter.php(906): App\Controllers\Api->__construct()
 2 SYSTEMPATH/CodeIgniter.php(490): CodeIgniter\CodeIgniter->createController()
 3 SYSTEMPATH/CodeIgniter.php(368): CodeIgniter\CodeIgniter->handleRequest(null, Object(Config\Cache), false)
 4 FCPATH/index.php(67): CodeIgniter\CodeIgniter->run()
ERROR - 2024-11-08 14:16:01 --> ErrorException: pg_query(): Query failed: ERROR:  relation &quot;soap_pasien&quot; does not exist
LINE 1:   SELECT * FROM soap_pasien s 
                        ^ in /var/www/html/SIMRSHEBAT/system/Database/Postgre/Connection.php:147
Stack trace:
#0 [internal function]: CodeIgniter\Debug\Exceptions->errorHandler()
#1 /var/www/html/SIMRSHEBAT/system/Database/Postgre/Connection.php(147): pg_query()
#2 /var/www/html/SIMRSHEBAT/system/Database/BaseConnection.php(691): CodeIgniter\Database\Postgre\Connection->execute()
#3 /var/www/html/SIMRSHEBAT/app/Controllers/Rekammedisirna.php(953): CodeIgniter\Database\BaseConnection->simpleQuery()
#4 /var/www/html/SIMRSHEBAT/system/CodeIgniter.php(934): App\Controllers\Rekammedisirna->cekcppt()
#5 /var/www/html/SIMRSHEBAT/system/CodeIgniter.php(499): CodeIgniter\CodeIgniter->runController()
#6 /var/www/html/SIMRSHEBAT/system/CodeIgniter.php(368): CodeIgniter\CodeIgniter->handleRequest()
#7 /var/www/html/SIMRSHEBAT/index.php(67): CodeIgniter\CodeIgniter->run()
#8 {main}
ERROR - 2024-11-08 14:16:01 --> ErrorException: pg_query(): Query failed: ERROR:  syntax error at or near &quot;HIDUP&quot;
LINE 1: ...lect * from edukasi where id_transaksi =JL.APOTIK HIDUP NO.1...
                                                             ^ in /var/www/html/SIMRSHEBAT/system/Database/Postgre/Connection.php:147
Stack trace:
#0 [internal function]: CodeIgniter\Debug\Exceptions->errorHandler()
#1 /var/www/html/SIMRSHEBAT/system/Database/Postgre/Connection.php(147): pg_query()
#2 /var/www/html/SIMRSHEBAT/system/Database/BaseConnection.php(691): CodeIgniter\Database\Postgre\Connection->execute()
#3 /var/www/html/SIMRSHEBAT/system/Database/BaseConnection.php(605): CodeIgniter\Database\BaseConnection->simpleQuery()
#4 /var/www/html/SIMRSHEBAT/app/Controllers/Rekammedisirna.php(3044): CodeIgniter\Database\BaseConnection->query()
#5 /var/www/html/SIMRSHEBAT/system/CodeIgniter.php(934): App\Controllers\Rekammedisirna->cekedukasi()
#6 /var/www/html/SIMRSHEBAT/system/CodeIgniter.php(499): CodeIgniter\CodeIgniter->runController()
#7 /var/www/html/SIMRSHEBAT/system/CodeIgniter.php(368): CodeIgniter\CodeIgniter->handleRequest()
#8 /var/www/html/SIMRSHEBAT/index.php(67): CodeIgniter\CodeIgniter->run()
#9 {main}
CRITICAL - 2024-11-08 14:16:01 --> Call to a member function getRow() on bool
in APPPATH/Controllers/Rekammedisirna.php on line 3044.
 1 SYSTEMPATH/CodeIgniter.php(934): App\Controllers\Rekammedisirna->cekedukasi()
 2 SYSTEMPATH/CodeIgniter.php(499): CodeIgniter\CodeIgniter->runController()
 3 SYSTEMPATH/CodeIgniter.php(368): CodeIgniter\CodeIgniter->handleRequest()
 4 FCPATH/index.php(67): CodeIgniter\CodeIgniter->run()
ERROR - 2024-11-08 14:16:01 --> ErrorException: pg_query(): Query failed: ERROR:  invalid input syntax for type integer: &quot;2024-11-08 00:00:00&quot;
LINE 1: SELECT * FROM assesmen_gizi WHERE  id_kunjungan='2024-11-08 ...
                                                        ^ in /var/www/html/SIMRSHEBAT/system/Database/Postgre/Connection.php:147
Stack trace:
#0 [internal function]: CodeIgniter\Debug\Exceptions->errorHandler()
#1 /var/www/html/SIMRSHEBAT/system/Database/Postgre/Connection.php(147): pg_query()
#2 /var/www/html/SIMRSHEBAT/system/Database/BaseConnection.php(691): CodeIgniter\Database\Postgre\Connection->execute()
#3 /var/www/html/SIMRSHEBAT/system/Database/BaseConnection.php(605): CodeIgniter\Database\BaseConnection->simpleQuery()
#4 /var/www/html/SIMRSHEBAT/app/Controllers/Rekammedisirna.php(4620): CodeIgniter\Database\BaseConnection->query()
#5 /var/www/html/SIMRSHEBAT/system/CodeIgniter.php(934): App\Controllers\Rekammedisirna->cekassesmengizi()
#6 /var/www/html/SIMRSHEBAT/system/CodeIgniter.php(499): CodeIgniter\CodeIgniter->runController()
#7 /var/www/html/SIMRSHEBAT/system/CodeIgniter.php(368): CodeIgniter\CodeIgniter->handleRequest()
#8 /var/www/html/SIMRSHEBAT/index.php(67): CodeIgniter\CodeIgniter->run()
#9 {main}
WARNING - 2024-11-08 14:16:01 --> [DEPRECATED] Creation of dynamic property App\Controllers\Rekammedisirna::$db is deprecated in APPPATH/Controllers/Api.php on line 8.
 1 SYSTEMPATH/CodeIgniter.php(906): App\Controllers\Api->__construct()
 2 SYSTEMPATH/CodeIgniter.php(490): CodeIgniter\CodeIgniter->createController()
 3 SYSTEMPATH/CodeIgniter.php(368): CodeIgniter\CodeIgniter->handleRequest(null, Object(Config\Cache), false)
 4 FCPATH/index.php(67): CodeIgniter\CodeIgniter->run()
WARNING - 2024-11-08 14:16:01 --> [DEPRECATED] Creation of dynamic property App\Controllers\Rekammedisirna::$simrs is deprecated in APPPATH/Controllers/Api.php on line 9.
 1 SYSTEMPATH/CodeIgniter.php(906): App\Controllers\Api->__construct()
 2 SYSTEMPATH/CodeIgniter.php(490): CodeIgniter\CodeIgniter->createController()
 3 SYSTEMPATH/CodeIgniter.php(368): CodeIgniter\CodeIgniter->handleRequest(null, Object(Config\Cache), false)
 4 FCPATH/index.php(67): CodeIgniter\CodeIgniter->run()
CRITICAL - 2024-11-08 14:16:01 --> Call to a member function getResult() on bool
in APPPATH/Controllers/Rekammedisirna.php on line 4620.
 1 SYSTEMPATH/CodeIgniter.php(934): App\Controllers\Rekammedisirna->cekassesmengizi()
 2 SYSTEMPATH/CodeIgniter.php(499): CodeIgniter\CodeIgniter->runController()
 3 SYSTEMPATH/CodeIgniter.php(368): CodeIgniter\CodeIgniter->handleRequest()
 4 FCPATH/index.php(67): CodeIgniter\CodeIgniter->run()
ERROR - 2024-11-08 14:16:01 --> ErrorException: pg_query(): Query failed: ERROR:  syntax error at or near &quot;HIDUP&quot;
LINE 1: ... from resume_pasien where id_transaksi =JL.APOTIK HIDUP NO.1...
                                                             ^ in /var/www/html/SIMRSHEBAT/system/Database/Postgre/Connection.php:147
Stack trace:
#0 [internal function]: CodeIgniter\Debug\Exceptions->errorHandler()
#1 /var/www/html/SIMRSHEBAT/system/Database/Postgre/Connection.php(147): pg_query()
#2 /var/www/html/SIMRSHEBAT/system/Database/BaseConnection.php(691): CodeIgniter\Database\Postgre\Connection->execute()
#3 /var/www/html/SIMRSHEBAT/system/Database/BaseConnection.php(605): CodeIgniter\Database\BaseConnection->simpleQuery()
#4 /var/www/html/SIMRSHEBAT/app/Controllers/Rekammedisirna.php(543): CodeIgniter\Database\BaseConnection->query()
#5 /var/www/html/SIMRSHEBAT/system/CodeIgniter.php(934): App\Controllers\Rekammedisirna->cekresume()
#6 /var/www/html/SIMRSHEBAT/system/CodeIgniter.php(499): CodeIgniter\CodeIgniter->runController()
#7 /var/www/html/SIMRSHEBAT/system/CodeIgniter.php(368): CodeIgniter\CodeIgniter->handleRequest()
#8 /var/www/html/SIMRSHEBAT/index.php(67): CodeIgniter\CodeIgniter->run()
#9 {main}
CRITICAL - 2024-11-08 14:16:01 --> Call to a member function getRow() on bool
in APPPATH/Controllers/Rekammedisirna.php on line 543.
 1 SYSTEMPATH/CodeIgniter.php(934): App\Controllers\Rekammedisirna->cekresume()
 2 SYSTEMPATH/CodeIgniter.php(499): CodeIgniter\CodeIgniter->runController()
 3 SYSTEMPATH/CodeIgniter.php(368): CodeIgniter\CodeIgniter->handleRequest()
 4 FCPATH/index.php(67): CodeIgniter\CodeIgniter->run()
WARNING - 2024-11-08 14:16:01 --> [DEPRECATED] Creation of dynamic property App\Controllers\Rekammedisirna::$db is deprecated in APPPATH/Controllers/Api.php on line 8.
 1 SYSTEMPATH/CodeIgniter.php(906): App\Controllers\Api->__construct()
 2 SYSTEMPATH/CodeIgniter.php(490): CodeIgniter\CodeIgniter->createController()
 3 SYSTEMPATH/CodeIgniter.php(368): CodeIgniter\CodeIgniter->handleRequest(null, Object(Config\Cache), false)
 4 FCPATH/index.php(67): CodeIgniter\CodeIgniter->run()
WARNING - 2024-11-08 14:16:01 --> [DEPRECATED] Creation of dynamic property App\Controllers\Rekammedisirna::$simrs is deprecated in APPPATH/Controllers/Api.php on line 9.
 1 SYSTEMPATH/CodeIgniter.php(906): App\Controllers\Api->__construct()
 2 SYSTEMPATH/CodeIgniter.php(490): CodeIgniter\CodeIgniter->createController()
 3 SYSTEMPATH/CodeIgniter.php(368): CodeIgniter\CodeIgniter->handleRequest(null, Object(Config\Cache), false)
 4 FCPATH/index.php(67): CodeIgniter\CodeIgniter->run()
WARNING - 2024-11-08 14:16:01 --> [DEPRECATED] Creation of dynamic property App\Controllers\Rekammedisirna::$db is deprecated in APPPATH/Controllers/Api.php on line 8.
 1 SYSTEMPATH/CodeIgniter.php(906): App\Controllers\Api->__construct()
 2 SYSTEMPATH/CodeIgniter.php(490): CodeIgniter\CodeIgniter->createController()
 3 SYSTEMPATH/CodeIgniter.php(368): CodeIgniter\CodeIgniter->handleRequest(null, Object(Config\Cache), false)
 4 FCPATH/index.php(67): CodeIgniter\CodeIgniter->run()
WARNING - 2024-11-08 14:16:01 --> [DEPRECATED] Creation of dynamic property App\Controllers\Rekammedisirna::$simrs is deprecated in APPPATH/Controllers/Api.php on line 9.
 1 SYSTEMPATH/CodeIgniter.php(906): App\Controllers\Api->__construct()
 2 SYSTEMPATH/CodeIgniter.php(490): CodeIgniter\CodeIgniter->createController()
 3 SYSTEMPATH/CodeIgniter.php(368): CodeIgniter\CodeIgniter->handleRequest(null, Object(Config\Cache), false)
 4 FCPATH/index.php(67): CodeIgniter\CodeIgniter->run()
ERROR - 2024-11-08 14:16:01 --> ErrorException: pg_query(): Query failed: ERROR:  relation &quot;discharge_planning&quot; does not exist
LINE 1: SELECT * FROM discharge_planning where id_transaksi='JL.APOT...
                      ^ in /var/www/html/SIMRSHEBAT/system/Database/Postgre/Connection.php:147
Stack trace:
#0 [internal function]: CodeIgniter\Debug\Exceptions->errorHandler()
#1 /var/www/html/SIMRSHEBAT/system/Database/Postgre/Connection.php(147): pg_query()
#2 /var/www/html/SIMRSHEBAT/system/Database/BaseConnection.php(691): CodeIgniter\Database\Postgre\Connection->execute()
#3 /var/www/html/SIMRSHEBAT/system/Database/BaseConnection.php(605): CodeIgniter\Database\BaseConnection->simpleQuery()
#4 /var/www/html/SIMRSHEBAT/app/Controllers/Rekammedisirna.php(453): CodeIgniter\Database\BaseConnection->query()
#5 /var/www/html/SIMRSHEBAT/system/CodeIgniter.php(934): App\Controllers\Rekammedisirna->cekrencanapulangirna()
#6 /var/www/html/SIMRSHEBAT/system/CodeIgniter.php(499): CodeIgniter\CodeIgniter->runController()
#7 /var/www/html/SIMRSHEBAT/system/CodeIgniter.php(368): CodeIgniter\CodeIgniter->handleRequest()
#8 /var/www/html/SIMRSHEBAT/index.php(67): CodeIgniter\CodeIgniter->run()
#9 {main}
CRITICAL - 2024-11-08 14:16:01 --> Call to a member function getResult() on bool
in APPPATH/Controllers/Rekammedisirna.php on line 453.
 1 SYSTEMPATH/CodeIgniter.php(934): App\Controllers\Rekammedisirna->cekrencanapulangirna()
 2 SYSTEMPATH/CodeIgniter.php(499): CodeIgniter\CodeIgniter->runController()
 3 SYSTEMPATH/CodeIgniter.php(368): CodeIgniter\CodeIgniter->handleRequest()
 4 FCPATH/index.php(67): CodeIgniter\CodeIgniter->run()
ERROR - 2024-11-08 14:16:01 --> ErrorException: pg_query(): Query failed: ERROR:  relation &quot;konsultasi_dpjp&quot; does not exist
LINE 2:         konsultasi_dpjp 
                ^ in /var/www/html/SIMRSHEBAT/system/Database/Postgre/Connection.php:147
Stack trace:
#0 [internal function]: CodeIgniter\Debug\Exceptions->errorHandler()
#1 /var/www/html/SIMRSHEBAT/system/Database/Postgre/Connection.php(147): pg_query()
#2 /var/www/html/SIMRSHEBAT/system/Database/BaseConnection.php(691): CodeIgniter\Database\Postgre\Connection->execute()
#3 /var/www/html/SIMRSHEBAT/system/Database/BaseConnection.php(605): CodeIgniter\Database\BaseConnection->simpleQuery()
#4 /var/www/html/SIMRSHEBAT/app/Controllers/Rekammedisirna.php(522): CodeIgniter\Database\BaseConnection->query()
#5 /var/www/html/SIMRSHEBAT/system/CodeIgniter.php(934): App\Controllers\Rekammedisirna->dokumenPasien()
#6 /var/www/html/SIMRSHEBAT/system/CodeIgniter.php(499): CodeIgniter\CodeIgniter->runController()
#7 /var/www/html/SIMRSHEBAT/system/CodeIgniter.php(368): CodeIgniter\CodeIgniter->handleRequest()
#8 /var/www/html/SIMRSHEBAT/index.php(67): CodeIgniter\CodeIgniter->run()
#9 {main}
CRITICAL - 2024-11-08 14:16:01 --> Call to a member function getResult() on bool
in APPPATH/Controllers/Rekammedisirna.php on line 528.
 1 SYSTEMPATH/CodeIgniter.php(934): App\Controllers\Rekammedisirna->dokumenPasien()
 2 SYSTEMPATH/CodeIgniter.php(499): CodeIgniter\CodeIgniter->runController()
 3 SYSTEMPATH/CodeIgniter.php(368): CodeIgniter\CodeIgniter->handleRequest()
 4 FCPATH/index.php(67): CodeIgniter\CodeIgniter->run()
WARNING - 2024-11-08 14:17:43 --> [DEPRECATED] Creation of dynamic property App\Controllers\Rekammedisirna::$db is deprecated in APPPATH/Controllers/Api.php on line 8.
 1 SYSTEMPATH/CodeIgniter.php(906): App\Controllers\Api->__construct()
 2 SYSTEMPATH/CodeIgniter.php(490): CodeIgniter\CodeIgniter->createController()
 3 SYSTEMPATH/CodeIgniter.php(368): CodeIgniter\CodeIgniter->handleRequest(null, Object(Config\Cache), false)
 4 FCPATH/index.php(67): CodeIgniter\CodeIgniter->run()
WARNING - 2024-11-08 14:17:43 --> [DEPRECATED] Creation of dynamic property App\Controllers\Rekammedisirna::$db is deprecated in APPPATH/Controllers/Api.php on line 8.
 1 SYSTEMPATH/CodeIgniter.php(906): App\Controllers\Api->__construct()
 2 SYSTEMPATH/CodeIgniter.php(490): CodeIgniter\CodeIgniter->createController()
 3 SYSTEMPATH/CodeIgniter.php(368): CodeIgniter\CodeIgniter->handleRequest(null, Object(Config\Cache), false)
 4 FCPATH/index.php(67): CodeIgniter\CodeIgniter->run()
WARNING - 2024-11-08 14:17:43 --> [DEPRECATED] Creation of dynamic property App\Controllers\Rekammedisirna::$db is deprecated in APPPATH/Controllers/Api.php on line 8.
 1 SYSTEMPATH/CodeIgniter.php(906): App\Controllers\Api->__construct()
 2 SYSTEMPATH/CodeIgniter.php(490): CodeIgniter\CodeIgniter->createController()
 3 SYSTEMPATH/CodeIgniter.php(368): CodeIgniter\CodeIgniter->handleRequest(null, Object(Config\Cache), false)
 4 FCPATH/index.php(67): CodeIgniter\CodeIgniter->run()
WARNING - 2024-11-08 14:17:43 --> [DEPRECATED] Creation of dynamic property App\Controllers\Rekammedisirna::$simrs is deprecated in APPPATH/Controllers/Api.php on line 9.
 1 SYSTEMPATH/CodeIgniter.php(906): App\Controllers\Api->__construct()
 2 SYSTEMPATH/CodeIgniter.php(490): CodeIgniter\CodeIgniter->createController()
 3 SYSTEMPATH/CodeIgniter.php(368): CodeIgniter\CodeIgniter->handleRequest(null, Object(Config\Cache), false)
 4 FCPATH/index.php(67): CodeIgniter\CodeIgniter->run()
WARNING - 2024-11-08 14:17:43 --> [DEPRECATED] Creation of dynamic property App\Controllers\Rekammedisirna::$simrs is deprecated in APPPATH/Controllers/Api.php on line 9.
 1 SYSTEMPATH/CodeIgniter.php(906): App\Controllers\Api->__construct()
 2 SYSTEMPATH/CodeIgniter.php(490): CodeIgniter\CodeIgniter->createController()
 3 SYSTEMPATH/CodeIgniter.php(368): CodeIgniter\CodeIgniter->handleRequest(null, Object(Config\Cache), false)
 4 FCPATH/index.php(67): CodeIgniter\CodeIgniter->run()
WARNING - 2024-11-08 14:17:43 --> [DEPRECATED] Creation of dynamic property App\Controllers\Rekammedisirna::$simrs is deprecated in APPPATH/Controllers/Api.php on line 9.
 1 SYSTEMPATH/CodeIgniter.php(906): App\Controllers\Api->__construct()
 2 SYSTEMPATH/CodeIgniter.php(490): CodeIgniter\CodeIgniter->createController()
 3 SYSTEMPATH/CodeIgniter.php(368): CodeIgniter\CodeIgniter->handleRequest(null, Object(Config\Cache), false)
 4 FCPATH/index.php(67): CodeIgniter\CodeIgniter->run()
ERROR - 2024-11-08 14:17:43 --> ErrorException: pg_query(): Query failed: ERROR:  syntax error at or near &quot;HIDUP&quot;
LINE 1: ...lect * from edukasi where id_transaksi =JL.APOTIK HIDUP NO.1...
                                                             ^ in /var/www/html/SIMRSHEBAT/system/Database/Postgre/Connection.php:147
Stack trace:
#0 [internal function]: CodeIgniter\Debug\Exceptions->errorHandler()
#1 /var/www/html/SIMRSHEBAT/system/Database/Postgre/Connection.php(147): pg_query()
#2 /var/www/html/SIMRSHEBAT/system/Database/BaseConnection.php(691): CodeIgniter\Database\Postgre\Connection->execute()
#3 /var/www/html/SIMRSHEBAT/system/Database/BaseConnection.php(605): CodeIgniter\Database\BaseConnection->simpleQuery()
#4 /var/www/html/SIMRSHEBAT/app/Controllers/Rekammedisirna.php(3044): CodeIgniter\Database\BaseConnection->query()
#5 /var/www/html/SIMRSHEBAT/system/CodeIgniter.php(934): App\Controllers\Rekammedisirna->cekedukasi()
#6 /var/www/html/SIMRSHEBAT/system/CodeIgniter.php(499): CodeIgniter\CodeIgniter->runController()
#7 /var/www/html/SIMRSHEBAT/system/CodeIgniter.php(368): CodeIgniter\CodeIgniter->handleRequest()
#8 /var/www/html/SIMRSHEBAT/index.php(67): CodeIgniter\CodeIgniter->run()
#9 {main}
CRITICAL - 2024-11-08 14:17:43 --> Call to a member function getRow() on bool
in APPPATH/Controllers/Rekammedisirna.php on line 3044.
 1 SYSTEMPATH/CodeIgniter.php(934): App\Controllers\Rekammedisirna->cekedukasi()
 2 SYSTEMPATH/CodeIgniter.php(499): CodeIgniter\CodeIgniter->runController()
 3 SYSTEMPATH/CodeIgniter.php(368): CodeIgniter\CodeIgniter->handleRequest()
 4 FCPATH/index.php(67): CodeIgniter\CodeIgniter->run()
ERROR - 2024-11-08 14:17:43 --> ErrorException: pg_query(): Query failed: ERROR:  relation &quot;soap_pasien&quot; does not exist
LINE 1:   SELECT * FROM soap_pasien s 
                        ^ in /var/www/html/SIMRSHEBAT/system/Database/Postgre/Connection.php:147
Stack trace:
#0 [internal function]: CodeIgniter\Debug\Exceptions->errorHandler()
#1 /var/www/html/SIMRSHEBAT/system/Database/Postgre/Connection.php(147): pg_query()
#2 /var/www/html/SIMRSHEBAT/system/Database/BaseConnection.php(691): CodeIgniter\Database\Postgre\Connection->execute()
#3 /var/www/html/SIMRSHEBAT/app/Controllers/Rekammedisirna.php(953): CodeIgniter\Database\BaseConnection->simpleQuery()
#4 /var/www/html/SIMRSHEBAT/system/CodeIgniter.php(934): App\Controllers\Rekammedisirna->cekcppt()
#5 /var/www/html/SIMRSHEBAT/system/CodeIgniter.php(499): CodeIgniter\CodeIgniter->runController()
#6 /var/www/html/SIMRSHEBAT/system/CodeIgniter.php(368): CodeIgniter\CodeIgniter->handleRequest()
#7 /var/www/html/SIMRSHEBAT/index.php(67): CodeIgniter\CodeIgniter->run()
#8 {main}
ERROR - 2024-11-08 14:17:43 --> ErrorException: pg_query(): Query failed: ERROR:  invalid input syntax for type integer: &quot;2024-11-08 00:00:00&quot;
LINE 1: SELECT * FROM assesmen_gizi WHERE  id_kunjungan='2024-11-08 ...
                                                        ^ in /var/www/html/SIMRSHEBAT/system/Database/Postgre/Connection.php:147
Stack trace:
#0 [internal function]: CodeIgniter\Debug\Exceptions->errorHandler()
#1 /var/www/html/SIMRSHEBAT/system/Database/Postgre/Connection.php(147): pg_query()
#2 /var/www/html/SIMRSHEBAT/system/Database/BaseConnection.php(691): CodeIgniter\Database\Postgre\Connection->execute()
#3 /var/www/html/SIMRSHEBAT/system/Database/BaseConnection.php(605): CodeIgniter\Database\BaseConnection->simpleQuery()
#4 /var/www/html/SIMRSHEBAT/app/Controllers/Rekammedisirna.php(4620): CodeIgniter\Database\BaseConnection->query()
#5 /var/www/html/SIMRSHEBAT/system/CodeIgniter.php(934): App\Controllers\Rekammedisirna->cekassesmengizi()
#6 /var/www/html/SIMRSHEBAT/system/CodeIgniter.php(499): CodeIgniter\CodeIgniter->runController()
#7 /var/www/html/SIMRSHEBAT/system/CodeIgniter.php(368): CodeIgniter\CodeIgniter->handleRequest()
#8 /var/www/html/SIMRSHEBAT/index.php(67): CodeIgniter\CodeIgniter->run()
#9 {main}
CRITICAL - 2024-11-08 14:17:43 --> Call to a member function getResult() on bool
in APPPATH/Controllers/Rekammedisirna.php on line 4620.
 1 SYSTEMPATH/CodeIgniter.php(934): App\Controllers\Rekammedisirna->cekassesmengizi()
 2 SYSTEMPATH/CodeIgniter.php(499): CodeIgniter\CodeIgniter->runController()
 3 SYSTEMPATH/CodeIgniter.php(368): CodeIgniter\CodeIgniter->handleRequest()
 4 FCPATH/index.php(67): CodeIgniter\CodeIgniter->run()
WARNING - 2024-11-08 14:17:43 --> [DEPRECATED] Creation of dynamic property App\Controllers\Rekammedisirna::$db is deprecated in APPPATH/Controllers/Api.php on line 8.
 1 SYSTEMPATH/CodeIgniter.php(906): App\Controllers\Api->__construct()
 2 SYSTEMPATH/CodeIgniter.php(490): CodeIgniter\CodeIgniter->createController()
 3 SYSTEMPATH/CodeIgniter.php(368): CodeIgniter\CodeIgniter->handleRequest(null, Object(Config\Cache), false)
 4 FCPATH/index.php(67): CodeIgniter\CodeIgniter->run()
WARNING - 2024-11-08 14:17:43 --> [DEPRECATED] Creation of dynamic property App\Controllers\Rekammedisirna::$simrs is deprecated in APPPATH/Controllers/Api.php on line 9.
 1 SYSTEMPATH/CodeIgniter.php(906): App\Controllers\Api->__construct()
 2 SYSTEMPATH/CodeIgniter.php(490): CodeIgniter\CodeIgniter->createController()
 3 SYSTEMPATH/CodeIgniter.php(368): CodeIgniter\CodeIgniter->handleRequest(null, Object(Config\Cache), false)
 4 FCPATH/index.php(67): CodeIgniter\CodeIgniter->run()
WARNING - 2024-11-08 14:17:43 --> [DEPRECATED] Creation of dynamic property App\Controllers\Rekammedisirna::$db is deprecated in APPPATH/Controllers/Api.php on line 8.
 1 SYSTEMPATH/CodeIgniter.php(906): App\Controllers\Api->__construct()
 2 SYSTEMPATH/CodeIgniter.php(490): CodeIgniter\CodeIgniter->createController()
 3 SYSTEMPATH/CodeIgniter.php(368): CodeIgniter\CodeIgniter->handleRequest(null, Object(Config\Cache), false)
 4 FCPATH/index.php(67): CodeIgniter\CodeIgniter->run()
WARNING - 2024-11-08 14:17:43 --> [DEPRECATED] Creation of dynamic property App\Controllers\Rekammedisirna::$simrs is deprecated in APPPATH/Controllers/Api.php on line 9.
 1 SYSTEMPATH/CodeIgniter.php(906): App\Controllers\Api->__construct()
 2 SYSTEMPATH/CodeIgniter.php(490): CodeIgniter\CodeIgniter->createController()
 3 SYSTEMPATH/CodeIgniter.php(368): CodeIgniter\CodeIgniter->handleRequest(null, Object(Config\Cache), false)
 4 FCPATH/index.php(67): CodeIgniter\CodeIgniter->run()
WARNING - 2024-11-08 14:17:43 --> [DEPRECATED] Creation of dynamic property App\Controllers\Rekammedisirna::$db is deprecated in APPPATH/Controllers/Api.php on line 8.
 1 SYSTEMPATH/CodeIgniter.php(906): App\Controllers\Api->__construct()
 2 SYSTEMPATH/CodeIgniter.php(490): CodeIgniter\CodeIgniter->createController()
 3 SYSTEMPATH/CodeIgniter.php(368): CodeIgniter\CodeIgniter->handleRequest(null, Object(Config\Cache), false)
 4 FCPATH/index.php(67): CodeIgniter\CodeIgniter->run()
WARNING - 2024-11-08 14:17:43 --> [DEPRECATED] Creation of dynamic property App\Controllers\Rekammedisirna::$simrs is deprecated in APPPATH/Controllers/Api.php on line 9.
 1 SYSTEMPATH/CodeIgniter.php(906): App\Controllers\Api->__construct()
 2 SYSTEMPATH/CodeIgniter.php(490): CodeIgniter\CodeIgniter->createController()
 3 SYSTEMPATH/CodeIgniter.php(368): CodeIgniter\CodeIgniter->handleRequest(null, Object(Config\Cache), false)
 4 FCPATH/index.php(67): CodeIgniter\CodeIgniter->run()
ERROR - 2024-11-08 14:17:43 --> ErrorException: pg_query(): Query failed: ERROR:  syntax error at or near &quot;HIDUP&quot;
LINE 1: ... from resume_pasien where id_transaksi =JL.APOTIK HIDUP NO.1...
                                                             ^ in /var/www/html/SIMRSHEBAT/system/Database/Postgre/Connection.php:147
Stack trace:
#0 [internal function]: CodeIgniter\Debug\Exceptions->errorHandler()
#1 /var/www/html/SIMRSHEBAT/system/Database/Postgre/Connection.php(147): pg_query()
#2 /var/www/html/SIMRSHEBAT/system/Database/BaseConnection.php(691): CodeIgniter\Database\Postgre\Connection->execute()
#3 /var/www/html/SIMRSHEBAT/system/Database/BaseConnection.php(605): CodeIgniter\Database\BaseConnection->simpleQuery()
#4 /var/www/html/SIMRSHEBAT/app/Controllers/Rekammedisirna.php(543): CodeIgniter\Database\BaseConnection->query()
#5 /var/www/html/SIMRSHEBAT/system/CodeIgniter.php(934): App\Controllers\Rekammedisirna->cekresume()
#6 /var/www/html/SIMRSHEBAT/system/CodeIgniter.php(499): CodeIgniter\CodeIgniter->runController()
#7 /var/www/html/SIMRSHEBAT/system/CodeIgniter.php(368): CodeIgniter\CodeIgniter->handleRequest()
#8 /var/www/html/SIMRSHEBAT/index.php(67): CodeIgniter\CodeIgniter->run()
#9 {main}
CRITICAL - 2024-11-08 14:17:43 --> Call to a member function getRow() on bool
in APPPATH/Controllers/Rekammedisirna.php on line 543.
 1 SYSTEMPATH/CodeIgniter.php(934): App\Controllers\Rekammedisirna->cekresume()
 2 SYSTEMPATH/CodeIgniter.php(499): CodeIgniter\CodeIgniter->runController()
 3 SYSTEMPATH/CodeIgniter.php(368): CodeIgniter\CodeIgniter->handleRequest()
 4 FCPATH/index.php(67): CodeIgniter\CodeIgniter->run()
ERROR - 2024-11-08 14:17:43 --> ErrorException: pg_query(): Query failed: ERROR:  relation &quot;discharge_planning&quot; does not exist
LINE 1: SELECT * FROM discharge_planning where id_transaksi='JL.APOT...
                      ^ in /var/www/html/SIMRSHEBAT/system/Database/Postgre/Connection.php:147
Stack trace:
#0 [internal function]: CodeIgniter\Debug\Exceptions->errorHandler()
#1 /var/www/html/SIMRSHEBAT/system/Database/Postgre/Connection.php(147): pg_query()
#2 /var/www/html/SIMRSHEBAT/system/Database/BaseConnection.php(691): CodeIgniter\Database\Postgre\Connection->execute()
#3 /var/www/html/SIMRSHEBAT/system/Database/BaseConnection.php(605): CodeIgniter\Database\BaseConnection->simpleQuery()
#4 /var/www/html/SIMRSHEBAT/app/Controllers/Rekammedisirna.php(453): CodeIgniter\Database\BaseConnection->query()
#5 /var/www/html/SIMRSHEBAT/system/CodeIgniter.php(934): App\Controllers\Rekammedisirna->cekrencanapulangirna()
#6 /var/www/html/SIMRSHEBAT/system/CodeIgniter.php(499): CodeIgniter\CodeIgniter->runController()
#7 /var/www/html/SIMRSHEBAT/system/CodeIgniter.php(368): CodeIgniter\CodeIgniter->handleRequest()
#8 /var/www/html/SIMRSHEBAT/index.php(67): CodeIgniter\CodeIgniter->run()
#9 {main}
CRITICAL - 2024-11-08 14:17:43 --> Call to a member function getResult() on bool
in APPPATH/Controllers/Rekammedisirna.php on line 453.
 1 SYSTEMPATH/CodeIgniter.php(934): App\Controllers\Rekammedisirna->cekrencanapulangirna()
 2 SYSTEMPATH/CodeIgniter.php(499): CodeIgniter\CodeIgniter->runController()
 3 SYSTEMPATH/CodeIgniter.php(368): CodeIgniter\CodeIgniter->handleRequest()
 4 FCPATH/index.php(67): CodeIgniter\CodeIgniter->run()
ERROR - 2024-11-08 14:17:43 --> ErrorException: pg_query(): Query failed: ERROR:  relation &quot;konsultasi_dpjp&quot; does not exist
LINE 2:         konsultasi_dpjp 
                ^ in /var/www/html/SIMRSHEBAT/system/Database/Postgre/Connection.php:147
Stack trace:
#0 [internal function]: CodeIgniter\Debug\Exceptions->errorHandler()
#1 /var/www/html/SIMRSHEBAT/system/Database/Postgre/Connection.php(147): pg_query()
#2 /var/www/html/SIMRSHEBAT/system/Database/BaseConnection.php(691): CodeIgniter\Database\Postgre\Connection->execute()
#3 /var/www/html/SIMRSHEBAT/system/Database/BaseConnection.php(605): CodeIgniter\Database\BaseConnection->simpleQuery()
#4 /var/www/html/SIMRSHEBAT/app/Controllers/Rekammedisirna.php(522): CodeIgniter\Database\BaseConnection->query()
#5 /var/www/html/SIMRSHEBAT/system/CodeIgniter.php(934): App\Controllers\Rekammedisirna->dokumenPasien()
#6 /var/www/html/SIMRSHEBAT/system/CodeIgniter.php(499): CodeIgniter\CodeIgniter->runController()
#7 /var/www/html/SIMRSHEBAT/system/CodeIgniter.php(368): CodeIgniter\CodeIgniter->handleRequest()
#8 /var/www/html/SIMRSHEBAT/index.php(67): CodeIgniter\CodeIgniter->run()
#9 {main}
CRITICAL - 2024-11-08 14:17:43 --> Call to a member function getResult() on bool
in APPPATH/Controllers/Rekammedisirna.php on line 528.
 1 SYSTEMPATH/CodeIgniter.php(934): App\Controllers\Rekammedisirna->dokumenPasien()
 2 SYSTEMPATH/CodeIgniter.php(499): CodeIgniter\CodeIgniter->runController()
 3 SYSTEMPATH/CodeIgniter.php(368): CodeIgniter\CodeIgniter->handleRequest()
 4 FCPATH/index.php(67): CodeIgniter\CodeIgniter->run()
WARNING - 2024-11-08 14:17:49 --> [DEPRECATED] Creation of dynamic property App\Controllers\Rekammedisirna::$db is deprecated in APPPATH/Controllers/Api.php on line 8.
 1 SYSTEMPATH/CodeIgniter.php(906): App\Controllers\Api->__construct()
 2 SYSTEMPATH/CodeIgniter.php(490): CodeIgniter\CodeIgniter->createController()
 3 SYSTEMPATH/CodeIgniter.php(368): CodeIgniter\CodeIgniter->handleRequest(null, Object(Config\Cache), false)
 4 FCPATH/index.php(67): CodeIgniter\CodeIgniter->run()
WARNING - 2024-11-08 14:17:49 --> [DEPRECATED] Creation of dynamic property App\Controllers\Rekammedisirna::$db is deprecated in APPPATH/Controllers/Api.php on line 8.
 1 SYSTEMPATH/CodeIgniter.php(906): App\Controllers\Api->__construct()
 2 SYSTEMPATH/CodeIgniter.php(490): CodeIgniter\CodeIgniter->createController()
 3 SYSTEMPATH/CodeIgniter.php(368): CodeIgniter\CodeIgniter->handleRequest(null, Object(Config\Cache), false)
 4 FCPATH/index.php(67): CodeIgniter\CodeIgniter->run()
WARNING - 2024-11-08 14:17:49 --> [DEPRECATED] Creation of dynamic property App\Controllers\Rekammedisirna::$db is deprecated in APPPATH/Controllers/Api.php on line 8.
 1 SYSTEMPATH/CodeIgniter.php(906): App\Controllers\Api->__construct()
 2 SYSTEMPATH/CodeIgniter.php(490): CodeIgniter\CodeIgniter->createController()
 3 SYSTEMPATH/CodeIgniter.php(368): CodeIgniter\CodeIgniter->handleRequest(null, Object(Config\Cache), false)
 4 FCPATH/index.php(67): CodeIgniter\CodeIgniter->run()
WARNING - 2024-11-08 14:17:49 --> [DEPRECATED] Creation of dynamic property App\Controllers\Rekammedisirna::$simrs is deprecated in APPPATH/Controllers/Api.php on line 9.
 1 SYSTEMPATH/CodeIgniter.php(906): App\Controllers\Api->__construct()
 2 SYSTEMPATH/CodeIgniter.php(490): CodeIgniter\CodeIgniter->createController()
 3 SYSTEMPATH/CodeIgniter.php(368): CodeIgniter\CodeIgniter->handleRequest(null, Object(Config\Cache), false)
 4 FCPATH/index.php(67): CodeIgniter\CodeIgniter->run()
WARNING - 2024-11-08 14:17:49 --> [DEPRECATED] Creation of dynamic property App\Controllers\Rekammedisirna::$simrs is deprecated in APPPATH/Controllers/Api.php on line 9.
 1 SYSTEMPATH/CodeIgniter.php(906): App\Controllers\Api->__construct()
 2 SYSTEMPATH/CodeIgniter.php(490): CodeIgniter\CodeIgniter->createController()
 3 SYSTEMPATH/CodeIgniter.php(368): CodeIgniter\CodeIgniter->handleRequest(null, Object(Config\Cache), false)
 4 FCPATH/index.php(67): CodeIgniter\CodeIgniter->run()
WARNING - 2024-11-08 14:17:49 --> [DEPRECATED] Creation of dynamic property App\Controllers\Rekammedisirna::$simrs is deprecated in APPPATH/Controllers/Api.php on line 9.
 1 SYSTEMPATH/CodeIgniter.php(906): App\Controllers\Api->__construct()
 2 SYSTEMPATH/CodeIgniter.php(490): CodeIgniter\CodeIgniter->createController()
 3 SYSTEMPATH/CodeIgniter.php(368): CodeIgniter\CodeIgniter->handleRequest(null, Object(Config\Cache), false)
 4 FCPATH/index.php(67): CodeIgniter\CodeIgniter->run()
ERROR - 2024-11-08 14:17:49 --> ErrorException: pg_query(): Query failed: ERROR:  syntax error at or near &quot;HIDUP&quot;
LINE 1: ...lect * from edukasi where id_transaksi =JL.APOTIK HIDUP NO.1...
                                                             ^ in /var/www/html/SIMRSHEBAT/system/Database/Postgre/Connection.php:147
Stack trace:
#0 [internal function]: CodeIgniter\Debug\Exceptions->errorHandler()
#1 /var/www/html/SIMRSHEBAT/system/Database/Postgre/Connection.php(147): pg_query()
#2 /var/www/html/SIMRSHEBAT/system/Database/BaseConnection.php(691): CodeIgniter\Database\Postgre\Connection->execute()
#3 /var/www/html/SIMRSHEBAT/system/Database/BaseConnection.php(605): CodeIgniter\Database\BaseConnection->simpleQuery()
#4 /var/www/html/SIMRSHEBAT/app/Controllers/Rekammedisirna.php(3044): CodeIgniter\Database\BaseConnection->query()
#5 /var/www/html/SIMRSHEBAT/system/CodeIgniter.php(934): App\Controllers\Rekammedisirna->cekedukasi()
#6 /var/www/html/SIMRSHEBAT/system/CodeIgniter.php(499): CodeIgniter\CodeIgniter->runController()
#7 /var/www/html/SIMRSHEBAT/system/CodeIgniter.php(368): CodeIgniter\CodeIgniter->handleRequest()
#8 /var/www/html/SIMRSHEBAT/index.php(67): CodeIgniter\CodeIgniter->run()
#9 {main}
CRITICAL - 2024-11-08 14:17:49 --> Call to a member function getRow() on bool
in APPPATH/Controllers/Rekammedisirna.php on line 3044.
 1 SYSTEMPATH/CodeIgniter.php(934): App\Controllers\Rekammedisirna->cekedukasi()
 2 SYSTEMPATH/CodeIgniter.php(499): CodeIgniter\CodeIgniter->runController()
 3 SYSTEMPATH/CodeIgniter.php(368): CodeIgniter\CodeIgniter->handleRequest()
 4 FCPATH/index.php(67): CodeIgniter\CodeIgniter->run()
ERROR - 2024-11-08 14:17:49 --> ErrorException: pg_query(): Query failed: ERROR:  relation &quot;soap_pasien&quot; does not exist
LINE 1:   SELECT * FROM soap_pasien s 
                        ^ in /var/www/html/SIMRSHEBAT/system/Database/Postgre/Connection.php:147
Stack trace:
#0 [internal function]: CodeIgniter\Debug\Exceptions->errorHandler()
#1 /var/www/html/SIMRSHEBAT/system/Database/Postgre/Connection.php(147): pg_query()
#2 /var/www/html/SIMRSHEBAT/system/Database/BaseConnection.php(691): CodeIgniter\Database\Postgre\Connection->execute()
#3 /var/www/html/SIMRSHEBAT/app/Controllers/Rekammedisirna.php(953): CodeIgniter\Database\BaseConnection->simpleQuery()
#4 /var/www/html/SIMRSHEBAT/system/CodeIgniter.php(934): App\Controllers\Rekammedisirna->cekcppt()
#5 /var/www/html/SIMRSHEBAT/system/CodeIgniter.php(499): CodeIgniter\CodeIgniter->runController()
#6 /var/www/html/SIMRSHEBAT/system/CodeIgniter.php(368): CodeIgniter\CodeIgniter->handleRequest()
#7 /var/www/html/SIMRSHEBAT/index.php(67): CodeIgniter\CodeIgniter->run()
#8 {main}
ERROR - 2024-11-08 14:17:49 --> ErrorException: pg_query(): Query failed: ERROR:  invalid input syntax for type integer: &quot;2024-11-08 00:00:00&quot;
LINE 1: SELECT * FROM assesmen_gizi WHERE  id_kunjungan='2024-11-08 ...
                                                        ^ in /var/www/html/SIMRSHEBAT/system/Database/Postgre/Connection.php:147
Stack trace:
#0 [internal function]: CodeIgniter\Debug\Exceptions->errorHandler()
#1 /var/www/html/SIMRSHEBAT/system/Database/Postgre/Connection.php(147): pg_query()
#2 /var/www/html/SIMRSHEBAT/system/Database/BaseConnection.php(691): CodeIgniter\Database\Postgre\Connection->execute()
#3 /var/www/html/SIMRSHEBAT/system/Database/BaseConnection.php(605): CodeIgniter\Database\BaseConnection->simpleQuery()
#4 /var/www/html/SIMRSHEBAT/app/Controllers/Rekammedisirna.php(4620): CodeIgniter\Database\BaseConnection->query()
#5 /var/www/html/SIMRSHEBAT/system/CodeIgniter.php(934): App\Controllers\Rekammedisirna->cekassesmengizi()
#6 /var/www/html/SIMRSHEBAT/system/CodeIgniter.php(499): CodeIgniter\CodeIgniter->runController()
#7 /var/www/html/SIMRSHEBAT/system/CodeIgniter.php(368): CodeIgniter\CodeIgniter->handleRequest()
#8 /var/www/html/SIMRSHEBAT/index.php(67): CodeIgniter\CodeIgniter->run()
#9 {main}
CRITICAL - 2024-11-08 14:17:49 --> Call to a member function getResult() on bool
in APPPATH/Controllers/Rekammedisirna.php on line 4620.
 1 SYSTEMPATH/CodeIgniter.php(934): App\Controllers\Rekammedisirna->cekassesmengizi()
 2 SYSTEMPATH/CodeIgniter.php(499): CodeIgniter\CodeIgniter->runController()
 3 SYSTEMPATH/CodeIgniter.php(368): CodeIgniter\CodeIgniter->handleRequest()
 4 FCPATH/index.php(67): CodeIgniter\CodeIgniter->run()
WARNING - 2024-11-08 14:17:49 --> [DEPRECATED] Creation of dynamic property App\Controllers\Rekammedisirna::$db is deprecated in APPPATH/Controllers/Api.php on line 8.
 1 SYSTEMPATH/CodeIgniter.php(906): App\Controllers\Api->__construct()
 2 SYSTEMPATH/CodeIgniter.php(490): CodeIgniter\CodeIgniter->createController()
 3 SYSTEMPATH/CodeIgniter.php(368): CodeIgniter\CodeIgniter->handleRequest(null, Object(Config\Cache), false)
 4 FCPATH/index.php(67): CodeIgniter\CodeIgniter->run()
WARNING - 2024-11-08 14:17:49 --> [DEPRECATED] Creation of dynamic property App\Controllers\Rekammedisirna::$db is deprecated in APPPATH/Controllers/Api.php on line 8.
 1 SYSTEMPATH/CodeIgniter.php(906): App\Controllers\Api->__construct()
 2 SYSTEMPATH/CodeIgniter.php(490): CodeIgniter\CodeIgniter->createController()
 3 SYSTEMPATH/CodeIgniter.php(368): CodeIgniter\CodeIgniter->handleRequest(null, Object(Config\Cache), false)
 4 FCPATH/index.php(67): CodeIgniter\CodeIgniter->run()
WARNING - 2024-11-08 14:17:49 --> [DEPRECATED] Creation of dynamic property App\Controllers\Rekammedisirna::$simrs is deprecated in APPPATH/Controllers/Api.php on line 9.
 1 SYSTEMPATH/CodeIgniter.php(906): App\Controllers\Api->__construct()
 2 SYSTEMPATH/CodeIgniter.php(490): CodeIgniter\CodeIgniter->createController()
 3 SYSTEMPATH/CodeIgniter.php(368): CodeIgniter\CodeIgniter->handleRequest(null, Object(Config\Cache), false)
 4 FCPATH/index.php(67): CodeIgniter\CodeIgniter->run()
WARNING - 2024-11-08 14:17:49 --> [DEPRECATED] Creation of dynamic property App\Controllers\Rekammedisirna::$simrs is deprecated in APPPATH/Controllers/Api.php on line 9.
 1 SYSTEMPATH/CodeIgniter.php(906): App\Controllers\Api->__construct()
 2 SYSTEMPATH/CodeIgniter.php(490): CodeIgniter\CodeIgniter->createController()
 3 SYSTEMPATH/CodeIgniter.php(368): CodeIgniter\CodeIgniter->handleRequest(null, Object(Config\Cache), false)
 4 FCPATH/index.php(67): CodeIgniter\CodeIgniter->run()
WARNING - 2024-11-08 14:17:49 --> [DEPRECATED] Creation of dynamic property App\Controllers\Rekammedisirna::$db is deprecated in APPPATH/Controllers/Api.php on line 8.
 1 SYSTEMPATH/CodeIgniter.php(906): App\Controllers\Api->__construct()
 2 SYSTEMPATH/CodeIgniter.php(490): CodeIgniter\CodeIgniter->createController()
 3 SYSTEMPATH/CodeIgniter.php(368): CodeIgniter\CodeIgniter->handleRequest(null, Object(Config\Cache), false)
 4 FCPATH/index.php(67): CodeIgniter\CodeIgniter->run()
WARNING - 2024-11-08 14:17:49 --> [DEPRECATED] Creation of dynamic property App\Controllers\Rekammedisirna::$simrs is deprecated in APPPATH/Controllers/Api.php on line 9.
 1 SYSTEMPATH/CodeIgniter.php(906): App\Controllers\Api->__construct()
 2 SYSTEMPATH/CodeIgniter.php(490): CodeIgniter\CodeIgniter->createController()
 3 SYSTEMPATH/CodeIgniter.php(368): CodeIgniter\CodeIgniter->handleRequest(null, Object(Config\Cache), false)
 4 FCPATH/index.php(67): CodeIgniter\CodeIgniter->run()
ERROR - 2024-11-08 14:17:49 --> ErrorException: pg_query(): Query failed: ERROR:  syntax error at or near &quot;HIDUP&quot;
LINE 1: ... from resume_pasien where id_transaksi =JL.APOTIK HIDUP NO.1...
                                                             ^ in /var/www/html/SIMRSHEBAT/system/Database/Postgre/Connection.php:147
Stack trace:
#0 [internal function]: CodeIgniter\Debug\Exceptions->errorHandler()
#1 /var/www/html/SIMRSHEBAT/system/Database/Postgre/Connection.php(147): pg_query()
#2 /var/www/html/SIMRSHEBAT/system/Database/BaseConnection.php(691): CodeIgniter\Database\Postgre\Connection->execute()
#3 /var/www/html/SIMRSHEBAT/system/Database/BaseConnection.php(605): CodeIgniter\Database\BaseConnection->simpleQuery()
#4 /var/www/html/SIMRSHEBAT/app/Controllers/Rekammedisirna.php(543): CodeIgniter\Database\BaseConnection->query()
#5 /var/www/html/SIMRSHEBAT/system/CodeIgniter.php(934): App\Controllers\Rekammedisirna->cekresume()
#6 /var/www/html/SIMRSHEBAT/system/CodeIgniter.php(499): CodeIgniter\CodeIgniter->runController()
#7 /var/www/html/SIMRSHEBAT/system/CodeIgniter.php(368): CodeIgniter\CodeIgniter->handleRequest()
#8 /var/www/html/SIMRSHEBAT/index.php(67): CodeIgniter\CodeIgniter->run()
#9 {main}
CRITICAL - 2024-11-08 14:17:49 --> Call to a member function getRow() on bool
in APPPATH/Controllers/Rekammedisirna.php on line 543.
 1 SYSTEMPATH/CodeIgniter.php(934): App\Controllers\Rekammedisirna->cekresume()
 2 SYSTEMPATH/CodeIgniter.php(499): CodeIgniter\CodeIgniter->runController()
 3 SYSTEMPATH/CodeIgniter.php(368): CodeIgniter\CodeIgniter->handleRequest()
 4 FCPATH/index.php(67): CodeIgniter\CodeIgniter->run()
ERROR - 2024-11-08 14:17:49 --> ErrorException: pg_query(): Query failed: ERROR:  relation &quot;konsultasi_dpjp&quot; does not exist
LINE 2:         konsultasi_dpjp 
                ^ in /var/www/html/SIMRSHEBAT/system/Database/Postgre/Connection.php:147
Stack trace:
#0 [internal function]: CodeIgniter\Debug\Exceptions->errorHandler()
#1 /var/www/html/SIMRSHEBAT/system/Database/Postgre/Connection.php(147): pg_query()
#2 /var/www/html/SIMRSHEBAT/system/Database/BaseConnection.php(691): CodeIgniter\Database\Postgre\Connection->execute()
#3 /var/www/html/SIMRSHEBAT/system/Database/BaseConnection.php(605): CodeIgniter\Database\BaseConnection->simpleQuery()
#4 /var/www/html/SIMRSHEBAT/app/Controllers/Rekammedisirna.php(522): CodeIgniter\Database\BaseConnection->query()
#5 /var/www/html/SIMRSHEBAT/system/CodeIgniter.php(934): App\Controllers\Rekammedisirna->dokumenPasien()
#6 /var/www/html/SIMRSHEBAT/system/CodeIgniter.php(499): CodeIgniter\CodeIgniter->runController()
#7 /var/www/html/SIMRSHEBAT/system/CodeIgniter.php(368): CodeIgniter\CodeIgniter->handleRequest()
#8 /var/www/html/SIMRSHEBAT/index.php(67): CodeIgniter\CodeIgniter->run()
#9 {main}
CRITICAL - 2024-11-08 14:17:49 --> Call to a member function getResult() on bool
in APPPATH/Controllers/Rekammedisirna.php on line 528.
 1 SYSTEMPATH/CodeIgniter.php(934): App\Controllers\Rekammedisirna->dokumenPasien()
 2 SYSTEMPATH/CodeIgniter.php(499): CodeIgniter\CodeIgniter->runController()
 3 SYSTEMPATH/CodeIgniter.php(368): CodeIgniter\CodeIgniter->handleRequest()
 4 FCPATH/index.php(67): CodeIgniter\CodeIgniter->run()
ERROR - 2024-11-08 14:17:49 --> ErrorException: pg_query(): Query failed: ERROR:  relation &quot;discharge_planning&quot; does not exist
LINE 1: SELECT * FROM discharge_planning where id_transaksi='JL.APOT...
                      ^ in /var/www/html/SIMRSHEBAT/system/Database/Postgre/Connection.php:147
Stack trace:
#0 [internal function]: CodeIgniter\Debug\Exceptions->errorHandler()
#1 /var/www/html/SIMRSHEBAT/system/Database/Postgre/Connection.php(147): pg_query()
#2 /var/www/html/SIMRSHEBAT/system/Database/BaseConnection.php(691): CodeIgniter\Database\Postgre\Connection->execute()
#3 /var/www/html/SIMRSHEBAT/system/Database/BaseConnection.php(605): CodeIgniter\Database\BaseConnection->simpleQuery()
#4 /var/www/html/SIMRSHEBAT/app/Controllers/Rekammedisirna.php(453): CodeIgniter\Database\BaseConnection->query()
#5 /var/www/html/SIMRSHEBAT/system/CodeIgniter.php(934): App\Controllers\Rekammedisirna->cekrencanapulangirna()
#6 /var/www/html/SIMRSHEBAT/system/CodeIgniter.php(499): CodeIgniter\CodeIgniter->runController()
#7 /var/www/html/SIMRSHEBAT/system/CodeIgniter.php(368): CodeIgniter\CodeIgniter->handleRequest()
#8 /var/www/html/SIMRSHEBAT/index.php(67): CodeIgniter\CodeIgniter->run()
#9 {main}
CRITICAL - 2024-11-08 14:17:49 --> Call to a member function getResult() on bool
in APPPATH/Controllers/Rekammedisirna.php on line 453.
 1 SYSTEMPATH/CodeIgniter.php(934): App\Controllers\Rekammedisirna->cekrencanapulangirna()
 2 SYSTEMPATH/CodeIgniter.php(499): CodeIgniter\CodeIgniter->runController()
 3 SYSTEMPATH/CodeIgniter.php(368): CodeIgniter\CodeIgniter->handleRequest()
 4 FCPATH/index.php(67): CodeIgniter\CodeIgniter->run()
WARNING - 2024-11-08 14:19:01 --> [DEPRECATED] Creation of dynamic property App\Controllers\Rekammedisirna::$db is deprecated in APPPATH/Controllers/Api.php on line 8.
 1 SYSTEMPATH/CodeIgniter.php(906): App\Controllers\Api->__construct()
 2 SYSTEMPATH/CodeIgniter.php(490): CodeIgniter\CodeIgniter->createController()
 3 SYSTEMPATH/CodeIgniter.php(368): CodeIgniter\CodeIgniter->handleRequest(null, Object(Config\Cache), false)
 4 FCPATH/index.php(67): CodeIgniter\CodeIgniter->run()
WARNING - 2024-11-08 14:19:01 --> [DEPRECATED] Creation of dynamic property App\Controllers\Rekammedisirna::$db is deprecated in APPPATH/Controllers/Api.php on line 8.
 1 SYSTEMPATH/CodeIgniter.php(906): App\Controllers\Api->__construct()
 2 SYSTEMPATH/CodeIgniter.php(490): CodeIgniter\CodeIgniter->createController()
 3 SYSTEMPATH/CodeIgniter.php(368): CodeIgniter\CodeIgniter->handleRequest(null, Object(Config\Cache), false)
 4 FCPATH/index.php(67): CodeIgniter\CodeIgniter->run()
WARNING - 2024-11-08 14:19:01 --> [DEPRECATED] Creation of dynamic property App\Controllers\Rekammedisirna::$simrs is deprecated in APPPATH/Controllers/Api.php on line 9.
 1 SYSTEMPATH/CodeIgniter.php(906): App\Controllers\Api->__construct()
 2 SYSTEMPATH/CodeIgniter.php(490): CodeIgniter\CodeIgniter->createController()
 3 SYSTEMPATH/CodeIgniter.php(368): CodeIgniter\CodeIgniter->handleRequest(null, Object(Config\Cache), false)
 4 FCPATH/index.php(67): CodeIgniter\CodeIgniter->run()
WARNING - 2024-11-08 14:19:01 --> [DEPRECATED] Creation of dynamic property App\Controllers\Rekammedisirna::$simrs is deprecated in APPPATH/Controllers/Api.php on line 9.
 1 SYSTEMPATH/CodeIgniter.php(906): App\Controllers\Api->__construct()
 2 SYSTEMPATH/CodeIgniter.php(490): CodeIgniter\CodeIgniter->createController()
 3 SYSTEMPATH/CodeIgniter.php(368): CodeIgniter\CodeIgniter->handleRequest(null, Object(Config\Cache), false)
 4 FCPATH/index.php(67): CodeIgniter\CodeIgniter->run()
CRITICAL - 2024-11-08 14:19:01 --> Attempt to read property "rm" on null
in APPPATH/Views/view/modal/rm_irna/EdukasiPasien.php on line 3.
 1 APPPATH/Views/view/modal/rm_irna/EdukasiPasien.php(3): CodeIgniter\Debug\Exceptions->errorHandler()
 2 SYSTEMPATH/View/View.php(213): include('APPPATH/Views/view/modal/rm_irna/EdukasiPasien.php')
 3 SYSTEMPATH/View/View.php(216): CodeIgniter\View\View->CodeIgniter\View\{closure}()
 4 SYSTEMPATH/Common.php(1184): CodeIgniter\View\View->render()
 5 APPPATH/Controllers/Rekammedisirna.php(7153): view()
 6 SYSTEMPATH/CodeIgniter.php(934): App\Controllers\Rekammedisirna->viewEdukasiPasien()
 7 SYSTEMPATH/CodeIgniter.php(499): CodeIgniter\CodeIgniter->runController()
 8 SYSTEMPATH/CodeIgniter.php(368): CodeIgniter\CodeIgniter->handleRequest()
 9 FCPATH/index.php(67): CodeIgniter\CodeIgniter->run()
ERROR - 2024-11-08 14:19:01 --> ErrorException: pg_query(): Query failed: ERROR:  relation &quot;edukasi&quot; does not exist
LINE 1: SELECT * FROM edukasi WHERE id_transaksi = '6-00-08-35' AND ...
                      ^ in /var/www/html/SIMRSHEBAT/system/Database/Postgre/Connection.php:147
Stack trace:
#0 [internal function]: CodeIgniter\Debug\Exceptions->errorHandler()
#1 /var/www/html/SIMRSHEBAT/system/Database/Postgre/Connection.php(147): pg_query()
#2 /var/www/html/SIMRSHEBAT/system/Database/BaseConnection.php(691): CodeIgniter\Database\Postgre\Connection->execute()
#3 /var/www/html/SIMRSHEBAT/system/Database/BaseConnection.php(605): CodeIgniter\Database\BaseConnection->simpleQuery()
#4 /var/www/html/SIMRSHEBAT/app/Controllers/Rekammedisirna.php(3013): CodeIgniter\Database\BaseConnection->query()
#5 /var/www/html/SIMRSHEBAT/system/CodeIgniter.php(934): App\Controllers\Rekammedisirna->load_edukasiirnautama()
#6 /var/www/html/SIMRSHEBAT/system/CodeIgniter.php(499): CodeIgniter\CodeIgniter->runController()
#7 /var/www/html/SIMRSHEBAT/system/CodeIgniter.php(368): CodeIgniter\CodeIgniter->handleRequest()
#8 /var/www/html/SIMRSHEBAT/index.php(67): CodeIgniter\CodeIgniter->run()
#9 {main}
ERROR - 2024-11-08 14:19:01 --> ErrorException: pg_query(): Query failed: ERROR:  relation &quot;detail_edukasi&quot; does not exist
LINE 1: SELECT * FROM detail_edukasi INNER JOIN pegawai USING (id_pe...
                      ^ in /var/www/html/SIMRSHEBAT/system/Database/Postgre/Connection.php:147
Stack trace:
#0 [internal function]: CodeIgniter\Debug\Exceptions->errorHandler()
#1 /var/www/html/SIMRSHEBAT/system/Database/Postgre/Connection.php(147): pg_query()
#2 /var/www/html/SIMRSHEBAT/system/Database/BaseConnection.php(691): CodeIgniter\Database\Postgre\Connection->execute()
#3 /var/www/html/SIMRSHEBAT/system/Database/BaseConnection.php(605): CodeIgniter\Database\BaseConnection->simpleQuery()
#4 /var/www/html/SIMRSHEBAT/app/Controllers/Rekammedisirna.php(3015): CodeIgniter\Database\BaseConnection->query()
#5 /var/www/html/SIMRSHEBAT/system/CodeIgniter.php(934): App\Controllers\Rekammedisirna->load_edukasiirnautama()
#6 /var/www/html/SIMRSHEBAT/system/CodeIgniter.php(499): CodeIgniter\CodeIgniter->runController()
#7 /var/www/html/SIMRSHEBAT/system/CodeIgniter.php(368): CodeIgniter\CodeIgniter->handleRequest()
#8 /var/www/html/SIMRSHEBAT/index.php(67): CodeIgniter\CodeIgniter->run()
#9 {main}
CRITICAL - 2024-11-08 14:19:01 --> Call to a member function getNumRows() on bool
in APPPATH/Controllers/Rekammedisirna.php on line 3018.
 1 SYSTEMPATH/CodeIgniter.php(934): App\Controllers\Rekammedisirna->load_edukasiirnautama()
 2 SYSTEMPATH/CodeIgniter.php(499): CodeIgniter\CodeIgniter->runController()
 3 SYSTEMPATH/CodeIgniter.php(368): CodeIgniter\CodeIgniter->handleRequest()
 4 FCPATH/index.php(67): CodeIgniter\CodeIgniter->run()
WARNING - 2024-11-08 14:35:34 --> [DEPRECATED] Creation of dynamic property App\Controllers\Laporan::$db is deprecated in APPPATH/Controllers/Api.php on line 8.
 1 SYSTEMPATH/CodeIgniter.php(906): App\Controllers\Api->__construct()
 2 SYSTEMPATH/CodeIgniter.php(490): CodeIgniter\CodeIgniter->createController()
 3 SYSTEMPATH/CodeIgniter.php(368): CodeIgniter\CodeIgniter->handleRequest(null, Object(Config\Cache), false)
 4 FCPATH/index.php(67): CodeIgniter\CodeIgniter->run()
WARNING - 2024-11-08 14:35:34 --> [DEPRECATED] Creation of dynamic property App\Controllers\Laporan::$simrs is deprecated in APPPATH/Controllers/Api.php on line 9.
 1 SYSTEMPATH/CodeIgniter.php(906): App\Controllers\Api->__construct()
 2 SYSTEMPATH/CodeIgniter.php(490): CodeIgniter\CodeIgniter->createController()
 3 SYSTEMPATH/CodeIgniter.php(368): CodeIgniter\CodeIgniter->handleRequest(null, Object(Config\Cache), false)
 4 FCPATH/index.php(67): CodeIgniter\CodeIgniter->run()
WARNING - 2024-11-08 14:35:35 --> [DEPRECATED] Creation of dynamic property App\Controllers\User::$db is deprecated in APPPATH/Controllers/Api.php on line 8.
 1 SYSTEMPATH/CodeIgniter.php(906): App\Controllers\Api->__construct()
 2 SYSTEMPATH/CodeIgniter.php(490): CodeIgniter\CodeIgniter->createController()
 3 SYSTEMPATH/CodeIgniter.php(368): CodeIgniter\CodeIgniter->handleRequest(null, Object(Config\Cache), false)
 4 FCPATH/index.php(67): CodeIgniter\CodeIgniter->run()
WARNING - 2024-11-08 14:35:35 --> [DEPRECATED] Creation of dynamic property App\Controllers\User::$simrs is deprecated in APPPATH/Controllers/Api.php on line 9.
 1 SYSTEMPATH/CodeIgniter.php(906): App\Controllers\Api->__construct()
 2 SYSTEMPATH/CodeIgniter.php(490): CodeIgniter\CodeIgniter->createController()
 3 SYSTEMPATH/CodeIgniter.php(368): CodeIgniter\CodeIgniter->handleRequest(null, Object(Config\Cache), false)
 4 FCPATH/index.php(67): CodeIgniter\CodeIgniter->run()
WARNING - 2024-11-08 14:35:40 --> [DEPRECATED] Creation of dynamic property App\Controllers\Rekammedisirna::$db is deprecated in APPPATH/Controllers/Api.php on line 8.
 1 SYSTEMPATH/CodeIgniter.php(906): App\Controllers\Api->__construct()
 2 SYSTEMPATH/CodeIgniter.php(490): CodeIgniter\CodeIgniter->createController()
 3 SYSTEMPATH/CodeIgniter.php(368): CodeIgniter\CodeIgniter->handleRequest(null, Object(Config\Cache), false)
 4 FCPATH/index.php(67): CodeIgniter\CodeIgniter->run()
WARNING - 2024-11-08 14:35:40 --> [DEPRECATED] Creation of dynamic property App\Controllers\Rekammedisirna::$simrs is deprecated in APPPATH/Controllers/Api.php on line 9.
 1 SYSTEMPATH/CodeIgniter.php(906): App\Controllers\Api->__construct()
 2 SYSTEMPATH/CodeIgniter.php(490): CodeIgniter\CodeIgniter->createController()
 3 SYSTEMPATH/CodeIgniter.php(368): CodeIgniter\CodeIgniter->handleRequest(null, Object(Config\Cache), false)
 4 FCPATH/index.php(67): CodeIgniter\CodeIgniter->run()
WARNING - 2024-11-08 14:35:40 --> [DEPRECATED] Creation of dynamic property App\Controllers\Rekammedisirna::$db is deprecated in APPPATH/Controllers/Api.php on line 8.
 1 SYSTEMPATH/CodeIgniter.php(906): App\Controllers\Api->__construct()
 2 SYSTEMPATH/CodeIgniter.php(490): CodeIgniter\CodeIgniter->createController()
 3 SYSTEMPATH/CodeIgniter.php(368): CodeIgniter\CodeIgniter->handleRequest(null, Object(Config\Cache), false)
 4 FCPATH/index.php(67): CodeIgniter\CodeIgniter->run()
WARNING - 2024-11-08 14:35:40 --> [DEPRECATED] Creation of dynamic property App\Controllers\Rekammedisirna::$simrs is deprecated in APPPATH/Controllers/Api.php on line 9.
 1 SYSTEMPATH/CodeIgniter.php(906): App\Controllers\Api->__construct()
 2 SYSTEMPATH/CodeIgniter.php(490): CodeIgniter\CodeIgniter->createController()
 3 SYSTEMPATH/CodeIgniter.php(368): CodeIgniter\CodeIgniter->handleRequest(null, Object(Config\Cache), false)
 4 FCPATH/index.php(67): CodeIgniter\CodeIgniter->run()
WARNING - 2024-11-08 14:35:40 --> [DEPRECATED] Creation of dynamic property App\Controllers\Rekammedisirna::$db is deprecated in APPPATH/Controllers/Api.php on line 8.
 1 SYSTEMPATH/CodeIgniter.php(906): App\Controllers\Api->__construct()
 2 SYSTEMPATH/CodeIgniter.php(490): CodeIgniter\CodeIgniter->createController()
 3 SYSTEMPATH/CodeIgniter.php(368): CodeIgniter\CodeIgniter->handleRequest(null, Object(Config\Cache), false)
 4 FCPATH/index.php(67): CodeIgniter\CodeIgniter->run()
WARNING - 2024-11-08 14:35:40 --> [DEPRECATED] Creation of dynamic property App\Controllers\Rekammedisirna::$simrs is deprecated in APPPATH/Controllers/Api.php on line 9.
 1 SYSTEMPATH/CodeIgniter.php(906): App\Controllers\Api->__construct()
 2 SYSTEMPATH/CodeIgniter.php(490): CodeIgniter\CodeIgniter->createController()
 3 SYSTEMPATH/CodeIgniter.php(368): CodeIgniter\CodeIgniter->handleRequest(null, Object(Config\Cache), false)
 4 FCPATH/index.php(67): CodeIgniter\CodeIgniter->run()
WARNING - 2024-11-08 14:35:41 --> [DEPRECATED] Creation of dynamic property App\Controllers\Rekammedisirja::$db is deprecated in APPPATH/Controllers/Api.php on line 8.
 1 SYSTEMPATH/CodeIgniter.php(906): App\Controllers\Api->__construct()
 2 SYSTEMPATH/CodeIgniter.php(490): CodeIgniter\CodeIgniter->createController()
 3 SYSTEMPATH/CodeIgniter.php(368): CodeIgniter\CodeIgniter->handleRequest(null, Object(Config\Cache), false)
 4 FCPATH/index.php(67): CodeIgniter\CodeIgniter->run()
WARNING - 2024-11-08 14:35:41 --> [DEPRECATED] Creation of dynamic property App\Controllers\Rekammedisirja::$db is deprecated in APPPATH/Controllers/Api.php on line 8.
 1 SYSTEMPATH/CodeIgniter.php(906): App\Controllers\Api->__construct()
 2 SYSTEMPATH/CodeIgniter.php(490): CodeIgniter\CodeIgniter->createController()
 3 SYSTEMPATH/CodeIgniter.php(368): CodeIgniter\CodeIgniter->handleRequest(null, Object(Config\Cache), false)
 4 FCPATH/index.php(67): CodeIgniter\CodeIgniter->run()
WARNING - 2024-11-08 14:35:41 --> [DEPRECATED] Creation of dynamic property App\Controllers\Rekammedisirja::$simrs is deprecated in APPPATH/Controllers/Api.php on line 9.
 1 SYSTEMPATH/CodeIgniter.php(906): App\Controllers\Api->__construct()
 2 SYSTEMPATH/CodeIgniter.php(490): CodeIgniter\CodeIgniter->createController()
 3 SYSTEMPATH/CodeIgniter.php(368): CodeIgniter\CodeIgniter->handleRequest(null, Object(Config\Cache), false)
 4 FCPATH/index.php(67): CodeIgniter\CodeIgniter->run()
WARNING - 2024-11-08 14:35:41 --> [DEPRECATED] Creation of dynamic property App\Controllers\Rekammedisirja::$simrs is deprecated in APPPATH/Controllers/Api.php on line 9.
 1 SYSTEMPATH/CodeIgniter.php(906): App\Controllers\Api->__construct()
 2 SYSTEMPATH/CodeIgniter.php(490): CodeIgniter\CodeIgniter->createController()
 3 SYSTEMPATH/CodeIgniter.php(368): CodeIgniter\CodeIgniter->handleRequest(null, Object(Config\Cache), false)
 4 FCPATH/index.php(67): CodeIgniter\CodeIgniter->run()
WARNING - 2024-11-08 14:35:41 --> [DEPRECATED] Creation of dynamic property App\Controllers\Rawatjalan::$db is deprecated in APPPATH/Controllers/Api.php on line 8.
 1 SYSTEMPATH/CodeIgniter.php(906): App\Controllers\Api->__construct()
 2 SYSTEMPATH/CodeIgniter.php(490): CodeIgniter\CodeIgniter->createController()
 3 SYSTEMPATH/CodeIgniter.php(368): CodeIgniter\CodeIgniter->handleRequest(null, Object(Config\Cache), false)
 4 FCPATH/index.php(67): CodeIgniter\CodeIgniter->run()
WARNING - 2024-11-08 14:35:41 --> [DEPRECATED] Creation of dynamic property App\Controllers\Rawatjalan::$simrs is deprecated in APPPATH/Controllers/Api.php on line 9.
 1 SYSTEMPATH/CodeIgniter.php(906): App\Controllers\Api->__construct()
 2 SYSTEMPATH/CodeIgniter.php(490): CodeIgniter\CodeIgniter->createController()
 3 SYSTEMPATH/CodeIgniter.php(368): CodeIgniter\CodeIgniter->handleRequest(null, Object(Config\Cache), false)
 4 FCPATH/index.php(67): CodeIgniter\CodeIgniter->run()
ERROR - 2024-11-08 14:35:41 --> ErrorException: pg_query(): Query failed: ERROR:  column &quot;jenis_pegawai&quot; does not exist
LINE 1: SELECT * FROM pegawai where jenis_pegawai='1'
                                    ^ in /var/www/html/SIMRSHEBAT/system/Database/Postgre/Connection.php:147
Stack trace:
#0 [internal function]: CodeIgniter\Debug\Exceptions->errorHandler()
#1 /var/www/html/SIMRSHEBAT/system/Database/Postgre/Connection.php(147): pg_query()
#2 /var/www/html/SIMRSHEBAT/system/Database/BaseConnection.php(691): CodeIgniter\Database\Postgre\Connection->execute()
#3 /var/www/html/SIMRSHEBAT/system/Database/BaseConnection.php(605): CodeIgniter\Database\BaseConnection->simpleQuery()
#4 /var/www/html/SIMRSHEBAT/app/Controllers/Rawatjalan.php(32): CodeIgniter\Database\BaseConnection->query()
#5 /var/www/html/SIMRSHEBAT/system/CodeIgniter.php(934): App\Controllers\Rawatjalan->pegawai()
#6 /var/www/html/SIMRSHEBAT/system/CodeIgniter.php(499): CodeIgniter\CodeIgniter->runController()
#7 /var/www/html/SIMRSHEBAT/system/CodeIgniter.php(368): CodeIgniter\CodeIgniter->handleRequest()
#8 /var/www/html/SIMRSHEBAT/index.php(67): CodeIgniter\CodeIgniter->run()
#9 {main}
ERROR - 2024-11-08 14:35:41 --> ErrorException: pg_query(): Query failed: ERROR:  column &quot;id_penyakit&quot; specified in USING clause does not exist in left table in /var/www/html/SIMRSHEBAT/system/Database/Postgre/Connection.php:147
Stack trace:
#0 [internal function]: CodeIgniter\Debug\Exceptions->errorHandler()
#1 /var/www/html/SIMRSHEBAT/system/Database/Postgre/Connection.php(147): pg_query()
#2 /var/www/html/SIMRSHEBAT/system/Database/BaseConnection.php(691): CodeIgniter\Database\Postgre\Connection->execute()
#3 /var/www/html/SIMRSHEBAT/app/Controllers/Rekammedisirja.php(453): CodeIgniter\Database\BaseConnection->simpleQuery()
#4 /var/www/html/SIMRSHEBAT/system/CodeIgniter.php(934): App\Controllers\Rekammedisirja->datamrpenyakitirja()
#5 /var/www/html/SIMRSHEBAT/system/CodeIgniter.php(499): CodeIgniter\CodeIgniter->runController()
#6 /var/www/html/SIMRSHEBAT/system/CodeIgniter.php(368): CodeIgniter\CodeIgniter->handleRequest()
#7 /var/www/html/SIMRSHEBAT/index.php(67): CodeIgniter\CodeIgniter->run()
#8 {main}
CRITICAL - 2024-11-08 14:35:41 --> Call to a member function getResult() on bool
in APPPATH/Controllers/Rawatjalan.php on line 35.
 1 SYSTEMPATH/CodeIgniter.php(934): App\Controllers\Rawatjalan->pegawai()
 2 SYSTEMPATH/CodeIgniter.php(499): CodeIgniter\CodeIgniter->runController()
 3 SYSTEMPATH/CodeIgniter.php(368): CodeIgniter\CodeIgniter->handleRequest()
 4 FCPATH/index.php(67): CodeIgniter\CodeIgniter->run()
ERROR - 2024-11-08 14:35:41 --> ErrorException: pg_query(): Query failed: ERROR:  column &quot;id_kunjungan&quot; does not exist
LINE 2: ...mr_tindakan inner join icd_9 USING(kd_icd9) where id_kunjung...
                                                             ^ in /var/www/html/SIMRSHEBAT/system/Database/Postgre/Connection.php:147
Stack trace:
#0 [internal function]: CodeIgniter\Debug\Exceptions->errorHandler()
#1 /var/www/html/SIMRSHEBAT/system/Database/Postgre/Connection.php(147): pg_query()
#2 /var/www/html/SIMRSHEBAT/system/Database/BaseConnection.php(691): CodeIgniter\Database\Postgre\Connection->execute()
#3 /var/www/html/SIMRSHEBAT/app/Controllers/Rekammedisirja.php(411): CodeIgniter\Database\BaseConnection->simpleQuery()
#4 /var/www/html/SIMRSHEBAT/system/CodeIgniter.php(934): App\Controllers\Rekammedisirja->datamricd9irja()
#5 /var/www/html/SIMRSHEBAT/system/CodeIgniter.php(499): CodeIgniter\CodeIgniter->runController()
#6 /var/www/html/SIMRSHEBAT/system/CodeIgniter.php(368): CodeIgniter\CodeIgniter->handleRequest()
#7 /var/www/html/SIMRSHEBAT/index.php(67): CodeIgniter\CodeIgniter->run()
#8 {main}
WARNING - 2024-11-08 14:35:41 --> [DEPRECATED] Creation of dynamic property App\Controllers\Lab::$db is deprecated in APPPATH/Controllers/Api.php on line 8.
 1 SYSTEMPATH/CodeIgniter.php(906): App\Controllers\Api->__construct()
 2 SYSTEMPATH/CodeIgniter.php(490): CodeIgniter\CodeIgniter->createController()
 3 SYSTEMPATH/CodeIgniter.php(368): CodeIgniter\CodeIgniter->handleRequest(null, Object(Config\Cache), false)
 4 FCPATH/index.php(67): CodeIgniter\CodeIgniter->run()
WARNING - 2024-11-08 14:35:41 --> [DEPRECATED] Creation of dynamic property App\Controllers\Lab::$simrs is deprecated in APPPATH/Controllers/Api.php on line 9.
 1 SYSTEMPATH/CodeIgniter.php(906): App\Controllers\Api->__construct()
 2 SYSTEMPATH/CodeIgniter.php(490): CodeIgniter\CodeIgniter->createController()
 3 SYSTEMPATH/CodeIgniter.php(368): CodeIgniter\CodeIgniter->handleRequest(null, Object(Config\Cache), false)
 4 FCPATH/index.php(67): CodeIgniter\CodeIgniter->run()
WARNING - 2024-11-08 14:35:41 --> [DEPRECATED] Creation of dynamic property App\Controllers\Lab::$db is deprecated in APPPATH/Controllers/Api.php on line 8.
 1 SYSTEMPATH/CodeIgniter.php(906): App\Controllers\Api->__construct()
 2 SYSTEMPATH/CodeIgniter.php(490): CodeIgniter\CodeIgniter->createController()
 3 SYSTEMPATH/CodeIgniter.php(368): CodeIgniter\CodeIgniter->handleRequest(null, Object(Config\Cache), false)
 4 FCPATH/index.php(67): CodeIgniter\CodeIgniter->run()
WARNING - 2024-11-08 14:35:41 --> [DEPRECATED] Creation of dynamic property App\Controllers\Lab::$simrs is deprecated in APPPATH/Controllers/Api.php on line 9.
 1 SYSTEMPATH/CodeIgniter.php(906): App\Controllers\Api->__construct()
 2 SYSTEMPATH/CodeIgniter.php(490): CodeIgniter\CodeIgniter->createController()
 3 SYSTEMPATH/CodeIgniter.php(368): CodeIgniter\CodeIgniter->handleRequest(null, Object(Config\Cache), false)
 4 FCPATH/index.php(67): CodeIgniter\CodeIgniter->run()
WARNING - 2024-11-08 14:35:41 --> [DEPRECATED] Creation of dynamic property App\Controllers\Lab::$db is deprecated in APPPATH/Controllers/Api.php on line 8.
 1 SYSTEMPATH/CodeIgniter.php(906): App\Controllers\Api->__construct()
 2 SYSTEMPATH/CodeIgniter.php(490): CodeIgniter\CodeIgniter->createController()
 3 SYSTEMPATH/CodeIgniter.php(368): CodeIgniter\CodeIgniter->handleRequest(null, Object(Config\Cache), false)
 4 FCPATH/index.php(67): CodeIgniter\CodeIgniter->run()
WARNING - 2024-11-08 14:35:41 --> [DEPRECATED] Creation of dynamic property App\Controllers\Lab::$simrs is deprecated in APPPATH/Controllers/Api.php on line 9.
 1 SYSTEMPATH/CodeIgniter.php(906): App\Controllers\Api->__construct()
 2 SYSTEMPATH/CodeIgniter.php(490): CodeIgniter\CodeIgniter->createController()
 3 SYSTEMPATH/CodeIgniter.php(368): CodeIgniter\CodeIgniter->handleRequest(null, Object(Config\Cache), false)
 4 FCPATH/index.php(67): CodeIgniter\CodeIgniter->run()
ERROR - 2024-11-08 14:35:41 --> ErrorException: pg_query(): Query failed: ERROR:  function left(integer, integer) does not exist
LINE 1: SELECT * from produk WHERE left(kd_produk,2)='CT' 
                                   ^
HINT:  No function matches the given name and argument types. You might need to add explicit type casts. in /var/www/html/SIMRSHEBAT/system/Database/Postgre/Connection.php:147
Stack trace:
#0 [internal function]: CodeIgniter\Debug\Exceptions->errorHandler()
#1 /var/www/html/SIMRSHEBAT/system/Database/Postgre/Connection.php(147): pg_query()
#2 /var/www/html/SIMRSHEBAT/system/Database/BaseConnection.php(691): CodeIgniter\Database\Postgre\Connection->execute()
#3 /var/www/html/SIMRSHEBAT/system/Database/BaseConnection.php(605): CodeIgniter\Database\BaseConnection->simpleQuery()
#4 /var/www/html/SIMRSHEBAT/app/Controllers/Lab.php(465): CodeIgniter\Database\BaseConnection->query()
#5 /var/www/html/SIMRSHEBAT/system/CodeIgniter.php(934): App\Controllers\Lab->produkRad()
#6 /var/www/html/SIMRSHEBAT/system/CodeIgniter.php(499): CodeIgniter\CodeIgniter->runController()
#7 /var/www/html/SIMRSHEBAT/system/CodeIgniter.php(368): CodeIgniter\CodeIgniter->handleRequest()
#8 /var/www/html/SIMRSHEBAT/index.php(67): CodeIgniter\CodeIgniter->run()
#9 {main}
ERROR - 2024-11-08 14:35:41 --> ErrorException: pg_query(): Query failed: ERROR:  column &quot;id_jenis_produk&quot; does not exist
LINE 1: SELECT * from produk WHERE id_jenis_produk='3' 
                                   ^ in /var/www/html/SIMRSHEBAT/system/Database/Postgre/Connection.php:147
Stack trace:
#0 [internal function]: CodeIgniter\Debug\Exceptions->errorHandler()
#1 /var/www/html/SIMRSHEBAT/system/Database/Postgre/Connection.php(147): pg_query()
#2 /var/www/html/SIMRSHEBAT/system/Database/BaseConnection.php(691): CodeIgniter\Database\Postgre\Connection->execute()
#3 /var/www/html/SIMRSHEBAT/system/Database/BaseConnection.php(605): CodeIgniter\Database\BaseConnection->simpleQuery()
#4 /var/www/html/SIMRSHEBAT/app/Controllers/Lab.php(447): CodeIgniter\Database\BaseConnection->query()
#5 /var/www/html/SIMRSHEBAT/system/CodeIgniter.php(934): App\Controllers\Lab->produk()
#6 /var/www/html/SIMRSHEBAT/system/CodeIgniter.php(499): CodeIgniter\CodeIgniter->runController()
#7 /var/www/html/SIMRSHEBAT/system/CodeIgniter.php(368): CodeIgniter\CodeIgniter->handleRequest()
#8 /var/www/html/SIMRSHEBAT/index.php(67): CodeIgniter\CodeIgniter->run()
#9 {main}
CRITICAL - 2024-11-08 14:35:41 --> Call to a member function getResult() on bool
in APPPATH/Controllers/Lab.php on line 465.
 1 SYSTEMPATH/CodeIgniter.php(934): App\Controllers\Lab->produkRad()
 2 SYSTEMPATH/CodeIgniter.php(499): CodeIgniter\CodeIgniter->runController()
 3 SYSTEMPATH/CodeIgniter.php(368): CodeIgniter\CodeIgniter->handleRequest()
 4 FCPATH/index.php(67): CodeIgniter\CodeIgniter->run()
CRITICAL - 2024-11-08 14:35:41 --> Call to a member function getResult() on bool
in APPPATH/Controllers/Lab.php on line 447.
 1 SYSTEMPATH/CodeIgniter.php(934): App\Controllers\Lab->produk()
 2 SYSTEMPATH/CodeIgniter.php(499): CodeIgniter\CodeIgniter->runController()
 3 SYSTEMPATH/CodeIgniter.php(368): CodeIgniter\CodeIgniter->handleRequest()
 4 FCPATH/index.php(67): CodeIgniter\CodeIgniter->run()
ERROR - 2024-11-08 14:35:41 --> ErrorException: pg_query(): Query failed: ERROR:  function left(integer, integer) does not exist
LINE 1: SELECT * from produk WHERE left(kd_produk,2)='XR' 
                                   ^
HINT:  No function matches the given name and argument types. You might need to add explicit type casts. in /var/www/html/SIMRSHEBAT/system/Database/Postgre/Connection.php:147
Stack trace:
#0 [internal function]: CodeIgniter\Debug\Exceptions->errorHandler()
#1 /var/www/html/SIMRSHEBAT/system/Database/Postgre/Connection.php(147): pg_query()
#2 /var/www/html/SIMRSHEBAT/system/Database/BaseConnection.php(691): CodeIgniter\Database\Postgre\Connection->execute()
#3 /var/www/html/SIMRSHEBAT/system/Database/BaseConnection.php(605): CodeIgniter\Database\BaseConnection->simpleQuery()
#4 /var/www/html/SIMRSHEBAT/app/Controllers/Lab.php(465): CodeIgniter\Database\BaseConnection->query()
#5 /var/www/html/SIMRSHEBAT/system/CodeIgniter.php(934): App\Controllers\Lab->produkRad()
#6 /var/www/html/SIMRSHEBAT/system/CodeIgniter.php(499): CodeIgniter\CodeIgniter->runController()
#7 /var/www/html/SIMRSHEBAT/system/CodeIgniter.php(368): CodeIgniter\CodeIgniter->handleRequest()
#8 /var/www/html/SIMRSHEBAT/index.php(67): CodeIgniter\CodeIgniter->run()
#9 {main}
CRITICAL - 2024-11-08 14:35:41 --> Call to a member function getResult() on bool
in APPPATH/Controllers/Lab.php on line 465.
 1 SYSTEMPATH/CodeIgniter.php(934): App\Controllers\Lab->produkRad()
 2 SYSTEMPATH/CodeIgniter.php(499): CodeIgniter\CodeIgniter->runController()
 3 SYSTEMPATH/CodeIgniter.php(368): CodeIgniter\CodeIgniter->handleRequest()
 4 FCPATH/index.php(67): CodeIgniter\CodeIgniter->run()
WARNING - 2024-11-08 14:35:41 --> [DEPRECATED] Creation of dynamic property App\Controllers\Lab::$db is deprecated in APPPATH/Controllers/Api.php on line 8.
 1 SYSTEMPATH/CodeIgniter.php(906): App\Controllers\Api->__construct()
 2 SYSTEMPATH/CodeIgniter.php(490): CodeIgniter\CodeIgniter->createController()
 3 SYSTEMPATH/CodeIgniter.php(368): CodeIgniter\CodeIgniter->handleRequest(null, Object(Config\Cache), false)
 4 FCPATH/index.php(67): CodeIgniter\CodeIgniter->run()
WARNING - 2024-11-08 14:35:41 --> [DEPRECATED] Creation of dynamic property App\Controllers\Rekammedisirna::$db is deprecated in APPPATH/Controllers/Api.php on line 8.
 1 SYSTEMPATH/CodeIgniter.php(906): App\Controllers\Api->__construct()
 2 SYSTEMPATH/CodeIgniter.php(490): CodeIgniter\CodeIgniter->createController()
 3 SYSTEMPATH/CodeIgniter.php(368): CodeIgniter\CodeIgniter->handleRequest(null, Object(Config\Cache), false)
 4 FCPATH/index.php(67): CodeIgniter\CodeIgniter->run()
WARNING - 2024-11-08 14:35:41 --> [DEPRECATED] Creation of dynamic property App\Controllers\Lab::$simrs is deprecated in APPPATH/Controllers/Api.php on line 9.
 1 SYSTEMPATH/CodeIgniter.php(906): App\Controllers\Api->__construct()
 2 SYSTEMPATH/CodeIgniter.php(490): CodeIgniter\CodeIgniter->createController()
 3 SYSTEMPATH/CodeIgniter.php(368): CodeIgniter\CodeIgniter->handleRequest(null, Object(Config\Cache), false)
 4 FCPATH/index.php(67): CodeIgniter\CodeIgniter->run()
WARNING - 2024-11-08 14:35:41 --> [DEPRECATED] Creation of dynamic property App\Controllers\Rekammedisirna::$simrs is deprecated in APPPATH/Controllers/Api.php on line 9.
 1 SYSTEMPATH/CodeIgniter.php(906): App\Controllers\Api->__construct()
 2 SYSTEMPATH/CodeIgniter.php(490): CodeIgniter\CodeIgniter->createController()
 3 SYSTEMPATH/CodeIgniter.php(368): CodeIgniter\CodeIgniter->handleRequest(null, Object(Config\Cache), false)
 4 FCPATH/index.php(67): CodeIgniter\CodeIgniter->run()
WARNING - 2024-11-08 14:35:41 --> [DEPRECATED] Creation of dynamic property App\Controllers\Kunjungan::$db is deprecated in APPPATH/Controllers/Api.php on line 8.
 1 SYSTEMPATH/CodeIgniter.php(906): App\Controllers\Api->__construct()
 2 SYSTEMPATH/CodeIgniter.php(490): CodeIgniter\CodeIgniter->createController()
 3 SYSTEMPATH/CodeIgniter.php(368): CodeIgniter\CodeIgniter->handleRequest(null, Object(Config\Cache), false)
 4 FCPATH/index.php(67): CodeIgniter\CodeIgniter->run()
WARNING - 2024-11-08 14:35:41 --> [DEPRECATED] Creation of dynamic property App\Controllers\Kunjungan::$simrs is deprecated in APPPATH/Controllers/Api.php on line 9.
 1 SYSTEMPATH/CodeIgniter.php(906): App\Controllers\Api->__construct()
 2 SYSTEMPATH/CodeIgniter.php(490): CodeIgniter\CodeIgniter->createController()
 3 SYSTEMPATH/CodeIgniter.php(368): CodeIgniter\CodeIgniter->handleRequest(null, Object(Config\Cache), false)
 4 FCPATH/index.php(67): CodeIgniter\CodeIgniter->run()
ERROR - 2024-11-08 14:35:41 --> ErrorException: pg_query(): Query failed: ERROR:  relation &quot;order_lab&quot; does not exist
LINE 2:         order_lab o inner join
                ^ in /var/www/html/SIMRSHEBAT/system/Database/Postgre/Connection.php:147
Stack trace:
#0 [internal function]: CodeIgniter\Debug\Exceptions->errorHandler()
#1 /var/www/html/SIMRSHEBAT/system/Database/Postgre/Connection.php(147): pg_query()
#2 /var/www/html/SIMRSHEBAT/system/Database/BaseConnection.php(691): CodeIgniter\Database\Postgre\Connection->execute()
#3 /var/www/html/SIMRSHEBAT/app/Controllers/Rekammedisirna.php(823): CodeIgniter\Database\BaseConnection->simpleQuery()
#4 /var/www/html/SIMRSHEBAT/system/CodeIgniter.php(934): App\Controllers\Rekammedisirna->datapenunjangpasienirna()
#5 /var/www/html/SIMRSHEBAT/system/CodeIgniter.php(499): CodeIgniter\CodeIgniter->runController()
#6 /var/www/html/SIMRSHEBAT/system/CodeIgniter.php(368): CodeIgniter\CodeIgniter->handleRequest()
#7 /var/www/html/SIMRSHEBAT/index.php(67): CodeIgniter\CodeIgniter->run()
#8 {main}
ERROR - 2024-11-08 14:35:41 --> ErrorException: pg_query(): Query failed: ERROR:  function left(integer, integer) does not exist
LINE 1: SELECT * from produk WHERE left(kd_produk,2)='UR' 
                                   ^
HINT:  No function matches the given name and argument types. You might need to add explicit type casts. in /var/www/html/SIMRSHEBAT/system/Database/Postgre/Connection.php:147
Stack trace:
#0 [internal function]: CodeIgniter\Debug\Exceptions->errorHandler()
#1 /var/www/html/SIMRSHEBAT/system/Database/Postgre/Connection.php(147): pg_query()
#2 /var/www/html/SIMRSHEBAT/system/Database/BaseConnection.php(691): CodeIgniter\Database\Postgre\Connection->execute()
#3 /var/www/html/SIMRSHEBAT/system/Database/BaseConnection.php(605): CodeIgniter\Database\BaseConnection->simpleQuery()
#4 /var/www/html/SIMRSHEBAT/app/Controllers/Lab.php(465): CodeIgniter\Database\BaseConnection->query()
#5 /var/www/html/SIMRSHEBAT/system/CodeIgniter.php(934): App\Controllers\Lab->produkRad()
#6 /var/www/html/SIMRSHEBAT/system/CodeIgniter.php(499): CodeIgniter\CodeIgniter->runController()
#7 /var/www/html/SIMRSHEBAT/system/CodeIgniter.php(368): CodeIgniter\CodeIgniter->handleRequest()
#8 /var/www/html/SIMRSHEBAT/index.php(67): CodeIgniter\CodeIgniter->run()
#9 {main}
CRITICAL - 2024-11-08 14:35:41 --> Call to a member function getResult() on bool
in APPPATH/Controllers/Lab.php on line 465.
 1 SYSTEMPATH/CodeIgniter.php(934): App\Controllers\Lab->produkRad()
 2 SYSTEMPATH/CodeIgniter.php(499): CodeIgniter\CodeIgniter->runController()
 3 SYSTEMPATH/CodeIgniter.php(368): CodeIgniter\CodeIgniter->handleRequest()
 4 FCPATH/index.php(67): CodeIgniter\CodeIgniter->run()
ERROR - 2024-11-08 14:35:41 --> ErrorException: pg_query(): Query failed: ERROR:  column &quot;id_penyakit&quot; specified in USING clause does not exist in left table in /var/www/html/SIMRSHEBAT/system/Database/Postgre/Connection.php:147
Stack trace:
#0 [internal function]: CodeIgniter\Debug\Exceptions->errorHandler()
#1 /var/www/html/SIMRSHEBAT/system/Database/Postgre/Connection.php(147): pg_query()
#2 /var/www/html/SIMRSHEBAT/system/Database/BaseConnection.php(691): CodeIgniter\Database\Postgre\Connection->execute()
#3 /var/www/html/SIMRSHEBAT/app/Controllers/Kunjungan.php(585): CodeIgniter\Database\BaseConnection->simpleQuery()
#4 /var/www/html/SIMRSHEBAT/system/CodeIgniter.php(934): App\Controllers\Kunjungan->historipenyakit()
#5 /var/www/html/SIMRSHEBAT/system/CodeIgniter.php(499): CodeIgniter\CodeIgniter->runController()
#6 /var/www/html/SIMRSHEBAT/system/CodeIgniter.php(368): CodeIgniter\CodeIgniter->handleRequest()
#7 /var/www/html/SIMRSHEBAT/index.php(67): CodeIgniter\CodeIgniter->run()
#8 {main}
WARNING - 2024-11-08 14:35:41 --> [DEPRECATED] Creation of dynamic property App\Controllers\Kunjungan::$db is deprecated in APPPATH/Controllers/Api.php on line 8.
 1 SYSTEMPATH/CodeIgniter.php(906): App\Controllers\Api->__construct()
 2 SYSTEMPATH/CodeIgniter.php(490): CodeIgniter\CodeIgniter->createController()
 3 SYSTEMPATH/CodeIgniter.php(368): CodeIgniter\CodeIgniter->handleRequest(null, Object(Config\Cache), false)
 4 FCPATH/index.php(67): CodeIgniter\CodeIgniter->run()
WARNING - 2024-11-08 14:35:41 --> [DEPRECATED] Creation of dynamic property App\Controllers\Kunjungan::$simrs is deprecated in APPPATH/Controllers/Api.php on line 9.
 1 SYSTEMPATH/CodeIgniter.php(906): App\Controllers\Api->__construct()
 2 SYSTEMPATH/CodeIgniter.php(490): CodeIgniter\CodeIgniter->createController()
 3 SYSTEMPATH/CodeIgniter.php(368): CodeIgniter\CodeIgniter->handleRequest(null, Object(Config\Cache), false)
 4 FCPATH/index.php(67): CodeIgniter\CodeIgniter->run()
WARNING - 2024-11-08 14:35:41 --> [DEPRECATED] Creation of dynamic property App\Controllers\Kunjungan::$db is deprecated in APPPATH/Controllers/Api.php on line 8.
 1 SYSTEMPATH/CodeIgniter.php(906): App\Controllers\Api->__construct()
 2 SYSTEMPATH/CodeIgniter.php(490): CodeIgniter\CodeIgniter->createController()
 3 SYSTEMPATH/CodeIgniter.php(368): CodeIgniter\CodeIgniter->handleRequest(null, Object(Config\Cache), false)
 4 FCPATH/index.php(67): CodeIgniter\CodeIgniter->run()
WARNING - 2024-11-08 14:35:41 --> [DEPRECATED] Creation of dynamic property App\Controllers\Kunjungan::$simrs is deprecated in APPPATH/Controllers/Api.php on line 9.
 1 SYSTEMPATH/CodeIgniter.php(906): App\Controllers\Api->__construct()
 2 SYSTEMPATH/CodeIgniter.php(490): CodeIgniter\CodeIgniter->createController()
 3 SYSTEMPATH/CodeIgniter.php(368): CodeIgniter\CodeIgniter->handleRequest(null, Object(Config\Cache), false)
 4 FCPATH/index.php(67): CodeIgniter\CodeIgniter->run()
WARNING - 2024-11-08 14:35:41 --> [DEPRECATED] Creation of dynamic property App\Controllers\Datasosial::$db is deprecated in APPPATH/Controllers/Api.php on line 8.
 1 SYSTEMPATH/CodeIgniter.php(906): App\Controllers\Api->__construct()
 2 SYSTEMPATH/CodeIgniter.php(490): CodeIgniter\CodeIgniter->createController()
 3 SYSTEMPATH/CodeIgniter.php(368): CodeIgniter\CodeIgniter->handleRequest(null, Object(Config\Cache), false)
 4 FCPATH/index.php(67): CodeIgniter\CodeIgniter->run()
WARNING - 2024-11-08 14:35:41 --> [DEPRECATED] Creation of dynamic property App\Controllers\Datasosial::$simrs is deprecated in APPPATH/Controllers/Api.php on line 9.
 1 SYSTEMPATH/CodeIgniter.php(906): App\Controllers\Api->__construct()
 2 SYSTEMPATH/CodeIgniter.php(490): CodeIgniter\CodeIgniter->createController()
 3 SYSTEMPATH/CodeIgniter.php(368): CodeIgniter\CodeIgniter->handleRequest(null, Object(Config\Cache), false)
 4 FCPATH/index.php(67): CodeIgniter\CodeIgniter->run()
ERROR - 2024-11-08 14:35:41 --> ErrorException: pg_query(): Query failed: ERROR:  relation &quot;alergi&quot; does not exist
LINE 1: SELECT * from alergi where no_rm='6-00-08-35' 
                      ^ in /var/www/html/SIMRSHEBAT/system/Database/Postgre/Connection.php:147
Stack trace:
#0 [internal function]: CodeIgniter\Debug\Exceptions->errorHandler()
#1 /var/www/html/SIMRSHEBAT/system/Database/Postgre/Connection.php(147): pg_query()
#2 /var/www/html/SIMRSHEBAT/system/Database/BaseConnection.php(691): CodeIgniter\Database\Postgre\Connection->execute()
#3 /var/www/html/SIMRSHEBAT/app/Controllers/Kunjungan.php(632): CodeIgniter\Database\BaseConnection->simpleQuery()
#4 /var/www/html/SIMRSHEBAT/system/CodeIgniter.php(934): App\Controllers\Kunjungan->historialergi()
#5 /var/www/html/SIMRSHEBAT/system/CodeIgniter.php(499): CodeIgniter\CodeIgniter->runController()
#6 /var/www/html/SIMRSHEBAT/system/CodeIgniter.php(368): CodeIgniter\CodeIgniter->handleRequest()
#7 /var/www/html/SIMRSHEBAT/index.php(67): CodeIgniter\CodeIgniter->run()
#8 {main}
ERROR - 2024-11-08 14:35:41 --> ErrorException: pg_query(): Query failed: ERROR:  column &quot;id_penyakit&quot; specified in USING clause does not exist in left table in /var/www/html/SIMRSHEBAT/system/Database/Postgre/Connection.php:147
Stack trace:
#0 [internal function]: CodeIgniter\Debug\Exceptions->errorHandler()
#1 /var/www/html/SIMRSHEBAT/system/Database/Postgre/Connection.php(147): pg_query()
#2 /var/www/html/SIMRSHEBAT/system/Database/BaseConnection.php(691): CodeIgniter\Database\Postgre\Connection->execute()
#3 /var/www/html/SIMRSHEBAT/app/Controllers/Kunjungan.php(617): CodeIgniter\Database\BaseConnection->simpleQuery()
#4 /var/www/html/SIMRSHEBAT/system/CodeIgniter.php(934): App\Controllers\Kunjungan->historipenyakitkeluarga()
#5 /var/www/html/SIMRSHEBAT/system/CodeIgniter.php(499): CodeIgniter\CodeIgniter->runController()
#6 /var/www/html/SIMRSHEBAT/system/CodeIgniter.php(368): CodeIgniter\CodeIgniter->handleRequest()
#7 /var/www/html/SIMRSHEBAT/index.php(67): CodeIgniter\CodeIgniter->run()
#8 {main}
WARNING - 2024-11-08 14:35:41 --> [DEPRECATED] Creation of dynamic property App\Controllers\Datasosial::$db is deprecated in APPPATH/Controllers/Api.php on line 8.
 1 SYSTEMPATH/CodeIgniter.php(906): App\Controllers\Api->__construct()
 2 SYSTEMPATH/CodeIgniter.php(490): CodeIgniter\CodeIgniter->createController()
 3 SYSTEMPATH/CodeIgniter.php(368): CodeIgniter\CodeIgniter->handleRequest(null, Object(Config\Cache), false)
 4 FCPATH/index.php(67): CodeIgniter\CodeIgniter->run()
WARNING - 2024-11-08 14:35:41 --> [DEPRECATED] Creation of dynamic property App\Controllers\Datasosial::$simrs is deprecated in APPPATH/Controllers/Api.php on line 9.
 1 SYSTEMPATH/CodeIgniter.php(906): App\Controllers\Api->__construct()
 2 SYSTEMPATH/CodeIgniter.php(490): CodeIgniter\CodeIgniter->createController()
 3 SYSTEMPATH/CodeIgniter.php(368): CodeIgniter\CodeIgniter->handleRequest(null, Object(Config\Cache), false)
 4 FCPATH/index.php(67): CodeIgniter\CodeIgniter->run()
WARNING - 2024-11-08 14:35:46 --> [DEPRECATED] Creation of dynamic property App\Controllers\Rekammedisirna::$db is deprecated in APPPATH/Controllers/Api.php on line 8.
 1 SYSTEMPATH/CodeIgniter.php(906): App\Controllers\Api->__construct()
 2 SYSTEMPATH/CodeIgniter.php(490): CodeIgniter\CodeIgniter->createController()
 3 SYSTEMPATH/CodeIgniter.php(368): CodeIgniter\CodeIgniter->handleRequest(null, Object(Config\Cache), false)
 4 FCPATH/index.php(67): CodeIgniter\CodeIgniter->run()
WARNING - 2024-11-08 14:35:46 --> [DEPRECATED] Creation of dynamic property App\Controllers\Rekammedisirna::$simrs is deprecated in APPPATH/Controllers/Api.php on line 9.
 1 SYSTEMPATH/CodeIgniter.php(906): App\Controllers\Api->__construct()
 2 SYSTEMPATH/CodeIgniter.php(490): CodeIgniter\CodeIgniter->createController()
 3 SYSTEMPATH/CodeIgniter.php(368): CodeIgniter\CodeIgniter->handleRequest(null, Object(Config\Cache), false)
 4 FCPATH/index.php(67): CodeIgniter\CodeIgniter->run()
WARNING - 2024-11-08 14:35:46 --> [DEPRECATED] Creation of dynamic property App\Controllers\Rekammedisirna::$db is deprecated in APPPATH/Controllers/Api.php on line 8.
 1 SYSTEMPATH/CodeIgniter.php(906): App\Controllers\Api->__construct()
 2 SYSTEMPATH/CodeIgniter.php(490): CodeIgniter\CodeIgniter->createController()
 3 SYSTEMPATH/CodeIgniter.php(368): CodeIgniter\CodeIgniter->handleRequest(null, Object(Config\Cache), false)
 4 FCPATH/index.php(67): CodeIgniter\CodeIgniter->run()
WARNING - 2024-11-08 14:35:46 --> [DEPRECATED] Creation of dynamic property App\Controllers\Rekammedisirna::$simrs is deprecated in APPPATH/Controllers/Api.php on line 9.
 1 SYSTEMPATH/CodeIgniter.php(906): App\Controllers\Api->__construct()
 2 SYSTEMPATH/CodeIgniter.php(490): CodeIgniter\CodeIgniter->createController()
 3 SYSTEMPATH/CodeIgniter.php(368): CodeIgniter\CodeIgniter->handleRequest(null, Object(Config\Cache), false)
 4 FCPATH/index.php(67): CodeIgniter\CodeIgniter->run()
CRITICAL - 2024-11-08 14:35:46 --> Undefined variable $rm
in APPPATH/Views/view/modal/rm_irna/EdukasiPasien.php on line 1539.
 1 APPPATH/Views/view/modal/rm_irna/EdukasiPasien.php(1539): CodeIgniter\Debug\Exceptions->errorHandler()
 2 SYSTEMPATH/View/View.php(213): include('APPPATH/Views/view/modal/rm_irna/EdukasiPasien.php')
 3 SYSTEMPATH/View/View.php(216): CodeIgniter\View\View->CodeIgniter\View\{closure}()
 4 SYSTEMPATH/Common.php(1184): CodeIgniter\View\View->render()
 5 APPPATH/Controllers/Rekammedisirna.php(7153): view()
 6 SYSTEMPATH/CodeIgniter.php(934): App\Controllers\Rekammedisirna->viewEdukasiPasien()
 7 SYSTEMPATH/CodeIgniter.php(499): CodeIgniter\CodeIgniter->runController()
 8 SYSTEMPATH/CodeIgniter.php(368): CodeIgniter\CodeIgniter->handleRequest()
 9 FCPATH/index.php(67): CodeIgniter\CodeIgniter->run()
ERROR - 2024-11-08 14:35:46 --> ErrorException: pg_query(): Query failed: ERROR:  relation &quot;edukasi&quot; does not exist
LINE 1: SELECT * FROM edukasi WHERE id_transaksi = '6-00-08-35' AND ...
                      ^ in /var/www/html/SIMRSHEBAT/system/Database/Postgre/Connection.php:147
Stack trace:
#0 [internal function]: CodeIgniter\Debug\Exceptions->errorHandler()
#1 /var/www/html/SIMRSHEBAT/system/Database/Postgre/Connection.php(147): pg_query()
#2 /var/www/html/SIMRSHEBAT/system/Database/BaseConnection.php(691): CodeIgniter\Database\Postgre\Connection->execute()
#3 /var/www/html/SIMRSHEBAT/system/Database/BaseConnection.php(605): CodeIgniter\Database\BaseConnection->simpleQuery()
#4 /var/www/html/SIMRSHEBAT/app/Controllers/Rekammedisirna.php(3013): CodeIgniter\Database\BaseConnection->query()
#5 /var/www/html/SIMRSHEBAT/system/CodeIgniter.php(934): App\Controllers\Rekammedisirna->load_edukasiirnautama()
#6 /var/www/html/SIMRSHEBAT/system/CodeIgniter.php(499): CodeIgniter\CodeIgniter->runController()
#7 /var/www/html/SIMRSHEBAT/system/CodeIgniter.php(368): CodeIgniter\CodeIgniter->handleRequest()
#8 /var/www/html/SIMRSHEBAT/index.php(67): CodeIgniter\CodeIgniter->run()
#9 {main}
ERROR - 2024-11-08 14:35:46 --> ErrorException: pg_query(): Query failed: ERROR:  relation &quot;detail_edukasi&quot; does not exist
LINE 1: SELECT * FROM detail_edukasi INNER JOIN pegawai USING (id_pe...
                      ^ in /var/www/html/SIMRSHEBAT/system/Database/Postgre/Connection.php:147
Stack trace:
#0 [internal function]: CodeIgniter\Debug\Exceptions->errorHandler()
#1 /var/www/html/SIMRSHEBAT/system/Database/Postgre/Connection.php(147): pg_query()
#2 /var/www/html/SIMRSHEBAT/system/Database/BaseConnection.php(691): CodeIgniter\Database\Postgre\Connection->execute()
#3 /var/www/html/SIMRSHEBAT/system/Database/BaseConnection.php(605): CodeIgniter\Database\BaseConnection->simpleQuery()
#4 /var/www/html/SIMRSHEBAT/app/Controllers/Rekammedisirna.php(3015): CodeIgniter\Database\BaseConnection->query()
#5 /var/www/html/SIMRSHEBAT/system/CodeIgniter.php(934): App\Controllers\Rekammedisirna->load_edukasiirnautama()
#6 /var/www/html/SIMRSHEBAT/system/CodeIgniter.php(499): CodeIgniter\CodeIgniter->runController()
#7 /var/www/html/SIMRSHEBAT/system/CodeIgniter.php(368): CodeIgniter\CodeIgniter->handleRequest()
#8 /var/www/html/SIMRSHEBAT/index.php(67): CodeIgniter\CodeIgniter->run()
#9 {main}
CRITICAL - 2024-11-08 14:35:46 --> Call to a member function getNumRows() on bool
in APPPATH/Controllers/Rekammedisirna.php on line 3018.
 1 SYSTEMPATH/CodeIgniter.php(934): App\Controllers\Rekammedisirna->load_edukasiirnautama()
 2 SYSTEMPATH/CodeIgniter.php(499): CodeIgniter\CodeIgniter->runController()
 3 SYSTEMPATH/CodeIgniter.php(368): CodeIgniter\CodeIgniter->handleRequest()
 4 FCPATH/index.php(67): CodeIgniter\CodeIgniter->run()
WARNING - 2024-11-08 14:36:40 --> [DEPRECATED] Creation of dynamic property App\Controllers\Laporan::$db is deprecated in APPPATH/Controllers/Api.php on line 8.
 1 SYSTEMPATH/CodeIgniter.php(906): App\Controllers\Api->__construct()
 2 SYSTEMPATH/CodeIgniter.php(490): CodeIgniter\CodeIgniter->createController()
 3 SYSTEMPATH/CodeIgniter.php(368): CodeIgniter\CodeIgniter->handleRequest(null, Object(Config\Cache), false)
 4 FCPATH/index.php(67): CodeIgniter\CodeIgniter->run()
WARNING - 2024-11-08 14:36:40 --> [DEPRECATED] Creation of dynamic property App\Controllers\Laporan::$simrs is deprecated in APPPATH/Controllers/Api.php on line 9.
 1 SYSTEMPATH/CodeIgniter.php(906): App\Controllers\Api->__construct()
 2 SYSTEMPATH/CodeIgniter.php(490): CodeIgniter\CodeIgniter->createController()
 3 SYSTEMPATH/CodeIgniter.php(368): CodeIgniter\CodeIgniter->handleRequest(null, Object(Config\Cache), false)
 4 FCPATH/index.php(67): CodeIgniter\CodeIgniter->run()
WARNING - 2024-11-08 14:36:41 --> [DEPRECATED] Creation of dynamic property App\Controllers\User::$db is deprecated in APPPATH/Controllers/Api.php on line 8.
 1 SYSTEMPATH/CodeIgniter.php(906): App\Controllers\Api->__construct()
 2 SYSTEMPATH/CodeIgniter.php(490): CodeIgniter\CodeIgniter->createController()
 3 SYSTEMPATH/CodeIgniter.php(368): CodeIgniter\CodeIgniter->handleRequest(null, Object(Config\Cache), false)
 4 FCPATH/index.php(67): CodeIgniter\CodeIgniter->run()
WARNING - 2024-11-08 14:36:41 --> [DEPRECATED] Creation of dynamic property App\Controllers\User::$simrs is deprecated in APPPATH/Controllers/Api.php on line 9.
 1 SYSTEMPATH/CodeIgniter.php(906): App\Controllers\Api->__construct()
 2 SYSTEMPATH/CodeIgniter.php(490): CodeIgniter\CodeIgniter->createController()
 3 SYSTEMPATH/CodeIgniter.php(368): CodeIgniter\CodeIgniter->handleRequest(null, Object(Config\Cache), false)
 4 FCPATH/index.php(67): CodeIgniter\CodeIgniter->run()
WARNING - 2024-11-08 14:36:46 --> [DEPRECATED] Creation of dynamic property App\Controllers\Rekammedisirna::$db is deprecated in APPPATH/Controllers/Api.php on line 8.
 1 SYSTEMPATH/CodeIgniter.php(906): App\Controllers\Api->__construct()
 2 SYSTEMPATH/CodeIgniter.php(490): CodeIgniter\CodeIgniter->createController()
 3 SYSTEMPATH/CodeIgniter.php(368): CodeIgniter\CodeIgniter->handleRequest(null, Object(Config\Cache), false)
 4 FCPATH/index.php(67): CodeIgniter\CodeIgniter->run()
WARNING - 2024-11-08 14:36:46 --> [DEPRECATED] Creation of dynamic property App\Controllers\Rekammedisirna::$simrs is deprecated in APPPATH/Controllers/Api.php on line 9.
 1 SYSTEMPATH/CodeIgniter.php(906): App\Controllers\Api->__construct()
 2 SYSTEMPATH/CodeIgniter.php(490): CodeIgniter\CodeIgniter->createController()
 3 SYSTEMPATH/CodeIgniter.php(368): CodeIgniter\CodeIgniter->handleRequest(null, Object(Config\Cache), false)
 4 FCPATH/index.php(67): CodeIgniter\CodeIgniter->run()
WARNING - 2024-11-08 14:36:46 --> [DEPRECATED] Creation of dynamic property App\Controllers\Rekammedisirna::$db is deprecated in APPPATH/Controllers/Api.php on line 8.
 1 SYSTEMPATH/CodeIgniter.php(906): App\Controllers\Api->__construct()
 2 SYSTEMPATH/CodeIgniter.php(490): CodeIgniter\CodeIgniter->createController()
 3 SYSTEMPATH/CodeIgniter.php(368): CodeIgniter\CodeIgniter->handleRequest(null, Object(Config\Cache), false)
 4 FCPATH/index.php(67): CodeIgniter\CodeIgniter->run()
WARNING - 2024-11-08 14:36:46 --> [DEPRECATED] Creation of dynamic property App\Controllers\Rekammedisirna::$simrs is deprecated in APPPATH/Controllers/Api.php on line 9.
 1 SYSTEMPATH/CodeIgniter.php(906): App\Controllers\Api->__construct()
 2 SYSTEMPATH/CodeIgniter.php(490): CodeIgniter\CodeIgniter->createController()
 3 SYSTEMPATH/CodeIgniter.php(368): CodeIgniter\CodeIgniter->handleRequest(null, Object(Config\Cache), false)
 4 FCPATH/index.php(67): CodeIgniter\CodeIgniter->run()
WARNING - 2024-11-08 14:36:46 --> [DEPRECATED] Creation of dynamic property App\Controllers\Rekammedisirna::$db is deprecated in APPPATH/Controllers/Api.php on line 8.
 1 SYSTEMPATH/CodeIgniter.php(906): App\Controllers\Api->__construct()
 2 SYSTEMPATH/CodeIgniter.php(490): CodeIgniter\CodeIgniter->createController()
 3 SYSTEMPATH/CodeIgniter.php(368): CodeIgniter\CodeIgniter->handleRequest(null, Object(Config\Cache), false)
 4 FCPATH/index.php(67): CodeIgniter\CodeIgniter->run()
WARNING - 2024-11-08 14:36:46 --> [DEPRECATED] Creation of dynamic property App\Controllers\Rekammedisirna::$simrs is deprecated in APPPATH/Controllers/Api.php on line 9.
 1 SYSTEMPATH/CodeIgniter.php(906): App\Controllers\Api->__construct()
 2 SYSTEMPATH/CodeIgniter.php(490): CodeIgniter\CodeIgniter->createController()
 3 SYSTEMPATH/CodeIgniter.php(368): CodeIgniter\CodeIgniter->handleRequest(null, Object(Config\Cache), false)
 4 FCPATH/index.php(67): CodeIgniter\CodeIgniter->run()
WARNING - 2024-11-08 14:36:47 --> [DEPRECATED] Creation of dynamic property App\Controllers\Rekammedisirja::$db is deprecated in APPPATH/Controllers/Api.php on line 8.
 1 SYSTEMPATH/CodeIgniter.php(906): App\Controllers\Api->__construct()
 2 SYSTEMPATH/CodeIgniter.php(490): CodeIgniter\CodeIgniter->createController()
 3 SYSTEMPATH/CodeIgniter.php(368): CodeIgniter\CodeIgniter->handleRequest(null, Object(Config\Cache), false)
 4 FCPATH/index.php(67): CodeIgniter\CodeIgniter->run()
WARNING - 2024-11-08 14:36:47 --> [DEPRECATED] Creation of dynamic property App\Controllers\Rekammedisirja::$db is deprecated in APPPATH/Controllers/Api.php on line 8.
 1 SYSTEMPATH/CodeIgniter.php(906): App\Controllers\Api->__construct()
 2 SYSTEMPATH/CodeIgniter.php(490): CodeIgniter\CodeIgniter->createController()
 3 SYSTEMPATH/CodeIgniter.php(368): CodeIgniter\CodeIgniter->handleRequest(null, Object(Config\Cache), false)
 4 FCPATH/index.php(67): CodeIgniter\CodeIgniter->run()
WARNING - 2024-11-08 14:36:47 --> [DEPRECATED] Creation of dynamic property App\Controllers\Rawatjalan::$db is deprecated in APPPATH/Controllers/Api.php on line 8.
 1 SYSTEMPATH/CodeIgniter.php(906): App\Controllers\Api->__construct()
 2 SYSTEMPATH/CodeIgniter.php(490): CodeIgniter\CodeIgniter->createController()
 3 SYSTEMPATH/CodeIgniter.php(368): CodeIgniter\CodeIgniter->handleRequest(null, Object(Config\Cache), false)
 4 FCPATH/index.php(67): CodeIgniter\CodeIgniter->run()
WARNING - 2024-11-08 14:36:47 --> [DEPRECATED] Creation of dynamic property App\Controllers\Rekammedisirja::$simrs is deprecated in APPPATH/Controllers/Api.php on line 9.
 1 SYSTEMPATH/CodeIgniter.php(906): App\Controllers\Api->__construct()
 2 SYSTEMPATH/CodeIgniter.php(490): CodeIgniter\CodeIgniter->createController()
 3 SYSTEMPATH/CodeIgniter.php(368): CodeIgniter\CodeIgniter->handleRequest(null, Object(Config\Cache), false)
 4 FCPATH/index.php(67): CodeIgniter\CodeIgniter->run()
WARNING - 2024-11-08 14:36:47 --> [DEPRECATED] Creation of dynamic property App\Controllers\Rekammedisirja::$simrs is deprecated in APPPATH/Controllers/Api.php on line 9.
 1 SYSTEMPATH/CodeIgniter.php(906): App\Controllers\Api->__construct()
 2 SYSTEMPATH/CodeIgniter.php(490): CodeIgniter\CodeIgniter->createController()
 3 SYSTEMPATH/CodeIgniter.php(368): CodeIgniter\CodeIgniter->handleRequest(null, Object(Config\Cache), false)
 4 FCPATH/index.php(67): CodeIgniter\CodeIgniter->run()
WARNING - 2024-11-08 14:36:47 --> [DEPRECATED] Creation of dynamic property App\Controllers\Rawatjalan::$simrs is deprecated in APPPATH/Controllers/Api.php on line 9.
 1 SYSTEMPATH/CodeIgniter.php(906): App\Controllers\Api->__construct()
 2 SYSTEMPATH/CodeIgniter.php(490): CodeIgniter\CodeIgniter->createController()
 3 SYSTEMPATH/CodeIgniter.php(368): CodeIgniter\CodeIgniter->handleRequest(null, Object(Config\Cache), false)
 4 FCPATH/index.php(67): CodeIgniter\CodeIgniter->run()
ERROR - 2024-11-08 14:36:47 --> ErrorException: pg_query(): Query failed: ERROR:  column &quot;jenis_pegawai&quot; does not exist
LINE 1: SELECT * FROM pegawai where jenis_pegawai='1'
                                    ^ in /var/www/html/SIMRSHEBAT/system/Database/Postgre/Connection.php:147
Stack trace:
#0 [internal function]: CodeIgniter\Debug\Exceptions->errorHandler()
#1 /var/www/html/SIMRSHEBAT/system/Database/Postgre/Connection.php(147): pg_query()
#2 /var/www/html/SIMRSHEBAT/system/Database/BaseConnection.php(691): CodeIgniter\Database\Postgre\Connection->execute()
#3 /var/www/html/SIMRSHEBAT/system/Database/BaseConnection.php(605): CodeIgniter\Database\BaseConnection->simpleQuery()
#4 /var/www/html/SIMRSHEBAT/app/Controllers/Rawatjalan.php(32): CodeIgniter\Database\BaseConnection->query()
#5 /var/www/html/SIMRSHEBAT/system/CodeIgniter.php(934): App\Controllers\Rawatjalan->pegawai()
#6 /var/www/html/SIMRSHEBAT/system/CodeIgniter.php(499): CodeIgniter\CodeIgniter->runController()
#7 /var/www/html/SIMRSHEBAT/system/CodeIgniter.php(368): CodeIgniter\CodeIgniter->handleRequest()
#8 /var/www/html/SIMRSHEBAT/index.php(67): CodeIgniter\CodeIgniter->run()
#9 {main}
ERROR - 2024-11-08 14:36:47 --> ErrorException: pg_query(): Query failed: ERROR:  column &quot;id_penyakit&quot; specified in USING clause does not exist in left table in /var/www/html/SIMRSHEBAT/system/Database/Postgre/Connection.php:147
Stack trace:
#0 [internal function]: CodeIgniter\Debug\Exceptions->errorHandler()
#1 /var/www/html/SIMRSHEBAT/system/Database/Postgre/Connection.php(147): pg_query()
#2 /var/www/html/SIMRSHEBAT/system/Database/BaseConnection.php(691): CodeIgniter\Database\Postgre\Connection->execute()
#3 /var/www/html/SIMRSHEBAT/app/Controllers/Rekammedisirja.php(453): CodeIgniter\Database\BaseConnection->simpleQuery()
#4 /var/www/html/SIMRSHEBAT/system/CodeIgniter.php(934): App\Controllers\Rekammedisirja->datamrpenyakitirja()
#5 /var/www/html/SIMRSHEBAT/system/CodeIgniter.php(499): CodeIgniter\CodeIgniter->runController()
#6 /var/www/html/SIMRSHEBAT/system/CodeIgniter.php(368): CodeIgniter\CodeIgniter->handleRequest()
#7 /var/www/html/SIMRSHEBAT/index.php(67): CodeIgniter\CodeIgniter->run()
#8 {main}
CRITICAL - 2024-11-08 14:36:47 --> Call to a member function getResult() on bool
in APPPATH/Controllers/Rawatjalan.php on line 35.
 1 SYSTEMPATH/CodeIgniter.php(934): App\Controllers\Rawatjalan->pegawai()
 2 SYSTEMPATH/CodeIgniter.php(499): CodeIgniter\CodeIgniter->runController()
 3 SYSTEMPATH/CodeIgniter.php(368): CodeIgniter\CodeIgniter->handleRequest()
 4 FCPATH/index.php(67): CodeIgniter\CodeIgniter->run()
ERROR - 2024-11-08 14:36:47 --> ErrorException: pg_query(): Query failed: ERROR:  column &quot;id_kunjungan&quot; does not exist
LINE 2: ...mr_tindakan inner join icd_9 USING(kd_icd9) where id_kunjung...
                                                             ^ in /var/www/html/SIMRSHEBAT/system/Database/Postgre/Connection.php:147
Stack trace:
#0 [internal function]: CodeIgniter\Debug\Exceptions->errorHandler()
#1 /var/www/html/SIMRSHEBAT/system/Database/Postgre/Connection.php(147): pg_query()
#2 /var/www/html/SIMRSHEBAT/system/Database/BaseConnection.php(691): CodeIgniter\Database\Postgre\Connection->execute()
#3 /var/www/html/SIMRSHEBAT/app/Controllers/Rekammedisirja.php(411): CodeIgniter\Database\BaseConnection->simpleQuery()
#4 /var/www/html/SIMRSHEBAT/system/CodeIgniter.php(934): App\Controllers\Rekammedisirja->datamricd9irja()
#5 /var/www/html/SIMRSHEBAT/system/CodeIgniter.php(499): CodeIgniter\CodeIgniter->runController()
#6 /var/www/html/SIMRSHEBAT/system/CodeIgniter.php(368): CodeIgniter\CodeIgniter->handleRequest()
#7 /var/www/html/SIMRSHEBAT/index.php(67): CodeIgniter\CodeIgniter->run()
#8 {main}
WARNING - 2024-11-08 14:36:47 --> [DEPRECATED] Creation of dynamic property App\Controllers\Lab::$db is deprecated in APPPATH/Controllers/Api.php on line 8.
 1 SYSTEMPATH/CodeIgniter.php(906): App\Controllers\Api->__construct()
 2 SYSTEMPATH/CodeIgniter.php(490): CodeIgniter\CodeIgniter->createController()
 3 SYSTEMPATH/CodeIgniter.php(368): CodeIgniter\CodeIgniter->handleRequest(null, Object(Config\Cache), false)
 4 FCPATH/index.php(67): CodeIgniter\CodeIgniter->run()
WARNING - 2024-11-08 14:36:47 --> [DEPRECATED] Creation of dynamic property App\Controllers\Lab::$simrs is deprecated in APPPATH/Controllers/Api.php on line 9.
 1 SYSTEMPATH/CodeIgniter.php(906): App\Controllers\Api->__construct()
 2 SYSTEMPATH/CodeIgniter.php(490): CodeIgniter\CodeIgniter->createController()
 3 SYSTEMPATH/CodeIgniter.php(368): CodeIgniter\CodeIgniter->handleRequest(null, Object(Config\Cache), false)
 4 FCPATH/index.php(67): CodeIgniter\CodeIgniter->run()
WARNING - 2024-11-08 14:36:47 --> [DEPRECATED] Creation of dynamic property App\Controllers\Lab::$db is deprecated in APPPATH/Controllers/Api.php on line 8.
 1 SYSTEMPATH/CodeIgniter.php(906): App\Controllers\Api->__construct()
 2 SYSTEMPATH/CodeIgniter.php(490): CodeIgniter\CodeIgniter->createController()
 3 SYSTEMPATH/CodeIgniter.php(368): CodeIgniter\CodeIgniter->handleRequest(null, Object(Config\Cache), false)
 4 FCPATH/index.php(67): CodeIgniter\CodeIgniter->run()
WARNING - 2024-11-08 14:36:47 --> [DEPRECATED] Creation of dynamic property App\Controllers\Lab::$db is deprecated in APPPATH/Controllers/Api.php on line 8.
 1 SYSTEMPATH/CodeIgniter.php(906): App\Controllers\Api->__construct()
 2 SYSTEMPATH/CodeIgniter.php(490): CodeIgniter\CodeIgniter->createController()
 3 SYSTEMPATH/CodeIgniter.php(368): CodeIgniter\CodeIgniter->handleRequest(null, Object(Config\Cache), false)
 4 FCPATH/index.php(67): CodeIgniter\CodeIgniter->run()
WARNING - 2024-11-08 14:36:47 --> [DEPRECATED] Creation of dynamic property App\Controllers\Lab::$simrs is deprecated in APPPATH/Controllers/Api.php on line 9.
 1 SYSTEMPATH/CodeIgniter.php(906): App\Controllers\Api->__construct()
 2 SYSTEMPATH/CodeIgniter.php(490): CodeIgniter\CodeIgniter->createController()
 3 SYSTEMPATH/CodeIgniter.php(368): CodeIgniter\CodeIgniter->handleRequest(null, Object(Config\Cache), false)
 4 FCPATH/index.php(67): CodeIgniter\CodeIgniter->run()
WARNING - 2024-11-08 14:36:47 --> [DEPRECATED] Creation of dynamic property App\Controllers\Lab::$simrs is deprecated in APPPATH/Controllers/Api.php on line 9.
 1 SYSTEMPATH/CodeIgniter.php(906): App\Controllers\Api->__construct()
 2 SYSTEMPATH/CodeIgniter.php(490): CodeIgniter\CodeIgniter->createController()
 3 SYSTEMPATH/CodeIgniter.php(368): CodeIgniter\CodeIgniter->handleRequest(null, Object(Config\Cache), false)
 4 FCPATH/index.php(67): CodeIgniter\CodeIgniter->run()
ERROR - 2024-11-08 14:36:47 --> ErrorException: pg_query(): Query failed: ERROR:  column &quot;id_jenis_produk&quot; does not exist
LINE 1: SELECT * from produk WHERE id_jenis_produk='3' 
                                   ^ in /var/www/html/SIMRSHEBAT/system/Database/Postgre/Connection.php:147
Stack trace:
#0 [internal function]: CodeIgniter\Debug\Exceptions->errorHandler()
#1 /var/www/html/SIMRSHEBAT/system/Database/Postgre/Connection.php(147): pg_query()
#2 /var/www/html/SIMRSHEBAT/system/Database/BaseConnection.php(691): CodeIgniter\Database\Postgre\Connection->execute()
#3 /var/www/html/SIMRSHEBAT/system/Database/BaseConnection.php(605): CodeIgniter\Database\BaseConnection->simpleQuery()
#4 /var/www/html/SIMRSHEBAT/app/Controllers/Lab.php(447): CodeIgniter\Database\BaseConnection->query()
#5 /var/www/html/SIMRSHEBAT/system/CodeIgniter.php(934): App\Controllers\Lab->produk()
#6 /var/www/html/SIMRSHEBAT/system/CodeIgniter.php(499): CodeIgniter\CodeIgniter->runController()
#7 /var/www/html/SIMRSHEBAT/system/CodeIgniter.php(368): CodeIgniter\CodeIgniter->handleRequest()
#8 /var/www/html/SIMRSHEBAT/index.php(67): CodeIgniter\CodeIgniter->run()
#9 {main}
CRITICAL - 2024-11-08 14:36:47 --> Call to a member function getResult() on bool
in APPPATH/Controllers/Lab.php on line 447.
 1 SYSTEMPATH/CodeIgniter.php(934): App\Controllers\Lab->produk()
 2 SYSTEMPATH/CodeIgniter.php(499): CodeIgniter\CodeIgniter->runController()
 3 SYSTEMPATH/CodeIgniter.php(368): CodeIgniter\CodeIgniter->handleRequest()
 4 FCPATH/index.php(67): CodeIgniter\CodeIgniter->run()
ERROR - 2024-11-08 14:36:47 --> ErrorException: pg_query(): Query failed: ERROR:  function left(integer, integer) does not exist
LINE 1: SELECT * from produk WHERE left(kd_produk,2)='CT' 
                                   ^
HINT:  No function matches the given name and argument types. You might need to add explicit type casts. in /var/www/html/SIMRSHEBAT/system/Database/Postgre/Connection.php:147
Stack trace:
#0 [internal function]: CodeIgniter\Debug\Exceptions->errorHandler()
#1 /var/www/html/SIMRSHEBAT/system/Database/Postgre/Connection.php(147): pg_query()
#2 /var/www/html/SIMRSHEBAT/system/Database/BaseConnection.php(691): CodeIgniter\Database\Postgre\Connection->execute()
#3 /var/www/html/SIMRSHEBAT/system/Database/BaseConnection.php(605): CodeIgniter\Database\BaseConnection->simpleQuery()
#4 /var/www/html/SIMRSHEBAT/app/Controllers/Lab.php(465): CodeIgniter\Database\BaseConnection->query()
#5 /var/www/html/SIMRSHEBAT/system/CodeIgniter.php(934): App\Controllers\Lab->produkRad()
#6 /var/www/html/SIMRSHEBAT/system/CodeIgniter.php(499): CodeIgniter\CodeIgniter->runController()
#7 /var/www/html/SIMRSHEBAT/system/CodeIgniter.php(368): CodeIgniter\CodeIgniter->handleRequest()
#8 /var/www/html/SIMRSHEBAT/index.php(67): CodeIgniter\CodeIgniter->run()
#9 {main}
ERROR - 2024-11-08 14:36:47 --> ErrorException: pg_query(): Query failed: ERROR:  function left(integer, integer) does not exist
LINE 1: SELECT * from produk WHERE left(kd_produk,2)='XR' 
                                   ^
HINT:  No function matches the given name and argument types. You might need to add explicit type casts. in /var/www/html/SIMRSHEBAT/system/Database/Postgre/Connection.php:147
Stack trace:
#0 [internal function]: CodeIgniter\Debug\Exceptions->errorHandler()
#1 /var/www/html/SIMRSHEBAT/system/Database/Postgre/Connection.php(147): pg_query()
#2 /var/www/html/SIMRSHEBAT/system/Database/BaseConnection.php(691): CodeIgniter\Database\Postgre\Connection->execute()
#3 /var/www/html/SIMRSHEBAT/system/Database/BaseConnection.php(605): CodeIgniter\Database\BaseConnection->simpleQuery()
#4 /var/www/html/SIMRSHEBAT/app/Controllers/Lab.php(465): CodeIgniter\Database\BaseConnection->query()
#5 /var/www/html/SIMRSHEBAT/system/CodeIgniter.php(934): App\Controllers\Lab->produkRad()
#6 /var/www/html/SIMRSHEBAT/system/CodeIgniter.php(499): CodeIgniter\CodeIgniter->runController()
#7 /var/www/html/SIMRSHEBAT/system/CodeIgniter.php(368): CodeIgniter\CodeIgniter->handleRequest()
#8 /var/www/html/SIMRSHEBAT/index.php(67): CodeIgniter\CodeIgniter->run()
#9 {main}
CRITICAL - 2024-11-08 14:36:47 --> Call to a member function getResult() on bool
in APPPATH/Controllers/Lab.php on line 465.
 1 SYSTEMPATH/CodeIgniter.php(934): App\Controllers\Lab->produkRad()
 2 SYSTEMPATH/CodeIgniter.php(499): CodeIgniter\CodeIgniter->runController()
 3 SYSTEMPATH/CodeIgniter.php(368): CodeIgniter\CodeIgniter->handleRequest()
 4 FCPATH/index.php(67): CodeIgniter\CodeIgniter->run()
CRITICAL - 2024-11-08 14:36:47 --> Call to a member function getResult() on bool
in APPPATH/Controllers/Lab.php on line 465.
 1 SYSTEMPATH/CodeIgniter.php(934): App\Controllers\Lab->produkRad()
 2 SYSTEMPATH/CodeIgniter.php(499): CodeIgniter\CodeIgniter->runController()
 3 SYSTEMPATH/CodeIgniter.php(368): CodeIgniter\CodeIgniter->handleRequest()
 4 FCPATH/index.php(67): CodeIgniter\CodeIgniter->run()
WARNING - 2024-11-08 14:36:47 --> [DEPRECATED] Creation of dynamic property App\Controllers\Lab::$db is deprecated in APPPATH/Controllers/Api.php on line 8.
 1 SYSTEMPATH/CodeIgniter.php(906): App\Controllers\Api->__construct()
 2 SYSTEMPATH/CodeIgniter.php(490): CodeIgniter\CodeIgniter->createController()
 3 SYSTEMPATH/CodeIgniter.php(368): CodeIgniter\CodeIgniter->handleRequest(null, Object(Config\Cache), false)
 4 FCPATH/index.php(67): CodeIgniter\CodeIgniter->run()
WARNING - 2024-11-08 14:36:47 --> [DEPRECATED] Creation of dynamic property App\Controllers\Lab::$simrs is deprecated in APPPATH/Controllers/Api.php on line 9.
 1 SYSTEMPATH/CodeIgniter.php(906): App\Controllers\Api->__construct()
 2 SYSTEMPATH/CodeIgniter.php(490): CodeIgniter\CodeIgniter->createController()
 3 SYSTEMPATH/CodeIgniter.php(368): CodeIgniter\CodeIgniter->handleRequest(null, Object(Config\Cache), false)
 4 FCPATH/index.php(67): CodeIgniter\CodeIgniter->run()
WARNING - 2024-11-08 14:36:47 --> [DEPRECATED] Creation of dynamic property App\Controllers\Rekammedisirna::$db is deprecated in APPPATH/Controllers/Api.php on line 8.
 1 SYSTEMPATH/CodeIgniter.php(906): App\Controllers\Api->__construct()
 2 SYSTEMPATH/CodeIgniter.php(490): CodeIgniter\CodeIgniter->createController()
 3 SYSTEMPATH/CodeIgniter.php(368): CodeIgniter\CodeIgniter->handleRequest(null, Object(Config\Cache), false)
 4 FCPATH/index.php(67): CodeIgniter\CodeIgniter->run()
WARNING - 2024-11-08 14:36:47 --> [DEPRECATED] Creation of dynamic property App\Controllers\Rekammedisirna::$simrs is deprecated in APPPATH/Controllers/Api.php on line 9.
 1 SYSTEMPATH/CodeIgniter.php(906): App\Controllers\Api->__construct()
 2 SYSTEMPATH/CodeIgniter.php(490): CodeIgniter\CodeIgniter->createController()
 3 SYSTEMPATH/CodeIgniter.php(368): CodeIgniter\CodeIgniter->handleRequest(null, Object(Config\Cache), false)
 4 FCPATH/index.php(67): CodeIgniter\CodeIgniter->run()
ERROR - 2024-11-08 14:36:47 --> ErrorException: pg_query(): Query failed: ERROR:  function left(integer, integer) does not exist
LINE 1: SELECT * from produk WHERE left(kd_produk,2)='UR' 
                                   ^
HINT:  No function matches the given name and argument types. You might need to add explicit type casts. in /var/www/html/SIMRSHEBAT/system/Database/Postgre/Connection.php:147
Stack trace:
#0 [internal function]: CodeIgniter\Debug\Exceptions->errorHandler()
#1 /var/www/html/SIMRSHEBAT/system/Database/Postgre/Connection.php(147): pg_query()
#2 /var/www/html/SIMRSHEBAT/system/Database/BaseConnection.php(691): CodeIgniter\Database\Postgre\Connection->execute()
#3 /var/www/html/SIMRSHEBAT/system/Database/BaseConnection.php(605): CodeIgniter\Database\BaseConnection->simpleQuery()
#4 /var/www/html/SIMRSHEBAT/app/Controllers/Lab.php(465): CodeIgniter\Database\BaseConnection->query()
#5 /var/www/html/SIMRSHEBAT/system/CodeIgniter.php(934): App\Controllers\Lab->produkRad()
#6 /var/www/html/SIMRSHEBAT/system/CodeIgniter.php(499): CodeIgniter\CodeIgniter->runController()
#7 /var/www/html/SIMRSHEBAT/system/CodeIgniter.php(368): CodeIgniter\CodeIgniter->handleRequest()
#8 /var/www/html/SIMRSHEBAT/index.php(67): CodeIgniter\CodeIgniter->run()
#9 {main}
CRITICAL - 2024-11-08 14:36:47 --> Call to a member function getResult() on bool
in APPPATH/Controllers/Lab.php on line 465.
 1 SYSTEMPATH/CodeIgniter.php(934): App\Controllers\Lab->produkRad()
 2 SYSTEMPATH/CodeIgniter.php(499): CodeIgniter\CodeIgniter->runController()
 3 SYSTEMPATH/CodeIgniter.php(368): CodeIgniter\CodeIgniter->handleRequest()
 4 FCPATH/index.php(67): CodeIgniter\CodeIgniter->run()
WARNING - 2024-11-08 14:36:47 --> [DEPRECATED] Creation of dynamic property App\Controllers\Kunjungan::$db is deprecated in APPPATH/Controllers/Api.php on line 8.
 1 SYSTEMPATH/CodeIgniter.php(906): App\Controllers\Api->__construct()
 2 SYSTEMPATH/CodeIgniter.php(490): CodeIgniter\CodeIgniter->createController()
 3 SYSTEMPATH/CodeIgniter.php(368): CodeIgniter\CodeIgniter->handleRequest(null, Object(Config\Cache), false)
 4 FCPATH/index.php(67): CodeIgniter\CodeIgniter->run()
ERROR - 2024-11-08 14:36:47 --> ErrorException: pg_query(): Query failed: ERROR:  relation &quot;order_lab&quot; does not exist
LINE 2:         order_lab o inner join
                ^ in /var/www/html/SIMRSHEBAT/system/Database/Postgre/Connection.php:147
Stack trace:
#0 [internal function]: CodeIgniter\Debug\Exceptions->errorHandler()
#1 /var/www/html/SIMRSHEBAT/system/Database/Postgre/Connection.php(147): pg_query()
#2 /var/www/html/SIMRSHEBAT/system/Database/BaseConnection.php(691): CodeIgniter\Database\Postgre\Connection->execute()
#3 /var/www/html/SIMRSHEBAT/app/Controllers/Rekammedisirna.php(823): CodeIgniter\Database\BaseConnection->simpleQuery()
#4 /var/www/html/SIMRSHEBAT/system/CodeIgniter.php(934): App\Controllers\Rekammedisirna->datapenunjangpasienirna()
#5 /var/www/html/SIMRSHEBAT/system/CodeIgniter.php(499): CodeIgniter\CodeIgniter->runController()
#6 /var/www/html/SIMRSHEBAT/system/CodeIgniter.php(368): CodeIgniter\CodeIgniter->handleRequest()
#7 /var/www/html/SIMRSHEBAT/index.php(67): CodeIgniter\CodeIgniter->run()
#8 {main}
WARNING - 2024-11-08 14:36:47 --> [DEPRECATED] Creation of dynamic property App\Controllers\Kunjungan::$simrs is deprecated in APPPATH/Controllers/Api.php on line 9.
 1 SYSTEMPATH/CodeIgniter.php(906): App\Controllers\Api->__construct()
 2 SYSTEMPATH/CodeIgniter.php(490): CodeIgniter\CodeIgniter->createController()
 3 SYSTEMPATH/CodeIgniter.php(368): CodeIgniter\CodeIgniter->handleRequest(null, Object(Config\Cache), false)
 4 FCPATH/index.php(67): CodeIgniter\CodeIgniter->run()
ERROR - 2024-11-08 14:36:47 --> ErrorException: pg_query(): Query failed: ERROR:  column &quot;id_penyakit&quot; specified in USING clause does not exist in left table in /var/www/html/SIMRSHEBAT/system/Database/Postgre/Connection.php:147
Stack trace:
#0 [internal function]: CodeIgniter\Debug\Exceptions->errorHandler()
#1 /var/www/html/SIMRSHEBAT/system/Database/Postgre/Connection.php(147): pg_query()
#2 /var/www/html/SIMRSHEBAT/system/Database/BaseConnection.php(691): CodeIgniter\Database\Postgre\Connection->execute()
#3 /var/www/html/SIMRSHEBAT/app/Controllers/Kunjungan.php(585): CodeIgniter\Database\BaseConnection->simpleQuery()
#4 /var/www/html/SIMRSHEBAT/system/CodeIgniter.php(934): App\Controllers\Kunjungan->historipenyakit()
#5 /var/www/html/SIMRSHEBAT/system/CodeIgniter.php(499): CodeIgniter\CodeIgniter->runController()
#6 /var/www/html/SIMRSHEBAT/system/CodeIgniter.php(368): CodeIgniter\CodeIgniter->handleRequest()
#7 /var/www/html/SIMRSHEBAT/index.php(67): CodeIgniter\CodeIgniter->run()
#8 {main}
WARNING - 2024-11-08 14:36:47 --> [DEPRECATED] Creation of dynamic property App\Controllers\Kunjungan::$db is deprecated in APPPATH/Controllers/Api.php on line 8.
 1 SYSTEMPATH/CodeIgniter.php(906): App\Controllers\Api->__construct()
 2 SYSTEMPATH/CodeIgniter.php(490): CodeIgniter\CodeIgniter->createController()
 3 SYSTEMPATH/CodeIgniter.php(368): CodeIgniter\CodeIgniter->handleRequest(null, Object(Config\Cache), false)
 4 FCPATH/index.php(67): CodeIgniter\CodeIgniter->run()
WARNING - 2024-11-08 14:36:47 --> [DEPRECATED] Creation of dynamic property App\Controllers\Kunjungan::$simrs is deprecated in APPPATH/Controllers/Api.php on line 9.
 1 SYSTEMPATH/CodeIgniter.php(906): App\Controllers\Api->__construct()
 2 SYSTEMPATH/CodeIgniter.php(490): CodeIgniter\CodeIgniter->createController()
 3 SYSTEMPATH/CodeIgniter.php(368): CodeIgniter\CodeIgniter->handleRequest(null, Object(Config\Cache), false)
 4 FCPATH/index.php(67): CodeIgniter\CodeIgniter->run()
WARNING - 2024-11-08 14:36:47 --> [DEPRECATED] Creation of dynamic property App\Controllers\Kunjungan::$db is deprecated in APPPATH/Controllers/Api.php on line 8.
 1 SYSTEMPATH/CodeIgniter.php(906): App\Controllers\Api->__construct()
 2 SYSTEMPATH/CodeIgniter.php(490): CodeIgniter\CodeIgniter->createController()
 3 SYSTEMPATH/CodeIgniter.php(368): CodeIgniter\CodeIgniter->handleRequest(null, Object(Config\Cache), false)
 4 FCPATH/index.php(67): CodeIgniter\CodeIgniter->run()
WARNING - 2024-11-08 14:36:47 --> [DEPRECATED] Creation of dynamic property App\Controllers\Kunjungan::$simrs is deprecated in APPPATH/Controllers/Api.php on line 9.
 1 SYSTEMPATH/CodeIgniter.php(906): App\Controllers\Api->__construct()
 2 SYSTEMPATH/CodeIgniter.php(490): CodeIgniter\CodeIgniter->createController()
 3 SYSTEMPATH/CodeIgniter.php(368): CodeIgniter\CodeIgniter->handleRequest(null, Object(Config\Cache), false)
 4 FCPATH/index.php(67): CodeIgniter\CodeIgniter->run()
ERROR - 2024-11-08 14:36:47 --> ErrorException: pg_query(): Query failed: ERROR:  relation &quot;alergi&quot; does not exist
LINE 1: SELECT * from alergi where no_rm='6-00-08-35' 
                      ^ in /var/www/html/SIMRSHEBAT/system/Database/Postgre/Connection.php:147
Stack trace:
#0 [internal function]: CodeIgniter\Debug\Exceptions->errorHandler()
#1 /var/www/html/SIMRSHEBAT/system/Database/Postgre/Connection.php(147): pg_query()
#2 /var/www/html/SIMRSHEBAT/system/Database/BaseConnection.php(691): CodeIgniter\Database\Postgre\Connection->execute()
#3 /var/www/html/SIMRSHEBAT/app/Controllers/Kunjungan.php(632): CodeIgniter\Database\BaseConnection->simpleQuery()
#4 /var/www/html/SIMRSHEBAT/system/CodeIgniter.php(934): App\Controllers\Kunjungan->historialergi()
#5 /var/www/html/SIMRSHEBAT/system/CodeIgniter.php(499): CodeIgniter\CodeIgniter->runController()
#6 /var/www/html/SIMRSHEBAT/system/CodeIgniter.php(368): CodeIgniter\CodeIgniter->handleRequest()
#7 /var/www/html/SIMRSHEBAT/index.php(67): CodeIgniter\CodeIgniter->run()
#8 {main}
WARNING - 2024-11-08 14:36:47 --> [DEPRECATED] Creation of dynamic property App\Controllers\Datasosial::$db is deprecated in APPPATH/Controllers/Api.php on line 8.
 1 SYSTEMPATH/CodeIgniter.php(906): App\Controllers\Api->__construct()
 2 SYSTEMPATH/CodeIgniter.php(490): CodeIgniter\CodeIgniter->createController()
 3 SYSTEMPATH/CodeIgniter.php(368): CodeIgniter\CodeIgniter->handleRequest(null, Object(Config\Cache), false)
 4 FCPATH/index.php(67): CodeIgniter\CodeIgniter->run()
WARNING - 2024-11-08 14:36:47 --> [DEPRECATED] Creation of dynamic property App\Controllers\Datasosial::$simrs is deprecated in APPPATH/Controllers/Api.php on line 9.
 1 SYSTEMPATH/CodeIgniter.php(906): App\Controllers\Api->__construct()
 2 SYSTEMPATH/CodeIgniter.php(490): CodeIgniter\CodeIgniter->createController()
 3 SYSTEMPATH/CodeIgniter.php(368): CodeIgniter\CodeIgniter->handleRequest(null, Object(Config\Cache), false)
 4 FCPATH/index.php(67): CodeIgniter\CodeIgniter->run()
ERROR - 2024-11-08 14:36:47 --> ErrorException: pg_query(): Query failed: ERROR:  column &quot;id_penyakit&quot; specified in USING clause does not exist in left table in /var/www/html/SIMRSHEBAT/system/Database/Postgre/Connection.php:147
Stack trace:
#0 [internal function]: CodeIgniter\Debug\Exceptions->errorHandler()
#1 /var/www/html/SIMRSHEBAT/system/Database/Postgre/Connection.php(147): pg_query()
#2 /var/www/html/SIMRSHEBAT/system/Database/BaseConnection.php(691): CodeIgniter\Database\Postgre\Connection->execute()
#3 /var/www/html/SIMRSHEBAT/app/Controllers/Kunjungan.php(617): CodeIgniter\Database\BaseConnection->simpleQuery()
#4 /var/www/html/SIMRSHEBAT/system/CodeIgniter.php(934): App\Controllers\Kunjungan->historipenyakitkeluarga()
#5 /var/www/html/SIMRSHEBAT/system/CodeIgniter.php(499): CodeIgniter\CodeIgniter->runController()
#6 /var/www/html/SIMRSHEBAT/system/CodeIgniter.php(368): CodeIgniter\CodeIgniter->handleRequest()
#7 /var/www/html/SIMRSHEBAT/index.php(67): CodeIgniter\CodeIgniter->run()
#8 {main}
WARNING - 2024-11-08 14:36:47 --> [DEPRECATED] Creation of dynamic property App\Controllers\Datasosial::$db is deprecated in APPPATH/Controllers/Api.php on line 8.
 1 SYSTEMPATH/CodeIgniter.php(906): App\Controllers\Api->__construct()
 2 SYSTEMPATH/CodeIgniter.php(490): CodeIgniter\CodeIgniter->createController()
 3 SYSTEMPATH/CodeIgniter.php(368): CodeIgniter\CodeIgniter->handleRequest(null, Object(Config\Cache), false)
 4 FCPATH/index.php(67): CodeIgniter\CodeIgniter->run()
WARNING - 2024-11-08 14:36:47 --> [DEPRECATED] Creation of dynamic property App\Controllers\Datasosial::$simrs is deprecated in APPPATH/Controllers/Api.php on line 9.
 1 SYSTEMPATH/CodeIgniter.php(906): App\Controllers\Api->__construct()
 2 SYSTEMPATH/CodeIgniter.php(490): CodeIgniter\CodeIgniter->createController()
 3 SYSTEMPATH/CodeIgniter.php(368): CodeIgniter\CodeIgniter->handleRequest(null, Object(Config\Cache), false)
 4 FCPATH/index.php(67): CodeIgniter\CodeIgniter->run()
WARNING - 2024-11-08 14:36:53 --> [DEPRECATED] Creation of dynamic property App\Controllers\Rekammedisirna::$db is deprecated in APPPATH/Controllers/Api.php on line 8.
 1 SYSTEMPATH/CodeIgniter.php(906): App\Controllers\Api->__construct()
 2 SYSTEMPATH/CodeIgniter.php(490): CodeIgniter\CodeIgniter->createController()
 3 SYSTEMPATH/CodeIgniter.php(368): CodeIgniter\CodeIgniter->handleRequest(null, Object(Config\Cache), false)
 4 FCPATH/index.php(67): CodeIgniter\CodeIgniter->run()
WARNING - 2024-11-08 14:36:53 --> [DEPRECATED] Creation of dynamic property App\Controllers\Rekammedisirna::$simrs is deprecated in APPPATH/Controllers/Api.php on line 9.
 1 SYSTEMPATH/CodeIgniter.php(906): App\Controllers\Api->__construct()
 2 SYSTEMPATH/CodeIgniter.php(490): CodeIgniter\CodeIgniter->createController()
 3 SYSTEMPATH/CodeIgniter.php(368): CodeIgniter\CodeIgniter->handleRequest(null, Object(Config\Cache), false)
 4 FCPATH/index.php(67): CodeIgniter\CodeIgniter->run()
WARNING - 2024-11-08 14:36:53 --> [DEPRECATED] Creation of dynamic property App\Controllers\Rekammedisirna::$db is deprecated in APPPATH/Controllers/Api.php on line 8.
 1 SYSTEMPATH/CodeIgniter.php(906): App\Controllers\Api->__construct()
 2 SYSTEMPATH/CodeIgniter.php(490): CodeIgniter\CodeIgniter->createController()
 3 SYSTEMPATH/CodeIgniter.php(368): CodeIgniter\CodeIgniter->handleRequest(null, Object(Config\Cache), false)
 4 FCPATH/index.php(67): CodeIgniter\CodeIgniter->run()
WARNING - 2024-11-08 14:36:53 --> [DEPRECATED] Creation of dynamic property App\Controllers\Rekammedisirna::$simrs is deprecated in APPPATH/Controllers/Api.php on line 9.
 1 SYSTEMPATH/CodeIgniter.php(906): App\Controllers\Api->__construct()
 2 SYSTEMPATH/CodeIgniter.php(490): CodeIgniter\CodeIgniter->createController()
 3 SYSTEMPATH/CodeIgniter.php(368): CodeIgniter\CodeIgniter->handleRequest(null, Object(Config\Cache), false)
 4 FCPATH/index.php(67): CodeIgniter\CodeIgniter->run()
CRITICAL - 2024-11-08 14:36:53 --> Undefined variable $rm
in APPPATH/Views/view/modal/rm_irna/EdukasiPasien.php on line 1539.
 1 APPPATH/Views/view/modal/rm_irna/EdukasiPasien.php(1539): CodeIgniter\Debug\Exceptions->errorHandler()
 2 SYSTEMPATH/View/View.php(213): include('APPPATH/Views/view/modal/rm_irna/EdukasiPasien.php')
 3 SYSTEMPATH/View/View.php(216): CodeIgniter\View\View->CodeIgniter\View\{closure}()
 4 SYSTEMPATH/Common.php(1184): CodeIgniter\View\View->render()
 5 APPPATH/Controllers/Rekammedisirna.php(7153): view()
 6 SYSTEMPATH/CodeIgniter.php(934): App\Controllers\Rekammedisirna->viewEdukasiPasien()
 7 SYSTEMPATH/CodeIgniter.php(499): CodeIgniter\CodeIgniter->runController()
 8 SYSTEMPATH/CodeIgniter.php(368): CodeIgniter\CodeIgniter->handleRequest()
 9 FCPATH/index.php(67): CodeIgniter\CodeIgniter->run()
ERROR - 2024-11-08 14:36:53 --> ErrorException: pg_query(): Query failed: ERROR:  relation &quot;edukasi&quot; does not exist
LINE 1: SELECT * FROM edukasi WHERE id_transaksi = '6-00-08-35' AND ...
                      ^ in /var/www/html/SIMRSHEBAT/system/Database/Postgre/Connection.php:147
Stack trace:
#0 [internal function]: CodeIgniter\Debug\Exceptions->errorHandler()
#1 /var/www/html/SIMRSHEBAT/system/Database/Postgre/Connection.php(147): pg_query()
#2 /var/www/html/SIMRSHEBAT/system/Database/BaseConnection.php(691): CodeIgniter\Database\Postgre\Connection->execute()
#3 /var/www/html/SIMRSHEBAT/system/Database/BaseConnection.php(605): CodeIgniter\Database\BaseConnection->simpleQuery()
#4 /var/www/html/SIMRSHEBAT/app/Controllers/Rekammedisirna.php(3013): CodeIgniter\Database\BaseConnection->query()
#5 /var/www/html/SIMRSHEBAT/system/CodeIgniter.php(934): App\Controllers\Rekammedisirna->load_edukasiirnautama()
#6 /var/www/html/SIMRSHEBAT/system/CodeIgniter.php(499): CodeIgniter\CodeIgniter->runController()
#7 /var/www/html/SIMRSHEBAT/system/CodeIgniter.php(368): CodeIgniter\CodeIgniter->handleRequest()
#8 /var/www/html/SIMRSHEBAT/index.php(67): CodeIgniter\CodeIgniter->run()
#9 {main}
ERROR - 2024-11-08 14:36:53 --> ErrorException: pg_query(): Query failed: ERROR:  relation &quot;detail_edukasi&quot; does not exist
LINE 1: SELECT * FROM detail_edukasi INNER JOIN pegawai USING (id_pe...
                      ^ in /var/www/html/SIMRSHEBAT/system/Database/Postgre/Connection.php:147
Stack trace:
#0 [internal function]: CodeIgniter\Debug\Exceptions->errorHandler()
#1 /var/www/html/SIMRSHEBAT/system/Database/Postgre/Connection.php(147): pg_query()
#2 /var/www/html/SIMRSHEBAT/system/Database/BaseConnection.php(691): CodeIgniter\Database\Postgre\Connection->execute()
#3 /var/www/html/SIMRSHEBAT/system/Database/BaseConnection.php(605): CodeIgniter\Database\BaseConnection->simpleQuery()
#4 /var/www/html/SIMRSHEBAT/app/Controllers/Rekammedisirna.php(3015): CodeIgniter\Database\BaseConnection->query()
#5 /var/www/html/SIMRSHEBAT/system/CodeIgniter.php(934): App\Controllers\Rekammedisirna->load_edukasiirnautama()
#6 /var/www/html/SIMRSHEBAT/system/CodeIgniter.php(499): CodeIgniter\CodeIgniter->runController()
#7 /var/www/html/SIMRSHEBAT/system/CodeIgniter.php(368): CodeIgniter\CodeIgniter->handleRequest()
#8 /var/www/html/SIMRSHEBAT/index.php(67): CodeIgniter\CodeIgniter->run()
#9 {main}
CRITICAL - 2024-11-08 14:36:53 --> Call to a member function getNumRows() on bool
in APPPATH/Controllers/Rekammedisirna.php on line 3018.
 1 SYSTEMPATH/CodeIgniter.php(934): App\Controllers\Rekammedisirna->load_edukasiirnautama()
 2 SYSTEMPATH/CodeIgniter.php(499): CodeIgniter\CodeIgniter->runController()
 3 SYSTEMPATH/CodeIgniter.php(368): CodeIgniter\CodeIgniter->handleRequest()
 4 FCPATH/index.php(67): CodeIgniter\CodeIgniter->run()
WARNING - 2024-11-08 14:37:24 --> [DEPRECATED] Creation of dynamic property App\Controllers\Laporan::$db is deprecated in APPPATH/Controllers/Api.php on line 8.
 1 SYSTEMPATH/CodeIgniter.php(906): App\Controllers\Api->__construct()
 2 SYSTEMPATH/CodeIgniter.php(490): CodeIgniter\CodeIgniter->createController()
 3 SYSTEMPATH/CodeIgniter.php(368): CodeIgniter\CodeIgniter->handleRequest(null, Object(Config\Cache), false)
 4 FCPATH/index.php(67): CodeIgniter\CodeIgniter->run()
WARNING - 2024-11-08 14:37:24 --> [DEPRECATED] Creation of dynamic property App\Controllers\Laporan::$simrs is deprecated in APPPATH/Controllers/Api.php on line 9.
 1 SYSTEMPATH/CodeIgniter.php(906): App\Controllers\Api->__construct()
 2 SYSTEMPATH/CodeIgniter.php(490): CodeIgniter\CodeIgniter->createController()
 3 SYSTEMPATH/CodeIgniter.php(368): CodeIgniter\CodeIgniter->handleRequest(null, Object(Config\Cache), false)
 4 FCPATH/index.php(67): CodeIgniter\CodeIgniter->run()
WARNING - 2024-11-08 14:37:24 --> [DEPRECATED] Creation of dynamic property App\Controllers\User::$db is deprecated in APPPATH/Controllers/Api.php on line 8.
 1 SYSTEMPATH/CodeIgniter.php(906): App\Controllers\Api->__construct()
 2 SYSTEMPATH/CodeIgniter.php(490): CodeIgniter\CodeIgniter->createController()
 3 SYSTEMPATH/CodeIgniter.php(368): CodeIgniter\CodeIgniter->handleRequest(null, Object(Config\Cache), false)
 4 FCPATH/index.php(67): CodeIgniter\CodeIgniter->run()
WARNING - 2024-11-08 14:37:24 --> [DEPRECATED] Creation of dynamic property App\Controllers\User::$simrs is deprecated in APPPATH/Controllers/Api.php on line 9.
 1 SYSTEMPATH/CodeIgniter.php(906): App\Controllers\Api->__construct()
 2 SYSTEMPATH/CodeIgniter.php(490): CodeIgniter\CodeIgniter->createController()
 3 SYSTEMPATH/CodeIgniter.php(368): CodeIgniter\CodeIgniter->handleRequest(null, Object(Config\Cache), false)
 4 FCPATH/index.php(67): CodeIgniter\CodeIgniter->run()
WARNING - 2024-11-08 14:37:29 --> [DEPRECATED] Creation of dynamic property App\Controllers\Rekammedisirna::$db is deprecated in APPPATH/Controllers/Api.php on line 8.
 1 SYSTEMPATH/CodeIgniter.php(906): App\Controllers\Api->__construct()
 2 SYSTEMPATH/CodeIgniter.php(490): CodeIgniter\CodeIgniter->createController()
 3 SYSTEMPATH/CodeIgniter.php(368): CodeIgniter\CodeIgniter->handleRequest(null, Object(Config\Cache), false)
 4 FCPATH/index.php(67): CodeIgniter\CodeIgniter->run()
WARNING - 2024-11-08 14:37:29 --> [DEPRECATED] Creation of dynamic property App\Controllers\Rekammedisirna::$simrs is deprecated in APPPATH/Controllers/Api.php on line 9.
 1 SYSTEMPATH/CodeIgniter.php(906): App\Controllers\Api->__construct()
 2 SYSTEMPATH/CodeIgniter.php(490): CodeIgniter\CodeIgniter->createController()
 3 SYSTEMPATH/CodeIgniter.php(368): CodeIgniter\CodeIgniter->handleRequest(null, Object(Config\Cache), false)
 4 FCPATH/index.php(67): CodeIgniter\CodeIgniter->run()
WARNING - 2024-11-08 14:37:29 --> [DEPRECATED] Creation of dynamic property App\Controllers\Rekammedisirna::$db is deprecated in APPPATH/Controllers/Api.php on line 8.
 1 SYSTEMPATH/CodeIgniter.php(906): App\Controllers\Api->__construct()
 2 SYSTEMPATH/CodeIgniter.php(490): CodeIgniter\CodeIgniter->createController()
 3 SYSTEMPATH/CodeIgniter.php(368): CodeIgniter\CodeIgniter->handleRequest(null, Object(Config\Cache), false)
 4 FCPATH/index.php(67): CodeIgniter\CodeIgniter->run()
WARNING - 2024-11-08 14:37:29 --> [DEPRECATED] Creation of dynamic property App\Controllers\Rekammedisirna::$simrs is deprecated in APPPATH/Controllers/Api.php on line 9.
 1 SYSTEMPATH/CodeIgniter.php(906): App\Controllers\Api->__construct()
 2 SYSTEMPATH/CodeIgniter.php(490): CodeIgniter\CodeIgniter->createController()
 3 SYSTEMPATH/CodeIgniter.php(368): CodeIgniter\CodeIgniter->handleRequest(null, Object(Config\Cache), false)
 4 FCPATH/index.php(67): CodeIgniter\CodeIgniter->run()
WARNING - 2024-11-08 14:37:29 --> [DEPRECATED] Creation of dynamic property App\Controllers\Rekammedisirna::$db is deprecated in APPPATH/Controllers/Api.php on line 8.
 1 SYSTEMPATH/CodeIgniter.php(906): App\Controllers\Api->__construct()
 2 SYSTEMPATH/CodeIgniter.php(490): CodeIgniter\CodeIgniter->createController()
 3 SYSTEMPATH/CodeIgniter.php(368): CodeIgniter\CodeIgniter->handleRequest(null, Object(Config\Cache), false)
 4 FCPATH/index.php(67): CodeIgniter\CodeIgniter->run()
WARNING - 2024-11-08 14:37:29 --> [DEPRECATED] Creation of dynamic property App\Controllers\Rekammedisirna::$simrs is deprecated in APPPATH/Controllers/Api.php on line 9.
 1 SYSTEMPATH/CodeIgniter.php(906): App\Controllers\Api->__construct()
 2 SYSTEMPATH/CodeIgniter.php(490): CodeIgniter\CodeIgniter->createController()
 3 SYSTEMPATH/CodeIgniter.php(368): CodeIgniter\CodeIgniter->handleRequest(null, Object(Config\Cache), false)
 4 FCPATH/index.php(67): CodeIgniter\CodeIgniter->run()
WARNING - 2024-11-08 14:37:30 --> [DEPRECATED] Creation of dynamic property App\Controllers\Rekammedisirja::$db is deprecated in APPPATH/Controllers/Api.php on line 8.
 1 SYSTEMPATH/CodeIgniter.php(906): App\Controllers\Api->__construct()
 2 SYSTEMPATH/CodeIgniter.php(490): CodeIgniter\CodeIgniter->createController()
 3 SYSTEMPATH/CodeIgniter.php(368): CodeIgniter\CodeIgniter->handleRequest(null, Object(Config\Cache), false)
 4 FCPATH/index.php(67): CodeIgniter\CodeIgniter->run()
WARNING - 2024-11-08 14:37:30 --> [DEPRECATED] Creation of dynamic property App\Controllers\Rekammedisirja::$simrs is deprecated in APPPATH/Controllers/Api.php on line 9.
 1 SYSTEMPATH/CodeIgniter.php(906): App\Controllers\Api->__construct()
 2 SYSTEMPATH/CodeIgniter.php(490): CodeIgniter\CodeIgniter->createController()
 3 SYSTEMPATH/CodeIgniter.php(368): CodeIgniter\CodeIgniter->handleRequest(null, Object(Config\Cache), false)
 4 FCPATH/index.php(67): CodeIgniter\CodeIgniter->run()
WARNING - 2024-11-08 14:37:30 --> [DEPRECATED] Creation of dynamic property App\Controllers\Rekammedisirja::$db is deprecated in APPPATH/Controllers/Api.php on line 8.
 1 SYSTEMPATH/CodeIgniter.php(906): App\Controllers\Api->__construct()
 2 SYSTEMPATH/CodeIgniter.php(490): CodeIgniter\CodeIgniter->createController()
 3 SYSTEMPATH/CodeIgniter.php(368): CodeIgniter\CodeIgniter->handleRequest(null, Object(Config\Cache), false)
 4 FCPATH/index.php(67): CodeIgniter\CodeIgniter->run()
WARNING - 2024-11-08 14:37:30 --> [DEPRECATED] Creation of dynamic property App\Controllers\Rekammedisirja::$simrs is deprecated in APPPATH/Controllers/Api.php on line 9.
 1 SYSTEMPATH/CodeIgniter.php(906): App\Controllers\Api->__construct()
 2 SYSTEMPATH/CodeIgniter.php(490): CodeIgniter\CodeIgniter->createController()
 3 SYSTEMPATH/CodeIgniter.php(368): CodeIgniter\CodeIgniter->handleRequest(null, Object(Config\Cache), false)
 4 FCPATH/index.php(67): CodeIgniter\CodeIgniter->run()
WARNING - 2024-11-08 14:37:30 --> [DEPRECATED] Creation of dynamic property App\Controllers\Rawatjalan::$db is deprecated in APPPATH/Controllers/Api.php on line 8.
 1 SYSTEMPATH/CodeIgniter.php(906): App\Controllers\Api->__construct()
 2 SYSTEMPATH/CodeIgniter.php(490): CodeIgniter\CodeIgniter->createController()
 3 SYSTEMPATH/CodeIgniter.php(368): CodeIgniter\CodeIgniter->handleRequest(null, Object(Config\Cache), false)
 4 FCPATH/index.php(67): CodeIgniter\CodeIgniter->run()
WARNING - 2024-11-08 14:37:30 --> [DEPRECATED] Creation of dynamic property App\Controllers\Rawatjalan::$simrs is deprecated in APPPATH/Controllers/Api.php on line 9.
 1 SYSTEMPATH/CodeIgniter.php(906): App\Controllers\Api->__construct()
 2 SYSTEMPATH/CodeIgniter.php(490): CodeIgniter\CodeIgniter->createController()
 3 SYSTEMPATH/CodeIgniter.php(368): CodeIgniter\CodeIgniter->handleRequest(null, Object(Config\Cache), false)
 4 FCPATH/index.php(67): CodeIgniter\CodeIgniter->run()
ERROR - 2024-11-08 14:37:30 --> ErrorException: pg_query(): Query failed: ERROR:  column &quot;jenis_pegawai&quot; does not exist
LINE 1: SELECT * FROM pegawai where jenis_pegawai='1'
                                    ^ in /var/www/html/SIMRSHEBAT/system/Database/Postgre/Connection.php:147
Stack trace:
#0 [internal function]: CodeIgniter\Debug\Exceptions->errorHandler()
#1 /var/www/html/SIMRSHEBAT/system/Database/Postgre/Connection.php(147): pg_query()
#2 /var/www/html/SIMRSHEBAT/system/Database/BaseConnection.php(691): CodeIgniter\Database\Postgre\Connection->execute()
#3 /var/www/html/SIMRSHEBAT/system/Database/BaseConnection.php(605): CodeIgniter\Database\BaseConnection->simpleQuery()
#4 /var/www/html/SIMRSHEBAT/app/Controllers/Rawatjalan.php(32): CodeIgniter\Database\BaseConnection->query()
#5 /var/www/html/SIMRSHEBAT/system/CodeIgniter.php(934): App\Controllers\Rawatjalan->pegawai()
#6 /var/www/html/SIMRSHEBAT/system/CodeIgniter.php(499): CodeIgniter\CodeIgniter->runController()
#7 /var/www/html/SIMRSHEBAT/system/CodeIgniter.php(368): CodeIgniter\CodeIgniter->handleRequest()
#8 /var/www/html/SIMRSHEBAT/index.php(67): CodeIgniter\CodeIgniter->run()
#9 {main}
ERROR - 2024-11-08 14:37:30 --> ErrorException: pg_query(): Query failed: ERROR:  column &quot;id_penyakit&quot; specified in USING clause does not exist in left table in /var/www/html/SIMRSHEBAT/system/Database/Postgre/Connection.php:147
Stack trace:
#0 [internal function]: CodeIgniter\Debug\Exceptions->errorHandler()
#1 /var/www/html/SIMRSHEBAT/system/Database/Postgre/Connection.php(147): pg_query()
#2 /var/www/html/SIMRSHEBAT/system/Database/BaseConnection.php(691): CodeIgniter\Database\Postgre\Connection->execute()
#3 /var/www/html/SIMRSHEBAT/app/Controllers/Rekammedisirja.php(453): CodeIgniter\Database\BaseConnection->simpleQuery()
#4 /var/www/html/SIMRSHEBAT/system/CodeIgniter.php(934): App\Controllers\Rekammedisirja->datamrpenyakitirja()
#5 /var/www/html/SIMRSHEBAT/system/CodeIgniter.php(499): CodeIgniter\CodeIgniter->runController()
#6 /var/www/html/SIMRSHEBAT/system/CodeIgniter.php(368): CodeIgniter\CodeIgniter->handleRequest()
#7 /var/www/html/SIMRSHEBAT/index.php(67): CodeIgniter\CodeIgniter->run()
#8 {main}
CRITICAL - 2024-11-08 14:37:30 --> Call to a member function getResult() on bool
in APPPATH/Controllers/Rawatjalan.php on line 35.
 1 SYSTEMPATH/CodeIgniter.php(934): App\Controllers\Rawatjalan->pegawai()
 2 SYSTEMPATH/CodeIgniter.php(499): CodeIgniter\CodeIgniter->runController()
 3 SYSTEMPATH/CodeIgniter.php(368): CodeIgniter\CodeIgniter->handleRequest()
 4 FCPATH/index.php(67): CodeIgniter\CodeIgniter->run()
ERROR - 2024-11-08 14:37:30 --> ErrorException: pg_query(): Query failed: ERROR:  column &quot;id_kunjungan&quot; does not exist
LINE 2: ...mr_tindakan inner join icd_9 USING(kd_icd9) where id_kunjung...
                                                             ^ in /var/www/html/SIMRSHEBAT/system/Database/Postgre/Connection.php:147
Stack trace:
#0 [internal function]: CodeIgniter\Debug\Exceptions->errorHandler()
#1 /var/www/html/SIMRSHEBAT/system/Database/Postgre/Connection.php(147): pg_query()
#2 /var/www/html/SIMRSHEBAT/system/Database/BaseConnection.php(691): CodeIgniter\Database\Postgre\Connection->execute()
#3 /var/www/html/SIMRSHEBAT/app/Controllers/Rekammedisirja.php(411): CodeIgniter\Database\BaseConnection->simpleQuery()
#4 /var/www/html/SIMRSHEBAT/system/CodeIgniter.php(934): App\Controllers\Rekammedisirja->datamricd9irja()
#5 /var/www/html/SIMRSHEBAT/system/CodeIgniter.php(499): CodeIgniter\CodeIgniter->runController()
#6 /var/www/html/SIMRSHEBAT/system/CodeIgniter.php(368): CodeIgniter\CodeIgniter->handleRequest()
#7 /var/www/html/SIMRSHEBAT/index.php(67): CodeIgniter\CodeIgniter->run()
#8 {main}
WARNING - 2024-11-08 14:37:30 --> [DEPRECATED] Creation of dynamic property App\Controllers\Lab::$db is deprecated in APPPATH/Controllers/Api.php on line 8.
 1 SYSTEMPATH/CodeIgniter.php(906): App\Controllers\Api->__construct()
 2 SYSTEMPATH/CodeIgniter.php(490): CodeIgniter\CodeIgniter->createController()
 3 SYSTEMPATH/CodeIgniter.php(368): CodeIgniter\CodeIgniter->handleRequest(null, Object(Config\Cache), false)
 4 FCPATH/index.php(67): CodeIgniter\CodeIgniter->run()
WARNING - 2024-11-08 14:37:30 --> [DEPRECATED] Creation of dynamic property App\Controllers\Lab::$simrs is deprecated in APPPATH/Controllers/Api.php on line 9.
 1 SYSTEMPATH/CodeIgniter.php(906): App\Controllers\Api->__construct()
 2 SYSTEMPATH/CodeIgniter.php(490): CodeIgniter\CodeIgniter->createController()
 3 SYSTEMPATH/CodeIgniter.php(368): CodeIgniter\CodeIgniter->handleRequest(null, Object(Config\Cache), false)
 4 FCPATH/index.php(67): CodeIgniter\CodeIgniter->run()
WARNING - 2024-11-08 14:37:30 --> [DEPRECATED] Creation of dynamic property App\Controllers\Lab::$db is deprecated in APPPATH/Controllers/Api.php on line 8.
 1 SYSTEMPATH/CodeIgniter.php(906): App\Controllers\Api->__construct()
 2 SYSTEMPATH/CodeIgniter.php(490): CodeIgniter\CodeIgniter->createController()
 3 SYSTEMPATH/CodeIgniter.php(368): CodeIgniter\CodeIgniter->handleRequest(null, Object(Config\Cache), false)
 4 FCPATH/index.php(67): CodeIgniter\CodeIgniter->run()
WARNING - 2024-11-08 14:37:30 --> [DEPRECATED] Creation of dynamic property App\Controllers\Lab::$simrs is deprecated in APPPATH/Controllers/Api.php on line 9.
 1 SYSTEMPATH/CodeIgniter.php(906): App\Controllers\Api->__construct()
 2 SYSTEMPATH/CodeIgniter.php(490): CodeIgniter\CodeIgniter->createController()
 3 SYSTEMPATH/CodeIgniter.php(368): CodeIgniter\CodeIgniter->handleRequest(null, Object(Config\Cache), false)
 4 FCPATH/index.php(67): CodeIgniter\CodeIgniter->run()
WARNING - 2024-11-08 14:37:30 --> [DEPRECATED] Creation of dynamic property App\Controllers\Lab::$db is deprecated in APPPATH/Controllers/Api.php on line 8.
 1 SYSTEMPATH/CodeIgniter.php(906): App\Controllers\Api->__construct()
 2 SYSTEMPATH/CodeIgniter.php(490): CodeIgniter\CodeIgniter->createController()
 3 SYSTEMPATH/CodeIgniter.php(368): CodeIgniter\CodeIgniter->handleRequest(null, Object(Config\Cache), false)
 4 FCPATH/index.php(67): CodeIgniter\CodeIgniter->run()
WARNING - 2024-11-08 14:37:30 --> [DEPRECATED] Creation of dynamic property App\Controllers\Lab::$simrs is deprecated in APPPATH/Controllers/Api.php on line 9.
 1 SYSTEMPATH/CodeIgniter.php(906): App\Controllers\Api->__construct()
 2 SYSTEMPATH/CodeIgniter.php(490): CodeIgniter\CodeIgniter->createController()
 3 SYSTEMPATH/CodeIgniter.php(368): CodeIgniter\CodeIgniter->handleRequest(null, Object(Config\Cache), false)
 4 FCPATH/index.php(67): CodeIgniter\CodeIgniter->run()
ERROR - 2024-11-08 14:37:30 --> ErrorException: pg_query(): Query failed: ERROR:  function left(integer, integer) does not exist
LINE 1: SELECT * from produk WHERE left(kd_produk,2)='XR' 
                                   ^
HINT:  No function matches the given name and argument types. You might need to add explicit type casts. in /var/www/html/SIMRSHEBAT/system/Database/Postgre/Connection.php:147
Stack trace:
#0 [internal function]: CodeIgniter\Debug\Exceptions->errorHandler()
#1 /var/www/html/SIMRSHEBAT/system/Database/Postgre/Connection.php(147): pg_query()
#2 /var/www/html/SIMRSHEBAT/system/Database/BaseConnection.php(691): CodeIgniter\Database\Postgre\Connection->execute()
#3 /var/www/html/SIMRSHEBAT/system/Database/BaseConnection.php(605): CodeIgniter\Database\BaseConnection->simpleQuery()
#4 /var/www/html/SIMRSHEBAT/app/Controllers/Lab.php(465): CodeIgniter\Database\BaseConnection->query()
#5 /var/www/html/SIMRSHEBAT/system/CodeIgniter.php(934): App\Controllers\Lab->produkRad()
#6 /var/www/html/SIMRSHEBAT/system/CodeIgniter.php(499): CodeIgniter\CodeIgniter->runController()
#7 /var/www/html/SIMRSHEBAT/system/CodeIgniter.php(368): CodeIgniter\CodeIgniter->handleRequest()
#8 /var/www/html/SIMRSHEBAT/index.php(67): CodeIgniter\CodeIgniter->run()
#9 {main}
ERROR - 2024-11-08 14:37:30 --> ErrorException: pg_query(): Query failed: ERROR:  column &quot;id_jenis_produk&quot; does not exist
LINE 1: SELECT * from produk WHERE id_jenis_produk='3' 
                                   ^ in /var/www/html/SIMRSHEBAT/system/Database/Postgre/Connection.php:147
Stack trace:
#0 [internal function]: CodeIgniter\Debug\Exceptions->errorHandler()
#1 /var/www/html/SIMRSHEBAT/system/Database/Postgre/Connection.php(147): pg_query()
#2 /var/www/html/SIMRSHEBAT/system/Database/BaseConnection.php(691): CodeIgniter\Database\Postgre\Connection->execute()
#3 /var/www/html/SIMRSHEBAT/system/Database/BaseConnection.php(605): CodeIgniter\Database\BaseConnection->simpleQuery()
#4 /var/www/html/SIMRSHEBAT/app/Controllers/Lab.php(447): CodeIgniter\Database\BaseConnection->query()
#5 /var/www/html/SIMRSHEBAT/system/CodeIgniter.php(934): App\Controllers\Lab->produk()
#6 /var/www/html/SIMRSHEBAT/system/CodeIgniter.php(499): CodeIgniter\CodeIgniter->runController()
#7 /var/www/html/SIMRSHEBAT/system/CodeIgniter.php(368): CodeIgniter\CodeIgniter->handleRequest()
#8 /var/www/html/SIMRSHEBAT/index.php(67): CodeIgniter\CodeIgniter->run()
#9 {main}
CRITICAL - 2024-11-08 14:37:30 --> Call to a member function getResult() on bool
in APPPATH/Controllers/Lab.php on line 465.
 1 SYSTEMPATH/CodeIgniter.php(934): App\Controllers\Lab->produkRad()
 2 SYSTEMPATH/CodeIgniter.php(499): CodeIgniter\CodeIgniter->runController()
 3 SYSTEMPATH/CodeIgniter.php(368): CodeIgniter\CodeIgniter->handleRequest()
 4 FCPATH/index.php(67): CodeIgniter\CodeIgniter->run()
CRITICAL - 2024-11-08 14:37:30 --> Call to a member function getResult() on bool
in APPPATH/Controllers/Lab.php on line 447.
 1 SYSTEMPATH/CodeIgniter.php(934): App\Controllers\Lab->produk()
 2 SYSTEMPATH/CodeIgniter.php(499): CodeIgniter\CodeIgniter->runController()
 3 SYSTEMPATH/CodeIgniter.php(368): CodeIgniter\CodeIgniter->handleRequest()
 4 FCPATH/index.php(67): CodeIgniter\CodeIgniter->run()
ERROR - 2024-11-08 14:37:30 --> ErrorException: pg_query(): Query failed: ERROR:  function left(integer, integer) does not exist
LINE 1: SELECT * from produk WHERE left(kd_produk,2)='CT' 
                                   ^
HINT:  No function matches the given name and argument types. You might need to add explicit type casts. in /var/www/html/SIMRSHEBAT/system/Database/Postgre/Connection.php:147
Stack trace:
#0 [internal function]: CodeIgniter\Debug\Exceptions->errorHandler()
#1 /var/www/html/SIMRSHEBAT/system/Database/Postgre/Connection.php(147): pg_query()
#2 /var/www/html/SIMRSHEBAT/system/Database/BaseConnection.php(691): CodeIgniter\Database\Postgre\Connection->execute()
#3 /var/www/html/SIMRSHEBAT/system/Database/BaseConnection.php(605): CodeIgniter\Database\BaseConnection->simpleQuery()
#4 /var/www/html/SIMRSHEBAT/app/Controllers/Lab.php(465): CodeIgniter\Database\BaseConnection->query()
#5 /var/www/html/SIMRSHEBAT/system/CodeIgniter.php(934): App\Controllers\Lab->produkRad()
#6 /var/www/html/SIMRSHEBAT/system/CodeIgniter.php(499): CodeIgniter\CodeIgniter->runController()
#7 /var/www/html/SIMRSHEBAT/system/CodeIgniter.php(368): CodeIgniter\CodeIgniter->handleRequest()
#8 /var/www/html/SIMRSHEBAT/index.php(67): CodeIgniter\CodeIgniter->run()
#9 {main}
CRITICAL - 2024-11-08 14:37:30 --> Call to a member function getResult() on bool
in APPPATH/Controllers/Lab.php on line 465.
 1 SYSTEMPATH/CodeIgniter.php(934): App\Controllers\Lab->produkRad()
 2 SYSTEMPATH/CodeIgniter.php(499): CodeIgniter\CodeIgniter->runController()
 3 SYSTEMPATH/CodeIgniter.php(368): CodeIgniter\CodeIgniter->handleRequest()
 4 FCPATH/index.php(67): CodeIgniter\CodeIgniter->run()
WARNING - 2024-11-08 14:37:30 --> [DEPRECATED] Creation of dynamic property App\Controllers\Lab::$db is deprecated in APPPATH/Controllers/Api.php on line 8.
 1 SYSTEMPATH/CodeIgniter.php(906): App\Controllers\Api->__construct()
 2 SYSTEMPATH/CodeIgniter.php(490): CodeIgniter\CodeIgniter->createController()
 3 SYSTEMPATH/CodeIgniter.php(368): CodeIgniter\CodeIgniter->handleRequest(null, Object(Config\Cache), false)
 4 FCPATH/index.php(67): CodeIgniter\CodeIgniter->run()
WARNING - 2024-11-08 14:37:30 --> [DEPRECATED] Creation of dynamic property App\Controllers\Lab::$simrs is deprecated in APPPATH/Controllers/Api.php on line 9.
 1 SYSTEMPATH/CodeIgniter.php(906): App\Controllers\Api->__construct()
 2 SYSTEMPATH/CodeIgniter.php(490): CodeIgniter\CodeIgniter->createController()
 3 SYSTEMPATH/CodeIgniter.php(368): CodeIgniter\CodeIgniter->handleRequest(null, Object(Config\Cache), false)
 4 FCPATH/index.php(67): CodeIgniter\CodeIgniter->run()
WARNING - 2024-11-08 14:37:30 --> [DEPRECATED] Creation of dynamic property App\Controllers\Rekammedisirna::$db is deprecated in APPPATH/Controllers/Api.php on line 8.
 1 SYSTEMPATH/CodeIgniter.php(906): App\Controllers\Api->__construct()
 2 SYSTEMPATH/CodeIgniter.php(490): CodeIgniter\CodeIgniter->createController()
 3 SYSTEMPATH/CodeIgniter.php(368): CodeIgniter\CodeIgniter->handleRequest(null, Object(Config\Cache), false)
 4 FCPATH/index.php(67): CodeIgniter\CodeIgniter->run()
WARNING - 2024-11-08 14:37:30 --> [DEPRECATED] Creation of dynamic property App\Controllers\Rekammedisirna::$simrs is deprecated in APPPATH/Controllers/Api.php on line 9.
 1 SYSTEMPATH/CodeIgniter.php(906): App\Controllers\Api->__construct()
 2 SYSTEMPATH/CodeIgniter.php(490): CodeIgniter\CodeIgniter->createController()
 3 SYSTEMPATH/CodeIgniter.php(368): CodeIgniter\CodeIgniter->handleRequest(null, Object(Config\Cache), false)
 4 FCPATH/index.php(67): CodeIgniter\CodeIgniter->run()
WARNING - 2024-11-08 14:37:30 --> [DEPRECATED] Creation of dynamic property App\Controllers\Kunjungan::$db is deprecated in APPPATH/Controllers/Api.php on line 8.
 1 SYSTEMPATH/CodeIgniter.php(906): App\Controllers\Api->__construct()
 2 SYSTEMPATH/CodeIgniter.php(490): CodeIgniter\CodeIgniter->createController()
 3 SYSTEMPATH/CodeIgniter.php(368): CodeIgniter\CodeIgniter->handleRequest(null, Object(Config\Cache), false)
 4 FCPATH/index.php(67): CodeIgniter\CodeIgniter->run()
WARNING - 2024-11-08 14:37:30 --> [DEPRECATED] Creation of dynamic property App\Controllers\Kunjungan::$simrs is deprecated in APPPATH/Controllers/Api.php on line 9.
 1 SYSTEMPATH/CodeIgniter.php(906): App\Controllers\Api->__construct()
 2 SYSTEMPATH/CodeIgniter.php(490): CodeIgniter\CodeIgniter->createController()
 3 SYSTEMPATH/CodeIgniter.php(368): CodeIgniter\CodeIgniter->handleRequest(null, Object(Config\Cache), false)
 4 FCPATH/index.php(67): CodeIgniter\CodeIgniter->run()
ERROR - 2024-11-08 14:37:30 --> ErrorException: pg_query(): Query failed: ERROR:  relation &quot;order_lab&quot; does not exist
LINE 2:         order_lab o inner join
                ^ in /var/www/html/SIMRSHEBAT/system/Database/Postgre/Connection.php:147
Stack trace:
#0 [internal function]: CodeIgniter\Debug\Exceptions->errorHandler()
#1 /var/www/html/SIMRSHEBAT/system/Database/Postgre/Connection.php(147): pg_query()
#2 /var/www/html/SIMRSHEBAT/system/Database/BaseConnection.php(691): CodeIgniter\Database\Postgre\Connection->execute()
#3 /var/www/html/SIMRSHEBAT/app/Controllers/Rekammedisirna.php(823): CodeIgniter\Database\BaseConnection->simpleQuery()
#4 /var/www/html/SIMRSHEBAT/system/CodeIgniter.php(934): App\Controllers\Rekammedisirna->datapenunjangpasienirna()
#5 /var/www/html/SIMRSHEBAT/system/CodeIgniter.php(499): CodeIgniter\CodeIgniter->runController()
#6 /var/www/html/SIMRSHEBAT/system/CodeIgniter.php(368): CodeIgniter\CodeIgniter->handleRequest()
#7 /var/www/html/SIMRSHEBAT/index.php(67): CodeIgniter\CodeIgniter->run()
#8 {main}
ERROR - 2024-11-08 14:37:30 --> ErrorException: pg_query(): Query failed: ERROR:  column &quot;id_penyakit&quot; specified in USING clause does not exist in left table in /var/www/html/SIMRSHEBAT/system/Database/Postgre/Connection.php:147
Stack trace:
#0 [internal function]: CodeIgniter\Debug\Exceptions->errorHandler()
#1 /var/www/html/SIMRSHEBAT/system/Database/Postgre/Connection.php(147): pg_query()
#2 /var/www/html/SIMRSHEBAT/system/Database/BaseConnection.php(691): CodeIgniter\Database\Postgre\Connection->execute()
#3 /var/www/html/SIMRSHEBAT/app/Controllers/Kunjungan.php(585): CodeIgniter\Database\BaseConnection->simpleQuery()
#4 /var/www/html/SIMRSHEBAT/system/CodeIgniter.php(934): App\Controllers\Kunjungan->historipenyakit()
#5 /var/www/html/SIMRSHEBAT/system/CodeIgniter.php(499): CodeIgniter\CodeIgniter->runController()
#6 /var/www/html/SIMRSHEBAT/system/CodeIgniter.php(368): CodeIgniter\CodeIgniter->handleRequest()
#7 /var/www/html/SIMRSHEBAT/index.php(67): CodeIgniter\CodeIgniter->run()
#8 {main}
ERROR - 2024-11-08 14:37:30 --> ErrorException: pg_query(): Query failed: ERROR:  function left(integer, integer) does not exist
LINE 1: SELECT * from produk WHERE left(kd_produk,2)='UR' 
                                   ^
HINT:  No function matches the given name and argument types. You might need to add explicit type casts. in /var/www/html/SIMRSHEBAT/system/Database/Postgre/Connection.php:147
Stack trace:
#0 [internal function]: CodeIgniter\Debug\Exceptions->errorHandler()
#1 /var/www/html/SIMRSHEBAT/system/Database/Postgre/Connection.php(147): pg_query()
#2 /var/www/html/SIMRSHEBAT/system/Database/BaseConnection.php(691): CodeIgniter\Database\Postgre\Connection->execute()
#3 /var/www/html/SIMRSHEBAT/system/Database/BaseConnection.php(605): CodeIgniter\Database\BaseConnection->simpleQuery()
#4 /var/www/html/SIMRSHEBAT/app/Controllers/Lab.php(465): CodeIgniter\Database\BaseConnection->query()
#5 /var/www/html/SIMRSHEBAT/system/CodeIgniter.php(934): App\Controllers\Lab->produkRad()
#6 /var/www/html/SIMRSHEBAT/system/CodeIgniter.php(499): CodeIgniter\CodeIgniter->runController()
#7 /var/www/html/SIMRSHEBAT/system/CodeIgniter.php(368): CodeIgniter\CodeIgniter->handleRequest()
#8 /var/www/html/SIMRSHEBAT/index.php(67): CodeIgniter\CodeIgniter->run()
#9 {main}
CRITICAL - 2024-11-08 14:37:30 --> Call to a member function getResult() on bool
in APPPATH/Controllers/Lab.php on line 465.
 1 SYSTEMPATH/CodeIgniter.php(934): App\Controllers\Lab->produkRad()
 2 SYSTEMPATH/CodeIgniter.php(499): CodeIgniter\CodeIgniter->runController()
 3 SYSTEMPATH/CodeIgniter.php(368): CodeIgniter\CodeIgniter->handleRequest()
 4 FCPATH/index.php(67): CodeIgniter\CodeIgniter->run()
WARNING - 2024-11-08 14:37:30 --> [DEPRECATED] Creation of dynamic property App\Controllers\Kunjungan::$db is deprecated in APPPATH/Controllers/Api.php on line 8.
 1 SYSTEMPATH/CodeIgniter.php(906): App\Controllers\Api->__construct()
 2 SYSTEMPATH/CodeIgniter.php(490): CodeIgniter\CodeIgniter->createController()
 3 SYSTEMPATH/CodeIgniter.php(368): CodeIgniter\CodeIgniter->handleRequest(null, Object(Config\Cache), false)
 4 FCPATH/index.php(67): CodeIgniter\CodeIgniter->run()
WARNING - 2024-11-08 14:37:30 --> [DEPRECATED] Creation of dynamic property App\Controllers\Kunjungan::$simrs is deprecated in APPPATH/Controllers/Api.php on line 9.
 1 SYSTEMPATH/CodeIgniter.php(906): App\Controllers\Api->__construct()
 2 SYSTEMPATH/CodeIgniter.php(490): CodeIgniter\CodeIgniter->createController()
 3 SYSTEMPATH/CodeIgniter.php(368): CodeIgniter\CodeIgniter->handleRequest(null, Object(Config\Cache), false)
 4 FCPATH/index.php(67): CodeIgniter\CodeIgniter->run()
WARNING - 2024-11-08 14:37:30 --> [DEPRECATED] Creation of dynamic property App\Controllers\Kunjungan::$db is deprecated in APPPATH/Controllers/Api.php on line 8.
 1 SYSTEMPATH/CodeIgniter.php(906): App\Controllers\Api->__construct()
 2 SYSTEMPATH/CodeIgniter.php(490): CodeIgniter\CodeIgniter->createController()
 3 SYSTEMPATH/CodeIgniter.php(368): CodeIgniter\CodeIgniter->handleRequest(null, Object(Config\Cache), false)
 4 FCPATH/index.php(67): CodeIgniter\CodeIgniter->run()
WARNING - 2024-11-08 14:37:30 --> [DEPRECATED] Creation of dynamic property App\Controllers\Kunjungan::$simrs is deprecated in APPPATH/Controllers/Api.php on line 9.
 1 SYSTEMPATH/CodeIgniter.php(906): App\Controllers\Api->__construct()
 2 SYSTEMPATH/CodeIgniter.php(490): CodeIgniter\CodeIgniter->createController()
 3 SYSTEMPATH/CodeIgniter.php(368): CodeIgniter\CodeIgniter->handleRequest(null, Object(Config\Cache), false)
 4 FCPATH/index.php(67): CodeIgniter\CodeIgniter->run()
WARNING - 2024-11-08 14:37:30 --> [DEPRECATED] Creation of dynamic property App\Controllers\Datasosial::$db is deprecated in APPPATH/Controllers/Api.php on line 8.
 1 SYSTEMPATH/CodeIgniter.php(906): App\Controllers\Api->__construct()
 2 SYSTEMPATH/CodeIgniter.php(490): CodeIgniter\CodeIgniter->createController()
 3 SYSTEMPATH/CodeIgniter.php(368): CodeIgniter\CodeIgniter->handleRequest(null, Object(Config\Cache), false)
 4 FCPATH/index.php(67): CodeIgniter\CodeIgniter->run()
WARNING - 2024-11-08 14:37:30 --> [DEPRECATED] Creation of dynamic property App\Controllers\Datasosial::$simrs is deprecated in APPPATH/Controllers/Api.php on line 9.
 1 SYSTEMPATH/CodeIgniter.php(906): App\Controllers\Api->__construct()
 2 SYSTEMPATH/CodeIgniter.php(490): CodeIgniter\CodeIgniter->createController()
 3 SYSTEMPATH/CodeIgniter.php(368): CodeIgniter\CodeIgniter->handleRequest(null, Object(Config\Cache), false)
 4 FCPATH/index.php(67): CodeIgniter\CodeIgniter->run()
ERROR - 2024-11-08 14:37:30 --> ErrorException: pg_query(): Query failed: ERROR:  relation &quot;alergi&quot; does not exist
LINE 1: SELECT * from alergi where no_rm='6-38-07-96' 
                      ^ in /var/www/html/SIMRSHEBAT/system/Database/Postgre/Connection.php:147
Stack trace:
#0 [internal function]: CodeIgniter\Debug\Exceptions->errorHandler()
#1 /var/www/html/SIMRSHEBAT/system/Database/Postgre/Connection.php(147): pg_query()
#2 /var/www/html/SIMRSHEBAT/system/Database/BaseConnection.php(691): CodeIgniter\Database\Postgre\Connection->execute()
#3 /var/www/html/SIMRSHEBAT/app/Controllers/Kunjungan.php(632): CodeIgniter\Database\BaseConnection->simpleQuery()
#4 /var/www/html/SIMRSHEBAT/system/CodeIgniter.php(934): App\Controllers\Kunjungan->historialergi()
#5 /var/www/html/SIMRSHEBAT/system/CodeIgniter.php(499): CodeIgniter\CodeIgniter->runController()
#6 /var/www/html/SIMRSHEBAT/system/CodeIgniter.php(368): CodeIgniter\CodeIgniter->handleRequest()
#7 /var/www/html/SIMRSHEBAT/index.php(67): CodeIgniter\CodeIgniter->run()
#8 {main}
ERROR - 2024-11-08 14:37:30 --> ErrorException: pg_query(): Query failed: ERROR:  column &quot;id_penyakit&quot; specified in USING clause does not exist in left table in /var/www/html/SIMRSHEBAT/system/Database/Postgre/Connection.php:147
Stack trace:
#0 [internal function]: CodeIgniter\Debug\Exceptions->errorHandler()
#1 /var/www/html/SIMRSHEBAT/system/Database/Postgre/Connection.php(147): pg_query()
#2 /var/www/html/SIMRSHEBAT/system/Database/BaseConnection.php(691): CodeIgniter\Database\Postgre\Connection->execute()
#3 /var/www/html/SIMRSHEBAT/app/Controllers/Kunjungan.php(617): CodeIgniter\Database\BaseConnection->simpleQuery()
#4 /var/www/html/SIMRSHEBAT/system/CodeIgniter.php(934): App\Controllers\Kunjungan->historipenyakitkeluarga()
#5 /var/www/html/SIMRSHEBAT/system/CodeIgniter.php(499): CodeIgniter\CodeIgniter->runController()
#6 /var/www/html/SIMRSHEBAT/system/CodeIgniter.php(368): CodeIgniter\CodeIgniter->handleRequest()
#7 /var/www/html/SIMRSHEBAT/index.php(67): CodeIgniter\CodeIgniter->run()
#8 {main}
WARNING - 2024-11-08 14:37:30 --> [DEPRECATED] Creation of dynamic property App\Controllers\Datasosial::$db is deprecated in APPPATH/Controllers/Api.php on line 8.
 1 SYSTEMPATH/CodeIgniter.php(906): App\Controllers\Api->__construct()
 2 SYSTEMPATH/CodeIgniter.php(490): CodeIgniter\CodeIgniter->createController()
 3 SYSTEMPATH/CodeIgniter.php(368): CodeIgniter\CodeIgniter->handleRequest(null, Object(Config\Cache), false)
 4 FCPATH/index.php(67): CodeIgniter\CodeIgniter->run()
WARNING - 2024-11-08 14:37:30 --> [DEPRECATED] Creation of dynamic property App\Controllers\Datasosial::$simrs is deprecated in APPPATH/Controllers/Api.php on line 9.
 1 SYSTEMPATH/CodeIgniter.php(906): App\Controllers\Api->__construct()
 2 SYSTEMPATH/CodeIgniter.php(490): CodeIgniter\CodeIgniter->createController()
 3 SYSTEMPATH/CodeIgniter.php(368): CodeIgniter\CodeIgniter->handleRequest(null, Object(Config\Cache), false)
 4 FCPATH/index.php(67): CodeIgniter\CodeIgniter->run()
WARNING - 2024-11-08 14:37:35 --> [DEPRECATED] Creation of dynamic property App\Controllers\Rekammedisirna::$db is deprecated in APPPATH/Controllers/Api.php on line 8.
 1 SYSTEMPATH/CodeIgniter.php(906): App\Controllers\Api->__construct()
 2 SYSTEMPATH/CodeIgniter.php(490): CodeIgniter\CodeIgniter->createController()
 3 SYSTEMPATH/CodeIgniter.php(368): CodeIgniter\CodeIgniter->handleRequest(null, Object(Config\Cache), false)
 4 FCPATH/index.php(67): CodeIgniter\CodeIgniter->run()
WARNING - 2024-11-08 14:37:35 --> [DEPRECATED] Creation of dynamic property App\Controllers\Rekammedisirna::$db is deprecated in APPPATH/Controllers/Api.php on line 8.
 1 SYSTEMPATH/CodeIgniter.php(906): App\Controllers\Api->__construct()
 2 SYSTEMPATH/CodeIgniter.php(490): CodeIgniter\CodeIgniter->createController()
 3 SYSTEMPATH/CodeIgniter.php(368): CodeIgniter\CodeIgniter->handleRequest(null, Object(Config\Cache), false)
 4 FCPATH/index.php(67): CodeIgniter\CodeIgniter->run()
WARNING - 2024-11-08 14:37:35 --> [DEPRECATED] Creation of dynamic property App\Controllers\Rekammedisirna::$simrs is deprecated in APPPATH/Controllers/Api.php on line 9.
 1 SYSTEMPATH/CodeIgniter.php(906): App\Controllers\Api->__construct()
 2 SYSTEMPATH/CodeIgniter.php(490): CodeIgniter\CodeIgniter->createController()
 3 SYSTEMPATH/CodeIgniter.php(368): CodeIgniter\CodeIgniter->handleRequest(null, Object(Config\Cache), false)
 4 FCPATH/index.php(67): CodeIgniter\CodeIgniter->run()
WARNING - 2024-11-08 14:37:35 --> [DEPRECATED] Creation of dynamic property App\Controllers\Rekammedisirna::$simrs is deprecated in APPPATH/Controllers/Api.php on line 9.
 1 SYSTEMPATH/CodeIgniter.php(906): App\Controllers\Api->__construct()
 2 SYSTEMPATH/CodeIgniter.php(490): CodeIgniter\CodeIgniter->createController()
 3 SYSTEMPATH/CodeIgniter.php(368): CodeIgniter\CodeIgniter->handleRequest(null, Object(Config\Cache), false)
 4 FCPATH/index.php(67): CodeIgniter\CodeIgniter->run()
CRITICAL - 2024-11-08 14:37:35 --> Undefined variable $rm
in APPPATH/Views/view/modal/rm_irna/EdukasiPasien.php on line 1539.
 1 APPPATH/Views/view/modal/rm_irna/EdukasiPasien.php(1539): CodeIgniter\Debug\Exceptions->errorHandler()
 2 SYSTEMPATH/View/View.php(213): include('APPPATH/Views/view/modal/rm_irna/EdukasiPasien.php')
 3 SYSTEMPATH/View/View.php(216): CodeIgniter\View\View->CodeIgniter\View\{closure}()
 4 SYSTEMPATH/Common.php(1184): CodeIgniter\View\View->render()
 5 APPPATH/Controllers/Rekammedisirna.php(7153): view()
 6 SYSTEMPATH/CodeIgniter.php(934): App\Controllers\Rekammedisirna->viewEdukasiPasien()
 7 SYSTEMPATH/CodeIgniter.php(499): CodeIgniter\CodeIgniter->runController()
 8 SYSTEMPATH/CodeIgniter.php(368): CodeIgniter\CodeIgniter->handleRequest()
 9 FCPATH/index.php(67): CodeIgniter\CodeIgniter->run()
ERROR - 2024-11-08 14:37:35 --> ErrorException: pg_query(): Query failed: ERROR:  relation &quot;edukasi&quot; does not exist
LINE 1: SELECT * FROM edukasi WHERE id_transaksi = '6-38-07-96' AND ...
                      ^ in /var/www/html/SIMRSHEBAT/system/Database/Postgre/Connection.php:147
Stack trace:
#0 [internal function]: CodeIgniter\Debug\Exceptions->errorHandler()
#1 /var/www/html/SIMRSHEBAT/system/Database/Postgre/Connection.php(147): pg_query()
#2 /var/www/html/SIMRSHEBAT/system/Database/BaseConnection.php(691): CodeIgniter\Database\Postgre\Connection->execute()
#3 /var/www/html/SIMRSHEBAT/system/Database/BaseConnection.php(605): CodeIgniter\Database\BaseConnection->simpleQuery()
#4 /var/www/html/SIMRSHEBAT/app/Controllers/Rekammedisirna.php(3013): CodeIgniter\Database\BaseConnection->query()
#5 /var/www/html/SIMRSHEBAT/system/CodeIgniter.php(934): App\Controllers\Rekammedisirna->load_edukasiirnautama()
#6 /var/www/html/SIMRSHEBAT/system/CodeIgniter.php(499): CodeIgniter\CodeIgniter->runController()
#7 /var/www/html/SIMRSHEBAT/system/CodeIgniter.php(368): CodeIgniter\CodeIgniter->handleRequest()
#8 /var/www/html/SIMRSHEBAT/index.php(67): CodeIgniter\CodeIgniter->run()
#9 {main}
ERROR - 2024-11-08 14:37:35 --> ErrorException: pg_query(): Query failed: ERROR:  relation &quot;detail_edukasi&quot; does not exist
LINE 1: SELECT * FROM detail_edukasi INNER JOIN pegawai USING (id_pe...
                      ^ in /var/www/html/SIMRSHEBAT/system/Database/Postgre/Connection.php:147
Stack trace:
#0 [internal function]: CodeIgniter\Debug\Exceptions->errorHandler()
#1 /var/www/html/SIMRSHEBAT/system/Database/Postgre/Connection.php(147): pg_query()
#2 /var/www/html/SIMRSHEBAT/system/Database/BaseConnection.php(691): CodeIgniter\Database\Postgre\Connection->execute()
#3 /var/www/html/SIMRSHEBAT/system/Database/BaseConnection.php(605): CodeIgniter\Database\BaseConnection->simpleQuery()
#4 /var/www/html/SIMRSHEBAT/app/Controllers/Rekammedisirna.php(3015): CodeIgniter\Database\BaseConnection->query()
#5 /var/www/html/SIMRSHEBAT/system/CodeIgniter.php(934): App\Controllers\Rekammedisirna->load_edukasiirnautama()
#6 /var/www/html/SIMRSHEBAT/system/CodeIgniter.php(499): CodeIgniter\CodeIgniter->runController()
#7 /var/www/html/SIMRSHEBAT/system/CodeIgniter.php(368): CodeIgniter\CodeIgniter->handleRequest()
#8 /var/www/html/SIMRSHEBAT/index.php(67): CodeIgniter\CodeIgniter->run()
#9 {main}
CRITICAL - 2024-11-08 14:37:35 --> Call to a member function getNumRows() on bool
in APPPATH/Controllers/Rekammedisirna.php on line 3018.
 1 SYSTEMPATH/CodeIgniter.php(934): App\Controllers\Rekammedisirna->load_edukasiirnautama()
 2 SYSTEMPATH/CodeIgniter.php(499): CodeIgniter\CodeIgniter->runController()
 3 SYSTEMPATH/CodeIgniter.php(368): CodeIgniter\CodeIgniter->handleRequest()
 4 FCPATH/index.php(67): CodeIgniter\CodeIgniter->run()
WARNING - 2024-11-08 14:37:56 --> [DEPRECATED] Creation of dynamic property App\Controllers\Laporan::$db is deprecated in APPPATH/Controllers/Api.php on line 8.
 1 SYSTEMPATH/CodeIgniter.php(906): App\Controllers\Api->__construct()
 2 SYSTEMPATH/CodeIgniter.php(490): CodeIgniter\CodeIgniter->createController()
 3 SYSTEMPATH/CodeIgniter.php(368): CodeIgniter\CodeIgniter->handleRequest(null, Object(Config\Cache), false)
 4 FCPATH/index.php(67): CodeIgniter\CodeIgniter->run()
WARNING - 2024-11-08 14:37:56 --> [DEPRECATED] Creation of dynamic property App\Controllers\Laporan::$simrs is deprecated in APPPATH/Controllers/Api.php on line 9.
 1 SYSTEMPATH/CodeIgniter.php(906): App\Controllers\Api->__construct()
 2 SYSTEMPATH/CodeIgniter.php(490): CodeIgniter\CodeIgniter->createController()
 3 SYSTEMPATH/CodeIgniter.php(368): CodeIgniter\CodeIgniter->handleRequest(null, Object(Config\Cache), false)
 4 FCPATH/index.php(67): CodeIgniter\CodeIgniter->run()
WARNING - 2024-11-08 14:37:56 --> [DEPRECATED] Creation of dynamic property App\Controllers\User::$db is deprecated in APPPATH/Controllers/Api.php on line 8.
 1 SYSTEMPATH/CodeIgniter.php(906): App\Controllers\Api->__construct()
 2 SYSTEMPATH/CodeIgniter.php(490): CodeIgniter\CodeIgniter->createController()
 3 SYSTEMPATH/CodeIgniter.php(368): CodeIgniter\CodeIgniter->handleRequest(null, Object(Config\Cache), false)
 4 FCPATH/index.php(67): CodeIgniter\CodeIgniter->run()
WARNING - 2024-11-08 14:37:56 --> [DEPRECATED] Creation of dynamic property App\Controllers\User::$simrs is deprecated in APPPATH/Controllers/Api.php on line 9.
 1 SYSTEMPATH/CodeIgniter.php(906): App\Controllers\Api->__construct()
 2 SYSTEMPATH/CodeIgniter.php(490): CodeIgniter\CodeIgniter->createController()
 3 SYSTEMPATH/CodeIgniter.php(368): CodeIgniter\CodeIgniter->handleRequest(null, Object(Config\Cache), false)
 4 FCPATH/index.php(67): CodeIgniter\CodeIgniter->run()
WARNING - 2024-11-08 14:38:00 --> [DEPRECATED] Creation of dynamic property App\Controllers\Rekammedisirna::$db is deprecated in APPPATH/Controllers/Api.php on line 8.
 1 SYSTEMPATH/CodeIgniter.php(906): App\Controllers\Api->__construct()
 2 SYSTEMPATH/CodeIgniter.php(490): CodeIgniter\CodeIgniter->createController()
 3 SYSTEMPATH/CodeIgniter.php(368): CodeIgniter\CodeIgniter->handleRequest(null, Object(Config\Cache), false)
 4 FCPATH/index.php(67): CodeIgniter\CodeIgniter->run()
WARNING - 2024-11-08 14:38:00 --> [DEPRECATED] Creation of dynamic property App\Controllers\Rekammedisirna::$simrs is deprecated in APPPATH/Controllers/Api.php on line 9.
 1 SYSTEMPATH/CodeIgniter.php(906): App\Controllers\Api->__construct()
 2 SYSTEMPATH/CodeIgniter.php(490): CodeIgniter\CodeIgniter->createController()
 3 SYSTEMPATH/CodeIgniter.php(368): CodeIgniter\CodeIgniter->handleRequest(null, Object(Config\Cache), false)
 4 FCPATH/index.php(67): CodeIgniter\CodeIgniter->run()
WARNING - 2024-11-08 14:38:00 --> [DEPRECATED] Creation of dynamic property App\Controllers\Rekammedisirna::$db is deprecated in APPPATH/Controllers/Api.php on line 8.
 1 SYSTEMPATH/CodeIgniter.php(906): App\Controllers\Api->__construct()
 2 SYSTEMPATH/CodeIgniter.php(490): CodeIgniter\CodeIgniter->createController()
 3 SYSTEMPATH/CodeIgniter.php(368): CodeIgniter\CodeIgniter->handleRequest(null, Object(Config\Cache), false)
 4 FCPATH/index.php(67): CodeIgniter\CodeIgniter->run()
WARNING - 2024-11-08 14:38:00 --> [DEPRECATED] Creation of dynamic property App\Controllers\Rekammedisirna::$simrs is deprecated in APPPATH/Controllers/Api.php on line 9.
 1 SYSTEMPATH/CodeIgniter.php(906): App\Controllers\Api->__construct()
 2 SYSTEMPATH/CodeIgniter.php(490): CodeIgniter\CodeIgniter->createController()
 3 SYSTEMPATH/CodeIgniter.php(368): CodeIgniter\CodeIgniter->handleRequest(null, Object(Config\Cache), false)
 4 FCPATH/index.php(67): CodeIgniter\CodeIgniter->run()
WARNING - 2024-11-08 14:38:00 --> [DEPRECATED] Creation of dynamic property App\Controllers\Rekammedisirna::$db is deprecated in APPPATH/Controllers/Api.php on line 8.
 1 SYSTEMPATH/CodeIgniter.php(906): App\Controllers\Api->__construct()
 2 SYSTEMPATH/CodeIgniter.php(490): CodeIgniter\CodeIgniter->createController()
 3 SYSTEMPATH/CodeIgniter.php(368): CodeIgniter\CodeIgniter->handleRequest(null, Object(Config\Cache), false)
 4 FCPATH/index.php(67): CodeIgniter\CodeIgniter->run()
WARNING - 2024-11-08 14:38:00 --> [DEPRECATED] Creation of dynamic property App\Controllers\Rekammedisirna::$simrs is deprecated in APPPATH/Controllers/Api.php on line 9.
 1 SYSTEMPATH/CodeIgniter.php(906): App\Controllers\Api->__construct()
 2 SYSTEMPATH/CodeIgniter.php(490): CodeIgniter\CodeIgniter->createController()
 3 SYSTEMPATH/CodeIgniter.php(368): CodeIgniter\CodeIgniter->handleRequest(null, Object(Config\Cache), false)
 4 FCPATH/index.php(67): CodeIgniter\CodeIgniter->run()
WARNING - 2024-11-08 14:38:03 --> [DEPRECATED] Creation of dynamic property App\Controllers\Rekammedisirja::$db is deprecated in APPPATH/Controllers/Api.php on line 8.
 1 SYSTEMPATH/CodeIgniter.php(906): App\Controllers\Api->__construct()
 2 SYSTEMPATH/CodeIgniter.php(490): CodeIgniter\CodeIgniter->createController()
 3 SYSTEMPATH/CodeIgniter.php(368): CodeIgniter\CodeIgniter->handleRequest(null, Object(Config\Cache), false)
 4 FCPATH/index.php(67): CodeIgniter\CodeIgniter->run()
WARNING - 2024-11-08 14:38:03 --> [DEPRECATED] Creation of dynamic property App\Controllers\Rekammedisirja::$simrs is deprecated in APPPATH/Controllers/Api.php on line 9.
 1 SYSTEMPATH/CodeIgniter.php(906): App\Controllers\Api->__construct()
 2 SYSTEMPATH/CodeIgniter.php(490): CodeIgniter\CodeIgniter->createController()
 3 SYSTEMPATH/CodeIgniter.php(368): CodeIgniter\CodeIgniter->handleRequest(null, Object(Config\Cache), false)
 4 FCPATH/index.php(67): CodeIgniter\CodeIgniter->run()
WARNING - 2024-11-08 14:38:03 --> [DEPRECATED] Creation of dynamic property App\Controllers\Rekammedisirja::$db is deprecated in APPPATH/Controllers/Api.php on line 8.
 1 SYSTEMPATH/CodeIgniter.php(906): App\Controllers\Api->__construct()
 2 SYSTEMPATH/CodeIgniter.php(490): CodeIgniter\CodeIgniter->createController()
 3 SYSTEMPATH/CodeIgniter.php(368): CodeIgniter\CodeIgniter->handleRequest(null, Object(Config\Cache), false)
 4 FCPATH/index.php(67): CodeIgniter\CodeIgniter->run()
WARNING - 2024-11-08 14:38:03 --> [DEPRECATED] Creation of dynamic property App\Controllers\Rekammedisirja::$simrs is deprecated in APPPATH/Controllers/Api.php on line 9.
 1 SYSTEMPATH/CodeIgniter.php(906): App\Controllers\Api->__construct()
 2 SYSTEMPATH/CodeIgniter.php(490): CodeIgniter\CodeIgniter->createController()
 3 SYSTEMPATH/CodeIgniter.php(368): CodeIgniter\CodeIgniter->handleRequest(null, Object(Config\Cache), false)
 4 FCPATH/index.php(67): CodeIgniter\CodeIgniter->run()
WARNING - 2024-11-08 14:38:03 --> [DEPRECATED] Creation of dynamic property App\Controllers\Rawatjalan::$db is deprecated in APPPATH/Controllers/Api.php on line 8.
 1 SYSTEMPATH/CodeIgniter.php(906): App\Controllers\Api->__construct()
 2 SYSTEMPATH/CodeIgniter.php(490): CodeIgniter\CodeIgniter->createController()
 3 SYSTEMPATH/CodeIgniter.php(368): CodeIgniter\CodeIgniter->handleRequest(null, Object(Config\Cache), false)
 4 FCPATH/index.php(67): CodeIgniter\CodeIgniter->run()
WARNING - 2024-11-08 14:38:03 --> [DEPRECATED] Creation of dynamic property App\Controllers\Rawatjalan::$simrs is deprecated in APPPATH/Controllers/Api.php on line 9.
 1 SYSTEMPATH/CodeIgniter.php(906): App\Controllers\Api->__construct()
 2 SYSTEMPATH/CodeIgniter.php(490): CodeIgniter\CodeIgniter->createController()
 3 SYSTEMPATH/CodeIgniter.php(368): CodeIgniter\CodeIgniter->handleRequest(null, Object(Config\Cache), false)
 4 FCPATH/index.php(67): CodeIgniter\CodeIgniter->run()
ERROR - 2024-11-08 14:38:03 --> ErrorException: pg_query(): Query failed: ERROR:  column &quot;jenis_pegawai&quot; does not exist
LINE 1: SELECT * FROM pegawai where jenis_pegawai='1'
                                    ^ in /var/www/html/SIMRSHEBAT/system/Database/Postgre/Connection.php:147
Stack trace:
#0 [internal function]: CodeIgniter\Debug\Exceptions->errorHandler()
#1 /var/www/html/SIMRSHEBAT/system/Database/Postgre/Connection.php(147): pg_query()
#2 /var/www/html/SIMRSHEBAT/system/Database/BaseConnection.php(691): CodeIgniter\Database\Postgre\Connection->execute()
#3 /var/www/html/SIMRSHEBAT/system/Database/BaseConnection.php(605): CodeIgniter\Database\BaseConnection->simpleQuery()
#4 /var/www/html/SIMRSHEBAT/app/Controllers/Rawatjalan.php(32): CodeIgniter\Database\BaseConnection->query()
#5 /var/www/html/SIMRSHEBAT/system/CodeIgniter.php(934): App\Controllers\Rawatjalan->pegawai()
#6 /var/www/html/SIMRSHEBAT/system/CodeIgniter.php(499): CodeIgniter\CodeIgniter->runController()
#7 /var/www/html/SIMRSHEBAT/system/CodeIgniter.php(368): CodeIgniter\CodeIgniter->handleRequest()
#8 /var/www/html/SIMRSHEBAT/index.php(67): CodeIgniter\CodeIgniter->run()
#9 {main}
CRITICAL - 2024-11-08 14:38:03 --> Call to a member function getResult() on bool
in APPPATH/Controllers/Rawatjalan.php on line 35.
 1 SYSTEMPATH/CodeIgniter.php(934): App\Controllers\Rawatjalan->pegawai()
 2 SYSTEMPATH/CodeIgniter.php(499): CodeIgniter\CodeIgniter->runController()
 3 SYSTEMPATH/CodeIgniter.php(368): CodeIgniter\CodeIgniter->handleRequest()
 4 FCPATH/index.php(67): CodeIgniter\CodeIgniter->run()
ERROR - 2024-11-08 14:38:03 --> ErrorException: pg_query(): Query failed: ERROR:  column &quot;id_penyakit&quot; specified in USING clause does not exist in left table in /var/www/html/SIMRSHEBAT/system/Database/Postgre/Connection.php:147
Stack trace:
#0 [internal function]: CodeIgniter\Debug\Exceptions->errorHandler()
#1 /var/www/html/SIMRSHEBAT/system/Database/Postgre/Connection.php(147): pg_query()
#2 /var/www/html/SIMRSHEBAT/system/Database/BaseConnection.php(691): CodeIgniter\Database\Postgre\Connection->execute()
#3 /var/www/html/SIMRSHEBAT/app/Controllers/Rekammedisirja.php(453): CodeIgniter\Database\BaseConnection->simpleQuery()
#4 /var/www/html/SIMRSHEBAT/system/CodeIgniter.php(934): App\Controllers\Rekammedisirja->datamrpenyakitirja()
#5 /var/www/html/SIMRSHEBAT/system/CodeIgniter.php(499): CodeIgniter\CodeIgniter->runController()
#6 /var/www/html/SIMRSHEBAT/system/CodeIgniter.php(368): CodeIgniter\CodeIgniter->handleRequest()
#7 /var/www/html/SIMRSHEBAT/index.php(67): CodeIgniter\CodeIgniter->run()
#8 {main}
ERROR - 2024-11-08 14:38:03 --> ErrorException: pg_query(): Query failed: ERROR:  column &quot;id_kunjungan&quot; does not exist
LINE 2: ...mr_tindakan inner join icd_9 USING(kd_icd9) where id_kunjung...
                                                             ^ in /var/www/html/SIMRSHEBAT/system/Database/Postgre/Connection.php:147
Stack trace:
#0 [internal function]: CodeIgniter\Debug\Exceptions->errorHandler()
#1 /var/www/html/SIMRSHEBAT/system/Database/Postgre/Connection.php(147): pg_query()
#2 /var/www/html/SIMRSHEBAT/system/Database/BaseConnection.php(691): CodeIgniter\Database\Postgre\Connection->execute()
#3 /var/www/html/SIMRSHEBAT/app/Controllers/Rekammedisirja.php(411): CodeIgniter\Database\BaseConnection->simpleQuery()
#4 /var/www/html/SIMRSHEBAT/system/CodeIgniter.php(934): App\Controllers\Rekammedisirja->datamricd9irja()
#5 /var/www/html/SIMRSHEBAT/system/CodeIgniter.php(499): CodeIgniter\CodeIgniter->runController()
#6 /var/www/html/SIMRSHEBAT/system/CodeIgniter.php(368): CodeIgniter\CodeIgniter->handleRequest()
#7 /var/www/html/SIMRSHEBAT/index.php(67): CodeIgniter\CodeIgniter->run()
#8 {main}
WARNING - 2024-11-08 14:38:03 --> [DEPRECATED] Creation of dynamic property App\Controllers\Lab::$db is deprecated in APPPATH/Controllers/Api.php on line 8.
 1 SYSTEMPATH/CodeIgniter.php(906): App\Controllers\Api->__construct()
 2 SYSTEMPATH/CodeIgniter.php(490): CodeIgniter\CodeIgniter->createController()
 3 SYSTEMPATH/CodeIgniter.php(368): CodeIgniter\CodeIgniter->handleRequest(null, Object(Config\Cache), false)
 4 FCPATH/index.php(67): CodeIgniter\CodeIgniter->run()
WARNING - 2024-11-08 14:38:03 --> [DEPRECATED] Creation of dynamic property App\Controllers\Lab::$db is deprecated in APPPATH/Controllers/Api.php on line 8.
 1 SYSTEMPATH/CodeIgniter.php(906): App\Controllers\Api->__construct()
 2 SYSTEMPATH/CodeIgniter.php(490): CodeIgniter\CodeIgniter->createController()
 3 SYSTEMPATH/CodeIgniter.php(368): CodeIgniter\CodeIgniter->handleRequest(null, Object(Config\Cache), false)
 4 FCPATH/index.php(67): CodeIgniter\CodeIgniter->run()
WARNING - 2024-11-08 14:38:03 --> [DEPRECATED] Creation of dynamic property App\Controllers\Lab::$db is deprecated in APPPATH/Controllers/Api.php on line 8.
 1 SYSTEMPATH/CodeIgniter.php(906): App\Controllers\Api->__construct()
 2 SYSTEMPATH/CodeIgniter.php(490): CodeIgniter\CodeIgniter->createController()
 3 SYSTEMPATH/CodeIgniter.php(368): CodeIgniter\CodeIgniter->handleRequest(null, Object(Config\Cache), false)
 4 FCPATH/index.php(67): CodeIgniter\CodeIgniter->run()
WARNING - 2024-11-08 14:38:03 --> [DEPRECATED] Creation of dynamic property App\Controllers\Lab::$simrs is deprecated in APPPATH/Controllers/Api.php on line 9.
 1 SYSTEMPATH/CodeIgniter.php(906): App\Controllers\Api->__construct()
 2 SYSTEMPATH/CodeIgniter.php(490): CodeIgniter\CodeIgniter->createController()
 3 SYSTEMPATH/CodeIgniter.php(368): CodeIgniter\CodeIgniter->handleRequest(null, Object(Config\Cache), false)
 4 FCPATH/index.php(67): CodeIgniter\CodeIgniter->run()
WARNING - 2024-11-08 14:38:03 --> [DEPRECATED] Creation of dynamic property App\Controllers\Lab::$simrs is deprecated in APPPATH/Controllers/Api.php on line 9.
 1 SYSTEMPATH/CodeIgniter.php(906): App\Controllers\Api->__construct()
 2 SYSTEMPATH/CodeIgniter.php(490): CodeIgniter\CodeIgniter->createController()
 3 SYSTEMPATH/CodeIgniter.php(368): CodeIgniter\CodeIgniter->handleRequest(null, Object(Config\Cache), false)
 4 FCPATH/index.php(67): CodeIgniter\CodeIgniter->run()
WARNING - 2024-11-08 14:38:03 --> [DEPRECATED] Creation of dynamic property App\Controllers\Lab::$simrs is deprecated in APPPATH/Controllers/Api.php on line 9.
 1 SYSTEMPATH/CodeIgniter.php(906): App\Controllers\Api->__construct()
 2 SYSTEMPATH/CodeIgniter.php(490): CodeIgniter\CodeIgniter->createController()
 3 SYSTEMPATH/CodeIgniter.php(368): CodeIgniter\CodeIgniter->handleRequest(null, Object(Config\Cache), false)
 4 FCPATH/index.php(67): CodeIgniter\CodeIgniter->run()
ERROR - 2024-11-08 14:38:03 --> ErrorException: pg_query(): Query failed: ERROR:  column &quot;id_jenis_produk&quot; does not exist
LINE 1: SELECT * from produk WHERE id_jenis_produk='3' 
                                   ^ in /var/www/html/SIMRSHEBAT/system/Database/Postgre/Connection.php:147
Stack trace:
#0 [internal function]: CodeIgniter\Debug\Exceptions->errorHandler()
#1 /var/www/html/SIMRSHEBAT/system/Database/Postgre/Connection.php(147): pg_query()
#2 /var/www/html/SIMRSHEBAT/system/Database/BaseConnection.php(691): CodeIgniter\Database\Postgre\Connection->execute()
#3 /var/www/html/SIMRSHEBAT/system/Database/BaseConnection.php(605): CodeIgniter\Database\BaseConnection->simpleQuery()
#4 /var/www/html/SIMRSHEBAT/app/Controllers/Lab.php(447): CodeIgniter\Database\BaseConnection->query()
#5 /var/www/html/SIMRSHEBAT/system/CodeIgniter.php(934): App\Controllers\Lab->produk()
#6 /var/www/html/SIMRSHEBAT/system/CodeIgniter.php(499): CodeIgniter\CodeIgniter->runController()
#7 /var/www/html/SIMRSHEBAT/system/CodeIgniter.php(368): CodeIgniter\CodeIgniter->handleRequest()
#8 /var/www/html/SIMRSHEBAT/index.php(67): CodeIgniter\CodeIgniter->run()
#9 {main}
CRITICAL - 2024-11-08 14:38:03 --> Call to a member function getResult() on bool
in APPPATH/Controllers/Lab.php on line 447.
 1 SYSTEMPATH/CodeIgniter.php(934): App\Controllers\Lab->produk()
 2 SYSTEMPATH/CodeIgniter.php(499): CodeIgniter\CodeIgniter->runController()
 3 SYSTEMPATH/CodeIgniter.php(368): CodeIgniter\CodeIgniter->handleRequest()
 4 FCPATH/index.php(67): CodeIgniter\CodeIgniter->run()
ERROR - 2024-11-08 14:38:03 --> ErrorException: pg_query(): Query failed: ERROR:  function left(integer, integer) does not exist
LINE 1: SELECT * from produk WHERE left(kd_produk,2)='XR' 
                                   ^
HINT:  No function matches the given name and argument types. You might need to add explicit type casts. in /var/www/html/SIMRSHEBAT/system/Database/Postgre/Connection.php:147
Stack trace:
#0 [internal function]: CodeIgniter\Debug\Exceptions->errorHandler()
#1 /var/www/html/SIMRSHEBAT/system/Database/Postgre/Connection.php(147): pg_query()
#2 /var/www/html/SIMRSHEBAT/system/Database/BaseConnection.php(691): CodeIgniter\Database\Postgre\Connection->execute()
#3 /var/www/html/SIMRSHEBAT/system/Database/BaseConnection.php(605): CodeIgniter\Database\BaseConnection->simpleQuery()
#4 /var/www/html/SIMRSHEBAT/app/Controllers/Lab.php(465): CodeIgniter\Database\BaseConnection->query()
#5 /var/www/html/SIMRSHEBAT/system/CodeIgniter.php(934): App\Controllers\Lab->produkRad()
#6 /var/www/html/SIMRSHEBAT/system/CodeIgniter.php(499): CodeIgniter\CodeIgniter->runController()
#7 /var/www/html/SIMRSHEBAT/system/CodeIgniter.php(368): CodeIgniter\CodeIgniter->handleRequest()
#8 /var/www/html/SIMRSHEBAT/index.php(67): CodeIgniter\CodeIgniter->run()
#9 {main}
CRITICAL - 2024-11-08 14:38:03 --> Call to a member function getResult() on bool
in APPPATH/Controllers/Lab.php on line 465.
 1 SYSTEMPATH/CodeIgniter.php(934): App\Controllers\Lab->produkRad()
 2 SYSTEMPATH/CodeIgniter.php(499): CodeIgniter\CodeIgniter->runController()
 3 SYSTEMPATH/CodeIgniter.php(368): CodeIgniter\CodeIgniter->handleRequest()
 4 FCPATH/index.php(67): CodeIgniter\CodeIgniter->run()
ERROR - 2024-11-08 14:38:03 --> ErrorException: pg_query(): Query failed: ERROR:  function left(integer, integer) does not exist
LINE 1: SELECT * from produk WHERE left(kd_produk,2)='CT' 
                                   ^
HINT:  No function matches the given name and argument types. You might need to add explicit type casts. in /var/www/html/SIMRSHEBAT/system/Database/Postgre/Connection.php:147
Stack trace:
#0 [internal function]: CodeIgniter\Debug\Exceptions->errorHandler()
#1 /var/www/html/SIMRSHEBAT/system/Database/Postgre/Connection.php(147): pg_query()
#2 /var/www/html/SIMRSHEBAT/system/Database/BaseConnection.php(691): CodeIgniter\Database\Postgre\Connection->execute()
#3 /var/www/html/SIMRSHEBAT/system/Database/BaseConnection.php(605): CodeIgniter\Database\BaseConnection->simpleQuery()
#4 /var/www/html/SIMRSHEBAT/app/Controllers/Lab.php(465): CodeIgniter\Database\BaseConnection->query()
#5 /var/www/html/SIMRSHEBAT/system/CodeIgniter.php(934): App\Controllers\Lab->produkRad()
#6 /var/www/html/SIMRSHEBAT/system/CodeIgniter.php(499): CodeIgniter\CodeIgniter->runController()
#7 /var/www/html/SIMRSHEBAT/system/CodeIgniter.php(368): CodeIgniter\CodeIgniter->handleRequest()
#8 /var/www/html/SIMRSHEBAT/index.php(67): CodeIgniter\CodeIgniter->run()
#9 {main}
CRITICAL - 2024-11-08 14:38:03 --> Call to a member function getResult() on bool
in APPPATH/Controllers/Lab.php on line 465.
 1 SYSTEMPATH/CodeIgniter.php(934): App\Controllers\Lab->produkRad()
 2 SYSTEMPATH/CodeIgniter.php(499): CodeIgniter\CodeIgniter->runController()
 3 SYSTEMPATH/CodeIgniter.php(368): CodeIgniter\CodeIgniter->handleRequest()
 4 FCPATH/index.php(67): CodeIgniter\CodeIgniter->run()
WARNING - 2024-11-08 14:38:03 --> [DEPRECATED] Creation of dynamic property App\Controllers\Lab::$db is deprecated in APPPATH/Controllers/Api.php on line 8.
 1 SYSTEMPATH/CodeIgniter.php(906): App\Controllers\Api->__construct()
 2 SYSTEMPATH/CodeIgniter.php(490): CodeIgniter\CodeIgniter->createController()
 3 SYSTEMPATH/CodeIgniter.php(368): CodeIgniter\CodeIgniter->handleRequest(null, Object(Config\Cache), false)
 4 FCPATH/index.php(67): CodeIgniter\CodeIgniter->run()
WARNING - 2024-11-08 14:38:03 --> [DEPRECATED] Creation of dynamic property App\Controllers\Rekammedisirna::$db is deprecated in APPPATH/Controllers/Api.php on line 8.
 1 SYSTEMPATH/CodeIgniter.php(906): App\Controllers\Api->__construct()
 2 SYSTEMPATH/CodeIgniter.php(490): CodeIgniter\CodeIgniter->createController()
 3 SYSTEMPATH/CodeIgniter.php(368): CodeIgniter\CodeIgniter->handleRequest(null, Object(Config\Cache), false)
 4 FCPATH/index.php(67): CodeIgniter\CodeIgniter->run()
WARNING - 2024-11-08 14:38:03 --> [DEPRECATED] Creation of dynamic property App\Controllers\Lab::$simrs is deprecated in APPPATH/Controllers/Api.php on line 9.
 1 SYSTEMPATH/CodeIgniter.php(906): App\Controllers\Api->__construct()
 2 SYSTEMPATH/CodeIgniter.php(490): CodeIgniter\CodeIgniter->createController()
 3 SYSTEMPATH/CodeIgniter.php(368): CodeIgniter\CodeIgniter->handleRequest(null, Object(Config\Cache), false)
 4 FCPATH/index.php(67): CodeIgniter\CodeIgniter->run()
WARNING - 2024-11-08 14:38:03 --> [DEPRECATED] Creation of dynamic property App\Controllers\Rekammedisirna::$simrs is deprecated in APPPATH/Controllers/Api.php on line 9.
 1 SYSTEMPATH/CodeIgniter.php(906): App\Controllers\Api->__construct()
 2 SYSTEMPATH/CodeIgniter.php(490): CodeIgniter\CodeIgniter->createController()
 3 SYSTEMPATH/CodeIgniter.php(368): CodeIgniter\CodeIgniter->handleRequest(null, Object(Config\Cache), false)
 4 FCPATH/index.php(67): CodeIgniter\CodeIgniter->run()
WARNING - 2024-11-08 14:38:03 --> [DEPRECATED] Creation of dynamic property App\Controllers\Kunjungan::$db is deprecated in APPPATH/Controllers/Api.php on line 8.
 1 SYSTEMPATH/CodeIgniter.php(906): App\Controllers\Api->__construct()
 2 SYSTEMPATH/CodeIgniter.php(490): CodeIgniter\CodeIgniter->createController()
 3 SYSTEMPATH/CodeIgniter.php(368): CodeIgniter\CodeIgniter->handleRequest(null, Object(Config\Cache), false)
 4 FCPATH/index.php(67): CodeIgniter\CodeIgniter->run()
WARNING - 2024-11-08 14:38:03 --> [DEPRECATED] Creation of dynamic property App\Controllers\Kunjungan::$simrs is deprecated in APPPATH/Controllers/Api.php on line 9.
 1 SYSTEMPATH/CodeIgniter.php(906): App\Controllers\Api->__construct()
 2 SYSTEMPATH/CodeIgniter.php(490): CodeIgniter\CodeIgniter->createController()
 3 SYSTEMPATH/CodeIgniter.php(368): CodeIgniter\CodeIgniter->handleRequest(null, Object(Config\Cache), false)
 4 FCPATH/index.php(67): CodeIgniter\CodeIgniter->run()
ERROR - 2024-11-08 14:38:03 --> ErrorException: pg_query(): Query failed: ERROR:  relation &quot;order_lab&quot; does not exist
LINE 2:         order_lab o inner join
                ^ in /var/www/html/SIMRSHEBAT/system/Database/Postgre/Connection.php:147
Stack trace:
#0 [internal function]: CodeIgniter\Debug\Exceptions->errorHandler()
#1 /var/www/html/SIMRSHEBAT/system/Database/Postgre/Connection.php(147): pg_query()
#2 /var/www/html/SIMRSHEBAT/system/Database/BaseConnection.php(691): CodeIgniter\Database\Postgre\Connection->execute()
#3 /var/www/html/SIMRSHEBAT/app/Controllers/Rekammedisirna.php(823): CodeIgniter\Database\BaseConnection->simpleQuery()
#4 /var/www/html/SIMRSHEBAT/system/CodeIgniter.php(934): App\Controllers\Rekammedisirna->datapenunjangpasienirna()
#5 /var/www/html/SIMRSHEBAT/system/CodeIgniter.php(499): CodeIgniter\CodeIgniter->runController()
#6 /var/www/html/SIMRSHEBAT/system/CodeIgniter.php(368): CodeIgniter\CodeIgniter->handleRequest()
#7 /var/www/html/SIMRSHEBAT/index.php(67): CodeIgniter\CodeIgniter->run()
#8 {main}
ERROR - 2024-11-08 14:38:03 --> ErrorException: pg_query(): Query failed: ERROR:  column &quot;id_penyakit&quot; specified in USING clause does not exist in left table in /var/www/html/SIMRSHEBAT/system/Database/Postgre/Connection.php:147
Stack trace:
#0 [internal function]: CodeIgniter\Debug\Exceptions->errorHandler()
#1 /var/www/html/SIMRSHEBAT/system/Database/Postgre/Connection.php(147): pg_query()
#2 /var/www/html/SIMRSHEBAT/system/Database/BaseConnection.php(691): CodeIgniter\Database\Postgre\Connection->execute()
#3 /var/www/html/SIMRSHEBAT/app/Controllers/Kunjungan.php(585): CodeIgniter\Database\BaseConnection->simpleQuery()
#4 /var/www/html/SIMRSHEBAT/system/CodeIgniter.php(934): App\Controllers\Kunjungan->historipenyakit()
#5 /var/www/html/SIMRSHEBAT/system/CodeIgniter.php(499): CodeIgniter\CodeIgniter->runController()
#6 /var/www/html/SIMRSHEBAT/system/CodeIgniter.php(368): CodeIgniter\CodeIgniter->handleRequest()
#7 /var/www/html/SIMRSHEBAT/index.php(67): CodeIgniter\CodeIgniter->run()
#8 {main}
ERROR - 2024-11-08 14:38:03 --> ErrorException: pg_query(): Query failed: ERROR:  function left(integer, integer) does not exist
LINE 1: SELECT * from produk WHERE left(kd_produk,2)='UR' 
                                   ^
HINT:  No function matches the given name and argument types. You might need to add explicit type casts. in /var/www/html/SIMRSHEBAT/system/Database/Postgre/Connection.php:147
Stack trace:
#0 [internal function]: CodeIgniter\Debug\Exceptions->errorHandler()
#1 /var/www/html/SIMRSHEBAT/system/Database/Postgre/Connection.php(147): pg_query()
#2 /var/www/html/SIMRSHEBAT/system/Database/BaseConnection.php(691): CodeIgniter\Database\Postgre\Connection->execute()
#3 /var/www/html/SIMRSHEBAT/system/Database/BaseConnection.php(605): CodeIgniter\Database\BaseConnection->simpleQuery()
#4 /var/www/html/SIMRSHEBAT/app/Controllers/Lab.php(465): CodeIgniter\Database\BaseConnection->query()
#5 /var/www/html/SIMRSHEBAT/system/CodeIgniter.php(934): App\Controllers\Lab->produkRad()
#6 /var/www/html/SIMRSHEBAT/system/CodeIgniter.php(499): CodeIgniter\CodeIgniter->runController()
#7 /var/www/html/SIMRSHEBAT/system/CodeIgniter.php(368): CodeIgniter\CodeIgniter->handleRequest()
#8 /var/www/html/SIMRSHEBAT/index.php(67): CodeIgniter\CodeIgniter->run()
#9 {main}
CRITICAL - 2024-11-08 14:38:03 --> Call to a member function getResult() on bool
in APPPATH/Controllers/Lab.php on line 465.
 1 SYSTEMPATH/CodeIgniter.php(934): App\Controllers\Lab->produkRad()
 2 SYSTEMPATH/CodeIgniter.php(499): CodeIgniter\CodeIgniter->runController()
 3 SYSTEMPATH/CodeIgniter.php(368): CodeIgniter\CodeIgniter->handleRequest()
 4 FCPATH/index.php(67): CodeIgniter\CodeIgniter->run()
WARNING - 2024-11-08 14:38:03 --> [DEPRECATED] Creation of dynamic property App\Controllers\Kunjungan::$db is deprecated in APPPATH/Controllers/Api.php on line 8.
 1 SYSTEMPATH/CodeIgniter.php(906): App\Controllers\Api->__construct()
 2 SYSTEMPATH/CodeIgniter.php(490): CodeIgniter\CodeIgniter->createController()
 3 SYSTEMPATH/CodeIgniter.php(368): CodeIgniter\CodeIgniter->handleRequest(null, Object(Config\Cache), false)
 4 FCPATH/index.php(67): CodeIgniter\CodeIgniter->run()
WARNING - 2024-11-08 14:38:03 --> [DEPRECATED] Creation of dynamic property App\Controllers\Kunjungan::$simrs is deprecated in APPPATH/Controllers/Api.php on line 9.
 1 SYSTEMPATH/CodeIgniter.php(906): App\Controllers\Api->__construct()
 2 SYSTEMPATH/CodeIgniter.php(490): CodeIgniter\CodeIgniter->createController()
 3 SYSTEMPATH/CodeIgniter.php(368): CodeIgniter\CodeIgniter->handleRequest(null, Object(Config\Cache), false)
 4 FCPATH/index.php(67): CodeIgniter\CodeIgniter->run()
WARNING - 2024-11-08 14:38:03 --> [DEPRECATED] Creation of dynamic property App\Controllers\Kunjungan::$db is deprecated in APPPATH/Controllers/Api.php on line 8.
 1 SYSTEMPATH/CodeIgniter.php(906): App\Controllers\Api->__construct()
 2 SYSTEMPATH/CodeIgniter.php(490): CodeIgniter\CodeIgniter->createController()
 3 SYSTEMPATH/CodeIgniter.php(368): CodeIgniter\CodeIgniter->handleRequest(null, Object(Config\Cache), false)
 4 FCPATH/index.php(67): CodeIgniter\CodeIgniter->run()
WARNING - 2024-11-08 14:38:03 --> [DEPRECATED] Creation of dynamic property App\Controllers\Kunjungan::$simrs is deprecated in APPPATH/Controllers/Api.php on line 9.
 1 SYSTEMPATH/CodeIgniter.php(906): App\Controllers\Api->__construct()
 2 SYSTEMPATH/CodeIgniter.php(490): CodeIgniter\CodeIgniter->createController()
 3 SYSTEMPATH/CodeIgniter.php(368): CodeIgniter\CodeIgniter->handleRequest(null, Object(Config\Cache), false)
 4 FCPATH/index.php(67): CodeIgniter\CodeIgniter->run()
ERROR - 2024-11-08 14:38:03 --> ErrorException: pg_query(): Query failed: ERROR:  relation &quot;alergi&quot; does not exist
LINE 1: SELECT * from alergi where no_rm='6-38-07-96' 
                      ^ in /var/www/html/SIMRSHEBAT/system/Database/Postgre/Connection.php:147
Stack trace:
#0 [internal function]: CodeIgniter\Debug\Exceptions->errorHandler()
#1 /var/www/html/SIMRSHEBAT/system/Database/Postgre/Connection.php(147): pg_query()
#2 /var/www/html/SIMRSHEBAT/system/Database/BaseConnection.php(691): CodeIgniter\Database\Postgre\Connection->execute()
#3 /var/www/html/SIMRSHEBAT/app/Controllers/Kunjungan.php(632): CodeIgniter\Database\BaseConnection->simpleQuery()
#4 /var/www/html/SIMRSHEBAT/system/CodeIgniter.php(934): App\Controllers\Kunjungan->historialergi()
#5 /var/www/html/SIMRSHEBAT/system/CodeIgniter.php(499): CodeIgniter\CodeIgniter->runController()
#6 /var/www/html/SIMRSHEBAT/system/CodeIgniter.php(368): CodeIgniter\CodeIgniter->handleRequest()
#7 /var/www/html/SIMRSHEBAT/index.php(67): CodeIgniter\CodeIgniter->run()
#8 {main}
WARNING - 2024-11-08 14:38:03 --> [DEPRECATED] Creation of dynamic property App\Controllers\Datasosial::$db is deprecated in APPPATH/Controllers/Api.php on line 8.
 1 SYSTEMPATH/CodeIgniter.php(906): App\Controllers\Api->__construct()
 2 SYSTEMPATH/CodeIgniter.php(490): CodeIgniter\CodeIgniter->createController()
 3 SYSTEMPATH/CodeIgniter.php(368): CodeIgniter\CodeIgniter->handleRequest(null, Object(Config\Cache), false)
 4 FCPATH/index.php(67): CodeIgniter\CodeIgniter->run()
WARNING - 2024-11-08 14:38:03 --> [DEPRECATED] Creation of dynamic property App\Controllers\Datasosial::$simrs is deprecated in APPPATH/Controllers/Api.php on line 9.
 1 SYSTEMPATH/CodeIgniter.php(906): App\Controllers\Api->__construct()
 2 SYSTEMPATH/CodeIgniter.php(490): CodeIgniter\CodeIgniter->createController()
 3 SYSTEMPATH/CodeIgniter.php(368): CodeIgniter\CodeIgniter->handleRequest(null, Object(Config\Cache), false)
 4 FCPATH/index.php(67): CodeIgniter\CodeIgniter->run()
ERROR - 2024-11-08 14:38:03 --> ErrorException: pg_query(): Query failed: ERROR:  column &quot;id_penyakit&quot; specified in USING clause does not exist in left table in /var/www/html/SIMRSHEBAT/system/Database/Postgre/Connection.php:147
Stack trace:
#0 [internal function]: CodeIgniter\Debug\Exceptions->errorHandler()
#1 /var/www/html/SIMRSHEBAT/system/Database/Postgre/Connection.php(147): pg_query()
#2 /var/www/html/SIMRSHEBAT/system/Database/BaseConnection.php(691): CodeIgniter\Database\Postgre\Connection->execute()
#3 /var/www/html/SIMRSHEBAT/app/Controllers/Kunjungan.php(617): CodeIgniter\Database\BaseConnection->simpleQuery()
#4 /var/www/html/SIMRSHEBAT/system/CodeIgniter.php(934): App\Controllers\Kunjungan->historipenyakitkeluarga()
#5 /var/www/html/SIMRSHEBAT/system/CodeIgniter.php(499): CodeIgniter\CodeIgniter->runController()
#6 /var/www/html/SIMRSHEBAT/system/CodeIgniter.php(368): CodeIgniter\CodeIgniter->handleRequest()
#7 /var/www/html/SIMRSHEBAT/index.php(67): CodeIgniter\CodeIgniter->run()
#8 {main}
WARNING - 2024-11-08 14:38:03 --> [DEPRECATED] Creation of dynamic property App\Controllers\Datasosial::$db is deprecated in APPPATH/Controllers/Api.php on line 8.
 1 SYSTEMPATH/CodeIgniter.php(906): App\Controllers\Api->__construct()
 2 SYSTEMPATH/CodeIgniter.php(490): CodeIgniter\CodeIgniter->createController()
 3 SYSTEMPATH/CodeIgniter.php(368): CodeIgniter\CodeIgniter->handleRequest(null, Object(Config\Cache), false)
 4 FCPATH/index.php(67): CodeIgniter\CodeIgniter->run()
WARNING - 2024-11-08 14:38:03 --> [DEPRECATED] Creation of dynamic property App\Controllers\Datasosial::$simrs is deprecated in APPPATH/Controllers/Api.php on line 9.
 1 SYSTEMPATH/CodeIgniter.php(906): App\Controllers\Api->__construct()
 2 SYSTEMPATH/CodeIgniter.php(490): CodeIgniter\CodeIgniter->createController()
 3 SYSTEMPATH/CodeIgniter.php(368): CodeIgniter\CodeIgniter->handleRequest(null, Object(Config\Cache), false)
 4 FCPATH/index.php(67): CodeIgniter\CodeIgniter->run()
WARNING - 2024-11-08 14:38:07 --> [DEPRECATED] Creation of dynamic property App\Controllers\Rekammedisirna::$db is deprecated in APPPATH/Controllers/Api.php on line 8.
 1 SYSTEMPATH/CodeIgniter.php(906): App\Controllers\Api->__construct()
 2 SYSTEMPATH/CodeIgniter.php(490): CodeIgniter\CodeIgniter->createController()
 3 SYSTEMPATH/CodeIgniter.php(368): CodeIgniter\CodeIgniter->handleRequest(null, Object(Config\Cache), false)
 4 FCPATH/index.php(67): CodeIgniter\CodeIgniter->run()
WARNING - 2024-11-08 14:38:07 --> [DEPRECATED] Creation of dynamic property App\Controllers\Rekammedisirna::$simrs is deprecated in APPPATH/Controllers/Api.php on line 9.
 1 SYSTEMPATH/CodeIgniter.php(906): App\Controllers\Api->__construct()
 2 SYSTEMPATH/CodeIgniter.php(490): CodeIgniter\CodeIgniter->createController()
 3 SYSTEMPATH/CodeIgniter.php(368): CodeIgniter\CodeIgniter->handleRequest(null, Object(Config\Cache), false)
 4 FCPATH/index.php(67): CodeIgniter\CodeIgniter->run()
WARNING - 2024-11-08 14:38:07 --> [DEPRECATED] Creation of dynamic property App\Controllers\Rekammedisirna::$db is deprecated in APPPATH/Controllers/Api.php on line 8.
 1 SYSTEMPATH/CodeIgniter.php(906): App\Controllers\Api->__construct()
 2 SYSTEMPATH/CodeIgniter.php(490): CodeIgniter\CodeIgniter->createController()
 3 SYSTEMPATH/CodeIgniter.php(368): CodeIgniter\CodeIgniter->handleRequest(null, Object(Config\Cache), false)
 4 FCPATH/index.php(67): CodeIgniter\CodeIgniter->run()
WARNING - 2024-11-08 14:38:07 --> [DEPRECATED] Creation of dynamic property App\Controllers\Rekammedisirna::$simrs is deprecated in APPPATH/Controllers/Api.php on line 9.
 1 SYSTEMPATH/CodeIgniter.php(906): App\Controllers\Api->__construct()
 2 SYSTEMPATH/CodeIgniter.php(490): CodeIgniter\CodeIgniter->createController()
 3 SYSTEMPATH/CodeIgniter.php(368): CodeIgniter\CodeIgniter->handleRequest(null, Object(Config\Cache), false)
 4 FCPATH/index.php(67): CodeIgniter\CodeIgniter->run()
CRITICAL - 2024-11-08 14:38:07 --> Undefined variable $rm
in APPPATH/Views/view/modal/rm_irna/EdukasiPasien.php on line 1539.
 1 APPPATH/Views/view/modal/rm_irna/EdukasiPasien.php(1539): CodeIgniter\Debug\Exceptions->errorHandler()
 2 SYSTEMPATH/View/View.php(213): include('APPPATH/Views/view/modal/rm_irna/EdukasiPasien.php')
 3 SYSTEMPATH/View/View.php(216): CodeIgniter\View\View->CodeIgniter\View\{closure}()
 4 SYSTEMPATH/Common.php(1184): CodeIgniter\View\View->render()
 5 APPPATH/Controllers/Rekammedisirna.php(7153): view()
 6 SYSTEMPATH/CodeIgniter.php(934): App\Controllers\Rekammedisirna->viewEdukasiPasien()
 7 SYSTEMPATH/CodeIgniter.php(499): CodeIgniter\CodeIgniter->runController()
 8 SYSTEMPATH/CodeIgniter.php(368): CodeIgniter\CodeIgniter->handleRequest()
 9 FCPATH/index.php(67): CodeIgniter\CodeIgniter->run()
ERROR - 2024-11-08 14:38:07 --> ErrorException: pg_query(): Query failed: ERROR:  relation &quot;edukasi&quot; does not exist
LINE 1: SELECT * FROM edukasi WHERE id_transaksi = '6-38-07-96' AND ...
                      ^ in /var/www/html/SIMRSHEBAT/system/Database/Postgre/Connection.php:147
Stack trace:
#0 [internal function]: CodeIgniter\Debug\Exceptions->errorHandler()
#1 /var/www/html/SIMRSHEBAT/system/Database/Postgre/Connection.php(147): pg_query()
#2 /var/www/html/SIMRSHEBAT/system/Database/BaseConnection.php(691): CodeIgniter\Database\Postgre\Connection->execute()
#3 /var/www/html/SIMRSHEBAT/system/Database/BaseConnection.php(605): CodeIgniter\Database\BaseConnection->simpleQuery()
#4 /var/www/html/SIMRSHEBAT/app/Controllers/Rekammedisirna.php(3013): CodeIgniter\Database\BaseConnection->query()
#5 /var/www/html/SIMRSHEBAT/system/CodeIgniter.php(934): App\Controllers\Rekammedisirna->load_edukasiirnautama()
#6 /var/www/html/SIMRSHEBAT/system/CodeIgniter.php(499): CodeIgniter\CodeIgniter->runController()
#7 /var/www/html/SIMRSHEBAT/system/CodeIgniter.php(368): CodeIgniter\CodeIgniter->handleRequest()
#8 /var/www/html/SIMRSHEBAT/index.php(67): CodeIgniter\CodeIgniter->run()
#9 {main}
ERROR - 2024-11-08 14:38:07 --> ErrorException: pg_query(): Query failed: ERROR:  relation &quot;detail_edukasi&quot; does not exist
LINE 1: SELECT * FROM detail_edukasi INNER JOIN pegawai USING (id_pe...
                      ^ in /var/www/html/SIMRSHEBAT/system/Database/Postgre/Connection.php:147
Stack trace:
#0 [internal function]: CodeIgniter\Debug\Exceptions->errorHandler()
#1 /var/www/html/SIMRSHEBAT/system/Database/Postgre/Connection.php(147): pg_query()
#2 /var/www/html/SIMRSHEBAT/system/Database/BaseConnection.php(691): CodeIgniter\Database\Postgre\Connection->execute()
#3 /var/www/html/SIMRSHEBAT/system/Database/BaseConnection.php(605): CodeIgniter\Database\BaseConnection->simpleQuery()
#4 /var/www/html/SIMRSHEBAT/app/Controllers/Rekammedisirna.php(3015): CodeIgniter\Database\BaseConnection->query()
#5 /var/www/html/SIMRSHEBAT/system/CodeIgniter.php(934): App\Controllers\Rekammedisirna->load_edukasiirnautama()
#6 /var/www/html/SIMRSHEBAT/system/CodeIgniter.php(499): CodeIgniter\CodeIgniter->runController()
#7 /var/www/html/SIMRSHEBAT/system/CodeIgniter.php(368): CodeIgniter\CodeIgniter->handleRequest()
#8 /var/www/html/SIMRSHEBAT/index.php(67): CodeIgniter\CodeIgniter->run()
#9 {main}
CRITICAL - 2024-11-08 14:38:07 --> Call to a member function getNumRows() on bool
in APPPATH/Controllers/Rekammedisirna.php on line 3018.
 1 SYSTEMPATH/CodeIgniter.php(934): App\Controllers\Rekammedisirna->load_edukasiirnautama()
 2 SYSTEMPATH/CodeIgniter.php(499): CodeIgniter\CodeIgniter->runController()
 3 SYSTEMPATH/CodeIgniter.php(368): CodeIgniter\CodeIgniter->handleRequest()
 4 FCPATH/index.php(67): CodeIgniter\CodeIgniter->run()
WARNING - 2024-11-08 14:38:36 --> [DEPRECATED] Creation of dynamic property App\Controllers\Laporan::$db is deprecated in APPPATH/Controllers/Api.php on line 8.
 1 SYSTEMPATH/CodeIgniter.php(906): App\Controllers\Api->__construct()
 2 SYSTEMPATH/CodeIgniter.php(490): CodeIgniter\CodeIgniter->createController()
 3 SYSTEMPATH/CodeIgniter.php(368): CodeIgniter\CodeIgniter->handleRequest(null, Object(Config\Cache), false)
 4 FCPATH/index.php(67): CodeIgniter\CodeIgniter->run()
WARNING - 2024-11-08 14:38:36 --> [DEPRECATED] Creation of dynamic property App\Controllers\Laporan::$simrs is deprecated in APPPATH/Controllers/Api.php on line 9.
 1 SYSTEMPATH/CodeIgniter.php(906): App\Controllers\Api->__construct()
 2 SYSTEMPATH/CodeIgniter.php(490): CodeIgniter\CodeIgniter->createController()
 3 SYSTEMPATH/CodeIgniter.php(368): CodeIgniter\CodeIgniter->handleRequest(null, Object(Config\Cache), false)
 4 FCPATH/index.php(67): CodeIgniter\CodeIgniter->run()
WARNING - 2024-11-08 14:38:36 --> [DEPRECATED] Creation of dynamic property App\Controllers\User::$db is deprecated in APPPATH/Controllers/Api.php on line 8.
 1 SYSTEMPATH/CodeIgniter.php(906): App\Controllers\Api->__construct()
 2 SYSTEMPATH/CodeIgniter.php(490): CodeIgniter\CodeIgniter->createController()
 3 SYSTEMPATH/CodeIgniter.php(368): CodeIgniter\CodeIgniter->handleRequest(null, Object(Config\Cache), false)
 4 FCPATH/index.php(67): CodeIgniter\CodeIgniter->run()
WARNING - 2024-11-08 14:38:36 --> [DEPRECATED] Creation of dynamic property App\Controllers\User::$simrs is deprecated in APPPATH/Controllers/Api.php on line 9.
 1 SYSTEMPATH/CodeIgniter.php(906): App\Controllers\Api->__construct()
 2 SYSTEMPATH/CodeIgniter.php(490): CodeIgniter\CodeIgniter->createController()
 3 SYSTEMPATH/CodeIgniter.php(368): CodeIgniter\CodeIgniter->handleRequest(null, Object(Config\Cache), false)
 4 FCPATH/index.php(67): CodeIgniter\CodeIgniter->run()
WARNING - 2024-11-08 14:38:41 --> [DEPRECATED] Creation of dynamic property App\Controllers\Rekammedisirna::$db is deprecated in APPPATH/Controllers/Api.php on line 8.
 1 SYSTEMPATH/CodeIgniter.php(906): App\Controllers\Api->__construct()
 2 SYSTEMPATH/CodeIgniter.php(490): CodeIgniter\CodeIgniter->createController()
 3 SYSTEMPATH/CodeIgniter.php(368): CodeIgniter\CodeIgniter->handleRequest(null, Object(Config\Cache), false)
 4 FCPATH/index.php(67): CodeIgniter\CodeIgniter->run()
WARNING - 2024-11-08 14:38:41 --> [DEPRECATED] Creation of dynamic property App\Controllers\Rekammedisirna::$simrs is deprecated in APPPATH/Controllers/Api.php on line 9.
 1 SYSTEMPATH/CodeIgniter.php(906): App\Controllers\Api->__construct()
 2 SYSTEMPATH/CodeIgniter.php(490): CodeIgniter\CodeIgniter->createController()
 3 SYSTEMPATH/CodeIgniter.php(368): CodeIgniter\CodeIgniter->handleRequest(null, Object(Config\Cache), false)
 4 FCPATH/index.php(67): CodeIgniter\CodeIgniter->run()
WARNING - 2024-11-08 14:38:41 --> [DEPRECATED] Creation of dynamic property App\Controllers\Rekammedisirna::$db is deprecated in APPPATH/Controllers/Api.php on line 8.
 1 SYSTEMPATH/CodeIgniter.php(906): App\Controllers\Api->__construct()
 2 SYSTEMPATH/CodeIgniter.php(490): CodeIgniter\CodeIgniter->createController()
 3 SYSTEMPATH/CodeIgniter.php(368): CodeIgniter\CodeIgniter->handleRequest(null, Object(Config\Cache), false)
 4 FCPATH/index.php(67): CodeIgniter\CodeIgniter->run()
WARNING - 2024-11-08 14:38:41 --> [DEPRECATED] Creation of dynamic property App\Controllers\Rekammedisirna::$simrs is deprecated in APPPATH/Controllers/Api.php on line 9.
 1 SYSTEMPATH/CodeIgniter.php(906): App\Controllers\Api->__construct()
 2 SYSTEMPATH/CodeIgniter.php(490): CodeIgniter\CodeIgniter->createController()
 3 SYSTEMPATH/CodeIgniter.php(368): CodeIgniter\CodeIgniter->handleRequest(null, Object(Config\Cache), false)
 4 FCPATH/index.php(67): CodeIgniter\CodeIgniter->run()
WARNING - 2024-11-08 14:38:41 --> [DEPRECATED] Creation of dynamic property App\Controllers\Rekammedisirna::$db is deprecated in APPPATH/Controllers/Api.php on line 8.
 1 SYSTEMPATH/CodeIgniter.php(906): App\Controllers\Api->__construct()
 2 SYSTEMPATH/CodeIgniter.php(490): CodeIgniter\CodeIgniter->createController()
 3 SYSTEMPATH/CodeIgniter.php(368): CodeIgniter\CodeIgniter->handleRequest(null, Object(Config\Cache), false)
 4 FCPATH/index.php(67): CodeIgniter\CodeIgniter->run()
WARNING - 2024-11-08 14:38:41 --> [DEPRECATED] Creation of dynamic property App\Controllers\Rekammedisirna::$simrs is deprecated in APPPATH/Controllers/Api.php on line 9.
 1 SYSTEMPATH/CodeIgniter.php(906): App\Controllers\Api->__construct()
 2 SYSTEMPATH/CodeIgniter.php(490): CodeIgniter\CodeIgniter->createController()
 3 SYSTEMPATH/CodeIgniter.php(368): CodeIgniter\CodeIgniter->handleRequest(null, Object(Config\Cache), false)
 4 FCPATH/index.php(67): CodeIgniter\CodeIgniter->run()
WARNING - 2024-11-08 14:38:43 --> [DEPRECATED] Creation of dynamic property App\Controllers\Rekammedisirja::$db is deprecated in APPPATH/Controllers/Api.php on line 8.
 1 SYSTEMPATH/CodeIgniter.php(906): App\Controllers\Api->__construct()
 2 SYSTEMPATH/CodeIgniter.php(490): CodeIgniter\CodeIgniter->createController()
 3 SYSTEMPATH/CodeIgniter.php(368): CodeIgniter\CodeIgniter->handleRequest(null, Object(Config\Cache), false)
 4 FCPATH/index.php(67): CodeIgniter\CodeIgniter->run()
WARNING - 2024-11-08 14:38:43 --> [DEPRECATED] Creation of dynamic property App\Controllers\Rekammedisirja::$simrs is deprecated in APPPATH/Controllers/Api.php on line 9.
 1 SYSTEMPATH/CodeIgniter.php(906): App\Controllers\Api->__construct()
 2 SYSTEMPATH/CodeIgniter.php(490): CodeIgniter\CodeIgniter->createController()
 3 SYSTEMPATH/CodeIgniter.php(368): CodeIgniter\CodeIgniter->handleRequest(null, Object(Config\Cache), false)
 4 FCPATH/index.php(67): CodeIgniter\CodeIgniter->run()
WARNING - 2024-11-08 14:38:43 --> [DEPRECATED] Creation of dynamic property App\Controllers\Rekammedisirja::$db is deprecated in APPPATH/Controllers/Api.php on line 8.
 1 SYSTEMPATH/CodeIgniter.php(906): App\Controllers\Api->__construct()
 2 SYSTEMPATH/CodeIgniter.php(490): CodeIgniter\CodeIgniter->createController()
 3 SYSTEMPATH/CodeIgniter.php(368): CodeIgniter\CodeIgniter->handleRequest(null, Object(Config\Cache), false)
 4 FCPATH/index.php(67): CodeIgniter\CodeIgniter->run()
WARNING - 2024-11-08 14:38:43 --> [DEPRECATED] Creation of dynamic property App\Controllers\Rekammedisirja::$simrs is deprecated in APPPATH/Controllers/Api.php on line 9.
 1 SYSTEMPATH/CodeIgniter.php(906): App\Controllers\Api->__construct()
 2 SYSTEMPATH/CodeIgniter.php(490): CodeIgniter\CodeIgniter->createController()
 3 SYSTEMPATH/CodeIgniter.php(368): CodeIgniter\CodeIgniter->handleRequest(null, Object(Config\Cache), false)
 4 FCPATH/index.php(67): CodeIgniter\CodeIgniter->run()
WARNING - 2024-11-08 14:38:43 --> [DEPRECATED] Creation of dynamic property App\Controllers\Rawatjalan::$db is deprecated in APPPATH/Controllers/Api.php on line 8.
 1 SYSTEMPATH/CodeIgniter.php(906): App\Controllers\Api->__construct()
 2 SYSTEMPATH/CodeIgniter.php(490): CodeIgniter\CodeIgniter->createController()
 3 SYSTEMPATH/CodeIgniter.php(368): CodeIgniter\CodeIgniter->handleRequest(null, Object(Config\Cache), false)
 4 FCPATH/index.php(67): CodeIgniter\CodeIgniter->run()
WARNING - 2024-11-08 14:38:43 --> [DEPRECATED] Creation of dynamic property App\Controllers\Rawatjalan::$simrs is deprecated in APPPATH/Controllers/Api.php on line 9.
 1 SYSTEMPATH/CodeIgniter.php(906): App\Controllers\Api->__construct()
 2 SYSTEMPATH/CodeIgniter.php(490): CodeIgniter\CodeIgniter->createController()
 3 SYSTEMPATH/CodeIgniter.php(368): CodeIgniter\CodeIgniter->handleRequest(null, Object(Config\Cache), false)
 4 FCPATH/index.php(67): CodeIgniter\CodeIgniter->run()
ERROR - 2024-11-08 14:38:43 --> ErrorException: pg_query(): Query failed: ERROR:  column &quot;id_penyakit&quot; specified in USING clause does not exist in left table in /var/www/html/SIMRSHEBAT/system/Database/Postgre/Connection.php:147
Stack trace:
#0 [internal function]: CodeIgniter\Debug\Exceptions->errorHandler()
#1 /var/www/html/SIMRSHEBAT/system/Database/Postgre/Connection.php(147): pg_query()
#2 /var/www/html/SIMRSHEBAT/system/Database/BaseConnection.php(691): CodeIgniter\Database\Postgre\Connection->execute()
#3 /var/www/html/SIMRSHEBAT/app/Controllers/Rekammedisirja.php(453): CodeIgniter\Database\BaseConnection->simpleQuery()
#4 /var/www/html/SIMRSHEBAT/system/CodeIgniter.php(934): App\Controllers\Rekammedisirja->datamrpenyakitirja()
#5 /var/www/html/SIMRSHEBAT/system/CodeIgniter.php(499): CodeIgniter\CodeIgniter->runController()
#6 /var/www/html/SIMRSHEBAT/system/CodeIgniter.php(368): CodeIgniter\CodeIgniter->handleRequest()
#7 /var/www/html/SIMRSHEBAT/index.php(67): CodeIgniter\CodeIgniter->run()
#8 {main}
ERROR - 2024-11-08 14:38:43 --> ErrorException: pg_query(): Query failed: ERROR:  column &quot;jenis_pegawai&quot; does not exist
LINE 1: SELECT * FROM pegawai where jenis_pegawai='1'
                                    ^ in /var/www/html/SIMRSHEBAT/system/Database/Postgre/Connection.php:147
Stack trace:
#0 [internal function]: CodeIgniter\Debug\Exceptions->errorHandler()
#1 /var/www/html/SIMRSHEBAT/system/Database/Postgre/Connection.php(147): pg_query()
#2 /var/www/html/SIMRSHEBAT/system/Database/BaseConnection.php(691): CodeIgniter\Database\Postgre\Connection->execute()
#3 /var/www/html/SIMRSHEBAT/system/Database/BaseConnection.php(605): CodeIgniter\Database\BaseConnection->simpleQuery()
#4 /var/www/html/SIMRSHEBAT/app/Controllers/Rawatjalan.php(32): CodeIgniter\Database\BaseConnection->query()
#5 /var/www/html/SIMRSHEBAT/system/CodeIgniter.php(934): App\Controllers\Rawatjalan->pegawai()
#6 /var/www/html/SIMRSHEBAT/system/CodeIgniter.php(499): CodeIgniter\CodeIgniter->runController()
#7 /var/www/html/SIMRSHEBAT/system/CodeIgniter.php(368): CodeIgniter\CodeIgniter->handleRequest()
#8 /var/www/html/SIMRSHEBAT/index.php(67): CodeIgniter\CodeIgniter->run()
#9 {main}
CRITICAL - 2024-11-08 14:38:43 --> Call to a member function getResult() on bool
in APPPATH/Controllers/Rawatjalan.php on line 35.
 1 SYSTEMPATH/CodeIgniter.php(934): App\Controllers\Rawatjalan->pegawai()
 2 SYSTEMPATH/CodeIgniter.php(499): CodeIgniter\CodeIgniter->runController()
 3 SYSTEMPATH/CodeIgniter.php(368): CodeIgniter\CodeIgniter->handleRequest()
 4 FCPATH/index.php(67): CodeIgniter\CodeIgniter->run()
ERROR - 2024-11-08 14:38:43 --> ErrorException: pg_query(): Query failed: ERROR:  column &quot;id_kunjungan&quot; does not exist
LINE 2: ...mr_tindakan inner join icd_9 USING(kd_icd9) where id_kunjung...
                                                             ^ in /var/www/html/SIMRSHEBAT/system/Database/Postgre/Connection.php:147
Stack trace:
#0 [internal function]: CodeIgniter\Debug\Exceptions->errorHandler()
#1 /var/www/html/SIMRSHEBAT/system/Database/Postgre/Connection.php(147): pg_query()
#2 /var/www/html/SIMRSHEBAT/system/Database/BaseConnection.php(691): CodeIgniter\Database\Postgre\Connection->execute()
#3 /var/www/html/SIMRSHEBAT/app/Controllers/Rekammedisirja.php(411): CodeIgniter\Database\BaseConnection->simpleQuery()
#4 /var/www/html/SIMRSHEBAT/system/CodeIgniter.php(934): App\Controllers\Rekammedisirja->datamricd9irja()
#5 /var/www/html/SIMRSHEBAT/system/CodeIgniter.php(499): CodeIgniter\CodeIgniter->runController()
#6 /var/www/html/SIMRSHEBAT/system/CodeIgniter.php(368): CodeIgniter\CodeIgniter->handleRequest()
#7 /var/www/html/SIMRSHEBAT/index.php(67): CodeIgniter\CodeIgniter->run()
#8 {main}
WARNING - 2024-11-08 14:38:43 --> [DEPRECATED] Creation of dynamic property App\Controllers\Lab::$db is deprecated in APPPATH/Controllers/Api.php on line 8.
 1 SYSTEMPATH/CodeIgniter.php(906): App\Controllers\Api->__construct()
 2 SYSTEMPATH/CodeIgniter.php(490): CodeIgniter\CodeIgniter->createController()
 3 SYSTEMPATH/CodeIgniter.php(368): CodeIgniter\CodeIgniter->handleRequest(null, Object(Config\Cache), false)
 4 FCPATH/index.php(67): CodeIgniter\CodeIgniter->run()
WARNING - 2024-11-08 14:38:43 --> [DEPRECATED] Creation of dynamic property App\Controllers\Lab::$simrs is deprecated in APPPATH/Controllers/Api.php on line 9.
 1 SYSTEMPATH/CodeIgniter.php(906): App\Controllers\Api->__construct()
 2 SYSTEMPATH/CodeIgniter.php(490): CodeIgniter\CodeIgniter->createController()
 3 SYSTEMPATH/CodeIgniter.php(368): CodeIgniter\CodeIgniter->handleRequest(null, Object(Config\Cache), false)
 4 FCPATH/index.php(67): CodeIgniter\CodeIgniter->run()
WARNING - 2024-11-08 14:38:43 --> [DEPRECATED] Creation of dynamic property App\Controllers\Lab::$db is deprecated in APPPATH/Controllers/Api.php on line 8.
 1 SYSTEMPATH/CodeIgniter.php(906): App\Controllers\Api->__construct()
 2 SYSTEMPATH/CodeIgniter.php(490): CodeIgniter\CodeIgniter->createController()
 3 SYSTEMPATH/CodeIgniter.php(368): CodeIgniter\CodeIgniter->handleRequest(null, Object(Config\Cache), false)
 4 FCPATH/index.php(67): CodeIgniter\CodeIgniter->run()
WARNING - 2024-11-08 14:38:43 --> [DEPRECATED] Creation of dynamic property App\Controllers\Lab::$simrs is deprecated in APPPATH/Controllers/Api.php on line 9.
 1 SYSTEMPATH/CodeIgniter.php(906): App\Controllers\Api->__construct()
 2 SYSTEMPATH/CodeIgniter.php(490): CodeIgniter\CodeIgniter->createController()
 3 SYSTEMPATH/CodeIgniter.php(368): CodeIgniter\CodeIgniter->handleRequest(null, Object(Config\Cache), false)
 4 FCPATH/index.php(67): CodeIgniter\CodeIgniter->run()
WARNING - 2024-11-08 14:38:43 --> [DEPRECATED] Creation of dynamic property App\Controllers\Lab::$db is deprecated in APPPATH/Controllers/Api.php on line 8.
 1 SYSTEMPATH/CodeIgniter.php(906): App\Controllers\Api->__construct()
 2 SYSTEMPATH/CodeIgniter.php(490): CodeIgniter\CodeIgniter->createController()
 3 SYSTEMPATH/CodeIgniter.php(368): CodeIgniter\CodeIgniter->handleRequest(null, Object(Config\Cache), false)
 4 FCPATH/index.php(67): CodeIgniter\CodeIgniter->run()
WARNING - 2024-11-08 14:38:43 --> [DEPRECATED] Creation of dynamic property App\Controllers\Lab::$simrs is deprecated in APPPATH/Controllers/Api.php on line 9.
 1 SYSTEMPATH/CodeIgniter.php(906): App\Controllers\Api->__construct()
 2 SYSTEMPATH/CodeIgniter.php(490): CodeIgniter\CodeIgniter->createController()
 3 SYSTEMPATH/CodeIgniter.php(368): CodeIgniter\CodeIgniter->handleRequest(null, Object(Config\Cache), false)
 4 FCPATH/index.php(67): CodeIgniter\CodeIgniter->run()
ERROR - 2024-11-08 14:38:43 --> ErrorException: pg_query(): Query failed: ERROR:  column &quot;id_jenis_produk&quot; does not exist
LINE 1: SELECT * from produk WHERE id_jenis_produk='3' 
                                   ^ in /var/www/html/SIMRSHEBAT/system/Database/Postgre/Connection.php:147
Stack trace:
#0 [internal function]: CodeIgniter\Debug\Exceptions->errorHandler()
#1 /var/www/html/SIMRSHEBAT/system/Database/Postgre/Connection.php(147): pg_query()
#2 /var/www/html/SIMRSHEBAT/system/Database/BaseConnection.php(691): CodeIgniter\Database\Postgre\Connection->execute()
#3 /var/www/html/SIMRSHEBAT/system/Database/BaseConnection.php(605): CodeIgniter\Database\BaseConnection->simpleQuery()
#4 /var/www/html/SIMRSHEBAT/app/Controllers/Lab.php(447): CodeIgniter\Database\BaseConnection->query()
#5 /var/www/html/SIMRSHEBAT/system/CodeIgniter.php(934): App\Controllers\Lab->produk()
#6 /var/www/html/SIMRSHEBAT/system/CodeIgniter.php(499): CodeIgniter\CodeIgniter->runController()
#7 /var/www/html/SIMRSHEBAT/system/CodeIgniter.php(368): CodeIgniter\CodeIgniter->handleRequest()
#8 /var/www/html/SIMRSHEBAT/index.php(67): CodeIgniter\CodeIgniter->run()
#9 {main}
ERROR - 2024-11-08 14:38:43 --> ErrorException: pg_query(): Query failed: ERROR:  function left(integer, integer) does not exist
LINE 1: SELECT * from produk WHERE left(kd_produk,2)='CT' 
                                   ^
HINT:  No function matches the given name and argument types. You might need to add explicit type casts. in /var/www/html/SIMRSHEBAT/system/Database/Postgre/Connection.php:147
Stack trace:
#0 [internal function]: CodeIgniter\Debug\Exceptions->errorHandler()
#1 /var/www/html/SIMRSHEBAT/system/Database/Postgre/Connection.php(147): pg_query()
#2 /var/www/html/SIMRSHEBAT/system/Database/BaseConnection.php(691): CodeIgniter\Database\Postgre\Connection->execute()
#3 /var/www/html/SIMRSHEBAT/system/Database/BaseConnection.php(605): CodeIgniter\Database\BaseConnection->simpleQuery()
#4 /var/www/html/SIMRSHEBAT/app/Controllers/Lab.php(465): CodeIgniter\Database\BaseConnection->query()
#5 /var/www/html/SIMRSHEBAT/system/CodeIgniter.php(934): App\Controllers\Lab->produkRad()
#6 /var/www/html/SIMRSHEBAT/system/CodeIgniter.php(499): CodeIgniter\CodeIgniter->runController()
#7 /var/www/html/SIMRSHEBAT/system/CodeIgniter.php(368): CodeIgniter\CodeIgniter->handleRequest()
#8 /var/www/html/SIMRSHEBAT/index.php(67): CodeIgniter\CodeIgniter->run()
#9 {main}
ERROR - 2024-11-08 14:38:43 --> ErrorException: pg_query(): Query failed: ERROR:  function left(integer, integer) does not exist
LINE 1: SELECT * from produk WHERE left(kd_produk,2)='XR' 
                                   ^
HINT:  No function matches the given name and argument types. You might need to add explicit type casts. in /var/www/html/SIMRSHEBAT/system/Database/Postgre/Connection.php:147
Stack trace:
#0 [internal function]: CodeIgniter\Debug\Exceptions->errorHandler()
#1 /var/www/html/SIMRSHEBAT/system/Database/Postgre/Connection.php(147): pg_query()
#2 /var/www/html/SIMRSHEBAT/system/Database/BaseConnection.php(691): CodeIgniter\Database\Postgre\Connection->execute()
#3 /var/www/html/SIMRSHEBAT/system/Database/BaseConnection.php(605): CodeIgniter\Database\BaseConnection->simpleQuery()
#4 /var/www/html/SIMRSHEBAT/app/Controllers/Lab.php(465): CodeIgniter\Database\BaseConnection->query()
#5 /var/www/html/SIMRSHEBAT/system/CodeIgniter.php(934): App\Controllers\Lab->produkRad()
#6 /var/www/html/SIMRSHEBAT/system/CodeIgniter.php(499): CodeIgniter\CodeIgniter->runController()
#7 /var/www/html/SIMRSHEBAT/system/CodeIgniter.php(368): CodeIgniter\CodeIgniter->handleRequest()
#8 /var/www/html/SIMRSHEBAT/index.php(67): CodeIgniter\CodeIgniter->run()
#9 {main}
CRITICAL - 2024-11-08 14:38:43 --> Call to a member function getResult() on bool
in APPPATH/Controllers/Lab.php on line 447.
 1 SYSTEMPATH/CodeIgniter.php(934): App\Controllers\Lab->produk()
 2 SYSTEMPATH/CodeIgniter.php(499): CodeIgniter\CodeIgniter->runController()
 3 SYSTEMPATH/CodeIgniter.php(368): CodeIgniter\CodeIgniter->handleRequest()
 4 FCPATH/index.php(67): CodeIgniter\CodeIgniter->run()
CRITICAL - 2024-11-08 14:38:43 --> Call to a member function getResult() on bool
in APPPATH/Controllers/Lab.php on line 465.
 1 SYSTEMPATH/CodeIgniter.php(934): App\Controllers\Lab->produkRad()
 2 SYSTEMPATH/CodeIgniter.php(499): CodeIgniter\CodeIgniter->runController()
 3 SYSTEMPATH/CodeIgniter.php(368): CodeIgniter\CodeIgniter->handleRequest()
 4 FCPATH/index.php(67): CodeIgniter\CodeIgniter->run()
CRITICAL - 2024-11-08 14:38:43 --> Call to a member function getResult() on bool
in APPPATH/Controllers/Lab.php on line 465.
 1 SYSTEMPATH/CodeIgniter.php(934): App\Controllers\Lab->produkRad()
 2 SYSTEMPATH/CodeIgniter.php(499): CodeIgniter\CodeIgniter->runController()
 3 SYSTEMPATH/CodeIgniter.php(368): CodeIgniter\CodeIgniter->handleRequest()
 4 FCPATH/index.php(67): CodeIgniter\CodeIgniter->run()
WARNING - 2024-11-08 14:38:43 --> [DEPRECATED] Creation of dynamic property App\Controllers\Kunjungan::$db is deprecated in APPPATH/Controllers/Api.php on line 8.
 1 SYSTEMPATH/CodeIgniter.php(906): App\Controllers\Api->__construct()
 2 SYSTEMPATH/CodeIgniter.php(490): CodeIgniter\CodeIgniter->createController()
 3 SYSTEMPATH/CodeIgniter.php(368): CodeIgniter\CodeIgniter->handleRequest(null, Object(Config\Cache), false)
 4 FCPATH/index.php(67): CodeIgniter\CodeIgniter->run()
WARNING - 2024-11-08 14:38:43 --> [DEPRECATED] Creation of dynamic property App\Controllers\Rekammedisirna::$db is deprecated in APPPATH/Controllers/Api.php on line 8.
 1 SYSTEMPATH/CodeIgniter.php(906): App\Controllers\Api->__construct()
 2 SYSTEMPATH/CodeIgniter.php(490): CodeIgniter\CodeIgniter->createController()
 3 SYSTEMPATH/CodeIgniter.php(368): CodeIgniter\CodeIgniter->handleRequest(null, Object(Config\Cache), false)
 4 FCPATH/index.php(67): CodeIgniter\CodeIgniter->run()
WARNING - 2024-11-08 14:38:43 --> [DEPRECATED] Creation of dynamic property App\Controllers\Lab::$db is deprecated in APPPATH/Controllers/Api.php on line 8.
 1 SYSTEMPATH/CodeIgniter.php(906): App\Controllers\Api->__construct()
 2 SYSTEMPATH/CodeIgniter.php(490): CodeIgniter\CodeIgniter->createController()
 3 SYSTEMPATH/CodeIgniter.php(368): CodeIgniter\CodeIgniter->handleRequest(null, Object(Config\Cache), false)
 4 FCPATH/index.php(67): CodeIgniter\CodeIgniter->run()
WARNING - 2024-11-08 14:38:43 --> [DEPRECATED] Creation of dynamic property App\Controllers\Kunjungan::$simrs is deprecated in APPPATH/Controllers/Api.php on line 9.
 1 SYSTEMPATH/CodeIgniter.php(906): App\Controllers\Api->__construct()
 2 SYSTEMPATH/CodeIgniter.php(490): CodeIgniter\CodeIgniter->createController()
 3 SYSTEMPATH/CodeIgniter.php(368): CodeIgniter\CodeIgniter->handleRequest(null, Object(Config\Cache), false)
 4 FCPATH/index.php(67): CodeIgniter\CodeIgniter->run()
WARNING - 2024-11-08 14:38:43 --> [DEPRECATED] Creation of dynamic property App\Controllers\Rekammedisirna::$simrs is deprecated in APPPATH/Controllers/Api.php on line 9.
 1 SYSTEMPATH/CodeIgniter.php(906): App\Controllers\Api->__construct()
 2 SYSTEMPATH/CodeIgniter.php(490): CodeIgniter\CodeIgniter->createController()
 3 SYSTEMPATH/CodeIgniter.php(368): CodeIgniter\CodeIgniter->handleRequest(null, Object(Config\Cache), false)
 4 FCPATH/index.php(67): CodeIgniter\CodeIgniter->run()
WARNING - 2024-11-08 14:38:43 --> [DEPRECATED] Creation of dynamic property App\Controllers\Lab::$simrs is deprecated in APPPATH/Controllers/Api.php on line 9.
 1 SYSTEMPATH/CodeIgniter.php(906): App\Controllers\Api->__construct()
 2 SYSTEMPATH/CodeIgniter.php(490): CodeIgniter\CodeIgniter->createController()
 3 SYSTEMPATH/CodeIgniter.php(368): CodeIgniter\CodeIgniter->handleRequest(null, Object(Config\Cache), false)
 4 FCPATH/index.php(67): CodeIgniter\CodeIgniter->run()
ERROR - 2024-11-08 14:38:43 --> ErrorException: pg_query(): Query failed: ERROR:  relation &quot;order_lab&quot; does not exist
LINE 2:         order_lab o inner join
                ^ in /var/www/html/SIMRSHEBAT/system/Database/Postgre/Connection.php:147
Stack trace:
#0 [internal function]: CodeIgniter\Debug\Exceptions->errorHandler()
#1 /var/www/html/SIMRSHEBAT/system/Database/Postgre/Connection.php(147): pg_query()
#2 /var/www/html/SIMRSHEBAT/system/Database/BaseConnection.php(691): CodeIgniter\Database\Postgre\Connection->execute()
#3 /var/www/html/SIMRSHEBAT/app/Controllers/Rekammedisirna.php(823): CodeIgniter\Database\BaseConnection->simpleQuery()
#4 /var/www/html/SIMRSHEBAT/system/CodeIgniter.php(934): App\Controllers\Rekammedisirna->datapenunjangpasienirna()
#5 /var/www/html/SIMRSHEBAT/system/CodeIgniter.php(499): CodeIgniter\CodeIgniter->runController()
#6 /var/www/html/SIMRSHEBAT/system/CodeIgniter.php(368): CodeIgniter\CodeIgniter->handleRequest()
#7 /var/www/html/SIMRSHEBAT/index.php(67): CodeIgniter\CodeIgniter->run()
#8 {main}
ERROR - 2024-11-08 14:38:43 --> ErrorException: pg_query(): Query failed: ERROR:  column &quot;id_penyakit&quot; specified in USING clause does not exist in left table in /var/www/html/SIMRSHEBAT/system/Database/Postgre/Connection.php:147
Stack trace:
#0 [internal function]: CodeIgniter\Debug\Exceptions->errorHandler()
#1 /var/www/html/SIMRSHEBAT/system/Database/Postgre/Connection.php(147): pg_query()
#2 /var/www/html/SIMRSHEBAT/system/Database/BaseConnection.php(691): CodeIgniter\Database\Postgre\Connection->execute()
#3 /var/www/html/SIMRSHEBAT/app/Controllers/Kunjungan.php(585): CodeIgniter\Database\BaseConnection->simpleQuery()
#4 /var/www/html/SIMRSHEBAT/system/CodeIgniter.php(934): App\Controllers\Kunjungan->historipenyakit()
#5 /var/www/html/SIMRSHEBAT/system/CodeIgniter.php(499): CodeIgniter\CodeIgniter->runController()
#6 /var/www/html/SIMRSHEBAT/system/CodeIgniter.php(368): CodeIgniter\CodeIgniter->handleRequest()
#7 /var/www/html/SIMRSHEBAT/index.php(67): CodeIgniter\CodeIgniter->run()
#8 {main}
ERROR - 2024-11-08 14:38:43 --> ErrorException: pg_query(): Query failed: ERROR:  function left(integer, integer) does not exist
LINE 1: SELECT * from produk WHERE left(kd_produk,2)='UR' 
                                   ^
HINT:  No function matches the given name and argument types. You might need to add explicit type casts. in /var/www/html/SIMRSHEBAT/system/Database/Postgre/Connection.php:147
Stack trace:
#0 [internal function]: CodeIgniter\Debug\Exceptions->errorHandler()
#1 /var/www/html/SIMRSHEBAT/system/Database/Postgre/Connection.php(147): pg_query()
#2 /var/www/html/SIMRSHEBAT/system/Database/BaseConnection.php(691): CodeIgniter\Database\Postgre\Connection->execute()
#3 /var/www/html/SIMRSHEBAT/system/Database/BaseConnection.php(605): CodeIgniter\Database\BaseConnection->simpleQuery()
#4 /var/www/html/SIMRSHEBAT/app/Controllers/Lab.php(465): CodeIgniter\Database\BaseConnection->query()
#5 /var/www/html/SIMRSHEBAT/system/CodeIgniter.php(934): App\Controllers\Lab->produkRad()
#6 /var/www/html/SIMRSHEBAT/system/CodeIgniter.php(499): CodeIgniter\CodeIgniter->runController()
#7 /var/www/html/SIMRSHEBAT/system/CodeIgniter.php(368): CodeIgniter\CodeIgniter->handleRequest()
#8 /var/www/html/SIMRSHEBAT/index.php(67): CodeIgniter\CodeIgniter->run()
#9 {main}
CRITICAL - 2024-11-08 14:38:43 --> Call to a member function getResult() on bool
in APPPATH/Controllers/Lab.php on line 465.
 1 SYSTEMPATH/CodeIgniter.php(934): App\Controllers\Lab->produkRad()
 2 SYSTEMPATH/CodeIgniter.php(499): CodeIgniter\CodeIgniter->runController()
 3 SYSTEMPATH/CodeIgniter.php(368): CodeIgniter\CodeIgniter->handleRequest()
 4 FCPATH/index.php(67): CodeIgniter\CodeIgniter->run()
WARNING - 2024-11-08 14:38:43 --> [DEPRECATED] Creation of dynamic property App\Controllers\Kunjungan::$db is deprecated in APPPATH/Controllers/Api.php on line 8.
 1 SYSTEMPATH/CodeIgniter.php(906): App\Controllers\Api->__construct()
 2 SYSTEMPATH/CodeIgniter.php(490): CodeIgniter\CodeIgniter->createController()
 3 SYSTEMPATH/CodeIgniter.php(368): CodeIgniter\CodeIgniter->handleRequest(null, Object(Config\Cache), false)
 4 FCPATH/index.php(67): CodeIgniter\CodeIgniter->run()
WARNING - 2024-11-08 14:38:43 --> [DEPRECATED] Creation of dynamic property App\Controllers\Kunjungan::$simrs is deprecated in APPPATH/Controllers/Api.php on line 9.
 1 SYSTEMPATH/CodeIgniter.php(906): App\Controllers\Api->__construct()
 2 SYSTEMPATH/CodeIgniter.php(490): CodeIgniter\CodeIgniter->createController()
 3 SYSTEMPATH/CodeIgniter.php(368): CodeIgniter\CodeIgniter->handleRequest(null, Object(Config\Cache), false)
 4 FCPATH/index.php(67): CodeIgniter\CodeIgniter->run()
WARNING - 2024-11-08 14:38:43 --> [DEPRECATED] Creation of dynamic property App\Controllers\Kunjungan::$db is deprecated in APPPATH/Controllers/Api.php on line 8.
 1 SYSTEMPATH/CodeIgniter.php(906): App\Controllers\Api->__construct()
 2 SYSTEMPATH/CodeIgniter.php(490): CodeIgniter\CodeIgniter->createController()
 3 SYSTEMPATH/CodeIgniter.php(368): CodeIgniter\CodeIgniter->handleRequest(null, Object(Config\Cache), false)
 4 FCPATH/index.php(67): CodeIgniter\CodeIgniter->run()
WARNING - 2024-11-08 14:38:43 --> [DEPRECATED] Creation of dynamic property App\Controllers\Kunjungan::$simrs is deprecated in APPPATH/Controllers/Api.php on line 9.
 1 SYSTEMPATH/CodeIgniter.php(906): App\Controllers\Api->__construct()
 2 SYSTEMPATH/CodeIgniter.php(490): CodeIgniter\CodeIgniter->createController()
 3 SYSTEMPATH/CodeIgniter.php(368): CodeIgniter\CodeIgniter->handleRequest(null, Object(Config\Cache), false)
 4 FCPATH/index.php(67): CodeIgniter\CodeIgniter->run()
WARNING - 2024-11-08 14:38:43 --> [DEPRECATED] Creation of dynamic property App\Controllers\Datasosial::$db is deprecated in APPPATH/Controllers/Api.php on line 8.
 1 SYSTEMPATH/CodeIgniter.php(906): App\Controllers\Api->__construct()
 2 SYSTEMPATH/CodeIgniter.php(490): CodeIgniter\CodeIgniter->createController()
 3 SYSTEMPATH/CodeIgniter.php(368): CodeIgniter\CodeIgniter->handleRequest(null, Object(Config\Cache), false)
 4 FCPATH/index.php(67): CodeIgniter\CodeIgniter->run()
WARNING - 2024-11-08 14:38:43 --> [DEPRECATED] Creation of dynamic property App\Controllers\Datasosial::$simrs is deprecated in APPPATH/Controllers/Api.php on line 9.
 1 SYSTEMPATH/CodeIgniter.php(906): App\Controllers\Api->__construct()
 2 SYSTEMPATH/CodeIgniter.php(490): CodeIgniter\CodeIgniter->createController()
 3 SYSTEMPATH/CodeIgniter.php(368): CodeIgniter\CodeIgniter->handleRequest(null, Object(Config\Cache), false)
 4 FCPATH/index.php(67): CodeIgniter\CodeIgniter->run()
ERROR - 2024-11-08 14:38:43 --> ErrorException: pg_query(): Query failed: ERROR:  relation &quot;alergi&quot; does not exist
LINE 1: SELECT * from alergi where no_rm='6-38-07-96' 
                      ^ in /var/www/html/SIMRSHEBAT/system/Database/Postgre/Connection.php:147
Stack trace:
#0 [internal function]: CodeIgniter\Debug\Exceptions->errorHandler()
#1 /var/www/html/SIMRSHEBAT/system/Database/Postgre/Connection.php(147): pg_query()
#2 /var/www/html/SIMRSHEBAT/system/Database/BaseConnection.php(691): CodeIgniter\Database\Postgre\Connection->execute()
#3 /var/www/html/SIMRSHEBAT/app/Controllers/Kunjungan.php(632): CodeIgniter\Database\BaseConnection->simpleQuery()
#4 /var/www/html/SIMRSHEBAT/system/CodeIgniter.php(934): App\Controllers\Kunjungan->historialergi()
#5 /var/www/html/SIMRSHEBAT/system/CodeIgniter.php(499): CodeIgniter\CodeIgniter->runController()
#6 /var/www/html/SIMRSHEBAT/system/CodeIgniter.php(368): CodeIgniter\CodeIgniter->handleRequest()
#7 /var/www/html/SIMRSHEBAT/index.php(67): CodeIgniter\CodeIgniter->run()
#8 {main}
ERROR - 2024-11-08 14:38:43 --> ErrorException: pg_query(): Query failed: ERROR:  column &quot;id_penyakit&quot; specified in USING clause does not exist in left table in /var/www/html/SIMRSHEBAT/system/Database/Postgre/Connection.php:147
Stack trace:
#0 [internal function]: CodeIgniter\Debug\Exceptions->errorHandler()
#1 /var/www/html/SIMRSHEBAT/system/Database/Postgre/Connection.php(147): pg_query()
#2 /var/www/html/SIMRSHEBAT/system/Database/BaseConnection.php(691): CodeIgniter\Database\Postgre\Connection->execute()
#3 /var/www/html/SIMRSHEBAT/app/Controllers/Kunjungan.php(617): CodeIgniter\Database\BaseConnection->simpleQuery()
#4 /var/www/html/SIMRSHEBAT/system/CodeIgniter.php(934): App\Controllers\Kunjungan->historipenyakitkeluarga()
#5 /var/www/html/SIMRSHEBAT/system/CodeIgniter.php(499): CodeIgniter\CodeIgniter->runController()
#6 /var/www/html/SIMRSHEBAT/system/CodeIgniter.php(368): CodeIgniter\CodeIgniter->handleRequest()
#7 /var/www/html/SIMRSHEBAT/index.php(67): CodeIgniter\CodeIgniter->run()
#8 {main}
WARNING - 2024-11-08 14:38:43 --> [DEPRECATED] Creation of dynamic property App\Controllers\Datasosial::$db is deprecated in APPPATH/Controllers/Api.php on line 8.
 1 SYSTEMPATH/CodeIgniter.php(906): App\Controllers\Api->__construct()
 2 SYSTEMPATH/CodeIgniter.php(490): CodeIgniter\CodeIgniter->createController()
 3 SYSTEMPATH/CodeIgniter.php(368): CodeIgniter\CodeIgniter->handleRequest(null, Object(Config\Cache), false)
 4 FCPATH/index.php(67): CodeIgniter\CodeIgniter->run()
WARNING - 2024-11-08 14:38:43 --> [DEPRECATED] Creation of dynamic property App\Controllers\Datasosial::$simrs is deprecated in APPPATH/Controllers/Api.php on line 9.
 1 SYSTEMPATH/CodeIgniter.php(906): App\Controllers\Api->__construct()
 2 SYSTEMPATH/CodeIgniter.php(490): CodeIgniter\CodeIgniter->createController()
 3 SYSTEMPATH/CodeIgniter.php(368): CodeIgniter\CodeIgniter->handleRequest(null, Object(Config\Cache), false)
 4 FCPATH/index.php(67): CodeIgniter\CodeIgniter->run()
WARNING - 2024-11-08 14:38:47 --> [DEPRECATED] Creation of dynamic property App\Controllers\Rekammedisirna::$db is deprecated in APPPATH/Controllers/Api.php on line 8.
 1 SYSTEMPATH/CodeIgniter.php(906): App\Controllers\Api->__construct()
 2 SYSTEMPATH/CodeIgniter.php(490): CodeIgniter\CodeIgniter->createController()
 3 SYSTEMPATH/CodeIgniter.php(368): CodeIgniter\CodeIgniter->handleRequest(null, Object(Config\Cache), false)
 4 FCPATH/index.php(67): CodeIgniter\CodeIgniter->run()
WARNING - 2024-11-08 14:38:47 --> [DEPRECATED] Creation of dynamic property App\Controllers\Rekammedisirna::$simrs is deprecated in APPPATH/Controllers/Api.php on line 9.
 1 SYSTEMPATH/CodeIgniter.php(906): App\Controllers\Api->__construct()
 2 SYSTEMPATH/CodeIgniter.php(490): CodeIgniter\CodeIgniter->createController()
 3 SYSTEMPATH/CodeIgniter.php(368): CodeIgniter\CodeIgniter->handleRequest(null, Object(Config\Cache), false)
 4 FCPATH/index.php(67): CodeIgniter\CodeIgniter->run()
WARNING - 2024-11-08 14:38:47 --> [DEPRECATED] Creation of dynamic property App\Controllers\Rekammedisirna::$db is deprecated in APPPATH/Controllers/Api.php on line 8.
 1 SYSTEMPATH/CodeIgniter.php(906): App\Controllers\Api->__construct()
 2 SYSTEMPATH/CodeIgniter.php(490): CodeIgniter\CodeIgniter->createController()
 3 SYSTEMPATH/CodeIgniter.php(368): CodeIgniter\CodeIgniter->handleRequest(null, Object(Config\Cache), false)
 4 FCPATH/index.php(67): CodeIgniter\CodeIgniter->run()
WARNING - 2024-11-08 14:38:47 --> [DEPRECATED] Creation of dynamic property App\Controllers\Rekammedisirna::$simrs is deprecated in APPPATH/Controllers/Api.php on line 9.
 1 SYSTEMPATH/CodeIgniter.php(906): App\Controllers\Api->__construct()
 2 SYSTEMPATH/CodeIgniter.php(490): CodeIgniter\CodeIgniter->createController()
 3 SYSTEMPATH/CodeIgniter.php(368): CodeIgniter\CodeIgniter->handleRequest(null, Object(Config\Cache), false)
 4 FCPATH/index.php(67): CodeIgniter\CodeIgniter->run()
CRITICAL - 2024-11-08 14:38:47 --> Undefined variable $rm
in APPPATH/Views/view/modal/rm_irna/EdukasiPasien.php on line 1539.
 1 APPPATH/Views/view/modal/rm_irna/EdukasiPasien.php(1539): CodeIgniter\Debug\Exceptions->errorHandler()
 2 SYSTEMPATH/View/View.php(213): include('APPPATH/Views/view/modal/rm_irna/EdukasiPasien.php')
 3 SYSTEMPATH/View/View.php(216): CodeIgniter\View\View->CodeIgniter\View\{closure}()
 4 SYSTEMPATH/Common.php(1184): CodeIgniter\View\View->render()
 5 APPPATH/Controllers/Rekammedisirna.php(7153): view()
 6 SYSTEMPATH/CodeIgniter.php(934): App\Controllers\Rekammedisirna->viewEdukasiPasien()
 7 SYSTEMPATH/CodeIgniter.php(499): CodeIgniter\CodeIgniter->runController()
 8 SYSTEMPATH/CodeIgniter.php(368): CodeIgniter\CodeIgniter->handleRequest()
 9 FCPATH/index.php(67): CodeIgniter\CodeIgniter->run()
ERROR - 2024-11-08 14:38:47 --> ErrorException: pg_query(): Query failed: ERROR:  relation &quot;edukasi&quot; does not exist
LINE 1: SELECT * FROM edukasi WHERE id_transaksi = '6-38-07-96' AND ...
                      ^ in /var/www/html/SIMRSHEBAT/system/Database/Postgre/Connection.php:147
Stack trace:
#0 [internal function]: CodeIgniter\Debug\Exceptions->errorHandler()
#1 /var/www/html/SIMRSHEBAT/system/Database/Postgre/Connection.php(147): pg_query()
#2 /var/www/html/SIMRSHEBAT/system/Database/BaseConnection.php(691): CodeIgniter\Database\Postgre\Connection->execute()
#3 /var/www/html/SIMRSHEBAT/system/Database/BaseConnection.php(605): CodeIgniter\Database\BaseConnection->simpleQuery()
#4 /var/www/html/SIMRSHEBAT/app/Controllers/Rekammedisirna.php(3013): CodeIgniter\Database\BaseConnection->query()
#5 /var/www/html/SIMRSHEBAT/system/CodeIgniter.php(934): App\Controllers\Rekammedisirna->load_edukasiirnautama()
#6 /var/www/html/SIMRSHEBAT/system/CodeIgniter.php(499): CodeIgniter\CodeIgniter->runController()
#7 /var/www/html/SIMRSHEBAT/system/CodeIgniter.php(368): CodeIgniter\CodeIgniter->handleRequest()
#8 /var/www/html/SIMRSHEBAT/index.php(67): CodeIgniter\CodeIgniter->run()
#9 {main}
ERROR - 2024-11-08 14:38:47 --> ErrorException: pg_query(): Query failed: ERROR:  relation &quot;detail_edukasi&quot; does not exist
LINE 1: SELECT * FROM detail_edukasi INNER JOIN pegawai USING (id_pe...
                      ^ in /var/www/html/SIMRSHEBAT/system/Database/Postgre/Connection.php:147
Stack trace:
#0 [internal function]: CodeIgniter\Debug\Exceptions->errorHandler()
#1 /var/www/html/SIMRSHEBAT/system/Database/Postgre/Connection.php(147): pg_query()
#2 /var/www/html/SIMRSHEBAT/system/Database/BaseConnection.php(691): CodeIgniter\Database\Postgre\Connection->execute()
#3 /var/www/html/SIMRSHEBAT/system/Database/BaseConnection.php(605): CodeIgniter\Database\BaseConnection->simpleQuery()
#4 /var/www/html/SIMRSHEBAT/app/Controllers/Rekammedisirna.php(3015): CodeIgniter\Database\BaseConnection->query()
#5 /var/www/html/SIMRSHEBAT/system/CodeIgniter.php(934): App\Controllers\Rekammedisirna->load_edukasiirnautama()
#6 /var/www/html/SIMRSHEBAT/system/CodeIgniter.php(499): CodeIgniter\CodeIgniter->runController()
#7 /var/www/html/SIMRSHEBAT/system/CodeIgniter.php(368): CodeIgniter\CodeIgniter->handleRequest()
#8 /var/www/html/SIMRSHEBAT/index.php(67): CodeIgniter\CodeIgniter->run()
#9 {main}
CRITICAL - 2024-11-08 14:38:47 --> Call to a member function getNumRows() on bool
in APPPATH/Controllers/Rekammedisirna.php on line 3018.
 1 SYSTEMPATH/CodeIgniter.php(934): App\Controllers\Rekammedisirna->load_edukasiirnautama()
 2 SYSTEMPATH/CodeIgniter.php(499): CodeIgniter\CodeIgniter->runController()
 3 SYSTEMPATH/CodeIgniter.php(368): CodeIgniter\CodeIgniter->handleRequest()
 4 FCPATH/index.php(67): CodeIgniter\CodeIgniter->run()
WARNING - 2024-11-08 14:44:28 --> [DEPRECATED] Creation of dynamic property App\Controllers\Laporan::$db is deprecated in APPPATH/Controllers/Api.php on line 8.
 1 SYSTEMPATH/CodeIgniter.php(906): App\Controllers\Api->__construct()
 2 SYSTEMPATH/CodeIgniter.php(490): CodeIgniter\CodeIgniter->createController()
 3 SYSTEMPATH/CodeIgniter.php(368): CodeIgniter\CodeIgniter->handleRequest(null, Object(Config\Cache), false)
 4 FCPATH/index.php(67): CodeIgniter\CodeIgniter->run()
WARNING - 2024-11-08 14:44:28 --> [DEPRECATED] Creation of dynamic property App\Controllers\Laporan::$simrs is deprecated in APPPATH/Controllers/Api.php on line 9.
 1 SYSTEMPATH/CodeIgniter.php(906): App\Controllers\Api->__construct()
 2 SYSTEMPATH/CodeIgniter.php(490): CodeIgniter\CodeIgniter->createController()
 3 SYSTEMPATH/CodeIgniter.php(368): CodeIgniter\CodeIgniter->handleRequest(null, Object(Config\Cache), false)
 4 FCPATH/index.php(67): CodeIgniter\CodeIgniter->run()
WARNING - 2024-11-08 14:44:28 --> [DEPRECATED] Creation of dynamic property App\Controllers\User::$db is deprecated in APPPATH/Controllers/Api.php on line 8.
 1 SYSTEMPATH/CodeIgniter.php(906): App\Controllers\Api->__construct()
 2 SYSTEMPATH/CodeIgniter.php(490): CodeIgniter\CodeIgniter->createController()
 3 SYSTEMPATH/CodeIgniter.php(368): CodeIgniter\CodeIgniter->handleRequest(null, Object(Config\Cache), false)
 4 FCPATH/index.php(67): CodeIgniter\CodeIgniter->run()
WARNING - 2024-11-08 14:44:28 --> [DEPRECATED] Creation of dynamic property App\Controllers\User::$simrs is deprecated in APPPATH/Controllers/Api.php on line 9.
 1 SYSTEMPATH/CodeIgniter.php(906): App\Controllers\Api->__construct()
 2 SYSTEMPATH/CodeIgniter.php(490): CodeIgniter\CodeIgniter->createController()
 3 SYSTEMPATH/CodeIgniter.php(368): CodeIgniter\CodeIgniter->handleRequest(null, Object(Config\Cache), false)
 4 FCPATH/index.php(67): CodeIgniter\CodeIgniter->run()
WARNING - 2024-11-08 14:44:33 --> [DEPRECATED] Creation of dynamic property App\Controllers\Rekammedisirna::$db is deprecated in APPPATH/Controllers/Api.php on line 8.
 1 SYSTEMPATH/CodeIgniter.php(906): App\Controllers\Api->__construct()
 2 SYSTEMPATH/CodeIgniter.php(490): CodeIgniter\CodeIgniter->createController()
 3 SYSTEMPATH/CodeIgniter.php(368): CodeIgniter\CodeIgniter->handleRequest(null, Object(Config\Cache), false)
 4 FCPATH/index.php(67): CodeIgniter\CodeIgniter->run()
WARNING - 2024-11-08 14:44:33 --> [DEPRECATED] Creation of dynamic property App\Controllers\Rekammedisirna::$simrs is deprecated in APPPATH/Controllers/Api.php on line 9.
 1 SYSTEMPATH/CodeIgniter.php(906): App\Controllers\Api->__construct()
 2 SYSTEMPATH/CodeIgniter.php(490): CodeIgniter\CodeIgniter->createController()
 3 SYSTEMPATH/CodeIgniter.php(368): CodeIgniter\CodeIgniter->handleRequest(null, Object(Config\Cache), false)
 4 FCPATH/index.php(67): CodeIgniter\CodeIgniter->run()
WARNING - 2024-11-08 14:44:33 --> [DEPRECATED] Creation of dynamic property App\Controllers\Rekammedisirna::$db is deprecated in APPPATH/Controllers/Api.php on line 8.
 1 SYSTEMPATH/CodeIgniter.php(906): App\Controllers\Api->__construct()
 2 SYSTEMPATH/CodeIgniter.php(490): CodeIgniter\CodeIgniter->createController()
 3 SYSTEMPATH/CodeIgniter.php(368): CodeIgniter\CodeIgniter->handleRequest(null, Object(Config\Cache), false)
 4 FCPATH/index.php(67): CodeIgniter\CodeIgniter->run()
WARNING - 2024-11-08 14:44:33 --> [DEPRECATED] Creation of dynamic property App\Controllers\Rekammedisirna::$simrs is deprecated in APPPATH/Controllers/Api.php on line 9.
 1 SYSTEMPATH/CodeIgniter.php(906): App\Controllers\Api->__construct()
 2 SYSTEMPATH/CodeIgniter.php(490): CodeIgniter\CodeIgniter->createController()
 3 SYSTEMPATH/CodeIgniter.php(368): CodeIgniter\CodeIgniter->handleRequest(null, Object(Config\Cache), false)
 4 FCPATH/index.php(67): CodeIgniter\CodeIgniter->run()
WARNING - 2024-11-08 14:44:33 --> [DEPRECATED] Creation of dynamic property App\Controllers\Rekammedisirna::$db is deprecated in APPPATH/Controllers/Api.php on line 8.
 1 SYSTEMPATH/CodeIgniter.php(906): App\Controllers\Api->__construct()
 2 SYSTEMPATH/CodeIgniter.php(490): CodeIgniter\CodeIgniter->createController()
 3 SYSTEMPATH/CodeIgniter.php(368): CodeIgniter\CodeIgniter->handleRequest(null, Object(Config\Cache), false)
 4 FCPATH/index.php(67): CodeIgniter\CodeIgniter->run()
WARNING - 2024-11-08 14:44:33 --> [DEPRECATED] Creation of dynamic property App\Controllers\Rekammedisirna::$simrs is deprecated in APPPATH/Controllers/Api.php on line 9.
 1 SYSTEMPATH/CodeIgniter.php(906): App\Controllers\Api->__construct()
 2 SYSTEMPATH/CodeIgniter.php(490): CodeIgniter\CodeIgniter->createController()
 3 SYSTEMPATH/CodeIgniter.php(368): CodeIgniter\CodeIgniter->handleRequest(null, Object(Config\Cache), false)
 4 FCPATH/index.php(67): CodeIgniter\CodeIgniter->run()
WARNING - 2024-11-08 14:44:34 --> [DEPRECATED] Creation of dynamic property App\Controllers\Rekammedisirja::$db is deprecated in APPPATH/Controllers/Api.php on line 8.
 1 SYSTEMPATH/CodeIgniter.php(906): App\Controllers\Api->__construct()
 2 SYSTEMPATH/CodeIgniter.php(490): CodeIgniter\CodeIgniter->createController()
 3 SYSTEMPATH/CodeIgniter.php(368): CodeIgniter\CodeIgniter->handleRequest(null, Object(Config\Cache), false)
 4 FCPATH/index.php(67): CodeIgniter\CodeIgniter->run()
WARNING - 2024-11-08 14:44:34 --> [DEPRECATED] Creation of dynamic property App\Controllers\Rekammedisirja::$db is deprecated in APPPATH/Controllers/Api.php on line 8.
 1 SYSTEMPATH/CodeIgniter.php(906): App\Controllers\Api->__construct()
 2 SYSTEMPATH/CodeIgniter.php(490): CodeIgniter\CodeIgniter->createController()
 3 SYSTEMPATH/CodeIgniter.php(368): CodeIgniter\CodeIgniter->handleRequest(null, Object(Config\Cache), false)
 4 FCPATH/index.php(67): CodeIgniter\CodeIgniter->run()
WARNING - 2024-11-08 14:44:34 --> [DEPRECATED] Creation of dynamic property App\Controllers\Rekammedisirja::$simrs is deprecated in APPPATH/Controllers/Api.php on line 9.
 1 SYSTEMPATH/CodeIgniter.php(906): App\Controllers\Api->__construct()
 2 SYSTEMPATH/CodeIgniter.php(490): CodeIgniter\CodeIgniter->createController()
 3 SYSTEMPATH/CodeIgniter.php(368): CodeIgniter\CodeIgniter->handleRequest(null, Object(Config\Cache), false)
 4 FCPATH/index.php(67): CodeIgniter\CodeIgniter->run()
WARNING - 2024-11-08 14:44:34 --> [DEPRECATED] Creation of dynamic property App\Controllers\Rekammedisirja::$simrs is deprecated in APPPATH/Controllers/Api.php on line 9.
 1 SYSTEMPATH/CodeIgniter.php(906): App\Controllers\Api->__construct()
 2 SYSTEMPATH/CodeIgniter.php(490): CodeIgniter\CodeIgniter->createController()
 3 SYSTEMPATH/CodeIgniter.php(368): CodeIgniter\CodeIgniter->handleRequest(null, Object(Config\Cache), false)
 4 FCPATH/index.php(67): CodeIgniter\CodeIgniter->run()
WARNING - 2024-11-08 14:44:34 --> [DEPRECATED] Creation of dynamic property App\Controllers\Rawatjalan::$db is deprecated in APPPATH/Controllers/Api.php on line 8.
 1 SYSTEMPATH/CodeIgniter.php(906): App\Controllers\Api->__construct()
 2 SYSTEMPATH/CodeIgniter.php(490): CodeIgniter\CodeIgniter->createController()
 3 SYSTEMPATH/CodeIgniter.php(368): CodeIgniter\CodeIgniter->handleRequest(null, Object(Config\Cache), false)
 4 FCPATH/index.php(67): CodeIgniter\CodeIgniter->run()
WARNING - 2024-11-08 14:44:34 --> [DEPRECATED] Creation of dynamic property App\Controllers\Rawatjalan::$simrs is deprecated in APPPATH/Controllers/Api.php on line 9.
 1 SYSTEMPATH/CodeIgniter.php(906): App\Controllers\Api->__construct()
 2 SYSTEMPATH/CodeIgniter.php(490): CodeIgniter\CodeIgniter->createController()
 3 SYSTEMPATH/CodeIgniter.php(368): CodeIgniter\CodeIgniter->handleRequest(null, Object(Config\Cache), false)
 4 FCPATH/index.php(67): CodeIgniter\CodeIgniter->run()
ERROR - 2024-11-08 14:44:34 --> ErrorException: pg_query(): Query failed: ERROR:  column &quot;jenis_pegawai&quot; does not exist
LINE 1: SELECT * FROM pegawai where jenis_pegawai='1'
                                    ^ in /var/www/html/SIMRSHEBAT/system/Database/Postgre/Connection.php:147
Stack trace:
#0 [internal function]: CodeIgniter\Debug\Exceptions->errorHandler()
#1 /var/www/html/SIMRSHEBAT/system/Database/Postgre/Connection.php(147): pg_query()
#2 /var/www/html/SIMRSHEBAT/system/Database/BaseConnection.php(691): CodeIgniter\Database\Postgre\Connection->execute()
#3 /var/www/html/SIMRSHEBAT/system/Database/BaseConnection.php(605): CodeIgniter\Database\BaseConnection->simpleQuery()
#4 /var/www/html/SIMRSHEBAT/app/Controllers/Rawatjalan.php(32): CodeIgniter\Database\BaseConnection->query()
#5 /var/www/html/SIMRSHEBAT/system/CodeIgniter.php(934): App\Controllers\Rawatjalan->pegawai()
#6 /var/www/html/SIMRSHEBAT/system/CodeIgniter.php(499): CodeIgniter\CodeIgniter->runController()
#7 /var/www/html/SIMRSHEBAT/system/CodeIgniter.php(368): CodeIgniter\CodeIgniter->handleRequest()
#8 /var/www/html/SIMRSHEBAT/index.php(67): CodeIgniter\CodeIgniter->run()
#9 {main}
ERROR - 2024-11-08 14:44:34 --> ErrorException: pg_query(): Query failed: ERROR:  column &quot;id_penyakit&quot; specified in USING clause does not exist in left table in /var/www/html/SIMRSHEBAT/system/Database/Postgre/Connection.php:147
Stack trace:
#0 [internal function]: CodeIgniter\Debug\Exceptions->errorHandler()
#1 /var/www/html/SIMRSHEBAT/system/Database/Postgre/Connection.php(147): pg_query()
#2 /var/www/html/SIMRSHEBAT/system/Database/BaseConnection.php(691): CodeIgniter\Database\Postgre\Connection->execute()
#3 /var/www/html/SIMRSHEBAT/app/Controllers/Rekammedisirja.php(453): CodeIgniter\Database\BaseConnection->simpleQuery()
#4 /var/www/html/SIMRSHEBAT/system/CodeIgniter.php(934): App\Controllers\Rekammedisirja->datamrpenyakitirja()
#5 /var/www/html/SIMRSHEBAT/system/CodeIgniter.php(499): CodeIgniter\CodeIgniter->runController()
#6 /var/www/html/SIMRSHEBAT/system/CodeIgniter.php(368): CodeIgniter\CodeIgniter->handleRequest()
#7 /var/www/html/SIMRSHEBAT/index.php(67): CodeIgniter\CodeIgniter->run()
#8 {main}
CRITICAL - 2024-11-08 14:44:34 --> Call to a member function getResult() on bool
in APPPATH/Controllers/Rawatjalan.php on line 35.
 1 SYSTEMPATH/CodeIgniter.php(934): App\Controllers\Rawatjalan->pegawai()
 2 SYSTEMPATH/CodeIgniter.php(499): CodeIgniter\CodeIgniter->runController()
 3 SYSTEMPATH/CodeIgniter.php(368): CodeIgniter\CodeIgniter->handleRequest()
 4 FCPATH/index.php(67): CodeIgniter\CodeIgniter->run()
ERROR - 2024-11-08 14:44:34 --> ErrorException: pg_query(): Query failed: ERROR:  column &quot;id_kunjungan&quot; does not exist
LINE 2: ...mr_tindakan inner join icd_9 USING(kd_icd9) where id_kunjung...
                                                             ^ in /var/www/html/SIMRSHEBAT/system/Database/Postgre/Connection.php:147
Stack trace:
#0 [internal function]: CodeIgniter\Debug\Exceptions->errorHandler()
#1 /var/www/html/SIMRSHEBAT/system/Database/Postgre/Connection.php(147): pg_query()
#2 /var/www/html/SIMRSHEBAT/system/Database/BaseConnection.php(691): CodeIgniter\Database\Postgre\Connection->execute()
#3 /var/www/html/SIMRSHEBAT/app/Controllers/Rekammedisirja.php(411): CodeIgniter\Database\BaseConnection->simpleQuery()
#4 /var/www/html/SIMRSHEBAT/system/CodeIgniter.php(934): App\Controllers\Rekammedisirja->datamricd9irja()
#5 /var/www/html/SIMRSHEBAT/system/CodeIgniter.php(499): CodeIgniter\CodeIgniter->runController()
#6 /var/www/html/SIMRSHEBAT/system/CodeIgniter.php(368): CodeIgniter\CodeIgniter->handleRequest()
#7 /var/www/html/SIMRSHEBAT/index.php(67): CodeIgniter\CodeIgniter->run()
#8 {main}
WARNING - 2024-11-08 14:44:34 --> [DEPRECATED] Creation of dynamic property App\Controllers\Lab::$db is deprecated in APPPATH/Controllers/Api.php on line 8.
 1 SYSTEMPATH/CodeIgniter.php(906): App\Controllers\Api->__construct()
 2 SYSTEMPATH/CodeIgniter.php(490): CodeIgniter\CodeIgniter->createController()
 3 SYSTEMPATH/CodeIgniter.php(368): CodeIgniter\CodeIgniter->handleRequest(null, Object(Config\Cache), false)
 4 FCPATH/index.php(67): CodeIgniter\CodeIgniter->run()
WARNING - 2024-11-08 14:44:34 --> [DEPRECATED] Creation of dynamic property App\Controllers\Lab::$simrs is deprecated in APPPATH/Controllers/Api.php on line 9.
 1 SYSTEMPATH/CodeIgniter.php(906): App\Controllers\Api->__construct()
 2 SYSTEMPATH/CodeIgniter.php(490): CodeIgniter\CodeIgniter->createController()
 3 SYSTEMPATH/CodeIgniter.php(368): CodeIgniter\CodeIgniter->handleRequest(null, Object(Config\Cache), false)
 4 FCPATH/index.php(67): CodeIgniter\CodeIgniter->run()
WARNING - 2024-11-08 14:44:34 --> [DEPRECATED] Creation of dynamic property App\Controllers\Lab::$db is deprecated in APPPATH/Controllers/Api.php on line 8.
 1 SYSTEMPATH/CodeIgniter.php(906): App\Controllers\Api->__construct()
 2 SYSTEMPATH/CodeIgniter.php(490): CodeIgniter\CodeIgniter->createController()
 3 SYSTEMPATH/CodeIgniter.php(368): CodeIgniter\CodeIgniter->handleRequest(null, Object(Config\Cache), false)
 4 FCPATH/index.php(67): CodeIgniter\CodeIgniter->run()
WARNING - 2024-11-08 14:44:34 --> [DEPRECATED] Creation of dynamic property App\Controllers\Lab::$simrs is deprecated in APPPATH/Controllers/Api.php on line 9.
 1 SYSTEMPATH/CodeIgniter.php(906): App\Controllers\Api->__construct()
 2 SYSTEMPATH/CodeIgniter.php(490): CodeIgniter\CodeIgniter->createController()
 3 SYSTEMPATH/CodeIgniter.php(368): CodeIgniter\CodeIgniter->handleRequest(null, Object(Config\Cache), false)
 4 FCPATH/index.php(67): CodeIgniter\CodeIgniter->run()
WARNING - 2024-11-08 14:44:34 --> [DEPRECATED] Creation of dynamic property App\Controllers\Lab::$db is deprecated in APPPATH/Controllers/Api.php on line 8.
 1 SYSTEMPATH/CodeIgniter.php(906): App\Controllers\Api->__construct()
 2 SYSTEMPATH/CodeIgniter.php(490): CodeIgniter\CodeIgniter->createController()
 3 SYSTEMPATH/CodeIgniter.php(368): CodeIgniter\CodeIgniter->handleRequest(null, Object(Config\Cache), false)
 4 FCPATH/index.php(67): CodeIgniter\CodeIgniter->run()
WARNING - 2024-11-08 14:44:34 --> [DEPRECATED] Creation of dynamic property App\Controllers\Lab::$simrs is deprecated in APPPATH/Controllers/Api.php on line 9.
 1 SYSTEMPATH/CodeIgniter.php(906): App\Controllers\Api->__construct()
 2 SYSTEMPATH/CodeIgniter.php(490): CodeIgniter\CodeIgniter->createController()
 3 SYSTEMPATH/CodeIgniter.php(368): CodeIgniter\CodeIgniter->handleRequest(null, Object(Config\Cache), false)
 4 FCPATH/index.php(67): CodeIgniter\CodeIgniter->run()
ERROR - 2024-11-08 14:44:34 --> ErrorException: pg_query(): Query failed: ERROR:  function left(integer, integer) does not exist
LINE 1: SELECT * from produk WHERE left(kd_produk,2)='XR' 
                                   ^
HINT:  No function matches the given name and argument types. You might need to add explicit type casts. in /var/www/html/SIMRSHEBAT/system/Database/Postgre/Connection.php:147
Stack trace:
#0 [internal function]: CodeIgniter\Debug\Exceptions->errorHandler()
#1 /var/www/html/SIMRSHEBAT/system/Database/Postgre/Connection.php(147): pg_query()
#2 /var/www/html/SIMRSHEBAT/system/Database/BaseConnection.php(691): CodeIgniter\Database\Postgre\Connection->execute()
#3 /var/www/html/SIMRSHEBAT/system/Database/BaseConnection.php(605): CodeIgniter\Database\BaseConnection->simpleQuery()
#4 /var/www/html/SIMRSHEBAT/app/Controllers/Lab.php(465): CodeIgniter\Database\BaseConnection->query()
#5 /var/www/html/SIMRSHEBAT/system/CodeIgniter.php(934): App\Controllers\Lab->produkRad()
#6 /var/www/html/SIMRSHEBAT/system/CodeIgniter.php(499): CodeIgniter\CodeIgniter->runController()
#7 /var/www/html/SIMRSHEBAT/system/CodeIgniter.php(368): CodeIgniter\CodeIgniter->handleRequest()
#8 /var/www/html/SIMRSHEBAT/index.php(67): CodeIgniter\CodeIgniter->run()
#9 {main}
CRITICAL - 2024-11-08 14:44:34 --> Call to a member function getResult() on bool
in APPPATH/Controllers/Lab.php on line 465.
 1 SYSTEMPATH/CodeIgniter.php(934): App\Controllers\Lab->produkRad()
 2 SYSTEMPATH/CodeIgniter.php(499): CodeIgniter\CodeIgniter->runController()
 3 SYSTEMPATH/CodeIgniter.php(368): CodeIgniter\CodeIgniter->handleRequest()
 4 FCPATH/index.php(67): CodeIgniter\CodeIgniter->run()
ERROR - 2024-11-08 14:44:34 --> ErrorException: pg_query(): Query failed: ERROR:  column &quot;id_jenis_produk&quot; does not exist
LINE 1: SELECT * from produk WHERE id_jenis_produk='3' 
                                   ^ in /var/www/html/SIMRSHEBAT/system/Database/Postgre/Connection.php:147
Stack trace:
#0 [internal function]: CodeIgniter\Debug\Exceptions->errorHandler()
#1 /var/www/html/SIMRSHEBAT/system/Database/Postgre/Connection.php(147): pg_query()
#2 /var/www/html/SIMRSHEBAT/system/Database/BaseConnection.php(691): CodeIgniter\Database\Postgre\Connection->execute()
#3 /var/www/html/SIMRSHEBAT/system/Database/BaseConnection.php(605): CodeIgniter\Database\BaseConnection->simpleQuery()
#4 /var/www/html/SIMRSHEBAT/app/Controllers/Lab.php(447): CodeIgniter\Database\BaseConnection->query()
#5 /var/www/html/SIMRSHEBAT/system/CodeIgniter.php(934): App\Controllers\Lab->produk()
#6 /var/www/html/SIMRSHEBAT/system/CodeIgniter.php(499): CodeIgniter\CodeIgniter->runController()
#7 /var/www/html/SIMRSHEBAT/system/CodeIgniter.php(368): CodeIgniter\CodeIgniter->handleRequest()
#8 /var/www/html/SIMRSHEBAT/index.php(67): CodeIgniter\CodeIgniter->run()
#9 {main}
CRITICAL - 2024-11-08 14:44:34 --> Call to a member function getResult() on bool
in APPPATH/Controllers/Lab.php on line 447.
 1 SYSTEMPATH/CodeIgniter.php(934): App\Controllers\Lab->produk()
 2 SYSTEMPATH/CodeIgniter.php(499): CodeIgniter\CodeIgniter->runController()
 3 SYSTEMPATH/CodeIgniter.php(368): CodeIgniter\CodeIgniter->handleRequest()
 4 FCPATH/index.php(67): CodeIgniter\CodeIgniter->run()
ERROR - 2024-11-08 14:44:34 --> ErrorException: pg_query(): Query failed: ERROR:  function left(integer, integer) does not exist
LINE 1: SELECT * from produk WHERE left(kd_produk,2)='CT' 
                                   ^
HINT:  No function matches the given name and argument types. You might need to add explicit type casts. in /var/www/html/SIMRSHEBAT/system/Database/Postgre/Connection.php:147
Stack trace:
#0 [internal function]: CodeIgniter\Debug\Exceptions->errorHandler()
#1 /var/www/html/SIMRSHEBAT/system/Database/Postgre/Connection.php(147): pg_query()
#2 /var/www/html/SIMRSHEBAT/system/Database/BaseConnection.php(691): CodeIgniter\Database\Postgre\Connection->execute()
#3 /var/www/html/SIMRSHEBAT/system/Database/BaseConnection.php(605): CodeIgniter\Database\BaseConnection->simpleQuery()
#4 /var/www/html/SIMRSHEBAT/app/Controllers/Lab.php(465): CodeIgniter\Database\BaseConnection->query()
#5 /var/www/html/SIMRSHEBAT/system/CodeIgniter.php(934): App\Controllers\Lab->produkRad()
#6 /var/www/html/SIMRSHEBAT/system/CodeIgniter.php(499): CodeIgniter\CodeIgniter->runController()
#7 /var/www/html/SIMRSHEBAT/system/CodeIgniter.php(368): CodeIgniter\CodeIgniter->handleRequest()
#8 /var/www/html/SIMRSHEBAT/index.php(67): CodeIgniter\CodeIgniter->run()
#9 {main}
CRITICAL - 2024-11-08 14:44:34 --> Call to a member function getResult() on bool
in APPPATH/Controllers/Lab.php on line 465.
 1 SYSTEMPATH/CodeIgniter.php(934): App\Controllers\Lab->produkRad()
 2 SYSTEMPATH/CodeIgniter.php(499): CodeIgniter\CodeIgniter->runController()
 3 SYSTEMPATH/CodeIgniter.php(368): CodeIgniter\CodeIgniter->handleRequest()
 4 FCPATH/index.php(67): CodeIgniter\CodeIgniter->run()
WARNING - 2024-11-08 14:44:34 --> [DEPRECATED] Creation of dynamic property App\Controllers\Lab::$db is deprecated in APPPATH/Controllers/Api.php on line 8.
 1 SYSTEMPATH/CodeIgniter.php(906): App\Controllers\Api->__construct()
 2 SYSTEMPATH/CodeIgniter.php(490): CodeIgniter\CodeIgniter->createController()
 3 SYSTEMPATH/CodeIgniter.php(368): CodeIgniter\CodeIgniter->handleRequest(null, Object(Config\Cache), false)
 4 FCPATH/index.php(67): CodeIgniter\CodeIgniter->run()
WARNING - 2024-11-08 14:44:34 --> [DEPRECATED] Creation of dynamic property App\Controllers\Lab::$simrs is deprecated in APPPATH/Controllers/Api.php on line 9.
 1 SYSTEMPATH/CodeIgniter.php(906): App\Controllers\Api->__construct()
 2 SYSTEMPATH/CodeIgniter.php(490): CodeIgniter\CodeIgniter->createController()
 3 SYSTEMPATH/CodeIgniter.php(368): CodeIgniter\CodeIgniter->handleRequest(null, Object(Config\Cache), false)
 4 FCPATH/index.php(67): CodeIgniter\CodeIgniter->run()
WARNING - 2024-11-08 14:44:34 --> [DEPRECATED] Creation of dynamic property App\Controllers\Rekammedisirna::$db is deprecated in APPPATH/Controllers/Api.php on line 8.
 1 SYSTEMPATH/CodeIgniter.php(906): App\Controllers\Api->__construct()
 2 SYSTEMPATH/CodeIgniter.php(490): CodeIgniter\CodeIgniter->createController()
 3 SYSTEMPATH/CodeIgniter.php(368): CodeIgniter\CodeIgniter->handleRequest(null, Object(Config\Cache), false)
 4 FCPATH/index.php(67): CodeIgniter\CodeIgniter->run()
WARNING - 2024-11-08 14:44:34 --> [DEPRECATED] Creation of dynamic property App\Controllers\Rekammedisirna::$simrs is deprecated in APPPATH/Controllers/Api.php on line 9.
 1 SYSTEMPATH/CodeIgniter.php(906): App\Controllers\Api->__construct()
 2 SYSTEMPATH/CodeIgniter.php(490): CodeIgniter\CodeIgniter->createController()
 3 SYSTEMPATH/CodeIgniter.php(368): CodeIgniter\CodeIgniter->handleRequest(null, Object(Config\Cache), false)
 4 FCPATH/index.php(67): CodeIgniter\CodeIgniter->run()
WARNING - 2024-11-08 14:44:34 --> [DEPRECATED] Creation of dynamic property App\Controllers\Kunjungan::$db is deprecated in APPPATH/Controllers/Api.php on line 8.
 1 SYSTEMPATH/CodeIgniter.php(906): App\Controllers\Api->__construct()
 2 SYSTEMPATH/CodeIgniter.php(490): CodeIgniter\CodeIgniter->createController()
 3 SYSTEMPATH/CodeIgniter.php(368): CodeIgniter\CodeIgniter->handleRequest(null, Object(Config\Cache), false)
 4 FCPATH/index.php(67): CodeIgniter\CodeIgniter->run()
WARNING - 2024-11-08 14:44:34 --> [DEPRECATED] Creation of dynamic property App\Controllers\Kunjungan::$simrs is deprecated in APPPATH/Controllers/Api.php on line 9.
 1 SYSTEMPATH/CodeIgniter.php(906): App\Controllers\Api->__construct()
 2 SYSTEMPATH/CodeIgniter.php(490): CodeIgniter\CodeIgniter->createController()
 3 SYSTEMPATH/CodeIgniter.php(368): CodeIgniter\CodeIgniter->handleRequest(null, Object(Config\Cache), false)
 4 FCPATH/index.php(67): CodeIgniter\CodeIgniter->run()
ERROR - 2024-11-08 14:44:34 --> ErrorException: pg_query(): Query failed: ERROR:  relation &quot;order_lab&quot; does not exist
LINE 2:         order_lab o inner join
                ^ in /var/www/html/SIMRSHEBAT/system/Database/Postgre/Connection.php:147
Stack trace:
#0 [internal function]: CodeIgniter\Debug\Exceptions->errorHandler()
#1 /var/www/html/SIMRSHEBAT/system/Database/Postgre/Connection.php(147): pg_query()
#2 /var/www/html/SIMRSHEBAT/system/Database/BaseConnection.php(691): CodeIgniter\Database\Postgre\Connection->execute()
#3 /var/www/html/SIMRSHEBAT/app/Controllers/Rekammedisirna.php(823): CodeIgniter\Database\BaseConnection->simpleQuery()
#4 /var/www/html/SIMRSHEBAT/system/CodeIgniter.php(934): App\Controllers\Rekammedisirna->datapenunjangpasienirna()
#5 /var/www/html/SIMRSHEBAT/system/CodeIgniter.php(499): CodeIgniter\CodeIgniter->runController()
#6 /var/www/html/SIMRSHEBAT/system/CodeIgniter.php(368): CodeIgniter\CodeIgniter->handleRequest()
#7 /var/www/html/SIMRSHEBAT/index.php(67): CodeIgniter\CodeIgniter->run()
#8 {main}
ERROR - 2024-11-08 14:44:34 --> ErrorException: pg_query(): Query failed: ERROR:  function left(integer, integer) does not exist
LINE 1: SELECT * from produk WHERE left(kd_produk,2)='UR' 
                                   ^
HINT:  No function matches the given name and argument types. You might need to add explicit type casts. in /var/www/html/SIMRSHEBAT/system/Database/Postgre/Connection.php:147
Stack trace:
#0 [internal function]: CodeIgniter\Debug\Exceptions->errorHandler()
#1 /var/www/html/SIMRSHEBAT/system/Database/Postgre/Connection.php(147): pg_query()
#2 /var/www/html/SIMRSHEBAT/system/Database/BaseConnection.php(691): CodeIgniter\Database\Postgre\Connection->execute()
#3 /var/www/html/SIMRSHEBAT/system/Database/BaseConnection.php(605): CodeIgniter\Database\BaseConnection->simpleQuery()
#4 /var/www/html/SIMRSHEBAT/app/Controllers/Lab.php(465): CodeIgniter\Database\BaseConnection->query()
#5 /var/www/html/SIMRSHEBAT/system/CodeIgniter.php(934): App\Controllers\Lab->produkRad()
#6 /var/www/html/SIMRSHEBAT/system/CodeIgniter.php(499): CodeIgniter\CodeIgniter->runController()
#7 /var/www/html/SIMRSHEBAT/system/CodeIgniter.php(368): CodeIgniter\CodeIgniter->handleRequest()
#8 /var/www/html/SIMRSHEBAT/index.php(67): CodeIgniter\CodeIgniter->run()
#9 {main}
CRITICAL - 2024-11-08 14:44:34 --> Call to a member function getResult() on bool
in APPPATH/Controllers/Lab.php on line 465.
 1 SYSTEMPATH/CodeIgniter.php(934): App\Controllers\Lab->produkRad()
 2 SYSTEMPATH/CodeIgniter.php(499): CodeIgniter\CodeIgniter->runController()
 3 SYSTEMPATH/CodeIgniter.php(368): CodeIgniter\CodeIgniter->handleRequest()
 4 FCPATH/index.php(67): CodeIgniter\CodeIgniter->run()
ERROR - 2024-11-08 14:44:34 --> ErrorException: pg_query(): Query failed: ERROR:  column &quot;id_penyakit&quot; specified in USING clause does not exist in left table in /var/www/html/SIMRSHEBAT/system/Database/Postgre/Connection.php:147
Stack trace:
#0 [internal function]: CodeIgniter\Debug\Exceptions->errorHandler()
#1 /var/www/html/SIMRSHEBAT/system/Database/Postgre/Connection.php(147): pg_query()
#2 /var/www/html/SIMRSHEBAT/system/Database/BaseConnection.php(691): CodeIgniter\Database\Postgre\Connection->execute()
#3 /var/www/html/SIMRSHEBAT/app/Controllers/Kunjungan.php(585): CodeIgniter\Database\BaseConnection->simpleQuery()
#4 /var/www/html/SIMRSHEBAT/system/CodeIgniter.php(934): App\Controllers\Kunjungan->historipenyakit()
#5 /var/www/html/SIMRSHEBAT/system/CodeIgniter.php(499): CodeIgniter\CodeIgniter->runController()
#6 /var/www/html/SIMRSHEBAT/system/CodeIgniter.php(368): CodeIgniter\CodeIgniter->handleRequest()
#7 /var/www/html/SIMRSHEBAT/index.php(67): CodeIgniter\CodeIgniter->run()
#8 {main}
WARNING - 2024-11-08 14:44:34 --> [DEPRECATED] Creation of dynamic property App\Controllers\Kunjungan::$db is deprecated in APPPATH/Controllers/Api.php on line 8.
 1 SYSTEMPATH/CodeIgniter.php(906): App\Controllers\Api->__construct()
 2 SYSTEMPATH/CodeIgniter.php(490): CodeIgniter\CodeIgniter->createController()
 3 SYSTEMPATH/CodeIgniter.php(368): CodeIgniter\CodeIgniter->handleRequest(null, Object(Config\Cache), false)
 4 FCPATH/index.php(67): CodeIgniter\CodeIgniter->run()
WARNING - 2024-11-08 14:44:34 --> [DEPRECATED] Creation of dynamic property App\Controllers\Kunjungan::$simrs is deprecated in APPPATH/Controllers/Api.php on line 9.
 1 SYSTEMPATH/CodeIgniter.php(906): App\Controllers\Api->__construct()
 2 SYSTEMPATH/CodeIgniter.php(490): CodeIgniter\CodeIgniter->createController()
 3 SYSTEMPATH/CodeIgniter.php(368): CodeIgniter\CodeIgniter->handleRequest(null, Object(Config\Cache), false)
 4 FCPATH/index.php(67): CodeIgniter\CodeIgniter->run()
WARNING - 2024-11-08 14:44:34 --> [DEPRECATED] Creation of dynamic property App\Controllers\Datasosial::$db is deprecated in APPPATH/Controllers/Api.php on line 8.
 1 SYSTEMPATH/CodeIgniter.php(906): App\Controllers\Api->__construct()
 2 SYSTEMPATH/CodeIgniter.php(490): CodeIgniter\CodeIgniter->createController()
 3 SYSTEMPATH/CodeIgniter.php(368): CodeIgniter\CodeIgniter->handleRequest(null, Object(Config\Cache), false)
 4 FCPATH/index.php(67): CodeIgniter\CodeIgniter->run()
WARNING - 2024-11-08 14:44:34 --> [DEPRECATED] Creation of dynamic property App\Controllers\Datasosial::$simrs is deprecated in APPPATH/Controllers/Api.php on line 9.
 1 SYSTEMPATH/CodeIgniter.php(906): App\Controllers\Api->__construct()
 2 SYSTEMPATH/CodeIgniter.php(490): CodeIgniter\CodeIgniter->createController()
 3 SYSTEMPATH/CodeIgniter.php(368): CodeIgniter\CodeIgniter->handleRequest(null, Object(Config\Cache), false)
 4 FCPATH/index.php(67): CodeIgniter\CodeIgniter->run()
WARNING - 2024-11-08 14:44:34 --> [DEPRECATED] Creation of dynamic property App\Controllers\Kunjungan::$db is deprecated in APPPATH/Controllers/Api.php on line 8.
 1 SYSTEMPATH/CodeIgniter.php(906): App\Controllers\Api->__construct()
 2 SYSTEMPATH/CodeIgniter.php(490): CodeIgniter\CodeIgniter->createController()
 3 SYSTEMPATH/CodeIgniter.php(368): CodeIgniter\CodeIgniter->handleRequest(null, Object(Config\Cache), false)
 4 FCPATH/index.php(67): CodeIgniter\CodeIgniter->run()
WARNING - 2024-11-08 14:44:34 --> [DEPRECATED] Creation of dynamic property App\Controllers\Kunjungan::$simrs is deprecated in APPPATH/Controllers/Api.php on line 9.
 1 SYSTEMPATH/CodeIgniter.php(906): App\Controllers\Api->__construct()
 2 SYSTEMPATH/CodeIgniter.php(490): CodeIgniter\CodeIgniter->createController()
 3 SYSTEMPATH/CodeIgniter.php(368): CodeIgniter\CodeIgniter->handleRequest(null, Object(Config\Cache), false)
 4 FCPATH/index.php(67): CodeIgniter\CodeIgniter->run()
ERROR - 2024-11-08 14:44:34 --> ErrorException: pg_query(): Query failed: ERROR:  relation &quot;alergi&quot; does not exist
LINE 1: SELECT * from alergi where no_rm='6-38-07-96' 
                      ^ in /var/www/html/SIMRSHEBAT/system/Database/Postgre/Connection.php:147
Stack trace:
#0 [internal function]: CodeIgniter\Debug\Exceptions->errorHandler()
#1 /var/www/html/SIMRSHEBAT/system/Database/Postgre/Connection.php(147): pg_query()
#2 /var/www/html/SIMRSHEBAT/system/Database/BaseConnection.php(691): CodeIgniter\Database\Postgre\Connection->execute()
#3 /var/www/html/SIMRSHEBAT/app/Controllers/Kunjungan.php(632): CodeIgniter\Database\BaseConnection->simpleQuery()
#4 /var/www/html/SIMRSHEBAT/system/CodeIgniter.php(934): App\Controllers\Kunjungan->historialergi()
#5 /var/www/html/SIMRSHEBAT/system/CodeIgniter.php(499): CodeIgniter\CodeIgniter->runController()
#6 /var/www/html/SIMRSHEBAT/system/CodeIgniter.php(368): CodeIgniter\CodeIgniter->handleRequest()
#7 /var/www/html/SIMRSHEBAT/index.php(67): CodeIgniter\CodeIgniter->run()
#8 {main}
WARNING - 2024-11-08 14:44:34 --> [DEPRECATED] Creation of dynamic property App\Controllers\Datasosial::$db is deprecated in APPPATH/Controllers/Api.php on line 8.
 1 SYSTEMPATH/CodeIgniter.php(906): App\Controllers\Api->__construct()
 2 SYSTEMPATH/CodeIgniter.php(490): CodeIgniter\CodeIgniter->createController()
 3 SYSTEMPATH/CodeIgniter.php(368): CodeIgniter\CodeIgniter->handleRequest(null, Object(Config\Cache), false)
 4 FCPATH/index.php(67): CodeIgniter\CodeIgniter->run()
WARNING - 2024-11-08 14:44:34 --> [DEPRECATED] Creation of dynamic property App\Controllers\Datasosial::$simrs is deprecated in APPPATH/Controllers/Api.php on line 9.
 1 SYSTEMPATH/CodeIgniter.php(906): App\Controllers\Api->__construct()
 2 SYSTEMPATH/CodeIgniter.php(490): CodeIgniter\CodeIgniter->createController()
 3 SYSTEMPATH/CodeIgniter.php(368): CodeIgniter\CodeIgniter->handleRequest(null, Object(Config\Cache), false)
 4 FCPATH/index.php(67): CodeIgniter\CodeIgniter->run()
ERROR - 2024-11-08 14:44:34 --> ErrorException: pg_query(): Query failed: ERROR:  column &quot;id_penyakit&quot; specified in USING clause does not exist in left table in /var/www/html/SIMRSHEBAT/system/Database/Postgre/Connection.php:147
Stack trace:
#0 [internal function]: CodeIgniter\Debug\Exceptions->errorHandler()
#1 /var/www/html/SIMRSHEBAT/system/Database/Postgre/Connection.php(147): pg_query()
#2 /var/www/html/SIMRSHEBAT/system/Database/BaseConnection.php(691): CodeIgniter\Database\Postgre\Connection->execute()
#3 /var/www/html/SIMRSHEBAT/app/Controllers/Kunjungan.php(617): CodeIgniter\Database\BaseConnection->simpleQuery()
#4 /var/www/html/SIMRSHEBAT/system/CodeIgniter.php(934): App\Controllers\Kunjungan->historipenyakitkeluarga()
#5 /var/www/html/SIMRSHEBAT/system/CodeIgniter.php(499): CodeIgniter\CodeIgniter->runController()
#6 /var/www/html/SIMRSHEBAT/system/CodeIgniter.php(368): CodeIgniter\CodeIgniter->handleRequest()
#7 /var/www/html/SIMRSHEBAT/index.php(67): CodeIgniter\CodeIgniter->run()
#8 {main}
WARNING - 2024-11-08 14:44:39 --> [DEPRECATED] Creation of dynamic property App\Controllers\Rekammedisirna::$db is deprecated in APPPATH/Controllers/Api.php on line 8.
 1 SYSTEMPATH/CodeIgniter.php(906): App\Controllers\Api->__construct()
 2 SYSTEMPATH/CodeIgniter.php(490): CodeIgniter\CodeIgniter->createController()
 3 SYSTEMPATH/CodeIgniter.php(368): CodeIgniter\CodeIgniter->handleRequest(null, Object(Config\Cache), false)
 4 FCPATH/index.php(67): CodeIgniter\CodeIgniter->run()
WARNING - 2024-11-08 14:44:39 --> [DEPRECATED] Creation of dynamic property App\Controllers\Rekammedisirna::$simrs is deprecated in APPPATH/Controllers/Api.php on line 9.
 1 SYSTEMPATH/CodeIgniter.php(906): App\Controllers\Api->__construct()
 2 SYSTEMPATH/CodeIgniter.php(490): CodeIgniter\CodeIgniter->createController()
 3 SYSTEMPATH/CodeIgniter.php(368): CodeIgniter\CodeIgniter->handleRequest(null, Object(Config\Cache), false)
 4 FCPATH/index.php(67): CodeIgniter\CodeIgniter->run()
WARNING - 2024-11-08 14:44:39 --> [DEPRECATED] Creation of dynamic property App\Controllers\Rekammedisirna::$db is deprecated in APPPATH/Controllers/Api.php on line 8.
 1 SYSTEMPATH/CodeIgniter.php(906): App\Controllers\Api->__construct()
 2 SYSTEMPATH/CodeIgniter.php(490): CodeIgniter\CodeIgniter->createController()
 3 SYSTEMPATH/CodeIgniter.php(368): CodeIgniter\CodeIgniter->handleRequest(null, Object(Config\Cache), false)
 4 FCPATH/index.php(67): CodeIgniter\CodeIgniter->run()
WARNING - 2024-11-08 14:44:39 --> [DEPRECATED] Creation of dynamic property App\Controllers\Rekammedisirna::$simrs is deprecated in APPPATH/Controllers/Api.php on line 9.
 1 SYSTEMPATH/CodeIgniter.php(906): App\Controllers\Api->__construct()
 2 SYSTEMPATH/CodeIgniter.php(490): CodeIgniter\CodeIgniter->createController()
 3 SYSTEMPATH/CodeIgniter.php(368): CodeIgniter\CodeIgniter->handleRequest(null, Object(Config\Cache), false)
 4 FCPATH/index.php(67): CodeIgniter\CodeIgniter->run()
ERROR - 2024-11-08 14:44:39 --> ErrorException: pg_query(): Query failed: ERROR:  relation &quot;edukasi&quot; does not exist
LINE 1: SELECT * FROM edukasi WHERE id_transaksi = '6-38-07-96' AND ...
                      ^ in /var/www/html/SIMRSHEBAT/system/Database/Postgre/Connection.php:147
Stack trace:
#0 [internal function]: CodeIgniter\Debug\Exceptions->errorHandler()
#1 /var/www/html/SIMRSHEBAT/system/Database/Postgre/Connection.php(147): pg_query()
#2 /var/www/html/SIMRSHEBAT/system/Database/BaseConnection.php(691): CodeIgniter\Database\Postgre\Connection->execute()
#3 /var/www/html/SIMRSHEBAT/system/Database/BaseConnection.php(605): CodeIgniter\Database\BaseConnection->simpleQuery()
#4 /var/www/html/SIMRSHEBAT/app/Controllers/Rekammedisirna.php(3013): CodeIgniter\Database\BaseConnection->query()
#5 /var/www/html/SIMRSHEBAT/system/CodeIgniter.php(934): App\Controllers\Rekammedisirna->load_edukasiirnautama()
#6 /var/www/html/SIMRSHEBAT/system/CodeIgniter.php(499): CodeIgniter\CodeIgniter->runController()
#7 /var/www/html/SIMRSHEBAT/system/CodeIgniter.php(368): CodeIgniter\CodeIgniter->handleRequest()
#8 /var/www/html/SIMRSHEBAT/index.php(67): CodeIgniter\CodeIgniter->run()
#9 {main}
ERROR - 2024-11-08 14:44:39 --> ErrorException: pg_query(): Query failed: ERROR:  relation &quot;detail_edukasi&quot; does not exist
LINE 1: SELECT * FROM detail_edukasi INNER JOIN pegawai USING (id_pe...
                      ^ in /var/www/html/SIMRSHEBAT/system/Database/Postgre/Connection.php:147
Stack trace:
#0 [internal function]: CodeIgniter\Debug\Exceptions->errorHandler()
#1 /var/www/html/SIMRSHEBAT/system/Database/Postgre/Connection.php(147): pg_query()
#2 /var/www/html/SIMRSHEBAT/system/Database/BaseConnection.php(691): CodeIgniter\Database\Postgre\Connection->execute()
#3 /var/www/html/SIMRSHEBAT/system/Database/BaseConnection.php(605): CodeIgniter\Database\BaseConnection->simpleQuery()
#4 /var/www/html/SIMRSHEBAT/app/Controllers/Rekammedisirna.php(3015): CodeIgniter\Database\BaseConnection->query()
#5 /var/www/html/SIMRSHEBAT/system/CodeIgniter.php(934): App\Controllers\Rekammedisirna->load_edukasiirnautama()
#6 /var/www/html/SIMRSHEBAT/system/CodeIgniter.php(499): CodeIgniter\CodeIgniter->runController()
#7 /var/www/html/SIMRSHEBAT/system/CodeIgniter.php(368): CodeIgniter\CodeIgniter->handleRequest()
#8 /var/www/html/SIMRSHEBAT/index.php(67): CodeIgniter\CodeIgniter->run()
#9 {main}
CRITICAL - 2024-11-08 14:44:39 --> Call to a member function getNumRows() on bool
in APPPATH/Controllers/Rekammedisirna.php on line 3018.
 1 SYSTEMPATH/CodeIgniter.php(934): App\Controllers\Rekammedisirna->load_edukasiirnautama()
 2 SYSTEMPATH/CodeIgniter.php(499): CodeIgniter\CodeIgniter->runController()
 3 SYSTEMPATH/CodeIgniter.php(368): CodeIgniter\CodeIgniter->handleRequest()
 4 FCPATH/index.php(67): CodeIgniter\CodeIgniter->run()
WARNING - 2024-11-08 14:54:07 --> [DEPRECATED] Creation of dynamic property App\Controllers\Laporan::$db is deprecated in APPPATH/Controllers/Api.php on line 8.
 1 SYSTEMPATH/CodeIgniter.php(906): App\Controllers\Api->__construct()
 2 SYSTEMPATH/CodeIgniter.php(490): CodeIgniter\CodeIgniter->createController()
 3 SYSTEMPATH/CodeIgniter.php(368): CodeIgniter\CodeIgniter->handleRequest(null, Object(Config\Cache), false)
 4 FCPATH/index.php(67): CodeIgniter\CodeIgniter->run()
WARNING - 2024-11-08 14:54:07 --> [DEPRECATED] Creation of dynamic property App\Controllers\Laporan::$simrs is deprecated in APPPATH/Controllers/Api.php on line 9.
 1 SYSTEMPATH/CodeIgniter.php(906): App\Controllers\Api->__construct()
 2 SYSTEMPATH/CodeIgniter.php(490): CodeIgniter\CodeIgniter->createController()
 3 SYSTEMPATH/CodeIgniter.php(368): CodeIgniter\CodeIgniter->handleRequest(null, Object(Config\Cache), false)
 4 FCPATH/index.php(67): CodeIgniter\CodeIgniter->run()
WARNING - 2024-11-08 14:54:07 --> [DEPRECATED] Creation of dynamic property App\Controllers\User::$db is deprecated in APPPATH/Controllers/Api.php on line 8.
 1 SYSTEMPATH/CodeIgniter.php(906): App\Controllers\Api->__construct()
 2 SYSTEMPATH/CodeIgniter.php(490): CodeIgniter\CodeIgniter->createController()
 3 SYSTEMPATH/CodeIgniter.php(368): CodeIgniter\CodeIgniter->handleRequest(null, Object(Config\Cache), false)
 4 FCPATH/index.php(67): CodeIgniter\CodeIgniter->run()
WARNING - 2024-11-08 14:54:07 --> [DEPRECATED] Creation of dynamic property App\Controllers\User::$simrs is deprecated in APPPATH/Controllers/Api.php on line 9.
 1 SYSTEMPATH/CodeIgniter.php(906): App\Controllers\Api->__construct()
 2 SYSTEMPATH/CodeIgniter.php(490): CodeIgniter\CodeIgniter->createController()
 3 SYSTEMPATH/CodeIgniter.php(368): CodeIgniter\CodeIgniter->handleRequest(null, Object(Config\Cache), false)
 4 FCPATH/index.php(67): CodeIgniter\CodeIgniter->run()
WARNING - 2024-11-08 14:54:10 --> [DEPRECATED] Creation of dynamic property App\Controllers\Rekammedisirna::$db is deprecated in APPPATH/Controllers/Api.php on line 8.
 1 SYSTEMPATH/CodeIgniter.php(906): App\Controllers\Api->__construct()
 2 SYSTEMPATH/CodeIgniter.php(490): CodeIgniter\CodeIgniter->createController()
 3 SYSTEMPATH/CodeIgniter.php(368): CodeIgniter\CodeIgniter->handleRequest(null, Object(Config\Cache), false)
 4 FCPATH/index.php(67): CodeIgniter\CodeIgniter->run()
WARNING - 2024-11-08 14:54:10 --> [DEPRECATED] Creation of dynamic property App\Controllers\Rekammedisirna::$db is deprecated in APPPATH/Controllers/Api.php on line 8.
 1 SYSTEMPATH/CodeIgniter.php(906): App\Controllers\Api->__construct()
 2 SYSTEMPATH/CodeIgniter.php(490): CodeIgniter\CodeIgniter->createController()
 3 SYSTEMPATH/CodeIgniter.php(368): CodeIgniter\CodeIgniter->handleRequest(null, Object(Config\Cache), false)
 4 FCPATH/index.php(67): CodeIgniter\CodeIgniter->run()
WARNING - 2024-11-08 14:54:10 --> [DEPRECATED] Creation of dynamic property App\Controllers\Rekammedisirna::$db is deprecated in APPPATH/Controllers/Api.php on line 8.
 1 SYSTEMPATH/CodeIgniter.php(906): App\Controllers\Api->__construct()
 2 SYSTEMPATH/CodeIgniter.php(490): CodeIgniter\CodeIgniter->createController()
 3 SYSTEMPATH/CodeIgniter.php(368): CodeIgniter\CodeIgniter->handleRequest(null, Object(Config\Cache), false)
 4 FCPATH/index.php(67): CodeIgniter\CodeIgniter->run()
WARNING - 2024-11-08 14:54:10 --> [DEPRECATED] Creation of dynamic property App\Controllers\Rekammedisirna::$simrs is deprecated in APPPATH/Controllers/Api.php on line 9.
 1 SYSTEMPATH/CodeIgniter.php(906): App\Controllers\Api->__construct()
 2 SYSTEMPATH/CodeIgniter.php(490): CodeIgniter\CodeIgniter->createController()
 3 SYSTEMPATH/CodeIgniter.php(368): CodeIgniter\CodeIgniter->handleRequest(null, Object(Config\Cache), false)
 4 FCPATH/index.php(67): CodeIgniter\CodeIgniter->run()
WARNING - 2024-11-08 14:54:10 --> [DEPRECATED] Creation of dynamic property App\Controllers\Rekammedisirna::$simrs is deprecated in APPPATH/Controllers/Api.php on line 9.
 1 SYSTEMPATH/CodeIgniter.php(906): App\Controllers\Api->__construct()
 2 SYSTEMPATH/CodeIgniter.php(490): CodeIgniter\CodeIgniter->createController()
 3 SYSTEMPATH/CodeIgniter.php(368): CodeIgniter\CodeIgniter->handleRequest(null, Object(Config\Cache), false)
 4 FCPATH/index.php(67): CodeIgniter\CodeIgniter->run()
WARNING - 2024-11-08 14:54:10 --> [DEPRECATED] Creation of dynamic property App\Controllers\Rekammedisirna::$simrs is deprecated in APPPATH/Controllers/Api.php on line 9.
 1 SYSTEMPATH/CodeIgniter.php(906): App\Controllers\Api->__construct()
 2 SYSTEMPATH/CodeIgniter.php(490): CodeIgniter\CodeIgniter->createController()
 3 SYSTEMPATH/CodeIgniter.php(368): CodeIgniter\CodeIgniter->handleRequest(null, Object(Config\Cache), false)
 4 FCPATH/index.php(67): CodeIgniter\CodeIgniter->run()
ERROR - 2024-11-08 14:54:10 --> ErrorException: pg_query(): Query failed: ERROR:  relation &quot;jenis_anastesi&quot; does not exist
LINE 1: SELECT * FROM jenis_anastesi
                      ^ in /var/www/html/SIMRSHEBAT/system/Database/Postgre/Connection.php:147
Stack trace:
#0 [internal function]: CodeIgniter\Debug\Exceptions->errorHandler()
#1 /var/www/html/SIMRSHEBAT/system/Database/Postgre/Connection.php(147): pg_query()
#2 /var/www/html/SIMRSHEBAT/system/Database/BaseConnection.php(691): CodeIgniter\Database\Postgre\Connection->execute()
#3 /var/www/html/SIMRSHEBAT/system/Database/BaseConnection.php(605): CodeIgniter\Database\BaseConnection->simpleQuery()
#4 /var/www/html/SIMRSHEBAT/app/Controllers/Rekammedisirna.php(7399): CodeIgniter\Database\BaseConnection->query()
#5 /var/www/html/SIMRSHEBAT/system/CodeIgniter.php(934): App\Controllers\Rekammedisirna->jenisanastesi()
#6 /var/www/html/SIMRSHEBAT/system/CodeIgniter.php(499): CodeIgniter\CodeIgniter->runController()
#7 /var/www/html/SIMRSHEBAT/system/CodeIgniter.php(368): CodeIgniter\CodeIgniter->handleRequest()
#8 /var/www/html/SIMRSHEBAT/index.php(67): CodeIgniter\CodeIgniter->run()
#9 {main}
CRITICAL - 2024-11-08 14:54:10 --> Call to a member function getResult() on bool
in APPPATH/Controllers/Rekammedisirna.php on line 7399.
 1 SYSTEMPATH/CodeIgniter.php(934): App\Controllers\Rekammedisirna->jenisanastesi()
 2 SYSTEMPATH/CodeIgniter.php(499): CodeIgniter\CodeIgniter->runController()
 3 SYSTEMPATH/CodeIgniter.php(368): CodeIgniter\CodeIgniter->handleRequest()
 4 FCPATH/index.php(67): CodeIgniter\CodeIgniter->run()
ERROR - 2024-11-08 14:54:10 --> ErrorException: pg_query(): Query failed: ERROR:  column &quot;id_pegawai&quot; specified in USING clause does not exist in left table in /var/www/html/SIMRSHEBAT/system/Database/Postgre/Connection.php:147
Stack trace:
#0 [internal function]: CodeIgniter\Debug\Exceptions->errorHandler()
#1 /var/www/html/SIMRSHEBAT/system/Database/Postgre/Connection.php(147): pg_query()
#2 /var/www/html/SIMRSHEBAT/system/Database/BaseConnection.php(691): CodeIgniter\Database\Postgre\Connection->execute()
#3 /var/www/html/SIMRSHEBAT/system/Database/BaseConnection.php(605): CodeIgniter\Database\BaseConnection->simpleQuery()
#4 /var/www/html/SIMRSHEBAT/app/Controllers/Rekammedisirna.php(4129): CodeIgniter\Database\BaseConnection->query()
#5 /var/www/html/SIMRSHEBAT/system/CodeIgniter.php(934): App\Controllers\Rekammedisirna->searchPerawat()
#6 /var/www/html/SIMRSHEBAT/system/CodeIgniter.php(499): CodeIgniter\CodeIgniter->runController()
#7 /var/www/html/SIMRSHEBAT/system/CodeIgniter.php(368): CodeIgniter\CodeIgniter->handleRequest()
#8 /var/www/html/SIMRSHEBAT/index.php(67): CodeIgniter\CodeIgniter->run()
#9 {main}
CRITICAL - 2024-11-08 14:54:10 --> Call to a member function getResult() on bool
in APPPATH/Controllers/Rekammedisirna.php on line 4129.
 1 SYSTEMPATH/CodeIgniter.php(934): App\Controllers\Rekammedisirna->searchPerawat()
 2 SYSTEMPATH/CodeIgniter.php(499): CodeIgniter\CodeIgniter->runController()
 3 SYSTEMPATH/CodeIgniter.php(368): CodeIgniter\CodeIgniter->handleRequest()
 4 FCPATH/index.php(67): CodeIgniter\CodeIgniter->run()
ERROR - 2024-11-08 14:54:10 --> ErrorException: pg_query(): Query failed: ERROR:  column &quot;id_pegawai&quot; specified in USING clause does not exist in left table in /var/www/html/SIMRSHEBAT/system/Database/Postgre/Connection.php:147
Stack trace:
#0 [internal function]: CodeIgniter\Debug\Exceptions->errorHandler()
#1 /var/www/html/SIMRSHEBAT/system/Database/Postgre/Connection.php(147): pg_query()
#2 /var/www/html/SIMRSHEBAT/system/Database/BaseConnection.php(691): CodeIgniter\Database\Postgre\Connection->execute()
#3 /var/www/html/SIMRSHEBAT/system/Database/BaseConnection.php(605): CodeIgniter\Database\BaseConnection->simpleQuery()
#4 /var/www/html/SIMRSHEBAT/app/Controllers/Rekammedisirna.php(4104): CodeIgniter\Database\BaseConnection->query()
#5 /var/www/html/SIMRSHEBAT/system/CodeIgniter.php(934): App\Controllers\Rekammedisirna->searchDokter()
#6 /var/www/html/SIMRSHEBAT/system/CodeIgniter.php(499): CodeIgniter\CodeIgniter->runController()
#7 /var/www/html/SIMRSHEBAT/system/CodeIgniter.php(368): CodeIgniter\CodeIgniter->handleRequest()
#8 /var/www/html/SIMRSHEBAT/index.php(67): CodeIgniter\CodeIgniter->run()
#9 {main}
CRITICAL - 2024-11-08 14:54:10 --> Call to a member function getResult() on bool
in APPPATH/Controllers/Rekammedisirna.php on line 4104.
 1 SYSTEMPATH/CodeIgniter.php(934): App\Controllers\Rekammedisirna->searchDokter()
 2 SYSTEMPATH/CodeIgniter.php(499): CodeIgniter\CodeIgniter->runController()
 3 SYSTEMPATH/CodeIgniter.php(368): CodeIgniter\CodeIgniter->handleRequest()
 4 FCPATH/index.php(67): CodeIgniter\CodeIgniter->run()
WARNING - 2024-11-08 14:54:11 --> [DEPRECATED] Creation of dynamic property App\Controllers\Rekammedisirna::$db is deprecated in APPPATH/Controllers/Api.php on line 8.
 1 SYSTEMPATH/CodeIgniter.php(906): App\Controllers\Api->__construct()
 2 SYSTEMPATH/CodeIgniter.php(490): CodeIgniter\CodeIgniter->createController()
 3 SYSTEMPATH/CodeIgniter.php(368): CodeIgniter\CodeIgniter->handleRequest(null, Object(Config\Cache), false)
 4 FCPATH/index.php(67): CodeIgniter\CodeIgniter->run()
WARNING - 2024-11-08 14:54:11 --> [DEPRECATED] Creation of dynamic property App\Controllers\Rekammedisirna::$simrs is deprecated in APPPATH/Controllers/Api.php on line 9.
 1 SYSTEMPATH/CodeIgniter.php(906): App\Controllers\Api->__construct()
 2 SYSTEMPATH/CodeIgniter.php(490): CodeIgniter\CodeIgniter->createController()
 3 SYSTEMPATH/CodeIgniter.php(368): CodeIgniter\CodeIgniter->handleRequest(null, Object(Config\Cache), false)
 4 FCPATH/index.php(67): CodeIgniter\CodeIgniter->run()
WARNING - 2024-11-08 14:54:11 --> [DEPRECATED] Creation of dynamic property App\Controllers\Rekammedisirna::$db is deprecated in APPPATH/Controllers/Api.php on line 8.
 1 SYSTEMPATH/CodeIgniter.php(906): App\Controllers\Api->__construct()
 2 SYSTEMPATH/CodeIgniter.php(490): CodeIgniter\CodeIgniter->createController()
 3 SYSTEMPATH/CodeIgniter.php(368): CodeIgniter\CodeIgniter->handleRequest(null, Object(Config\Cache), false)
 4 FCPATH/index.php(67): CodeIgniter\CodeIgniter->run()
WARNING - 2024-11-08 14:54:11 --> [DEPRECATED] Creation of dynamic property App\Controllers\Rekammedisirna::$db is deprecated in APPPATH/Controllers/Api.php on line 8.
 1 SYSTEMPATH/CodeIgniter.php(906): App\Controllers\Api->__construct()
 2 SYSTEMPATH/CodeIgniter.php(490): CodeIgniter\CodeIgniter->createController()
 3 SYSTEMPATH/CodeIgniter.php(368): CodeIgniter\CodeIgniter->handleRequest(null, Object(Config\Cache), false)
 4 FCPATH/index.php(67): CodeIgniter\CodeIgniter->run()
WARNING - 2024-11-08 14:54:11 --> [DEPRECATED] Creation of dynamic property App\Controllers\Rekammedisirna::$simrs is deprecated in APPPATH/Controllers/Api.php on line 9.
 1 SYSTEMPATH/CodeIgniter.php(906): App\Controllers\Api->__construct()
 2 SYSTEMPATH/CodeIgniter.php(490): CodeIgniter\CodeIgniter->createController()
 3 SYSTEMPATH/CodeIgniter.php(368): CodeIgniter\CodeIgniter->handleRequest(null, Object(Config\Cache), false)
 4 FCPATH/index.php(67): CodeIgniter\CodeIgniter->run()
WARNING - 2024-11-08 14:54:11 --> [DEPRECATED] Creation of dynamic property App\Controllers\Rekammedisirna::$simrs is deprecated in APPPATH/Controllers/Api.php on line 9.
 1 SYSTEMPATH/CodeIgniter.php(906): App\Controllers\Api->__construct()
 2 SYSTEMPATH/CodeIgniter.php(490): CodeIgniter\CodeIgniter->createController()
 3 SYSTEMPATH/CodeIgniter.php(368): CodeIgniter\CodeIgniter->handleRequest(null, Object(Config\Cache), false)
 4 FCPATH/index.php(67): CodeIgniter\CodeIgniter->run()
WARNING - 2024-11-08 14:54:13 --> [DEPRECATED] Creation of dynamic property App\Controllers\Rekammedisirja::$db is deprecated in APPPATH/Controllers/Api.php on line 8.
 1 SYSTEMPATH/CodeIgniter.php(906): App\Controllers\Api->__construct()
 2 SYSTEMPATH/CodeIgniter.php(490): CodeIgniter\CodeIgniter->createController()
 3 SYSTEMPATH/CodeIgniter.php(368): CodeIgniter\CodeIgniter->handleRequest(null, Object(Config\Cache), false)
 4 FCPATH/index.php(67): CodeIgniter\CodeIgniter->run()
WARNING - 2024-11-08 14:54:13 --> [DEPRECATED] Creation of dynamic property App\Controllers\Rekammedisirja::$simrs is deprecated in APPPATH/Controllers/Api.php on line 9.
 1 SYSTEMPATH/CodeIgniter.php(906): App\Controllers\Api->__construct()
 2 SYSTEMPATH/CodeIgniter.php(490): CodeIgniter\CodeIgniter->createController()
 3 SYSTEMPATH/CodeIgniter.php(368): CodeIgniter\CodeIgniter->handleRequest(null, Object(Config\Cache), false)
 4 FCPATH/index.php(67): CodeIgniter\CodeIgniter->run()
WARNING - 2024-11-08 14:54:13 --> [DEPRECATED] Creation of dynamic property App\Controllers\Rekammedisirja::$db is deprecated in APPPATH/Controllers/Api.php on line 8.
 1 SYSTEMPATH/CodeIgniter.php(906): App\Controllers\Api->__construct()
 2 SYSTEMPATH/CodeIgniter.php(490): CodeIgniter\CodeIgniter->createController()
 3 SYSTEMPATH/CodeIgniter.php(368): CodeIgniter\CodeIgniter->handleRequest(null, Object(Config\Cache), false)
 4 FCPATH/index.php(67): CodeIgniter\CodeIgniter->run()
WARNING - 2024-11-08 14:54:13 --> [DEPRECATED] Creation of dynamic property App\Controllers\Rawatjalan::$db is deprecated in APPPATH/Controllers/Api.php on line 8.
 1 SYSTEMPATH/CodeIgniter.php(906): App\Controllers\Api->__construct()
 2 SYSTEMPATH/CodeIgniter.php(490): CodeIgniter\CodeIgniter->createController()
 3 SYSTEMPATH/CodeIgniter.php(368): CodeIgniter\CodeIgniter->handleRequest(null, Object(Config\Cache), false)
 4 FCPATH/index.php(67): CodeIgniter\CodeIgniter->run()
WARNING - 2024-11-08 14:54:13 --> [DEPRECATED] Creation of dynamic property App\Controllers\Rekammedisirja::$simrs is deprecated in APPPATH/Controllers/Api.php on line 9.
 1 SYSTEMPATH/CodeIgniter.php(906): App\Controllers\Api->__construct()
 2 SYSTEMPATH/CodeIgniter.php(490): CodeIgniter\CodeIgniter->createController()
 3 SYSTEMPATH/CodeIgniter.php(368): CodeIgniter\CodeIgniter->handleRequest(null, Object(Config\Cache), false)
 4 FCPATH/index.php(67): CodeIgniter\CodeIgniter->run()
WARNING - 2024-11-08 14:54:13 --> [DEPRECATED] Creation of dynamic property App\Controllers\Rawatjalan::$simrs is deprecated in APPPATH/Controllers/Api.php on line 9.
 1 SYSTEMPATH/CodeIgniter.php(906): App\Controllers\Api->__construct()
 2 SYSTEMPATH/CodeIgniter.php(490): CodeIgniter\CodeIgniter->createController()
 3 SYSTEMPATH/CodeIgniter.php(368): CodeIgniter\CodeIgniter->handleRequest(null, Object(Config\Cache), false)
 4 FCPATH/index.php(67): CodeIgniter\CodeIgniter->run()
ERROR - 2024-11-08 14:54:13 --> ErrorException: pg_query(): Query failed: ERROR:  column &quot;id_kunjungan&quot; does not exist
LINE 2: ...mr_tindakan inner join icd_9 USING(kd_icd9) where id_kunjung...
                                                             ^ in /var/www/html/SIMRSHEBAT/system/Database/Postgre/Connection.php:147
Stack trace:
#0 [internal function]: CodeIgniter\Debug\Exceptions->errorHandler()
#1 /var/www/html/SIMRSHEBAT/system/Database/Postgre/Connection.php(147): pg_query()
#2 /var/www/html/SIMRSHEBAT/system/Database/BaseConnection.php(691): CodeIgniter\Database\Postgre\Connection->execute()
#3 /var/www/html/SIMRSHEBAT/app/Controllers/Rekammedisirja.php(411): CodeIgniter\Database\BaseConnection->simpleQuery()
#4 /var/www/html/SIMRSHEBAT/system/CodeIgniter.php(934): App\Controllers\Rekammedisirja->datamricd9irja()
#5 /var/www/html/SIMRSHEBAT/system/CodeIgniter.php(499): CodeIgniter\CodeIgniter->runController()
#6 /var/www/html/SIMRSHEBAT/system/CodeIgniter.php(368): CodeIgniter\CodeIgniter->handleRequest()
#7 /var/www/html/SIMRSHEBAT/index.php(67): CodeIgniter\CodeIgniter->run()
#8 {main}
ERROR - 2024-11-08 14:54:13 --> ErrorException: pg_query(): Query failed: ERROR:  column &quot;jenis_pegawai&quot; does not exist
LINE 1: SELECT * FROM pegawai where jenis_pegawai='1'
                                    ^ in /var/www/html/SIMRSHEBAT/system/Database/Postgre/Connection.php:147
Stack trace:
#0 [internal function]: CodeIgniter\Debug\Exceptions->errorHandler()
#1 /var/www/html/SIMRSHEBAT/system/Database/Postgre/Connection.php(147): pg_query()
#2 /var/www/html/SIMRSHEBAT/system/Database/BaseConnection.php(691): CodeIgniter\Database\Postgre\Connection->execute()
#3 /var/www/html/SIMRSHEBAT/system/Database/BaseConnection.php(605): CodeIgniter\Database\BaseConnection->simpleQuery()
#4 /var/www/html/SIMRSHEBAT/app/Controllers/Rawatjalan.php(32): CodeIgniter\Database\BaseConnection->query()
#5 /var/www/html/SIMRSHEBAT/system/CodeIgniter.php(934): App\Controllers\Rawatjalan->pegawai()
#6 /var/www/html/SIMRSHEBAT/system/CodeIgniter.php(499): CodeIgniter\CodeIgniter->runController()
#7 /var/www/html/SIMRSHEBAT/system/CodeIgniter.php(368): CodeIgniter\CodeIgniter->handleRequest()
#8 /var/www/html/SIMRSHEBAT/index.php(67): CodeIgniter\CodeIgniter->run()
#9 {main}
CRITICAL - 2024-11-08 14:54:13 --> Call to a member function getResult() on bool
in APPPATH/Controllers/Rawatjalan.php on line 35.
 1 SYSTEMPATH/CodeIgniter.php(934): App\Controllers\Rawatjalan->pegawai()
 2 SYSTEMPATH/CodeIgniter.php(499): CodeIgniter\CodeIgniter->runController()
 3 SYSTEMPATH/CodeIgniter.php(368): CodeIgniter\CodeIgniter->handleRequest()
 4 FCPATH/index.php(67): CodeIgniter\CodeIgniter->run()
ERROR - 2024-11-08 14:54:13 --> ErrorException: pg_query(): Query failed: ERROR:  column &quot;id_penyakit&quot; specified in USING clause does not exist in left table in /var/www/html/SIMRSHEBAT/system/Database/Postgre/Connection.php:147
Stack trace:
#0 [internal function]: CodeIgniter\Debug\Exceptions->errorHandler()
#1 /var/www/html/SIMRSHEBAT/system/Database/Postgre/Connection.php(147): pg_query()
#2 /var/www/html/SIMRSHEBAT/system/Database/BaseConnection.php(691): CodeIgniter\Database\Postgre\Connection->execute()
#3 /var/www/html/SIMRSHEBAT/app/Controllers/Rekammedisirja.php(453): CodeIgniter\Database\BaseConnection->simpleQuery()
#4 /var/www/html/SIMRSHEBAT/system/CodeIgniter.php(934): App\Controllers\Rekammedisirja->datamrpenyakitirja()
#5 /var/www/html/SIMRSHEBAT/system/CodeIgniter.php(499): CodeIgniter\CodeIgniter->runController()
#6 /var/www/html/SIMRSHEBAT/system/CodeIgniter.php(368): CodeIgniter\CodeIgniter->handleRequest()
#7 /var/www/html/SIMRSHEBAT/index.php(67): CodeIgniter\CodeIgniter->run()
#8 {main}
WARNING - 2024-11-08 14:54:13 --> [DEPRECATED] Creation of dynamic property App\Controllers\Lab::$db is deprecated in APPPATH/Controllers/Api.php on line 8.
 1 SYSTEMPATH/CodeIgniter.php(906): App\Controllers\Api->__construct()
 2 SYSTEMPATH/CodeIgniter.php(490): CodeIgniter\CodeIgniter->createController()
 3 SYSTEMPATH/CodeIgniter.php(368): CodeIgniter\CodeIgniter->handleRequest(null, Object(Config\Cache), false)
 4 FCPATH/index.php(67): CodeIgniter\CodeIgniter->run()
WARNING - 2024-11-08 14:54:13 --> [DEPRECATED] Creation of dynamic property App\Controllers\Lab::$simrs is deprecated in APPPATH/Controllers/Api.php on line 9.
 1 SYSTEMPATH/CodeIgniter.php(906): App\Controllers\Api->__construct()
 2 SYSTEMPATH/CodeIgniter.php(490): CodeIgniter\CodeIgniter->createController()
 3 SYSTEMPATH/CodeIgniter.php(368): CodeIgniter\CodeIgniter->handleRequest(null, Object(Config\Cache), false)
 4 FCPATH/index.php(67): CodeIgniter\CodeIgniter->run()
WARNING - 2024-11-08 14:54:13 --> [DEPRECATED] Creation of dynamic property App\Controllers\Lab::$db is deprecated in APPPATH/Controllers/Api.php on line 8.
 1 SYSTEMPATH/CodeIgniter.php(906): App\Controllers\Api->__construct()
 2 SYSTEMPATH/CodeIgniter.php(490): CodeIgniter\CodeIgniter->createController()
 3 SYSTEMPATH/CodeIgniter.php(368): CodeIgniter\CodeIgniter->handleRequest(null, Object(Config\Cache), false)
 4 FCPATH/index.php(67): CodeIgniter\CodeIgniter->run()
WARNING - 2024-11-08 14:54:13 --> [DEPRECATED] Creation of dynamic property App\Controllers\Lab::$simrs is deprecated in APPPATH/Controllers/Api.php on line 9.
 1 SYSTEMPATH/CodeIgniter.php(906): App\Controllers\Api->__construct()
 2 SYSTEMPATH/CodeIgniter.php(490): CodeIgniter\CodeIgniter->createController()
 3 SYSTEMPATH/CodeIgniter.php(368): CodeIgniter\CodeIgniter->handleRequest(null, Object(Config\Cache), false)
 4 FCPATH/index.php(67): CodeIgniter\CodeIgniter->run()
WARNING - 2024-11-08 14:54:13 --> [DEPRECATED] Creation of dynamic property App\Controllers\Lab::$db is deprecated in APPPATH/Controllers/Api.php on line 8.
 1 SYSTEMPATH/CodeIgniter.php(906): App\Controllers\Api->__construct()
 2 SYSTEMPATH/CodeIgniter.php(490): CodeIgniter\CodeIgniter->createController()
 3 SYSTEMPATH/CodeIgniter.php(368): CodeIgniter\CodeIgniter->handleRequest(null, Object(Config\Cache), false)
 4 FCPATH/index.php(67): CodeIgniter\CodeIgniter->run()
WARNING - 2024-11-08 14:54:13 --> [DEPRECATED] Creation of dynamic property App\Controllers\Lab::$simrs is deprecated in APPPATH/Controllers/Api.php on line 9.
 1 SYSTEMPATH/CodeIgniter.php(906): App\Controllers\Api->__construct()
 2 SYSTEMPATH/CodeIgniter.php(490): CodeIgniter\CodeIgniter->createController()
 3 SYSTEMPATH/CodeIgniter.php(368): CodeIgniter\CodeIgniter->handleRequest(null, Object(Config\Cache), false)
 4 FCPATH/index.php(67): CodeIgniter\CodeIgniter->run()
ERROR - 2024-11-08 14:54:13 --> ErrorException: pg_query(): Query failed: ERROR:  column &quot;id_jenis_produk&quot; does not exist
LINE 1: SELECT * from produk WHERE id_jenis_produk='3' 
                                   ^ in /var/www/html/SIMRSHEBAT/system/Database/Postgre/Connection.php:147
Stack trace:
#0 [internal function]: CodeIgniter\Debug\Exceptions->errorHandler()
#1 /var/www/html/SIMRSHEBAT/system/Database/Postgre/Connection.php(147): pg_query()
#2 /var/www/html/SIMRSHEBAT/system/Database/BaseConnection.php(691): CodeIgniter\Database\Postgre\Connection->execute()
#3 /var/www/html/SIMRSHEBAT/system/Database/BaseConnection.php(605): CodeIgniter\Database\BaseConnection->simpleQuery()
#4 /var/www/html/SIMRSHEBAT/app/Controllers/Lab.php(447): CodeIgniter\Database\BaseConnection->query()
#5 /var/www/html/SIMRSHEBAT/system/CodeIgniter.php(934): App\Controllers\Lab->produk()
#6 /var/www/html/SIMRSHEBAT/system/CodeIgniter.php(499): CodeIgniter\CodeIgniter->runController()
#7 /var/www/html/SIMRSHEBAT/system/CodeIgniter.php(368): CodeIgniter\CodeIgniter->handleRequest()
#8 /var/www/html/SIMRSHEBAT/index.php(67): CodeIgniter\CodeIgniter->run()
#9 {main}
CRITICAL - 2024-11-08 14:54:13 --> Call to a member function getResult() on bool
in APPPATH/Controllers/Lab.php on line 447.
 1 SYSTEMPATH/CodeIgniter.php(934): App\Controllers\Lab->produk()
 2 SYSTEMPATH/CodeIgniter.php(499): CodeIgniter\CodeIgniter->runController()
 3 SYSTEMPATH/CodeIgniter.php(368): CodeIgniter\CodeIgniter->handleRequest()
 4 FCPATH/index.php(67): CodeIgniter\CodeIgniter->run()
ERROR - 2024-11-08 14:54:13 --> ErrorException: pg_query(): Query failed: ERROR:  function left(integer, integer) does not exist
LINE 1: SELECT * from produk WHERE left(kd_produk,2)='XR' 
                                   ^
HINT:  No function matches the given name and argument types. You might need to add explicit type casts. in /var/www/html/SIMRSHEBAT/system/Database/Postgre/Connection.php:147
Stack trace:
#0 [internal function]: CodeIgniter\Debug\Exceptions->errorHandler()
#1 /var/www/html/SIMRSHEBAT/system/Database/Postgre/Connection.php(147): pg_query()
#2 /var/www/html/SIMRSHEBAT/system/Database/BaseConnection.php(691): CodeIgniter\Database\Postgre\Connection->execute()
#3 /var/www/html/SIMRSHEBAT/system/Database/BaseConnection.php(605): CodeIgniter\Database\BaseConnection->simpleQuery()
#4 /var/www/html/SIMRSHEBAT/app/Controllers/Lab.php(465): CodeIgniter\Database\BaseConnection->query()
#5 /var/www/html/SIMRSHEBAT/system/CodeIgniter.php(934): App\Controllers\Lab->produkRad()
#6 /var/www/html/SIMRSHEBAT/system/CodeIgniter.php(499): CodeIgniter\CodeIgniter->runController()
#7 /var/www/html/SIMRSHEBAT/system/CodeIgniter.php(368): CodeIgniter\CodeIgniter->handleRequest()
#8 /var/www/html/SIMRSHEBAT/index.php(67): CodeIgniter\CodeIgniter->run()
#9 {main}
CRITICAL - 2024-11-08 14:54:13 --> Call to a member function getResult() on bool
in APPPATH/Controllers/Lab.php on line 465.
 1 SYSTEMPATH/CodeIgniter.php(934): App\Controllers\Lab->produkRad()
 2 SYSTEMPATH/CodeIgniter.php(499): CodeIgniter\CodeIgniter->runController()
 3 SYSTEMPATH/CodeIgniter.php(368): CodeIgniter\CodeIgniter->handleRequest()
 4 FCPATH/index.php(67): CodeIgniter\CodeIgniter->run()
ERROR - 2024-11-08 14:54:13 --> ErrorException: pg_query(): Query failed: ERROR:  function left(integer, integer) does not exist
LINE 1: SELECT * from produk WHERE left(kd_produk,2)='CT' 
                                   ^
HINT:  No function matches the given name and argument types. You might need to add explicit type casts. in /var/www/html/SIMRSHEBAT/system/Database/Postgre/Connection.php:147
Stack trace:
#0 [internal function]: CodeIgniter\Debug\Exceptions->errorHandler()
#1 /var/www/html/SIMRSHEBAT/system/Database/Postgre/Connection.php(147): pg_query()
#2 /var/www/html/SIMRSHEBAT/system/Database/BaseConnection.php(691): CodeIgniter\Database\Postgre\Connection->execute()
#3 /var/www/html/SIMRSHEBAT/system/Database/BaseConnection.php(605): CodeIgniter\Database\BaseConnection->simpleQuery()
#4 /var/www/html/SIMRSHEBAT/app/Controllers/Lab.php(465): CodeIgniter\Database\BaseConnection->query()
#5 /var/www/html/SIMRSHEBAT/system/CodeIgniter.php(934): App\Controllers\Lab->produkRad()
#6 /var/www/html/SIMRSHEBAT/system/CodeIgniter.php(499): CodeIgniter\CodeIgniter->runController()
#7 /var/www/html/SIMRSHEBAT/system/CodeIgniter.php(368): CodeIgniter\CodeIgniter->handleRequest()
#8 /var/www/html/SIMRSHEBAT/index.php(67): CodeIgniter\CodeIgniter->run()
#9 {main}
CRITICAL - 2024-11-08 14:54:13 --> Call to a member function getResult() on bool
in APPPATH/Controllers/Lab.php on line 465.
 1 SYSTEMPATH/CodeIgniter.php(934): App\Controllers\Lab->produkRad()
 2 SYSTEMPATH/CodeIgniter.php(499): CodeIgniter\CodeIgniter->runController()
 3 SYSTEMPATH/CodeIgniter.php(368): CodeIgniter\CodeIgniter->handleRequest()
 4 FCPATH/index.php(67): CodeIgniter\CodeIgniter->run()
WARNING - 2024-11-08 14:54:13 --> [DEPRECATED] Creation of dynamic property App\Controllers\Lab::$db is deprecated in APPPATH/Controllers/Api.php on line 8.
 1 SYSTEMPATH/CodeIgniter.php(906): App\Controllers\Api->__construct()
 2 SYSTEMPATH/CodeIgniter.php(490): CodeIgniter\CodeIgniter->createController()
 3 SYSTEMPATH/CodeIgniter.php(368): CodeIgniter\CodeIgniter->handleRequest(null, Object(Config\Cache), false)
 4 FCPATH/index.php(67): CodeIgniter\CodeIgniter->run()
WARNING - 2024-11-08 14:54:13 --> [DEPRECATED] Creation of dynamic property App\Controllers\Lab::$simrs is deprecated in APPPATH/Controllers/Api.php on line 9.
 1 SYSTEMPATH/CodeIgniter.php(906): App\Controllers\Api->__construct()
 2 SYSTEMPATH/CodeIgniter.php(490): CodeIgniter\CodeIgniter->createController()
 3 SYSTEMPATH/CodeIgniter.php(368): CodeIgniter\CodeIgniter->handleRequest(null, Object(Config\Cache), false)
 4 FCPATH/index.php(67): CodeIgniter\CodeIgniter->run()
WARNING - 2024-11-08 14:54:13 --> [DEPRECATED] Creation of dynamic property App\Controllers\Rekammedisirna::$db is deprecated in APPPATH/Controllers/Api.php on line 8.
 1 SYSTEMPATH/CodeIgniter.php(906): App\Controllers\Api->__construct()
 2 SYSTEMPATH/CodeIgniter.php(490): CodeIgniter\CodeIgniter->createController()
 3 SYSTEMPATH/CodeIgniter.php(368): CodeIgniter\CodeIgniter->handleRequest(null, Object(Config\Cache), false)
 4 FCPATH/index.php(67): CodeIgniter\CodeIgniter->run()
WARNING - 2024-11-08 14:54:13 --> [DEPRECATED] Creation of dynamic property App\Controllers\Rekammedisirna::$simrs is deprecated in APPPATH/Controllers/Api.php on line 9.
 1 SYSTEMPATH/CodeIgniter.php(906): App\Controllers\Api->__construct()
 2 SYSTEMPATH/CodeIgniter.php(490): CodeIgniter\CodeIgniter->createController()
 3 SYSTEMPATH/CodeIgniter.php(368): CodeIgniter\CodeIgniter->handleRequest(null, Object(Config\Cache), false)
 4 FCPATH/index.php(67): CodeIgniter\CodeIgniter->run()
WARNING - 2024-11-08 14:54:13 --> [DEPRECATED] Creation of dynamic property App\Controllers\Kunjungan::$db is deprecated in APPPATH/Controllers/Api.php on line 8.
 1 SYSTEMPATH/CodeIgniter.php(906): App\Controllers\Api->__construct()
 2 SYSTEMPATH/CodeIgniter.php(490): CodeIgniter\CodeIgniter->createController()
 3 SYSTEMPATH/CodeIgniter.php(368): CodeIgniter\CodeIgniter->handleRequest(null, Object(Config\Cache), false)
 4 FCPATH/index.php(67): CodeIgniter\CodeIgniter->run()
WARNING - 2024-11-08 14:54:13 --> [DEPRECATED] Creation of dynamic property App\Controllers\Kunjungan::$simrs is deprecated in APPPATH/Controllers/Api.php on line 9.
 1 SYSTEMPATH/CodeIgniter.php(906): App\Controllers\Api->__construct()
 2 SYSTEMPATH/CodeIgniter.php(490): CodeIgniter\CodeIgniter->createController()
 3 SYSTEMPATH/CodeIgniter.php(368): CodeIgniter\CodeIgniter->handleRequest(null, Object(Config\Cache), false)
 4 FCPATH/index.php(67): CodeIgniter\CodeIgniter->run()
ERROR - 2024-11-08 14:54:13 --> ErrorException: pg_query(): Query failed: ERROR:  relation &quot;order_lab&quot; does not exist
LINE 2:         order_lab o inner join
                ^ in /var/www/html/SIMRSHEBAT/system/Database/Postgre/Connection.php:147
Stack trace:
#0 [internal function]: CodeIgniter\Debug\Exceptions->errorHandler()
#1 /var/www/html/SIMRSHEBAT/system/Database/Postgre/Connection.php(147): pg_query()
#2 /var/www/html/SIMRSHEBAT/system/Database/BaseConnection.php(691): CodeIgniter\Database\Postgre\Connection->execute()
#3 /var/www/html/SIMRSHEBAT/app/Controllers/Rekammedisirna.php(823): CodeIgniter\Database\BaseConnection->simpleQuery()
#4 /var/www/html/SIMRSHEBAT/system/CodeIgniter.php(934): App\Controllers\Rekammedisirna->datapenunjangpasienirna()
#5 /var/www/html/SIMRSHEBAT/system/CodeIgniter.php(499): CodeIgniter\CodeIgniter->runController()
#6 /var/www/html/SIMRSHEBAT/system/CodeIgniter.php(368): CodeIgniter\CodeIgniter->handleRequest()
#7 /var/www/html/SIMRSHEBAT/index.php(67): CodeIgniter\CodeIgniter->run()
#8 {main}
ERROR - 2024-11-08 14:54:13 --> ErrorException: pg_query(): Query failed: ERROR:  column &quot;id_penyakit&quot; specified in USING clause does not exist in left table in /var/www/html/SIMRSHEBAT/system/Database/Postgre/Connection.php:147
Stack trace:
#0 [internal function]: CodeIgniter\Debug\Exceptions->errorHandler()
#1 /var/www/html/SIMRSHEBAT/system/Database/Postgre/Connection.php(147): pg_query()
#2 /var/www/html/SIMRSHEBAT/system/Database/BaseConnection.php(691): CodeIgniter\Database\Postgre\Connection->execute()
#3 /var/www/html/SIMRSHEBAT/app/Controllers/Kunjungan.php(585): CodeIgniter\Database\BaseConnection->simpleQuery()
#4 /var/www/html/SIMRSHEBAT/system/CodeIgniter.php(934): App\Controllers\Kunjungan->historipenyakit()
#5 /var/www/html/SIMRSHEBAT/system/CodeIgniter.php(499): CodeIgniter\CodeIgniter->runController()
#6 /var/www/html/SIMRSHEBAT/system/CodeIgniter.php(368): CodeIgniter\CodeIgniter->handleRequest()
#7 /var/www/html/SIMRSHEBAT/index.php(67): CodeIgniter\CodeIgniter->run()
#8 {main}
ERROR - 2024-11-08 14:54:13 --> ErrorException: pg_query(): Query failed: ERROR:  function left(integer, integer) does not exist
LINE 1: SELECT * from produk WHERE left(kd_produk,2)='UR' 
                                   ^
HINT:  No function matches the given name and argument types. You might need to add explicit type casts. in /var/www/html/SIMRSHEBAT/system/Database/Postgre/Connection.php:147
Stack trace:
#0 [internal function]: CodeIgniter\Debug\Exceptions->errorHandler()
#1 /var/www/html/SIMRSHEBAT/system/Database/Postgre/Connection.php(147): pg_query()
#2 /var/www/html/SIMRSHEBAT/system/Database/BaseConnection.php(691): CodeIgniter\Database\Postgre\Connection->execute()
#3 /var/www/html/SIMRSHEBAT/system/Database/BaseConnection.php(605): CodeIgniter\Database\BaseConnection->simpleQuery()
#4 /var/www/html/SIMRSHEBAT/app/Controllers/Lab.php(465): CodeIgniter\Database\BaseConnection->query()
#5 /var/www/html/SIMRSHEBAT/system/CodeIgniter.php(934): App\Controllers\Lab->produkRad()
#6 /var/www/html/SIMRSHEBAT/system/CodeIgniter.php(499): CodeIgniter\CodeIgniter->runController()
#7 /var/www/html/SIMRSHEBAT/system/CodeIgniter.php(368): CodeIgniter\CodeIgniter->handleRequest()
#8 /var/www/html/SIMRSHEBAT/index.php(67): CodeIgniter\CodeIgniter->run()
#9 {main}
CRITICAL - 2024-11-08 14:54:13 --> Call to a member function getResult() on bool
in APPPATH/Controllers/Lab.php on line 465.
 1 SYSTEMPATH/CodeIgniter.php(934): App\Controllers\Lab->produkRad()
 2 SYSTEMPATH/CodeIgniter.php(499): CodeIgniter\CodeIgniter->runController()
 3 SYSTEMPATH/CodeIgniter.php(368): CodeIgniter\CodeIgniter->handleRequest()
 4 FCPATH/index.php(67): CodeIgniter\CodeIgniter->run()
WARNING - 2024-11-08 14:54:13 --> [DEPRECATED] Creation of dynamic property App\Controllers\Kunjungan::$db is deprecated in APPPATH/Controllers/Api.php on line 8.
 1 SYSTEMPATH/CodeIgniter.php(906): App\Controllers\Api->__construct()
 2 SYSTEMPATH/CodeIgniter.php(490): CodeIgniter\CodeIgniter->createController()
 3 SYSTEMPATH/CodeIgniter.php(368): CodeIgniter\CodeIgniter->handleRequest(null, Object(Config\Cache), false)
 4 FCPATH/index.php(67): CodeIgniter\CodeIgniter->run()
WARNING - 2024-11-08 14:54:13 --> [DEPRECATED] Creation of dynamic property App\Controllers\Kunjungan::$simrs is deprecated in APPPATH/Controllers/Api.php on line 9.
 1 SYSTEMPATH/CodeIgniter.php(906): App\Controllers\Api->__construct()
 2 SYSTEMPATH/CodeIgniter.php(490): CodeIgniter\CodeIgniter->createController()
 3 SYSTEMPATH/CodeIgniter.php(368): CodeIgniter\CodeIgniter->handleRequest(null, Object(Config\Cache), false)
 4 FCPATH/index.php(67): CodeIgniter\CodeIgniter->run()
WARNING - 2024-11-08 14:54:13 --> [DEPRECATED] Creation of dynamic property App\Controllers\Kunjungan::$db is deprecated in APPPATH/Controllers/Api.php on line 8.
 1 SYSTEMPATH/CodeIgniter.php(906): App\Controllers\Api->__construct()
 2 SYSTEMPATH/CodeIgniter.php(490): CodeIgniter\CodeIgniter->createController()
 3 SYSTEMPATH/CodeIgniter.php(368): CodeIgniter\CodeIgniter->handleRequest(null, Object(Config\Cache), false)
 4 FCPATH/index.php(67): CodeIgniter\CodeIgniter->run()
WARNING - 2024-11-08 14:54:13 --> [DEPRECATED] Creation of dynamic property App\Controllers\Kunjungan::$simrs is deprecated in APPPATH/Controllers/Api.php on line 9.
 1 SYSTEMPATH/CodeIgniter.php(906): App\Controllers\Api->__construct()
 2 SYSTEMPATH/CodeIgniter.php(490): CodeIgniter\CodeIgniter->createController()
 3 SYSTEMPATH/CodeIgniter.php(368): CodeIgniter\CodeIgniter->handleRequest(null, Object(Config\Cache), false)
 4 FCPATH/index.php(67): CodeIgniter\CodeIgniter->run()
WARNING - 2024-11-08 14:54:13 --> [DEPRECATED] Creation of dynamic property App\Controllers\Datasosial::$db is deprecated in APPPATH/Controllers/Api.php on line 8.
 1 SYSTEMPATH/CodeIgniter.php(906): App\Controllers\Api->__construct()
 2 SYSTEMPATH/CodeIgniter.php(490): CodeIgniter\CodeIgniter->createController()
 3 SYSTEMPATH/CodeIgniter.php(368): CodeIgniter\CodeIgniter->handleRequest(null, Object(Config\Cache), false)
 4 FCPATH/index.php(67): CodeIgniter\CodeIgniter->run()
WARNING - 2024-11-08 14:54:13 --> [DEPRECATED] Creation of dynamic property App\Controllers\Datasosial::$simrs is deprecated in APPPATH/Controllers/Api.php on line 9.
 1 SYSTEMPATH/CodeIgniter.php(906): App\Controllers\Api->__construct()
 2 SYSTEMPATH/CodeIgniter.php(490): CodeIgniter\CodeIgniter->createController()
 3 SYSTEMPATH/CodeIgniter.php(368): CodeIgniter\CodeIgniter->handleRequest(null, Object(Config\Cache), false)
 4 FCPATH/index.php(67): CodeIgniter\CodeIgniter->run()
ERROR - 2024-11-08 14:54:13 --> ErrorException: pg_query(): Query failed: ERROR:  column &quot;id_penyakit&quot; specified in USING clause does not exist in left table in /var/www/html/SIMRSHEBAT/system/Database/Postgre/Connection.php:147
Stack trace:
#0 [internal function]: CodeIgniter\Debug\Exceptions->errorHandler()
#1 /var/www/html/SIMRSHEBAT/system/Database/Postgre/Connection.php(147): pg_query()
#2 /var/www/html/SIMRSHEBAT/system/Database/BaseConnection.php(691): CodeIgniter\Database\Postgre\Connection->execute()
#3 /var/www/html/SIMRSHEBAT/app/Controllers/Kunjungan.php(617): CodeIgniter\Database\BaseConnection->simpleQuery()
#4 /var/www/html/SIMRSHEBAT/system/CodeIgniter.php(934): App\Controllers\Kunjungan->historipenyakitkeluarga()
#5 /var/www/html/SIMRSHEBAT/system/CodeIgniter.php(499): CodeIgniter\CodeIgniter->runController()
#6 /var/www/html/SIMRSHEBAT/system/CodeIgniter.php(368): CodeIgniter\CodeIgniter->handleRequest()
#7 /var/www/html/SIMRSHEBAT/index.php(67): CodeIgniter\CodeIgniter->run()
#8 {main}
ERROR - 2024-11-08 14:54:13 --> ErrorException: pg_query(): Query failed: ERROR:  relation &quot;alergi&quot; does not exist
LINE 1: SELECT * from alergi where no_rm='6-00-08-35' 
                      ^ in /var/www/html/SIMRSHEBAT/system/Database/Postgre/Connection.php:147
Stack trace:
#0 [internal function]: CodeIgniter\Debug\Exceptions->errorHandler()
#1 /var/www/html/SIMRSHEBAT/system/Database/Postgre/Connection.php(147): pg_query()
#2 /var/www/html/SIMRSHEBAT/system/Database/BaseConnection.php(691): CodeIgniter\Database\Postgre\Connection->execute()
#3 /var/www/html/SIMRSHEBAT/app/Controllers/Kunjungan.php(632): CodeIgniter\Database\BaseConnection->simpleQuery()
#4 /var/www/html/SIMRSHEBAT/system/CodeIgniter.php(934): App\Controllers\Kunjungan->historialergi()
#5 /var/www/html/SIMRSHEBAT/system/CodeIgniter.php(499): CodeIgniter\CodeIgniter->runController()
#6 /var/www/html/SIMRSHEBAT/system/CodeIgniter.php(368): CodeIgniter\CodeIgniter->handleRequest()
#7 /var/www/html/SIMRSHEBAT/index.php(67): CodeIgniter\CodeIgniter->run()
#8 {main}
WARNING - 2024-11-08 14:54:13 --> [DEPRECATED] Creation of dynamic property App\Controllers\Datasosial::$db is deprecated in APPPATH/Controllers/Api.php on line 8.
 1 SYSTEMPATH/CodeIgniter.php(906): App\Controllers\Api->__construct()
 2 SYSTEMPATH/CodeIgniter.php(490): CodeIgniter\CodeIgniter->createController()
 3 SYSTEMPATH/CodeIgniter.php(368): CodeIgniter\CodeIgniter->handleRequest(null, Object(Config\Cache), false)
 4 FCPATH/index.php(67): CodeIgniter\CodeIgniter->run()
WARNING - 2024-11-08 14:54:13 --> [DEPRECATED] Creation of dynamic property App\Controllers\Datasosial::$simrs is deprecated in APPPATH/Controllers/Api.php on line 9.
 1 SYSTEMPATH/CodeIgniter.php(906): App\Controllers\Api->__construct()
 2 SYSTEMPATH/CodeIgniter.php(490): CodeIgniter\CodeIgniter->createController()
 3 SYSTEMPATH/CodeIgniter.php(368): CodeIgniter\CodeIgniter->handleRequest(null, Object(Config\Cache), false)
 4 FCPATH/index.php(67): CodeIgniter\CodeIgniter->run()
WARNING - 2024-11-08 14:54:18 --> [DEPRECATED] Creation of dynamic property App\Controllers\Rekammedisirna::$db is deprecated in APPPATH/Controllers/Api.php on line 8.
 1 SYSTEMPATH/CodeIgniter.php(906): App\Controllers\Api->__construct()
 2 SYSTEMPATH/CodeIgniter.php(490): CodeIgniter\CodeIgniter->createController()
 3 SYSTEMPATH/CodeIgniter.php(368): CodeIgniter\CodeIgniter->handleRequest(null, Object(Config\Cache), false)
 4 FCPATH/index.php(67): CodeIgniter\CodeIgniter->run()
WARNING - 2024-11-08 14:54:18 --> [DEPRECATED] Creation of dynamic property App\Controllers\Rekammedisirna::$simrs is deprecated in APPPATH/Controllers/Api.php on line 9.
 1 SYSTEMPATH/CodeIgniter.php(906): App\Controllers\Api->__construct()
 2 SYSTEMPATH/CodeIgniter.php(490): CodeIgniter\CodeIgniter->createController()
 3 SYSTEMPATH/CodeIgniter.php(368): CodeIgniter\CodeIgniter->handleRequest(null, Object(Config\Cache), false)
 4 FCPATH/index.php(67): CodeIgniter\CodeIgniter->run()
WARNING - 2024-11-08 14:54:18 --> [DEPRECATED] Creation of dynamic property App\Controllers\Rekammedisirna::$db is deprecated in APPPATH/Controllers/Api.php on line 8.
 1 SYSTEMPATH/CodeIgniter.php(906): App\Controllers\Api->__construct()
 2 SYSTEMPATH/CodeIgniter.php(490): CodeIgniter\CodeIgniter->createController()
 3 SYSTEMPATH/CodeIgniter.php(368): CodeIgniter\CodeIgniter->handleRequest(null, Object(Config\Cache), false)
 4 FCPATH/index.php(67): CodeIgniter\CodeIgniter->run()
WARNING - 2024-11-08 14:54:18 --> [DEPRECATED] Creation of dynamic property App\Controllers\Rekammedisirna::$simrs is deprecated in APPPATH/Controllers/Api.php on line 9.
 1 SYSTEMPATH/CodeIgniter.php(906): App\Controllers\Api->__construct()
 2 SYSTEMPATH/CodeIgniter.php(490): CodeIgniter\CodeIgniter->createController()
 3 SYSTEMPATH/CodeIgniter.php(368): CodeIgniter\CodeIgniter->handleRequest(null, Object(Config\Cache), false)
 4 FCPATH/index.php(67): CodeIgniter\CodeIgniter->run()
