INFO - 2024-11-05 07:51:51 --> Session: Class initialized using 'CodeIgniter\Session\Handlers\FileHandler' driver.
WARNING - 2024-11-05 07:51:59 --> [DEPRECATED] Creation of dynamic property App\Controllers\User::$db is deprecated in APPPATH/Controllers/Api.php on line 8.
 1 SYSTEMPATH/CodeIgniter.php(906): App\Controllers\Api->__construct()
 2 SYSTEMPATH/CodeIgniter.php(490): CodeIgniter\CodeIgniter->createController()
 3 SYSTEMPATH/CodeIgniter.php(368): CodeIgniter\CodeIgniter->handleRequest(null, Object(Config\Cache), false)
 4 FCPATH/index.php(67): CodeIgniter\CodeIgniter->run()
WARNING - 2024-11-05 07:51:59 --> [DEPRECATED] Creation of dynamic property App\Controllers\User::$simrs is deprecated in APPPATH/Controllers/Api.php on line 9.
 1 SYSTEMPATH/CodeIgniter.php(906): App\Controllers\Api->__construct()
 2 SYSTEMPATH/CodeIgniter.php(490): CodeIgniter\CodeIgniter->createController()
 3 SYSTEMPATH/CodeIgniter.php(368): CodeIgniter\CodeIgniter->handleRequest(null, Object(Config\Cache), false)
 4 FCPATH/index.php(67): CodeIgniter\CodeIgniter->run()
WARNING - 2024-11-05 07:52:08 --> [DEPRECATED] Creation of dynamic property App\Controllers\User::$db is deprecated in APPPATH/Controllers/Api.php on line 8.
 1 SYSTEMPATH/CodeIgniter.php(906): App\Controllers\Api->__construct()
 2 SYSTEMPATH/CodeIgniter.php(490): CodeIgniter\CodeIgniter->createController()
 3 SYSTEMPATH/CodeIgniter.php(368): CodeIgniter\CodeIgniter->handleRequest(null, Object(Config\Cache), false)
 4 FCPATH/index.php(67): CodeIgniter\CodeIgniter->run()
WARNING - 2024-11-05 07:52:08 --> [DEPRECATED] Creation of dynamic property App\Controllers\User::$simrs is deprecated in APPPATH/Controllers/Api.php on line 9.
 1 SYSTEMPATH/CodeIgniter.php(906): App\Controllers\Api->__construct()
 2 SYSTEMPATH/CodeIgniter.php(490): CodeIgniter\CodeIgniter->createController()
 3 SYSTEMPATH/CodeIgniter.php(368): CodeIgniter\CodeIgniter->handleRequest(null, Object(Config\Cache), false)
 4 FCPATH/index.php(67): CodeIgniter\CodeIgniter->run()
WARNING - 2024-11-05 07:52:08 --> [DEPRECATED] Creation of dynamic property App\Controllers\Laporan::$db is deprecated in APPPATH/Controllers/Api.php on line 8.
 1 SYSTEMPATH/CodeIgniter.php(906): App\Controllers\Api->__construct()
 2 SYSTEMPATH/CodeIgniter.php(490): CodeIgniter\CodeIgniter->createController()
 3 SYSTEMPATH/CodeIgniter.php(368): CodeIgniter\CodeIgniter->handleRequest(null, Object(Config\Cache), false)
 4 FCPATH/index.php(67): CodeIgniter\CodeIgniter->run()
WARNING - 2024-11-05 07:52:08 --> [DEPRECATED] Creation of dynamic property App\Controllers\Laporan::$simrs is deprecated in APPPATH/Controllers/Api.php on line 9.
 1 SYSTEMPATH/CodeIgniter.php(906): App\Controllers\Api->__construct()
 2 SYSTEMPATH/CodeIgniter.php(490): CodeIgniter\CodeIgniter->createController()
 3 SYSTEMPATH/CodeIgniter.php(368): CodeIgniter\CodeIgniter->handleRequest(null, Object(Config\Cache), false)
 4 FCPATH/index.php(67): CodeIgniter\CodeIgniter->run()
WARNING - 2024-11-05 07:52:08 --> [DEPRECATED] Creation of dynamic property App\Controllers\Apotek::$db is deprecated in APPPATH/Controllers/Apotek.php on line 11.
 1 SYSTEMPATH/CodeIgniter.php(906): App\Controllers\Apotek->__construct()
 2 SYSTEMPATH/CodeIgniter.php(490): CodeIgniter\CodeIgniter->createController()
 3 SYSTEMPATH/CodeIgniter.php(368): CodeIgniter\CodeIgniter->handleRequest(null, Object(Config\Cache), false)
 4 FCPATH/index.php(67): CodeIgniter\CodeIgniter->run()
WARNING - 2024-11-05 07:52:08 --> [DEPRECATED] Creation of dynamic property App\Controllers\User::$db is deprecated in APPPATH/Controllers/Api.php on line 8.
 1 SYSTEMPATH/CodeIgniter.php(906): App\Controllers\Api->__construct()
 2 SYSTEMPATH/CodeIgniter.php(490): CodeIgniter\CodeIgniter->createController()
 3 SYSTEMPATH/CodeIgniter.php(368): CodeIgniter\CodeIgniter->handleRequest(null, Object(Config\Cache), false)
 4 FCPATH/index.php(67): CodeIgniter\CodeIgniter->run()
WARNING - 2024-11-05 07:52:08 --> [DEPRECATED] Creation of dynamic property App\Controllers\User::$simrs is deprecated in APPPATH/Controllers/Api.php on line 9.
 1 SYSTEMPATH/CodeIgniter.php(906): App\Controllers\Api->__construct()
 2 SYSTEMPATH/CodeIgniter.php(490): CodeIgniter\CodeIgniter->createController()
 3 SYSTEMPATH/CodeIgniter.php(368): CodeIgniter\CodeIgniter->handleRequest(null, Object(Config\Cache), false)
 4 FCPATH/index.php(67): CodeIgniter\CodeIgniter->run()
WARNING - 2024-11-05 07:52:09 --> [DEPRECATED] Creation of dynamic property App\Controllers\User::$db is deprecated in APPPATH/Controllers/Api.php on line 8.
 1 SYSTEMPATH/CodeIgniter.php(906): App\Controllers\Api->__construct()
 2 SYSTEMPATH/CodeIgniter.php(490): CodeIgniter\CodeIgniter->createController()
 3 SYSTEMPATH/CodeIgniter.php(368): CodeIgniter\CodeIgniter->handleRequest(null, Object(Config\Cache), false)
 4 FCPATH/index.php(67): CodeIgniter\CodeIgniter->run()
WARNING - 2024-11-05 07:52:09 --> [DEPRECATED] Creation of dynamic property App\Controllers\User::$simrs is deprecated in APPPATH/Controllers/Api.php on line 9.
 1 SYSTEMPATH/CodeIgniter.php(906): App\Controllers\Api->__construct()
 2 SYSTEMPATH/CodeIgniter.php(490): CodeIgniter\CodeIgniter->createController()
 3 SYSTEMPATH/CodeIgniter.php(368): CodeIgniter\CodeIgniter->handleRequest(null, Object(Config\Cache), false)
 4 FCPATH/index.php(67): CodeIgniter\CodeIgniter->run()
INFO - 2024-11-05 08:52:09 --> Session: Class initialized using 'CodeIgniter\Session\Handlers\FileHandler' driver.
WARNING - 2024-11-05 09:13:16 --> [DEPRECATED] Creation of dynamic property App\Controllers\User::$db is deprecated in APPPATH/Controllers/Api.php on line 8.
 1 SYSTEMPATH/CodeIgniter.php(906): App\Controllers\Api->__construct()
 2 SYSTEMPATH/CodeIgniter.php(490): CodeIgniter\CodeIgniter->createController()
 3 SYSTEMPATH/CodeIgniter.php(368): CodeIgniter\CodeIgniter->handleRequest(null, Object(Config\Cache), false)
 4 FCPATH/index.php(67): CodeIgniter\CodeIgniter->run()
WARNING - 2024-11-05 09:13:16 --> [DEPRECATED] Creation of dynamic property App\Controllers\User::$simrs is deprecated in APPPATH/Controllers/Api.php on line 9.
 1 SYSTEMPATH/CodeIgniter.php(906): App\Controllers\Api->__construct()
 2 SYSTEMPATH/CodeIgniter.php(490): CodeIgniter\CodeIgniter->createController()
 3 SYSTEMPATH/CodeIgniter.php(368): CodeIgniter\CodeIgniter->handleRequest(null, Object(Config\Cache), false)
 4 FCPATH/index.php(67): CodeIgniter\CodeIgniter->run()
WARNING - 2024-11-05 09:13:17 --> [DEPRECATED] Creation of dynamic property App\Controllers\Laporan::$db is deprecated in APPPATH/Controllers/Api.php on line 8.
 1 SYSTEMPATH/CodeIgniter.php(906): App\Controllers\Api->__construct()
 2 SYSTEMPATH/CodeIgniter.php(490): CodeIgniter\CodeIgniter->createController()
 3 SYSTEMPATH/CodeIgniter.php(368): CodeIgniter\CodeIgniter->handleRequest(null, Object(Config\Cache), false)
 4 FCPATH/index.php(67): CodeIgniter\CodeIgniter->run()
WARNING - 2024-11-05 09:13:17 --> [DEPRECATED] Creation of dynamic property App\Controllers\Laporan::$simrs is deprecated in APPPATH/Controllers/Api.php on line 9.
 1 SYSTEMPATH/CodeIgniter.php(906): App\Controllers\Api->__construct()
 2 SYSTEMPATH/CodeIgniter.php(490): CodeIgniter\CodeIgniter->createController()
 3 SYSTEMPATH/CodeIgniter.php(368): CodeIgniter\CodeIgniter->handleRequest(null, Object(Config\Cache), false)
 4 FCPATH/index.php(67): CodeIgniter\CodeIgniter->run()
WARNING - 2024-11-05 09:13:17 --> [DEPRECATED] Creation of dynamic property App\Controllers\Apotek::$db is deprecated in APPPATH/Controllers/Apotek.php on line 11.
 1 SYSTEMPATH/CodeIgniter.php(906): App\Controllers\Apotek->__construct()
 2 SYSTEMPATH/CodeIgniter.php(490): CodeIgniter\CodeIgniter->createController()
 3 SYSTEMPATH/CodeIgniter.php(368): CodeIgniter\CodeIgniter->handleRequest(null, Object(Config\Cache), false)
 4 FCPATH/index.php(67): CodeIgniter\CodeIgniter->run()
WARNING - 2024-11-05 09:13:17 --> [DEPRECATED] Creation of dynamic property App\Controllers\User::$db is deprecated in APPPATH/Controllers/Api.php on line 8.
 1 SYSTEMPATH/CodeIgniter.php(906): App\Controllers\Api->__construct()
 2 SYSTEMPATH/CodeIgniter.php(490): CodeIgniter\CodeIgniter->createController()
 3 SYSTEMPATH/CodeIgniter.php(368): CodeIgniter\CodeIgniter->handleRequest(null, Object(Config\Cache), false)
 4 FCPATH/index.php(67): CodeIgniter\CodeIgniter->run()
WARNING - 2024-11-05 09:13:17 --> [DEPRECATED] Creation of dynamic property App\Controllers\User::$simrs is deprecated in APPPATH/Controllers/Api.php on line 9.
 1 SYSTEMPATH/CodeIgniter.php(906): App\Controllers\Api->__construct()
 2 SYSTEMPATH/CodeIgniter.php(490): CodeIgniter\CodeIgniter->createController()
 3 SYSTEMPATH/CodeIgniter.php(368): CodeIgniter\CodeIgniter->handleRequest(null, Object(Config\Cache), false)
 4 FCPATH/index.php(67): CodeIgniter\CodeIgniter->run()
WARNING - 2024-11-05 09:13:17 --> [DEPRECATED] Creation of dynamic property App\Controllers\User::$db is deprecated in APPPATH/Controllers/Api.php on line 8.
 1 SYSTEMPATH/CodeIgniter.php(906): App\Controllers\Api->__construct()
 2 SYSTEMPATH/CodeIgniter.php(490): CodeIgniter\CodeIgniter->createController()
 3 SYSTEMPATH/CodeIgniter.php(368): CodeIgniter\CodeIgniter->handleRequest(null, Object(Config\Cache), false)
 4 FCPATH/index.php(67): CodeIgniter\CodeIgniter->run()
WARNING - 2024-11-05 09:13:17 --> [DEPRECATED] Creation of dynamic property App\Controllers\User::$simrs is deprecated in APPPATH/Controllers/Api.php on line 9.
 1 SYSTEMPATH/CodeIgniter.php(906): App\Controllers\Api->__construct()
 2 SYSTEMPATH/CodeIgniter.php(490): CodeIgniter\CodeIgniter->createController()
 3 SYSTEMPATH/CodeIgniter.php(368): CodeIgniter\CodeIgniter->handleRequest(null, Object(Config\Cache), false)
 4 FCPATH/index.php(67): CodeIgniter\CodeIgniter->run()
WARNING - 2024-11-05 09:13:22 --> [DEPRECATED] Creation of dynamic property App\Controllers\Rekammedisirna::$db is deprecated in APPPATH/Controllers/Api.php on line 8.
 1 SYSTEMPATH/CodeIgniter.php(906): App\Controllers\Api->__construct()
 2 SYSTEMPATH/CodeIgniter.php(490): CodeIgniter\CodeIgniter->createController()
 3 SYSTEMPATH/CodeIgniter.php(368): CodeIgniter\CodeIgniter->handleRequest(null, Object(Config\Cache), false)
 4 FCPATH/index.php(67): CodeIgniter\CodeIgniter->run()
WARNING - 2024-11-05 09:13:22 --> [DEPRECATED] Creation of dynamic property App\Controllers\Rekammedisirna::$simrs is deprecated in APPPATH/Controllers/Api.php on line 9.
 1 SYSTEMPATH/CodeIgniter.php(906): App\Controllers\Api->__construct()
 2 SYSTEMPATH/CodeIgniter.php(490): CodeIgniter\CodeIgniter->createController()
 3 SYSTEMPATH/CodeIgniter.php(368): CodeIgniter\CodeIgniter->handleRequest(null, Object(Config\Cache), false)
 4 FCPATH/index.php(67): CodeIgniter\CodeIgniter->run()
WARNING - 2024-11-05 09:13:22 --> [DEPRECATED] Creation of dynamic property App\Controllers\Rekammedisirna::$db is deprecated in APPPATH/Controllers/Api.php on line 8.
 1 SYSTEMPATH/CodeIgniter.php(906): App\Controllers\Api->__construct()
 2 SYSTEMPATH/CodeIgniter.php(490): CodeIgniter\CodeIgniter->createController()
 3 SYSTEMPATH/CodeIgniter.php(368): CodeIgniter\CodeIgniter->handleRequest(null, Object(Config\Cache), false)
 4 FCPATH/index.php(67): CodeIgniter\CodeIgniter->run()
WARNING - 2024-11-05 09:13:22 --> [DEPRECATED] Creation of dynamic property App\Controllers\Rekammedisirna::$simrs is deprecated in APPPATH/Controllers/Api.php on line 9.
 1 SYSTEMPATH/CodeIgniter.php(906): App\Controllers\Api->__construct()
 2 SYSTEMPATH/CodeIgniter.php(490): CodeIgniter\CodeIgniter->createController()
 3 SYSTEMPATH/CodeIgniter.php(368): CodeIgniter\CodeIgniter->handleRequest(null, Object(Config\Cache), false)
 4 FCPATH/index.php(67): CodeIgniter\CodeIgniter->run()
WARNING - 2024-11-05 09:13:22 --> [DEPRECATED] Creation of dynamic property App\Controllers\Rekammedisirna::$db is deprecated in APPPATH/Controllers/Api.php on line 8.
 1 SYSTEMPATH/CodeIgniter.php(906): App\Controllers\Api->__construct()
 2 SYSTEMPATH/CodeIgniter.php(490): CodeIgniter\CodeIgniter->createController()
 3 SYSTEMPATH/CodeIgniter.php(368): CodeIgniter\CodeIgniter->handleRequest(null, Object(Config\Cache), false)
 4 FCPATH/index.php(67): CodeIgniter\CodeIgniter->run()
WARNING - 2024-11-05 09:13:22 --> [DEPRECATED] Creation of dynamic property App\Controllers\Rekammedisirna::$simrs is deprecated in APPPATH/Controllers/Api.php on line 9.
 1 SYSTEMPATH/CodeIgniter.php(906): App\Controllers\Api->__construct()
 2 SYSTEMPATH/CodeIgniter.php(490): CodeIgniter\CodeIgniter->createController()
 3 SYSTEMPATH/CodeIgniter.php(368): CodeIgniter\CodeIgniter->handleRequest(null, Object(Config\Cache), false)
 4 FCPATH/index.php(67): CodeIgniter\CodeIgniter->run()
WARNING - 2024-11-05 09:21:35 --> [DEPRECATED] Creation of dynamic property App\Controllers\Laporan::$db is deprecated in APPPATH/Controllers/Api.php on line 8.
 1 SYSTEMPATH/CodeIgniter.php(906): App\Controllers\Api->__construct()
 2 SYSTEMPATH/CodeIgniter.php(490): CodeIgniter\CodeIgniter->createController()
 3 SYSTEMPATH/CodeIgniter.php(368): CodeIgniter\CodeIgniter->handleRequest(null, Object(Config\Cache), false)
 4 FCPATH/index.php(67): CodeIgniter\CodeIgniter->run()
WARNING - 2024-11-05 09:21:35 --> [DEPRECATED] Creation of dynamic property App\Controllers\Laporan::$simrs is deprecated in APPPATH/Controllers/Api.php on line 9.
 1 SYSTEMPATH/CodeIgniter.php(906): App\Controllers\Api->__construct()
 2 SYSTEMPATH/CodeIgniter.php(490): CodeIgniter\CodeIgniter->createController()
 3 SYSTEMPATH/CodeIgniter.php(368): CodeIgniter\CodeIgniter->handleRequest(null, Object(Config\Cache), false)
 4 FCPATH/index.php(67): CodeIgniter\CodeIgniter->run()
WARNING - 2024-11-05 09:21:35 --> [DEPRECATED] Creation of dynamic property App\Controllers\Apotek::$db is deprecated in APPPATH/Controllers/Apotek.php on line 11.
 1 SYSTEMPATH/CodeIgniter.php(906): App\Controllers\Apotek->__construct()
 2 SYSTEMPATH/CodeIgniter.php(490): CodeIgniter\CodeIgniter->createController()
 3 SYSTEMPATH/CodeIgniter.php(368): CodeIgniter\CodeIgniter->handleRequest(null, Object(Config\Cache), false)
 4 FCPATH/index.php(67): CodeIgniter\CodeIgniter->run()
WARNING - 2024-11-05 09:21:35 --> [DEPRECATED] Creation of dynamic property App\Controllers\User::$db is deprecated in APPPATH/Controllers/Api.php on line 8.
 1 SYSTEMPATH/CodeIgniter.php(906): App\Controllers\Api->__construct()
 2 SYSTEMPATH/CodeIgniter.php(490): CodeIgniter\CodeIgniter->createController()
 3 SYSTEMPATH/CodeIgniter.php(368): CodeIgniter\CodeIgniter->handleRequest(null, Object(Config\Cache), false)
 4 FCPATH/index.php(67): CodeIgniter\CodeIgniter->run()
WARNING - 2024-11-05 09:21:35 --> [DEPRECATED] Creation of dynamic property App\Controllers\User::$simrs is deprecated in APPPATH/Controllers/Api.php on line 9.
 1 SYSTEMPATH/CodeIgniter.php(906): App\Controllers\Api->__construct()
 2 SYSTEMPATH/CodeIgniter.php(490): CodeIgniter\CodeIgniter->createController()
 3 SYSTEMPATH/CodeIgniter.php(368): CodeIgniter\CodeIgniter->handleRequest(null, Object(Config\Cache), false)
 4 FCPATH/index.php(67): CodeIgniter\CodeIgniter->run()
WARNING - 2024-11-05 09:21:36 --> [DEPRECATED] Creation of dynamic property App\Controllers\User::$db is deprecated in APPPATH/Controllers/Api.php on line 8.
 1 SYSTEMPATH/CodeIgniter.php(906): App\Controllers\Api->__construct()
 2 SYSTEMPATH/CodeIgniter.php(490): CodeIgniter\CodeIgniter->createController()
 3 SYSTEMPATH/CodeIgniter.php(368): CodeIgniter\CodeIgniter->handleRequest(null, Object(Config\Cache), false)
 4 FCPATH/index.php(67): CodeIgniter\CodeIgniter->run()
WARNING - 2024-11-05 09:21:36 --> [DEPRECATED] Creation of dynamic property App\Controllers\User::$simrs is deprecated in APPPATH/Controllers/Api.php on line 9.
 1 SYSTEMPATH/CodeIgniter.php(906): App\Controllers\Api->__construct()
 2 SYSTEMPATH/CodeIgniter.php(490): CodeIgniter\CodeIgniter->createController()
 3 SYSTEMPATH/CodeIgniter.php(368): CodeIgniter\CodeIgniter->handleRequest(null, Object(Config\Cache), false)
 4 FCPATH/index.php(67): CodeIgniter\CodeIgniter->run()
WARNING - 2024-11-05 09:21:40 --> [DEPRECATED] Creation of dynamic property App\Controllers\Rekammedisirna::$db is deprecated in APPPATH/Controllers/Api.php on line 8.
 1 SYSTEMPATH/CodeIgniter.php(906): App\Controllers\Api->__construct()
 2 SYSTEMPATH/CodeIgniter.php(490): CodeIgniter\CodeIgniter->createController()
 3 SYSTEMPATH/CodeIgniter.php(368): CodeIgniter\CodeIgniter->handleRequest(null, Object(Config\Cache), false)
 4 FCPATH/index.php(67): CodeIgniter\CodeIgniter->run()
WARNING - 2024-11-05 09:21:40 --> [DEPRECATED] Creation of dynamic property App\Controllers\Rekammedisirna::$simrs is deprecated in APPPATH/Controllers/Api.php on line 9.
 1 SYSTEMPATH/CodeIgniter.php(906): App\Controllers\Api->__construct()
 2 SYSTEMPATH/CodeIgniter.php(490): CodeIgniter\CodeIgniter->createController()
 3 SYSTEMPATH/CodeIgniter.php(368): CodeIgniter\CodeIgniter->handleRequest(null, Object(Config\Cache), false)
 4 FCPATH/index.php(67): CodeIgniter\CodeIgniter->run()
WARNING - 2024-11-05 09:21:40 --> [DEPRECATED] Creation of dynamic property App\Controllers\Rekammedisirna::$db is deprecated in APPPATH/Controllers/Api.php on line 8.
 1 SYSTEMPATH/CodeIgniter.php(906): App\Controllers\Api->__construct()
 2 SYSTEMPATH/CodeIgniter.php(490): CodeIgniter\CodeIgniter->createController()
 3 SYSTEMPATH/CodeIgniter.php(368): CodeIgniter\CodeIgniter->handleRequest(null, Object(Config\Cache), false)
 4 FCPATH/index.php(67): CodeIgniter\CodeIgniter->run()
WARNING - 2024-11-05 09:21:40 --> [DEPRECATED] Creation of dynamic property App\Controllers\Rekammedisirna::$simrs is deprecated in APPPATH/Controllers/Api.php on line 9.
 1 SYSTEMPATH/CodeIgniter.php(906): App\Controllers\Api->__construct()
 2 SYSTEMPATH/CodeIgniter.php(490): CodeIgniter\CodeIgniter->createController()
 3 SYSTEMPATH/CodeIgniter.php(368): CodeIgniter\CodeIgniter->handleRequest(null, Object(Config\Cache), false)
 4 FCPATH/index.php(67): CodeIgniter\CodeIgniter->run()
WARNING - 2024-11-05 09:21:40 --> [DEPRECATED] Creation of dynamic property App\Controllers\Rekammedisirna::$db is deprecated in APPPATH/Controllers/Api.php on line 8.
 1 SYSTEMPATH/CodeIgniter.php(906): App\Controllers\Api->__construct()
 2 SYSTEMPATH/CodeIgniter.php(490): CodeIgniter\CodeIgniter->createController()
 3 SYSTEMPATH/CodeIgniter.php(368): CodeIgniter\CodeIgniter->handleRequest(null, Object(Config\Cache), false)
 4 FCPATH/index.php(67): CodeIgniter\CodeIgniter->run()
WARNING - 2024-11-05 09:21:40 --> [DEPRECATED] Creation of dynamic property App\Controllers\Rekammedisirna::$simrs is deprecated in APPPATH/Controllers/Api.php on line 9.
 1 SYSTEMPATH/CodeIgniter.php(906): App\Controllers\Api->__construct()
 2 SYSTEMPATH/CodeIgniter.php(490): CodeIgniter\CodeIgniter->createController()
 3 SYSTEMPATH/CodeIgniter.php(368): CodeIgniter\CodeIgniter->handleRequest(null, Object(Config\Cache), false)
 4 FCPATH/index.php(67): CodeIgniter\CodeIgniter->run()
WARNING - 2024-11-05 09:22:01 --> [DEPRECATED] Creation of dynamic property App\Controllers\Laporan::$db is deprecated in APPPATH/Controllers/Api.php on line 8.
 1 SYSTEMPATH/CodeIgniter.php(906): App\Controllers\Api->__construct()
 2 SYSTEMPATH/CodeIgniter.php(490): CodeIgniter\CodeIgniter->createController()
 3 SYSTEMPATH/CodeIgniter.php(368): CodeIgniter\CodeIgniter->handleRequest(null, Object(Config\Cache), false)
 4 FCPATH/index.php(67): CodeIgniter\CodeIgniter->run()
WARNING - 2024-11-05 09:22:01 --> [DEPRECATED] Creation of dynamic property App\Controllers\Laporan::$simrs is deprecated in APPPATH/Controllers/Api.php on line 9.
 1 SYSTEMPATH/CodeIgniter.php(906): App\Controllers\Api->__construct()
 2 SYSTEMPATH/CodeIgniter.php(490): CodeIgniter\CodeIgniter->createController()
 3 SYSTEMPATH/CodeIgniter.php(368): CodeIgniter\CodeIgniter->handleRequest(null, Object(Config\Cache), false)
 4 FCPATH/index.php(67): CodeIgniter\CodeIgniter->run()
WARNING - 2024-11-05 09:22:01 --> [DEPRECATED] Creation of dynamic property App\Controllers\Apotek::$db is deprecated in APPPATH/Controllers/Apotek.php on line 11.
 1 SYSTEMPATH/CodeIgniter.php(906): App\Controllers\Apotek->__construct()
 2 SYSTEMPATH/CodeIgniter.php(490): CodeIgniter\CodeIgniter->createController()
 3 SYSTEMPATH/CodeIgniter.php(368): CodeIgniter\CodeIgniter->handleRequest(null, Object(Config\Cache), false)
 4 FCPATH/index.php(67): CodeIgniter\CodeIgniter->run()
WARNING - 2024-11-05 09:22:01 --> [DEPRECATED] Creation of dynamic property App\Controllers\User::$db is deprecated in APPPATH/Controllers/Api.php on line 8.
 1 SYSTEMPATH/CodeIgniter.php(906): App\Controllers\Api->__construct()
 2 SYSTEMPATH/CodeIgniter.php(490): CodeIgniter\CodeIgniter->createController()
 3 SYSTEMPATH/CodeIgniter.php(368): CodeIgniter\CodeIgniter->handleRequest(null, Object(Config\Cache), false)
 4 FCPATH/index.php(67): CodeIgniter\CodeIgniter->run()
WARNING - 2024-11-05 09:22:01 --> [DEPRECATED] Creation of dynamic property App\Controllers\User::$simrs is deprecated in APPPATH/Controllers/Api.php on line 9.
 1 SYSTEMPATH/CodeIgniter.php(906): App\Controllers\Api->__construct()
 2 SYSTEMPATH/CodeIgniter.php(490): CodeIgniter\CodeIgniter->createController()
 3 SYSTEMPATH/CodeIgniter.php(368): CodeIgniter\CodeIgniter->handleRequest(null, Object(Config\Cache), false)
 4 FCPATH/index.php(67): CodeIgniter\CodeIgniter->run()
WARNING - 2024-11-05 09:22:02 --> [DEPRECATED] Creation of dynamic property App\Controllers\User::$db is deprecated in APPPATH/Controllers/Api.php on line 8.
 1 SYSTEMPATH/CodeIgniter.php(906): App\Controllers\Api->__construct()
 2 SYSTEMPATH/CodeIgniter.php(490): CodeIgniter\CodeIgniter->createController()
 3 SYSTEMPATH/CodeIgniter.php(368): CodeIgniter\CodeIgniter->handleRequest(null, Object(Config\Cache), false)
 4 FCPATH/index.php(67): CodeIgniter\CodeIgniter->run()
WARNING - 2024-11-05 09:22:02 --> [DEPRECATED] Creation of dynamic property App\Controllers\User::$simrs is deprecated in APPPATH/Controllers/Api.php on line 9.
 1 SYSTEMPATH/CodeIgniter.php(906): App\Controllers\Api->__construct()
 2 SYSTEMPATH/CodeIgniter.php(490): CodeIgniter\CodeIgniter->createController()
 3 SYSTEMPATH/CodeIgniter.php(368): CodeIgniter\CodeIgniter->handleRequest(null, Object(Config\Cache), false)
 4 FCPATH/index.php(67): CodeIgniter\CodeIgniter->run()
WARNING - 2024-11-05 09:22:05 --> [DEPRECATED] Creation of dynamic property App\Controllers\Rekammedisirna::$db is deprecated in APPPATH/Controllers/Api.php on line 8.
 1 SYSTEMPATH/CodeIgniter.php(906): App\Controllers\Api->__construct()
 2 SYSTEMPATH/CodeIgniter.php(490): CodeIgniter\CodeIgniter->createController()
 3 SYSTEMPATH/CodeIgniter.php(368): CodeIgniter\CodeIgniter->handleRequest(null, Object(Config\Cache), false)
 4 FCPATH/index.php(67): CodeIgniter\CodeIgniter->run()
WARNING - 2024-11-05 09:22:05 --> [DEPRECATED] Creation of dynamic property App\Controllers\Rekammedisirna::$simrs is deprecated in APPPATH/Controllers/Api.php on line 9.
 1 SYSTEMPATH/CodeIgniter.php(906): App\Controllers\Api->__construct()
 2 SYSTEMPATH/CodeIgniter.php(490): CodeIgniter\CodeIgniter->createController()
 3 SYSTEMPATH/CodeIgniter.php(368): CodeIgniter\CodeIgniter->handleRequest(null, Object(Config\Cache), false)
 4 FCPATH/index.php(67): CodeIgniter\CodeIgniter->run()
WARNING - 2024-11-05 09:22:05 --> [DEPRECATED] Creation of dynamic property App\Controllers\Rekammedisirna::$db is deprecated in APPPATH/Controllers/Api.php on line 8.
 1 SYSTEMPATH/CodeIgniter.php(906): App\Controllers\Api->__construct()
 2 SYSTEMPATH/CodeIgniter.php(490): CodeIgniter\CodeIgniter->createController()
 3 SYSTEMPATH/CodeIgniter.php(368): CodeIgniter\CodeIgniter->handleRequest(null, Object(Config\Cache), false)
 4 FCPATH/index.php(67): CodeIgniter\CodeIgniter->run()
WARNING - 2024-11-05 09:22:05 --> [DEPRECATED] Creation of dynamic property App\Controllers\Rekammedisirna::$simrs is deprecated in APPPATH/Controllers/Api.php on line 9.
 1 SYSTEMPATH/CodeIgniter.php(906): App\Controllers\Api->__construct()
 2 SYSTEMPATH/CodeIgniter.php(490): CodeIgniter\CodeIgniter->createController()
 3 SYSTEMPATH/CodeIgniter.php(368): CodeIgniter\CodeIgniter->handleRequest(null, Object(Config\Cache), false)
 4 FCPATH/index.php(67): CodeIgniter\CodeIgniter->run()
WARNING - 2024-11-05 09:22:05 --> [DEPRECATED] Creation of dynamic property App\Controllers\Rekammedisirna::$db is deprecated in APPPATH/Controllers/Api.php on line 8.
 1 SYSTEMPATH/CodeIgniter.php(906): App\Controllers\Api->__construct()
 2 SYSTEMPATH/CodeIgniter.php(490): CodeIgniter\CodeIgniter->createController()
 3 SYSTEMPATH/CodeIgniter.php(368): CodeIgniter\CodeIgniter->handleRequest(null, Object(Config\Cache), false)
 4 FCPATH/index.php(67): CodeIgniter\CodeIgniter->run()
WARNING - 2024-11-05 09:22:05 --> [DEPRECATED] Creation of dynamic property App\Controllers\Rekammedisirna::$simrs is deprecated in APPPATH/Controllers/Api.php on line 9.
 1 SYSTEMPATH/CodeIgniter.php(906): App\Controllers\Api->__construct()
 2 SYSTEMPATH/CodeIgniter.php(490): CodeIgniter\CodeIgniter->createController()
 3 SYSTEMPATH/CodeIgniter.php(368): CodeIgniter\CodeIgniter->handleRequest(null, Object(Config\Cache), false)
 4 FCPATH/index.php(67): CodeIgniter\CodeIgniter->run()
WARNING - 2024-11-05 09:23:36 --> [DEPRECATED] Creation of dynamic property App\Controllers\Rekammedisirna::$db is deprecated in APPPATH/Controllers/Api.php on line 8.
 1 SYSTEMPATH/CodeIgniter.php(906): App\Controllers\Api->__construct()
 2 SYSTEMPATH/CodeIgniter.php(490): CodeIgniter\CodeIgniter->createController()
 3 SYSTEMPATH/CodeIgniter.php(368): CodeIgniter\CodeIgniter->handleRequest(null, Object(Config\Cache), false)
 4 FCPATH/index.php(67): CodeIgniter\CodeIgniter->run()
WARNING - 2024-11-05 09:23:36 --> [DEPRECATED] Creation of dynamic property App\Controllers\Rekammedisirna::$simrs is deprecated in APPPATH/Controllers/Api.php on line 9.
 1 SYSTEMPATH/CodeIgniter.php(906): App\Controllers\Api->__construct()
 2 SYSTEMPATH/CodeIgniter.php(490): CodeIgniter\CodeIgniter->createController()
 3 SYSTEMPATH/CodeIgniter.php(368): CodeIgniter\CodeIgniter->handleRequest(null, Object(Config\Cache), false)
 4 FCPATH/index.php(67): CodeIgniter\CodeIgniter->run()
WARNING - 2024-11-05 09:23:44 --> [DEPRECATED] Creation of dynamic property App\Controllers\Rekammedisirna::$db is deprecated in APPPATH/Controllers/Api.php on line 8.
 1 SYSTEMPATH/CodeIgniter.php(906): App\Controllers\Api->__construct()
 2 SYSTEMPATH/CodeIgniter.php(490): CodeIgniter\CodeIgniter->createController()
 3 SYSTEMPATH/CodeIgniter.php(368): CodeIgniter\CodeIgniter->handleRequest(null, Object(Config\Cache), false)
 4 FCPATH/index.php(67): CodeIgniter\CodeIgniter->run()
WARNING - 2024-11-05 09:23:44 --> [DEPRECATED] Creation of dynamic property App\Controllers\Rekammedisirna::$simrs is deprecated in APPPATH/Controllers/Api.php on line 9.
 1 SYSTEMPATH/CodeIgniter.php(906): App\Controllers\Api->__construct()
 2 SYSTEMPATH/CodeIgniter.php(490): CodeIgniter\CodeIgniter->createController()
 3 SYSTEMPATH/CodeIgniter.php(368): CodeIgniter\CodeIgniter->handleRequest(null, Object(Config\Cache), false)
 4 FCPATH/index.php(67): CodeIgniter\CodeIgniter->run()
WARNING - 2024-11-05 09:23:44 --> [DEPRECATED] Creation of dynamic property App\Controllers\Rekammedisirna::$db is deprecated in APPPATH/Controllers/Api.php on line 8.
 1 SYSTEMPATH/CodeIgniter.php(906): App\Controllers\Api->__construct()
 2 SYSTEMPATH/CodeIgniter.php(490): CodeIgniter\CodeIgniter->createController()
 3 SYSTEMPATH/CodeIgniter.php(368): CodeIgniter\CodeIgniter->handleRequest(null, Object(Config\Cache), false)
 4 FCPATH/index.php(67): CodeIgniter\CodeIgniter->run()
WARNING - 2024-11-05 09:23:44 --> [DEPRECATED] Creation of dynamic property App\Controllers\Rekammedisirna::$simrs is deprecated in APPPATH/Controllers/Api.php on line 9.
 1 SYSTEMPATH/CodeIgniter.php(906): App\Controllers\Api->__construct()
 2 SYSTEMPATH/CodeIgniter.php(490): CodeIgniter\CodeIgniter->createController()
 3 SYSTEMPATH/CodeIgniter.php(368): CodeIgniter\CodeIgniter->handleRequest(null, Object(Config\Cache), false)
 4 FCPATH/index.php(67): CodeIgniter\CodeIgniter->run()
WARNING - 2024-11-05 09:23:44 --> [DEPRECATED] Creation of dynamic property App\Controllers\Rekammedisirna::$db is deprecated in APPPATH/Controllers/Api.php on line 8.
 1 SYSTEMPATH/CodeIgniter.php(906): App\Controllers\Api->__construct()
 2 SYSTEMPATH/CodeIgniter.php(490): CodeIgniter\CodeIgniter->createController()
 3 SYSTEMPATH/CodeIgniter.php(368): CodeIgniter\CodeIgniter->handleRequest(null, Object(Config\Cache), false)
 4 FCPATH/index.php(67): CodeIgniter\CodeIgniter->run()
WARNING - 2024-11-05 09:23:44 --> [DEPRECATED] Creation of dynamic property App\Controllers\Rekammedisirna::$simrs is deprecated in APPPATH/Controllers/Api.php on line 9.
 1 SYSTEMPATH/CodeIgniter.php(906): App\Controllers\Api->__construct()
 2 SYSTEMPATH/CodeIgniter.php(490): CodeIgniter\CodeIgniter->createController()
 3 SYSTEMPATH/CodeIgniter.php(368): CodeIgniter\CodeIgniter->handleRequest(null, Object(Config\Cache), false)
 4 FCPATH/index.php(67): CodeIgniter\CodeIgniter->run()
WARNING - 2024-11-05 09:40:21 --> [DEPRECATED] Creation of dynamic property App\Controllers\Laporan::$db is deprecated in APPPATH/Controllers/Api.php on line 8.
 1 SYSTEMPATH/CodeIgniter.php(906): App\Controllers\Api->__construct()
 2 SYSTEMPATH/CodeIgniter.php(490): CodeIgniter\CodeIgniter->createController()
 3 SYSTEMPATH/CodeIgniter.php(368): CodeIgniter\CodeIgniter->handleRequest(null, Object(Config\Cache), false)
 4 FCPATH/index.php(67): CodeIgniter\CodeIgniter->run()
WARNING - 2024-11-05 09:40:21 --> [DEPRECATED] Creation of dynamic property App\Controllers\Laporan::$simrs is deprecated in APPPATH/Controllers/Api.php on line 9.
 1 SYSTEMPATH/CodeIgniter.php(906): App\Controllers\Api->__construct()
 2 SYSTEMPATH/CodeIgniter.php(490): CodeIgniter\CodeIgniter->createController()
 3 SYSTEMPATH/CodeIgniter.php(368): CodeIgniter\CodeIgniter->handleRequest(null, Object(Config\Cache), false)
 4 FCPATH/index.php(67): CodeIgniter\CodeIgniter->run()
WARNING - 2024-11-05 09:40:21 --> [DEPRECATED] Creation of dynamic property App\Controllers\Apotek::$db is deprecated in APPPATH/Controllers/Apotek.php on line 11.
 1 SYSTEMPATH/CodeIgniter.php(906): App\Controllers\Apotek->__construct()
 2 SYSTEMPATH/CodeIgniter.php(490): CodeIgniter\CodeIgniter->createController()
 3 SYSTEMPATH/CodeIgniter.php(368): CodeIgniter\CodeIgniter->handleRequest(null, Object(Config\Cache), false)
 4 FCPATH/index.php(67): CodeIgniter\CodeIgniter->run()
WARNING - 2024-11-05 09:40:22 --> [DEPRECATED] Creation of dynamic property App\Controllers\User::$db is deprecated in APPPATH/Controllers/Api.php on line 8.
 1 SYSTEMPATH/CodeIgniter.php(906): App\Controllers\Api->__construct()
 2 SYSTEMPATH/CodeIgniter.php(490): CodeIgniter\CodeIgniter->createController()
 3 SYSTEMPATH/CodeIgniter.php(368): CodeIgniter\CodeIgniter->handleRequest(null, Object(Config\Cache), false)
 4 FCPATH/index.php(67): CodeIgniter\CodeIgniter->run()
WARNING - 2024-11-05 09:40:22 --> [DEPRECATED] Creation of dynamic property App\Controllers\User::$simrs is deprecated in APPPATH/Controllers/Api.php on line 9.
 1 SYSTEMPATH/CodeIgniter.php(906): App\Controllers\Api->__construct()
 2 SYSTEMPATH/CodeIgniter.php(490): CodeIgniter\CodeIgniter->createController()
 3 SYSTEMPATH/CodeIgniter.php(368): CodeIgniter\CodeIgniter->handleRequest(null, Object(Config\Cache), false)
 4 FCPATH/index.php(67): CodeIgniter\CodeIgniter->run()
WARNING - 2024-11-05 09:40:22 --> [DEPRECATED] Creation of dynamic property App\Controllers\User::$db is deprecated in APPPATH/Controllers/Api.php on line 8.
 1 SYSTEMPATH/CodeIgniter.php(906): App\Controllers\Api->__construct()
 2 SYSTEMPATH/CodeIgniter.php(490): CodeIgniter\CodeIgniter->createController()
 3 SYSTEMPATH/CodeIgniter.php(368): CodeIgniter\CodeIgniter->handleRequest(null, Object(Config\Cache), false)
 4 FCPATH/index.php(67): CodeIgniter\CodeIgniter->run()
WARNING - 2024-11-05 09:40:22 --> [DEPRECATED] Creation of dynamic property App\Controllers\User::$simrs is deprecated in APPPATH/Controllers/Api.php on line 9.
 1 SYSTEMPATH/CodeIgniter.php(906): App\Controllers\Api->__construct()
 2 SYSTEMPATH/CodeIgniter.php(490): CodeIgniter\CodeIgniter->createController()
 3 SYSTEMPATH/CodeIgniter.php(368): CodeIgniter\CodeIgniter->handleRequest(null, Object(Config\Cache), false)
 4 FCPATH/index.php(67): CodeIgniter\CodeIgniter->run()
WARNING - 2024-11-05 09:40:29 --> [DEPRECATED] Creation of dynamic property App\Controllers\Rekammedisirna::$db is deprecated in APPPATH/Controllers/Api.php on line 8.
 1 SYSTEMPATH/CodeIgniter.php(906): App\Controllers\Api->__construct()
 2 SYSTEMPATH/CodeIgniter.php(490): CodeIgniter\CodeIgniter->createController()
 3 SYSTEMPATH/CodeIgniter.php(368): CodeIgniter\CodeIgniter->handleRequest(null, Object(Config\Cache), false)
 4 FCPATH/index.php(67): CodeIgniter\CodeIgniter->run()
WARNING - 2024-11-05 09:40:29 --> [DEPRECATED] Creation of dynamic property App\Controllers\Rekammedisirna::$simrs is deprecated in APPPATH/Controllers/Api.php on line 9.
 1 SYSTEMPATH/CodeIgniter.php(906): App\Controllers\Api->__construct()
 2 SYSTEMPATH/CodeIgniter.php(490): CodeIgniter\CodeIgniter->createController()
 3 SYSTEMPATH/CodeIgniter.php(368): CodeIgniter\CodeIgniter->handleRequest(null, Object(Config\Cache), false)
 4 FCPATH/index.php(67): CodeIgniter\CodeIgniter->run()
WARNING - 2024-11-05 09:40:29 --> [DEPRECATED] Creation of dynamic property App\Controllers\Rekammedisirna::$db is deprecated in APPPATH/Controllers/Api.php on line 8.
 1 SYSTEMPATH/CodeIgniter.php(906): App\Controllers\Api->__construct()
 2 SYSTEMPATH/CodeIgniter.php(490): CodeIgniter\CodeIgniter->createController()
 3 SYSTEMPATH/CodeIgniter.php(368): CodeIgniter\CodeIgniter->handleRequest(null, Object(Config\Cache), false)
 4 FCPATH/index.php(67): CodeIgniter\CodeIgniter->run()
WARNING - 2024-11-05 09:40:29 --> [DEPRECATED] Creation of dynamic property App\Controllers\Rekammedisirna::$simrs is deprecated in APPPATH/Controllers/Api.php on line 9.
 1 SYSTEMPATH/CodeIgniter.php(906): App\Controllers\Api->__construct()
 2 SYSTEMPATH/CodeIgniter.php(490): CodeIgniter\CodeIgniter->createController()
 3 SYSTEMPATH/CodeIgniter.php(368): CodeIgniter\CodeIgniter->handleRequest(null, Object(Config\Cache), false)
 4 FCPATH/index.php(67): CodeIgniter\CodeIgniter->run()
WARNING - 2024-11-05 09:40:29 --> [DEPRECATED] Creation of dynamic property App\Controllers\Rekammedisirna::$db is deprecated in APPPATH/Controllers/Api.php on line 8.
 1 SYSTEMPATH/CodeIgniter.php(906): App\Controllers\Api->__construct()
 2 SYSTEMPATH/CodeIgniter.php(490): CodeIgniter\CodeIgniter->createController()
 3 SYSTEMPATH/CodeIgniter.php(368): CodeIgniter\CodeIgniter->handleRequest(null, Object(Config\Cache), false)
 4 FCPATH/index.php(67): CodeIgniter\CodeIgniter->run()
WARNING - 2024-11-05 09:40:29 --> [DEPRECATED] Creation of dynamic property App\Controllers\Rekammedisirna::$simrs is deprecated in APPPATH/Controllers/Api.php on line 9.
 1 SYSTEMPATH/CodeIgniter.php(906): App\Controllers\Api->__construct()
 2 SYSTEMPATH/CodeIgniter.php(490): CodeIgniter\CodeIgniter->createController()
 3 SYSTEMPATH/CodeIgniter.php(368): CodeIgniter\CodeIgniter->handleRequest(null, Object(Config\Cache), false)
 4 FCPATH/index.php(67): CodeIgniter\CodeIgniter->run()
WARNING - 2024-11-05 09:41:10 --> [DEPRECATED] Creation of dynamic property App\Controllers\Laporan::$db is deprecated in APPPATH/Controllers/Api.php on line 8.
 1 SYSTEMPATH/CodeIgniter.php(906): App\Controllers\Api->__construct()
 2 SYSTEMPATH/CodeIgniter.php(490): CodeIgniter\CodeIgniter->createController()
 3 SYSTEMPATH/CodeIgniter.php(368): CodeIgniter\CodeIgniter->handleRequest(null, Object(Config\Cache), false)
 4 FCPATH/index.php(67): CodeIgniter\CodeIgniter->run()
WARNING - 2024-11-05 09:41:10 --> [DEPRECATED] Creation of dynamic property App\Controllers\Laporan::$simrs is deprecated in APPPATH/Controllers/Api.php on line 9.
 1 SYSTEMPATH/CodeIgniter.php(906): App\Controllers\Api->__construct()
 2 SYSTEMPATH/CodeIgniter.php(490): CodeIgniter\CodeIgniter->createController()
 3 SYSTEMPATH/CodeIgniter.php(368): CodeIgniter\CodeIgniter->handleRequest(null, Object(Config\Cache), false)
 4 FCPATH/index.php(67): CodeIgniter\CodeIgniter->run()
WARNING - 2024-11-05 09:41:10 --> [DEPRECATED] Creation of dynamic property App\Controllers\Apotek::$db is deprecated in APPPATH/Controllers/Apotek.php on line 11.
 1 SYSTEMPATH/CodeIgniter.php(906): App\Controllers\Apotek->__construct()
 2 SYSTEMPATH/CodeIgniter.php(490): CodeIgniter\CodeIgniter->createController()
 3 SYSTEMPATH/CodeIgniter.php(368): CodeIgniter\CodeIgniter->handleRequest(null, Object(Config\Cache), false)
 4 FCPATH/index.php(67): CodeIgniter\CodeIgniter->run()
WARNING - 2024-11-05 09:41:10 --> [DEPRECATED] Creation of dynamic property App\Controllers\User::$db is deprecated in APPPATH/Controllers/Api.php on line 8.
 1 SYSTEMPATH/CodeIgniter.php(906): App\Controllers\Api->__construct()
 2 SYSTEMPATH/CodeIgniter.php(490): CodeIgniter\CodeIgniter->createController()
 3 SYSTEMPATH/CodeIgniter.php(368): CodeIgniter\CodeIgniter->handleRequest(null, Object(Config\Cache), false)
 4 FCPATH/index.php(67): CodeIgniter\CodeIgniter->run()
WARNING - 2024-11-05 09:41:10 --> [DEPRECATED] Creation of dynamic property App\Controllers\User::$simrs is deprecated in APPPATH/Controllers/Api.php on line 9.
 1 SYSTEMPATH/CodeIgniter.php(906): App\Controllers\Api->__construct()
 2 SYSTEMPATH/CodeIgniter.php(490): CodeIgniter\CodeIgniter->createController()
 3 SYSTEMPATH/CodeIgniter.php(368): CodeIgniter\CodeIgniter->handleRequest(null, Object(Config\Cache), false)
 4 FCPATH/index.php(67): CodeIgniter\CodeIgniter->run()
WARNING - 2024-11-05 09:41:10 --> [DEPRECATED] Creation of dynamic property App\Controllers\User::$db is deprecated in APPPATH/Controllers/Api.php on line 8.
 1 SYSTEMPATH/CodeIgniter.php(906): App\Controllers\Api->__construct()
 2 SYSTEMPATH/CodeIgniter.php(490): CodeIgniter\CodeIgniter->createController()
 3 SYSTEMPATH/CodeIgniter.php(368): CodeIgniter\CodeIgniter->handleRequest(null, Object(Config\Cache), false)
 4 FCPATH/index.php(67): CodeIgniter\CodeIgniter->run()
WARNING - 2024-11-05 09:41:10 --> [DEPRECATED] Creation of dynamic property App\Controllers\User::$simrs is deprecated in APPPATH/Controllers/Api.php on line 9.
 1 SYSTEMPATH/CodeIgniter.php(906): App\Controllers\Api->__construct()
 2 SYSTEMPATH/CodeIgniter.php(490): CodeIgniter\CodeIgniter->createController()
 3 SYSTEMPATH/CodeIgniter.php(368): CodeIgniter\CodeIgniter->handleRequest(null, Object(Config\Cache), false)
 4 FCPATH/index.php(67): CodeIgniter\CodeIgniter->run()
WARNING - 2024-11-05 09:41:17 --> [DEPRECATED] Creation of dynamic property App\Controllers\Rekammedisirna::$db is deprecated in APPPATH/Controllers/Api.php on line 8.
 1 SYSTEMPATH/CodeIgniter.php(906): App\Controllers\Api->__construct()
 2 SYSTEMPATH/CodeIgniter.php(490): CodeIgniter\CodeIgniter->createController()
 3 SYSTEMPATH/CodeIgniter.php(368): CodeIgniter\CodeIgniter->handleRequest(null, Object(Config\Cache), false)
 4 FCPATH/index.php(67): CodeIgniter\CodeIgniter->run()
WARNING - 2024-11-05 09:41:17 --> [DEPRECATED] Creation of dynamic property App\Controllers\Rekammedisirna::$simrs is deprecated in APPPATH/Controllers/Api.php on line 9.
 1 SYSTEMPATH/CodeIgniter.php(906): App\Controllers\Api->__construct()
 2 SYSTEMPATH/CodeIgniter.php(490): CodeIgniter\CodeIgniter->createController()
 3 SYSTEMPATH/CodeIgniter.php(368): CodeIgniter\CodeIgniter->handleRequest(null, Object(Config\Cache), false)
 4 FCPATH/index.php(67): CodeIgniter\CodeIgniter->run()
WARNING - 2024-11-05 09:41:17 --> [DEPRECATED] Creation of dynamic property App\Controllers\Rekammedisirna::$db is deprecated in APPPATH/Controllers/Api.php on line 8.
 1 SYSTEMPATH/CodeIgniter.php(906): App\Controllers\Api->__construct()
 2 SYSTEMPATH/CodeIgniter.php(490): CodeIgniter\CodeIgniter->createController()
 3 SYSTEMPATH/CodeIgniter.php(368): CodeIgniter\CodeIgniter->handleRequest(null, Object(Config\Cache), false)
 4 FCPATH/index.php(67): CodeIgniter\CodeIgniter->run()
WARNING - 2024-11-05 09:41:17 --> [DEPRECATED] Creation of dynamic property App\Controllers\Rekammedisirna::$simrs is deprecated in APPPATH/Controllers/Api.php on line 9.
 1 SYSTEMPATH/CodeIgniter.php(906): App\Controllers\Api->__construct()
 2 SYSTEMPATH/CodeIgniter.php(490): CodeIgniter\CodeIgniter->createController()
 3 SYSTEMPATH/CodeIgniter.php(368): CodeIgniter\CodeIgniter->handleRequest(null, Object(Config\Cache), false)
 4 FCPATH/index.php(67): CodeIgniter\CodeIgniter->run()
WARNING - 2024-11-05 09:41:17 --> [DEPRECATED] Creation of dynamic property App\Controllers\Rekammedisirna::$db is deprecated in APPPATH/Controllers/Api.php on line 8.
 1 SYSTEMPATH/CodeIgniter.php(906): App\Controllers\Api->__construct()
 2 SYSTEMPATH/CodeIgniter.php(490): CodeIgniter\CodeIgniter->createController()
 3 SYSTEMPATH/CodeIgniter.php(368): CodeIgniter\CodeIgniter->handleRequest(null, Object(Config\Cache), false)
 4 FCPATH/index.php(67): CodeIgniter\CodeIgniter->run()
WARNING - 2024-11-05 09:41:17 --> [DEPRECATED] Creation of dynamic property App\Controllers\Rekammedisirna::$simrs is deprecated in APPPATH/Controllers/Api.php on line 9.
 1 SYSTEMPATH/CodeIgniter.php(906): App\Controllers\Api->__construct()
 2 SYSTEMPATH/CodeIgniter.php(490): CodeIgniter\CodeIgniter->createController()
 3 SYSTEMPATH/CodeIgniter.php(368): CodeIgniter\CodeIgniter->handleRequest(null, Object(Config\Cache), false)
 4 FCPATH/index.php(67): CodeIgniter\CodeIgniter->run()
WARNING - 2024-11-05 10:02:59 --> [DEPRECATED] Creation of dynamic property App\Controllers\Laporan::$db is deprecated in APPPATH/Controllers/Api.php on line 8.
 1 SYSTEMPATH/CodeIgniter.php(906): App\Controllers\Api->__construct()
 2 SYSTEMPATH/CodeIgniter.php(490): CodeIgniter\CodeIgniter->createController()
 3 SYSTEMPATH/CodeIgniter.php(368): CodeIgniter\CodeIgniter->handleRequest(null, Object(Config\Cache), false)
 4 FCPATH/index.php(67): CodeIgniter\CodeIgniter->run()
WARNING - 2024-11-05 10:02:59 --> [DEPRECATED] Creation of dynamic property App\Controllers\Laporan::$simrs is deprecated in APPPATH/Controllers/Api.php on line 9.
 1 SYSTEMPATH/CodeIgniter.php(906): App\Controllers\Api->__construct()
 2 SYSTEMPATH/CodeIgniter.php(490): CodeIgniter\CodeIgniter->createController()
 3 SYSTEMPATH/CodeIgniter.php(368): CodeIgniter\CodeIgniter->handleRequest(null, Object(Config\Cache), false)
 4 FCPATH/index.php(67): CodeIgniter\CodeIgniter->run()
WARNING - 2024-11-05 10:03:00 --> [DEPRECATED] Creation of dynamic property App\Controllers\Apotek::$db is deprecated in APPPATH/Controllers/Apotek.php on line 11.
 1 SYSTEMPATH/CodeIgniter.php(906): App\Controllers\Apotek->__construct()
 2 SYSTEMPATH/CodeIgniter.php(490): CodeIgniter\CodeIgniter->createController()
 3 SYSTEMPATH/CodeIgniter.php(368): CodeIgniter\CodeIgniter->handleRequest(null, Object(Config\Cache), false)
 4 FCPATH/index.php(67): CodeIgniter\CodeIgniter->run()
WARNING - 2024-11-05 10:03:00 --> [DEPRECATED] Creation of dynamic property App\Controllers\User::$db is deprecated in APPPATH/Controllers/Api.php on line 8.
 1 SYSTEMPATH/CodeIgniter.php(906): App\Controllers\Api->__construct()
 2 SYSTEMPATH/CodeIgniter.php(490): CodeIgniter\CodeIgniter->createController()
 3 SYSTEMPATH/CodeIgniter.php(368): CodeIgniter\CodeIgniter->handleRequest(null, Object(Config\Cache), false)
 4 FCPATH/index.php(67): CodeIgniter\CodeIgniter->run()
WARNING - 2024-11-05 10:03:00 --> [DEPRECATED] Creation of dynamic property App\Controllers\User::$simrs is deprecated in APPPATH/Controllers/Api.php on line 9.
 1 SYSTEMPATH/CodeIgniter.php(906): App\Controllers\Api->__construct()
 2 SYSTEMPATH/CodeIgniter.php(490): CodeIgniter\CodeIgniter->createController()
 3 SYSTEMPATH/CodeIgniter.php(368): CodeIgniter\CodeIgniter->handleRequest(null, Object(Config\Cache), false)
 4 FCPATH/index.php(67): CodeIgniter\CodeIgniter->run()
WARNING - 2024-11-05 10:03:00 --> [DEPRECATED] Creation of dynamic property App\Controllers\User::$db is deprecated in APPPATH/Controllers/Api.php on line 8.
 1 SYSTEMPATH/CodeIgniter.php(906): App\Controllers\Api->__construct()
 2 SYSTEMPATH/CodeIgniter.php(490): CodeIgniter\CodeIgniter->createController()
 3 SYSTEMPATH/CodeIgniter.php(368): CodeIgniter\CodeIgniter->handleRequest(null, Object(Config\Cache), false)
 4 FCPATH/index.php(67): CodeIgniter\CodeIgniter->run()
WARNING - 2024-11-05 10:03:00 --> [DEPRECATED] Creation of dynamic property App\Controllers\User::$simrs is deprecated in APPPATH/Controllers/Api.php on line 9.
 1 SYSTEMPATH/CodeIgniter.php(906): App\Controllers\Api->__construct()
 2 SYSTEMPATH/CodeIgniter.php(490): CodeIgniter\CodeIgniter->createController()
 3 SYSTEMPATH/CodeIgniter.php(368): CodeIgniter\CodeIgniter->handleRequest(null, Object(Config\Cache), false)
 4 FCPATH/index.php(67): CodeIgniter\CodeIgniter->run()
WARNING - 2024-11-05 10:03:05 --> [DEPRECATED] Creation of dynamic property App\Controllers\Rekammedisirna::$db is deprecated in APPPATH/Controllers/Api.php on line 8.
 1 SYSTEMPATH/CodeIgniter.php(906): App\Controllers\Api->__construct()
 2 SYSTEMPATH/CodeIgniter.php(490): CodeIgniter\CodeIgniter->createController()
 3 SYSTEMPATH/CodeIgniter.php(368): CodeIgniter\CodeIgniter->handleRequest(null, Object(Config\Cache), false)
 4 FCPATH/index.php(67): CodeIgniter\CodeIgniter->run()
WARNING - 2024-11-05 10:03:05 --> [DEPRECATED] Creation of dynamic property App\Controllers\Rekammedisirna::$simrs is deprecated in APPPATH/Controllers/Api.php on line 9.
 1 SYSTEMPATH/CodeIgniter.php(906): App\Controllers\Api->__construct()
 2 SYSTEMPATH/CodeIgniter.php(490): CodeIgniter\CodeIgniter->createController()
 3 SYSTEMPATH/CodeIgniter.php(368): CodeIgniter\CodeIgniter->handleRequest(null, Object(Config\Cache), false)
 4 FCPATH/index.php(67): CodeIgniter\CodeIgniter->run()
WARNING - 2024-11-05 10:03:05 --> [DEPRECATED] Creation of dynamic property App\Controllers\Rekammedisirna::$db is deprecated in APPPATH/Controllers/Api.php on line 8.
 1 SYSTEMPATH/CodeIgniter.php(906): App\Controllers\Api->__construct()
 2 SYSTEMPATH/CodeIgniter.php(490): CodeIgniter\CodeIgniter->createController()
 3 SYSTEMPATH/CodeIgniter.php(368): CodeIgniter\CodeIgniter->handleRequest(null, Object(Config\Cache), false)
 4 FCPATH/index.php(67): CodeIgniter\CodeIgniter->run()
WARNING - 2024-11-05 10:03:05 --> [DEPRECATED] Creation of dynamic property App\Controllers\Rekammedisirna::$simrs is deprecated in APPPATH/Controllers/Api.php on line 9.
 1 SYSTEMPATH/CodeIgniter.php(906): App\Controllers\Api->__construct()
 2 SYSTEMPATH/CodeIgniter.php(490): CodeIgniter\CodeIgniter->createController()
 3 SYSTEMPATH/CodeIgniter.php(368): CodeIgniter\CodeIgniter->handleRequest(null, Object(Config\Cache), false)
 4 FCPATH/index.php(67): CodeIgniter\CodeIgniter->run()
WARNING - 2024-11-05 10:03:05 --> [DEPRECATED] Creation of dynamic property App\Controllers\Rekammedisirna::$db is deprecated in APPPATH/Controllers/Api.php on line 8.
 1 SYSTEMPATH/CodeIgniter.php(906): App\Controllers\Api->__construct()
 2 SYSTEMPATH/CodeIgniter.php(490): CodeIgniter\CodeIgniter->createController()
 3 SYSTEMPATH/CodeIgniter.php(368): CodeIgniter\CodeIgniter->handleRequest(null, Object(Config\Cache), false)
 4 FCPATH/index.php(67): CodeIgniter\CodeIgniter->run()
WARNING - 2024-11-05 10:03:05 --> [DEPRECATED] Creation of dynamic property App\Controllers\Rekammedisirna::$simrs is deprecated in APPPATH/Controllers/Api.php on line 9.
 1 SYSTEMPATH/CodeIgniter.php(906): App\Controllers\Api->__construct()
 2 SYSTEMPATH/CodeIgniter.php(490): CodeIgniter\CodeIgniter->createController()
 3 SYSTEMPATH/CodeIgniter.php(368): CodeIgniter\CodeIgniter->handleRequest(null, Object(Config\Cache), false)
 4 FCPATH/index.php(67): CodeIgniter\CodeIgniter->run()
WARNING - 2024-11-05 10:03:25 --> [DEPRECATED] Creation of dynamic property App\Controllers\Laporan::$db is deprecated in APPPATH/Controllers/Api.php on line 8.
 1 SYSTEMPATH/CodeIgniter.php(906): App\Controllers\Api->__construct()
 2 SYSTEMPATH/CodeIgniter.php(490): CodeIgniter\CodeIgniter->createController()
 3 SYSTEMPATH/CodeIgniter.php(368): CodeIgniter\CodeIgniter->handleRequest(null, Object(Config\Cache), false)
 4 FCPATH/index.php(67): CodeIgniter\CodeIgniter->run()
WARNING - 2024-11-05 10:03:25 --> [DEPRECATED] Creation of dynamic property App\Controllers\Laporan::$simrs is deprecated in APPPATH/Controllers/Api.php on line 9.
 1 SYSTEMPATH/CodeIgniter.php(906): App\Controllers\Api->__construct()
 2 SYSTEMPATH/CodeIgniter.php(490): CodeIgniter\CodeIgniter->createController()
 3 SYSTEMPATH/CodeIgniter.php(368): CodeIgniter\CodeIgniter->handleRequest(null, Object(Config\Cache), false)
 4 FCPATH/index.php(67): CodeIgniter\CodeIgniter->run()
WARNING - 2024-11-05 10:03:25 --> [DEPRECATED] Creation of dynamic property App\Controllers\Apotek::$db is deprecated in APPPATH/Controllers/Apotek.php on line 11.
 1 SYSTEMPATH/CodeIgniter.php(906): App\Controllers\Apotek->__construct()
 2 SYSTEMPATH/CodeIgniter.php(490): CodeIgniter\CodeIgniter->createController()
 3 SYSTEMPATH/CodeIgniter.php(368): CodeIgniter\CodeIgniter->handleRequest(null, Object(Config\Cache), false)
 4 FCPATH/index.php(67): CodeIgniter\CodeIgniter->run()
WARNING - 2024-11-05 10:03:25 --> [DEPRECATED] Creation of dynamic property App\Controllers\User::$db is deprecated in APPPATH/Controllers/Api.php on line 8.
 1 SYSTEMPATH/CodeIgniter.php(906): App\Controllers\Api->__construct()
 2 SYSTEMPATH/CodeIgniter.php(490): CodeIgniter\CodeIgniter->createController()
 3 SYSTEMPATH/CodeIgniter.php(368): CodeIgniter\CodeIgniter->handleRequest(null, Object(Config\Cache), false)
 4 FCPATH/index.php(67): CodeIgniter\CodeIgniter->run()
WARNING - 2024-11-05 10:03:25 --> [DEPRECATED] Creation of dynamic property App\Controllers\User::$simrs is deprecated in APPPATH/Controllers/Api.php on line 9.
 1 SYSTEMPATH/CodeIgniter.php(906): App\Controllers\Api->__construct()
 2 SYSTEMPATH/CodeIgniter.php(490): CodeIgniter\CodeIgniter->createController()
 3 SYSTEMPATH/CodeIgniter.php(368): CodeIgniter\CodeIgniter->handleRequest(null, Object(Config\Cache), false)
 4 FCPATH/index.php(67): CodeIgniter\CodeIgniter->run()
WARNING - 2024-11-05 10:03:25 --> [DEPRECATED] Creation of dynamic property App\Controllers\User::$db is deprecated in APPPATH/Controllers/Api.php on line 8.
 1 SYSTEMPATH/CodeIgniter.php(906): App\Controllers\Api->__construct()
 2 SYSTEMPATH/CodeIgniter.php(490): CodeIgniter\CodeIgniter->createController()
 3 SYSTEMPATH/CodeIgniter.php(368): CodeIgniter\CodeIgniter->handleRequest(null, Object(Config\Cache), false)
 4 FCPATH/index.php(67): CodeIgniter\CodeIgniter->run()
WARNING - 2024-11-05 10:03:25 --> [DEPRECATED] Creation of dynamic property App\Controllers\User::$simrs is deprecated in APPPATH/Controllers/Api.php on line 9.
 1 SYSTEMPATH/CodeIgniter.php(906): App\Controllers\Api->__construct()
 2 SYSTEMPATH/CodeIgniter.php(490): CodeIgniter\CodeIgniter->createController()
 3 SYSTEMPATH/CodeIgniter.php(368): CodeIgniter\CodeIgniter->handleRequest(null, Object(Config\Cache), false)
 4 FCPATH/index.php(67): CodeIgniter\CodeIgniter->run()
WARNING - 2024-11-05 10:03:30 --> [DEPRECATED] Creation of dynamic property App\Controllers\Rekammedisirna::$db is deprecated in APPPATH/Controllers/Api.php on line 8.
 1 SYSTEMPATH/CodeIgniter.php(906): App\Controllers\Api->__construct()
 2 SYSTEMPATH/CodeIgniter.php(490): CodeIgniter\CodeIgniter->createController()
 3 SYSTEMPATH/CodeIgniter.php(368): CodeIgniter\CodeIgniter->handleRequest(null, Object(Config\Cache), false)
 4 FCPATH/index.php(67): CodeIgniter\CodeIgniter->run()
WARNING - 2024-11-05 10:03:30 --> [DEPRECATED] Creation of dynamic property App\Controllers\Rekammedisirna::$simrs is deprecated in APPPATH/Controllers/Api.php on line 9.
 1 SYSTEMPATH/CodeIgniter.php(906): App\Controllers\Api->__construct()
 2 SYSTEMPATH/CodeIgniter.php(490): CodeIgniter\CodeIgniter->createController()
 3 SYSTEMPATH/CodeIgniter.php(368): CodeIgniter\CodeIgniter->handleRequest(null, Object(Config\Cache), false)
 4 FCPATH/index.php(67): CodeIgniter\CodeIgniter->run()
WARNING - 2024-11-05 10:03:30 --> [DEPRECATED] Creation of dynamic property App\Controllers\Rekammedisirna::$db is deprecated in APPPATH/Controllers/Api.php on line 8.
 1 SYSTEMPATH/CodeIgniter.php(906): App\Controllers\Api->__construct()
 2 SYSTEMPATH/CodeIgniter.php(490): CodeIgniter\CodeIgniter->createController()
 3 SYSTEMPATH/CodeIgniter.php(368): CodeIgniter\CodeIgniter->handleRequest(null, Object(Config\Cache), false)
 4 FCPATH/index.php(67): CodeIgniter\CodeIgniter->run()
WARNING - 2024-11-05 10:03:30 --> [DEPRECATED] Creation of dynamic property App\Controllers\Rekammedisirna::$simrs is deprecated in APPPATH/Controllers/Api.php on line 9.
 1 SYSTEMPATH/CodeIgniter.php(906): App\Controllers\Api->__construct()
 2 SYSTEMPATH/CodeIgniter.php(490): CodeIgniter\CodeIgniter->createController()
 3 SYSTEMPATH/CodeIgniter.php(368): CodeIgniter\CodeIgniter->handleRequest(null, Object(Config\Cache), false)
 4 FCPATH/index.php(67): CodeIgniter\CodeIgniter->run()
WARNING - 2024-11-05 10:03:30 --> [DEPRECATED] Creation of dynamic property App\Controllers\Rekammedisirna::$db is deprecated in APPPATH/Controllers/Api.php on line 8.
 1 SYSTEMPATH/CodeIgniter.php(906): App\Controllers\Api->__construct()
 2 SYSTEMPATH/CodeIgniter.php(490): CodeIgniter\CodeIgniter->createController()
 3 SYSTEMPATH/CodeIgniter.php(368): CodeIgniter\CodeIgniter->handleRequest(null, Object(Config\Cache), false)
 4 FCPATH/index.php(67): CodeIgniter\CodeIgniter->run()
WARNING - 2024-11-05 10:03:30 --> [DEPRECATED] Creation of dynamic property App\Controllers\Rekammedisirna::$simrs is deprecated in APPPATH/Controllers/Api.php on line 9.
 1 SYSTEMPATH/CodeIgniter.php(906): App\Controllers\Api->__construct()
 2 SYSTEMPATH/CodeIgniter.php(490): CodeIgniter\CodeIgniter->createController()
 3 SYSTEMPATH/CodeIgniter.php(368): CodeIgniter\CodeIgniter->handleRequest(null, Object(Config\Cache), false)
 4 FCPATH/index.php(67): CodeIgniter\CodeIgniter->run()
WARNING - 2024-11-05 10:03:50 --> [DEPRECATED] Creation of dynamic property App\Controllers\Laporan::$db is deprecated in APPPATH/Controllers/Api.php on line 8.
 1 SYSTEMPATH/CodeIgniter.php(906): App\Controllers\Api->__construct()
 2 SYSTEMPATH/CodeIgniter.php(490): CodeIgniter\CodeIgniter->createController()
 3 SYSTEMPATH/CodeIgniter.php(368): CodeIgniter\CodeIgniter->handleRequest(null, Object(Config\Cache), false)
 4 FCPATH/index.php(67): CodeIgniter\CodeIgniter->run()
WARNING - 2024-11-05 10:03:50 --> [DEPRECATED] Creation of dynamic property App\Controllers\Laporan::$simrs is deprecated in APPPATH/Controllers/Api.php on line 9.
 1 SYSTEMPATH/CodeIgniter.php(906): App\Controllers\Api->__construct()
 2 SYSTEMPATH/CodeIgniter.php(490): CodeIgniter\CodeIgniter->createController()
 3 SYSTEMPATH/CodeIgniter.php(368): CodeIgniter\CodeIgniter->handleRequest(null, Object(Config\Cache), false)
 4 FCPATH/index.php(67): CodeIgniter\CodeIgniter->run()
WARNING - 2024-11-05 10:03:50 --> [DEPRECATED] Creation of dynamic property App\Controllers\Apotek::$db is deprecated in APPPATH/Controllers/Apotek.php on line 11.
 1 SYSTEMPATH/CodeIgniter.php(906): App\Controllers\Apotek->__construct()
 2 SYSTEMPATH/CodeIgniter.php(490): CodeIgniter\CodeIgniter->createController()
 3 SYSTEMPATH/CodeIgniter.php(368): CodeIgniter\CodeIgniter->handleRequest(null, Object(Config\Cache), false)
 4 FCPATH/index.php(67): CodeIgniter\CodeIgniter->run()
WARNING - 2024-11-05 10:03:50 --> [DEPRECATED] Creation of dynamic property App\Controllers\User::$db is deprecated in APPPATH/Controllers/Api.php on line 8.
 1 SYSTEMPATH/CodeIgniter.php(906): App\Controllers\Api->__construct()
 2 SYSTEMPATH/CodeIgniter.php(490): CodeIgniter\CodeIgniter->createController()
 3 SYSTEMPATH/CodeIgniter.php(368): CodeIgniter\CodeIgniter->handleRequest(null, Object(Config\Cache), false)
 4 FCPATH/index.php(67): CodeIgniter\CodeIgniter->run()
WARNING - 2024-11-05 10:03:50 --> [DEPRECATED] Creation of dynamic property App\Controllers\User::$simrs is deprecated in APPPATH/Controllers/Api.php on line 9.
 1 SYSTEMPATH/CodeIgniter.php(906): App\Controllers\Api->__construct()
 2 SYSTEMPATH/CodeIgniter.php(490): CodeIgniter\CodeIgniter->createController()
 3 SYSTEMPATH/CodeIgniter.php(368): CodeIgniter\CodeIgniter->handleRequest(null, Object(Config\Cache), false)
 4 FCPATH/index.php(67): CodeIgniter\CodeIgniter->run()
WARNING - 2024-11-05 10:03:51 --> [DEPRECATED] Creation of dynamic property App\Controllers\User::$db is deprecated in APPPATH/Controllers/Api.php on line 8.
 1 SYSTEMPATH/CodeIgniter.php(906): App\Controllers\Api->__construct()
 2 SYSTEMPATH/CodeIgniter.php(490): CodeIgniter\CodeIgniter->createController()
 3 SYSTEMPATH/CodeIgniter.php(368): CodeIgniter\CodeIgniter->handleRequest(null, Object(Config\Cache), false)
 4 FCPATH/index.php(67): CodeIgniter\CodeIgniter->run()
WARNING - 2024-11-05 10:03:51 --> [DEPRECATED] Creation of dynamic property App\Controllers\User::$simrs is deprecated in APPPATH/Controllers/Api.php on line 9.
 1 SYSTEMPATH/CodeIgniter.php(906): App\Controllers\Api->__construct()
 2 SYSTEMPATH/CodeIgniter.php(490): CodeIgniter\CodeIgniter->createController()
 3 SYSTEMPATH/CodeIgniter.php(368): CodeIgniter\CodeIgniter->handleRequest(null, Object(Config\Cache), false)
 4 FCPATH/index.php(67): CodeIgniter\CodeIgniter->run()
WARNING - 2024-11-05 10:03:55 --> [DEPRECATED] Creation of dynamic property App\Controllers\Rekammedisirna::$db is deprecated in APPPATH/Controllers/Api.php on line 8.
 1 SYSTEMPATH/CodeIgniter.php(906): App\Controllers\Api->__construct()
 2 SYSTEMPATH/CodeIgniter.php(490): CodeIgniter\CodeIgniter->createController()
 3 SYSTEMPATH/CodeIgniter.php(368): CodeIgniter\CodeIgniter->handleRequest(null, Object(Config\Cache), false)
 4 FCPATH/index.php(67): CodeIgniter\CodeIgniter->run()
WARNING - 2024-11-05 10:03:55 --> [DEPRECATED] Creation of dynamic property App\Controllers\Rekammedisirna::$simrs is deprecated in APPPATH/Controllers/Api.php on line 9.
 1 SYSTEMPATH/CodeIgniter.php(906): App\Controllers\Api->__construct()
 2 SYSTEMPATH/CodeIgniter.php(490): CodeIgniter\CodeIgniter->createController()
 3 SYSTEMPATH/CodeIgniter.php(368): CodeIgniter\CodeIgniter->handleRequest(null, Object(Config\Cache), false)
 4 FCPATH/index.php(67): CodeIgniter\CodeIgniter->run()
WARNING - 2024-11-05 10:03:56 --> [DEPRECATED] Creation of dynamic property App\Controllers\Rekammedisirna::$db is deprecated in APPPATH/Controllers/Api.php on line 8.
 1 SYSTEMPATH/CodeIgniter.php(906): App\Controllers\Api->__construct()
 2 SYSTEMPATH/CodeIgniter.php(490): CodeIgniter\CodeIgniter->createController()
 3 SYSTEMPATH/CodeIgniter.php(368): CodeIgniter\CodeIgniter->handleRequest(null, Object(Config\Cache), false)
 4 FCPATH/index.php(67): CodeIgniter\CodeIgniter->run()
WARNING - 2024-11-05 10:03:56 --> [DEPRECATED] Creation of dynamic property App\Controllers\Rekammedisirna::$simrs is deprecated in APPPATH/Controllers/Api.php on line 9.
 1 SYSTEMPATH/CodeIgniter.php(906): App\Controllers\Api->__construct()
 2 SYSTEMPATH/CodeIgniter.php(490): CodeIgniter\CodeIgniter->createController()
 3 SYSTEMPATH/CodeIgniter.php(368): CodeIgniter\CodeIgniter->handleRequest(null, Object(Config\Cache), false)
 4 FCPATH/index.php(67): CodeIgniter\CodeIgniter->run()
WARNING - 2024-11-05 10:03:56 --> [DEPRECATED] Creation of dynamic property App\Controllers\Rekammedisirna::$db is deprecated in APPPATH/Controllers/Api.php on line 8.
 1 SYSTEMPATH/CodeIgniter.php(906): App\Controllers\Api->__construct()
 2 SYSTEMPATH/CodeIgniter.php(490): CodeIgniter\CodeIgniter->createController()
 3 SYSTEMPATH/CodeIgniter.php(368): CodeIgniter\CodeIgniter->handleRequest(null, Object(Config\Cache), false)
 4 FCPATH/index.php(67): CodeIgniter\CodeIgniter->run()
WARNING - 2024-11-05 10:03:56 --> [DEPRECATED] Creation of dynamic property App\Controllers\Rekammedisirna::$simrs is deprecated in APPPATH/Controllers/Api.php on line 9.
 1 SYSTEMPATH/CodeIgniter.php(906): App\Controllers\Api->__construct()
 2 SYSTEMPATH/CodeIgniter.php(490): CodeIgniter\CodeIgniter->createController()
 3 SYSTEMPATH/CodeIgniter.php(368): CodeIgniter\CodeIgniter->handleRequest(null, Object(Config\Cache), false)
 4 FCPATH/index.php(67): CodeIgniter\CodeIgniter->run()
WARNING - 2024-11-05 10:04:01 --> [DEPRECATED] Creation of dynamic property App\Controllers\Rekammedisirja::$db is deprecated in APPPATH/Controllers/Api.php on line 8.
 1 SYSTEMPATH/CodeIgniter.php(906): App\Controllers\Api->__construct()
 2 SYSTEMPATH/CodeIgniter.php(490): CodeIgniter\CodeIgniter->createController()
 3 SYSTEMPATH/CodeIgniter.php(368): CodeIgniter\CodeIgniter->handleRequest(null, Object(Config\Cache), false)
 4 FCPATH/index.php(67): CodeIgniter\CodeIgniter->run()
WARNING - 2024-11-05 10:04:01 --> [DEPRECATED] Creation of dynamic property App\Controllers\Rekammedisirja::$db is deprecated in APPPATH/Controllers/Api.php on line 8.
 1 SYSTEMPATH/CodeIgniter.php(906): App\Controllers\Api->__construct()
 2 SYSTEMPATH/CodeIgniter.php(490): CodeIgniter\CodeIgniter->createController()
 3 SYSTEMPATH/CodeIgniter.php(368): CodeIgniter\CodeIgniter->handleRequest(null, Object(Config\Cache), false)
 4 FCPATH/index.php(67): CodeIgniter\CodeIgniter->run()
WARNING - 2024-11-05 10:04:01 --> [DEPRECATED] Creation of dynamic property App\Controllers\Rekammedisirja::$simrs is deprecated in APPPATH/Controllers/Api.php on line 9.
 1 SYSTEMPATH/CodeIgniter.php(906): App\Controllers\Api->__construct()
 2 SYSTEMPATH/CodeIgniter.php(490): CodeIgniter\CodeIgniter->createController()
 3 SYSTEMPATH/CodeIgniter.php(368): CodeIgniter\CodeIgniter->handleRequest(null, Object(Config\Cache), false)
 4 FCPATH/index.php(67): CodeIgniter\CodeIgniter->run()
WARNING - 2024-11-05 10:04:01 --> [DEPRECATED] Creation of dynamic property App\Controllers\Rekammedisirja::$simrs is deprecated in APPPATH/Controllers/Api.php on line 9.
 1 SYSTEMPATH/CodeIgniter.php(906): App\Controllers\Api->__construct()
 2 SYSTEMPATH/CodeIgniter.php(490): CodeIgniter\CodeIgniter->createController()
 3 SYSTEMPATH/CodeIgniter.php(368): CodeIgniter\CodeIgniter->handleRequest(null, Object(Config\Cache), false)
 4 FCPATH/index.php(67): CodeIgniter\CodeIgniter->run()
WARNING - 2024-11-05 10:04:01 --> [DEPRECATED] Creation of dynamic property App\Controllers\Rawatjalan::$db is deprecated in APPPATH/Controllers/Api.php on line 8.
 1 SYSTEMPATH/CodeIgniter.php(906): App\Controllers\Api->__construct()
 2 SYSTEMPATH/CodeIgniter.php(490): CodeIgniter\CodeIgniter->createController()
 3 SYSTEMPATH/CodeIgniter.php(368): CodeIgniter\CodeIgniter->handleRequest(null, Object(Config\Cache), false)
 4 FCPATH/index.php(67): CodeIgniter\CodeIgniter->run()
WARNING - 2024-11-05 10:04:01 --> [DEPRECATED] Creation of dynamic property App\Controllers\Rawatjalan::$simrs is deprecated in APPPATH/Controllers/Api.php on line 9.
 1 SYSTEMPATH/CodeIgniter.php(906): App\Controllers\Api->__construct()
 2 SYSTEMPATH/CodeIgniter.php(490): CodeIgniter\CodeIgniter->createController()
 3 SYSTEMPATH/CodeIgniter.php(368): CodeIgniter\CodeIgniter->handleRequest(null, Object(Config\Cache), false)
 4 FCPATH/index.php(67): CodeIgniter\CodeIgniter->run()
ERROR - 2024-11-05 10:04:01 --> ErrorException: pg_query(): Query failed: ERROR:  invalid input syntax for type integer: &quot;undefined&quot;
LINE 2: ...nner join icd_9 USING(kd_icd9) where id_kunjungan='undefined...
                                                             ^ in /var/www/html/SIMRSHEBAT/system/Database/Postgre/Connection.php:147
Stack trace:
#0 [internal function]: CodeIgniter\Debug\Exceptions->errorHandler()
#1 /var/www/html/SIMRSHEBAT/system/Database/Postgre/Connection.php(147): pg_query()
#2 /var/www/html/SIMRSHEBAT/system/Database/BaseConnection.php(691): CodeIgniter\Database\Postgre\Connection->execute()
#3 /var/www/html/SIMRSHEBAT/app/Controllers/Rekammedisirja.php(411): CodeIgniter\Database\BaseConnection->simpleQuery()
#4 /var/www/html/SIMRSHEBAT/system/CodeIgniter.php(934): App\Controllers\Rekammedisirja->datamricd9irja()
#5 /var/www/html/SIMRSHEBAT/system/CodeIgniter.php(499): CodeIgniter\CodeIgniter->runController()
#6 /var/www/html/SIMRSHEBAT/system/CodeIgniter.php(368): CodeIgniter\CodeIgniter->handleRequest()
#7 /var/www/html/SIMRSHEBAT/index.php(67): CodeIgniter\CodeIgniter->run()
#8 {main}
WARNING - 2024-11-05 10:04:01 --> [DEPRECATED] Creation of dynamic property App\Controllers\Lab::$db is deprecated in APPPATH/Controllers/Api.php on line 8.
 1 SYSTEMPATH/CodeIgniter.php(906): App\Controllers\Api->__construct()
 2 SYSTEMPATH/CodeIgniter.php(490): CodeIgniter\CodeIgniter->createController()
 3 SYSTEMPATH/CodeIgniter.php(368): CodeIgniter\CodeIgniter->handleRequest(null, Object(Config\Cache), false)
 4 FCPATH/index.php(67): CodeIgniter\CodeIgniter->run()
WARNING - 2024-11-05 10:04:01 --> [DEPRECATED] Creation of dynamic property App\Controllers\Lab::$simrs is deprecated in APPPATH/Controllers/Api.php on line 9.
 1 SYSTEMPATH/CodeIgniter.php(906): App\Controllers\Api->__construct()
 2 SYSTEMPATH/CodeIgniter.php(490): CodeIgniter\CodeIgniter->createController()
 3 SYSTEMPATH/CodeIgniter.php(368): CodeIgniter\CodeIgniter->handleRequest(null, Object(Config\Cache), false)
 4 FCPATH/index.php(67): CodeIgniter\CodeIgniter->run()
ERROR - 2024-11-05 10:04:01 --> ErrorException: pg_query(): Query failed: ERROR:  invalid input syntax for type integer: &quot;undefined&quot;
LINE 11: ...in penyakit USING(id_penyakit) where id_kunjungan='undefined...
                                                              ^ in /var/www/html/SIMRSHEBAT/system/Database/Postgre/Connection.php:147
Stack trace:
#0 [internal function]: CodeIgniter\Debug\Exceptions->errorHandler()
#1 /var/www/html/SIMRSHEBAT/system/Database/Postgre/Connection.php(147): pg_query()
#2 /var/www/html/SIMRSHEBAT/system/Database/BaseConnection.php(691): CodeIgniter\Database\Postgre\Connection->execute()
#3 /var/www/html/SIMRSHEBAT/app/Controllers/Rekammedisirja.php(453): CodeIgniter\Database\BaseConnection->simpleQuery()
#4 /var/www/html/SIMRSHEBAT/system/CodeIgniter.php(934): App\Controllers\Rekammedisirja->datamrpenyakitirja()
#5 /var/www/html/SIMRSHEBAT/system/CodeIgniter.php(499): CodeIgniter\CodeIgniter->runController()
#6 /var/www/html/SIMRSHEBAT/system/CodeIgniter.php(368): CodeIgniter\CodeIgniter->handleRequest()
#7 /var/www/html/SIMRSHEBAT/index.php(67): CodeIgniter\CodeIgniter->run()
#8 {main}
WARNING - 2024-11-05 10:04:01 --> [DEPRECATED] Creation of dynamic property App\Controllers\Lab::$db is deprecated in APPPATH/Controllers/Api.php on line 8.
 1 SYSTEMPATH/CodeIgniter.php(906): App\Controllers\Api->__construct()
 2 SYSTEMPATH/CodeIgniter.php(490): CodeIgniter\CodeIgniter->createController()
 3 SYSTEMPATH/CodeIgniter.php(368): CodeIgniter\CodeIgniter->handleRequest(null, Object(Config\Cache), false)
 4 FCPATH/index.php(67): CodeIgniter\CodeIgniter->run()
WARNING - 2024-11-05 10:04:01 --> [DEPRECATED] Creation of dynamic property App\Controllers\Lab::$simrs is deprecated in APPPATH/Controllers/Api.php on line 9.
 1 SYSTEMPATH/CodeIgniter.php(906): App\Controllers\Api->__construct()
 2 SYSTEMPATH/CodeIgniter.php(490): CodeIgniter\CodeIgniter->createController()
 3 SYSTEMPATH/CodeIgniter.php(368): CodeIgniter\CodeIgniter->handleRequest(null, Object(Config\Cache), false)
 4 FCPATH/index.php(67): CodeIgniter\CodeIgniter->run()
WARNING - 2024-11-05 10:04:01 --> [DEPRECATED] Creation of dynamic property App\Controllers\Lab::$db is deprecated in APPPATH/Controllers/Api.php on line 8.
 1 SYSTEMPATH/CodeIgniter.php(906): App\Controllers\Api->__construct()
 2 SYSTEMPATH/CodeIgniter.php(490): CodeIgniter\CodeIgniter->createController()
 3 SYSTEMPATH/CodeIgniter.php(368): CodeIgniter\CodeIgniter->handleRequest(null, Object(Config\Cache), false)
 4 FCPATH/index.php(67): CodeIgniter\CodeIgniter->run()
WARNING - 2024-11-05 10:04:01 --> [DEPRECATED] Creation of dynamic property App\Controllers\Lab::$simrs is deprecated in APPPATH/Controllers/Api.php on line 9.
 1 SYSTEMPATH/CodeIgniter.php(906): App\Controllers\Api->__construct()
 2 SYSTEMPATH/CodeIgniter.php(490): CodeIgniter\CodeIgniter->createController()
 3 SYSTEMPATH/CodeIgniter.php(368): CodeIgniter\CodeIgniter->handleRequest(null, Object(Config\Cache), false)
 4 FCPATH/index.php(67): CodeIgniter\CodeIgniter->run()
WARNING - 2024-11-05 10:04:01 --> [DEPRECATED] Creation of dynamic property App\Controllers\Lab::$db is deprecated in APPPATH/Controllers/Api.php on line 8.
 1 SYSTEMPATH/CodeIgniter.php(906): App\Controllers\Api->__construct()
 2 SYSTEMPATH/CodeIgniter.php(490): CodeIgniter\CodeIgniter->createController()
 3 SYSTEMPATH/CodeIgniter.php(368): CodeIgniter\CodeIgniter->handleRequest(null, Object(Config\Cache), false)
 4 FCPATH/index.php(67): CodeIgniter\CodeIgniter->run()
WARNING - 2024-11-05 10:04:01 --> [DEPRECATED] Creation of dynamic property App\Controllers\Lab::$simrs is deprecated in APPPATH/Controllers/Api.php on line 9.
 1 SYSTEMPATH/CodeIgniter.php(906): App\Controllers\Api->__construct()
 2 SYSTEMPATH/CodeIgniter.php(490): CodeIgniter\CodeIgniter->createController()
 3 SYSTEMPATH/CodeIgniter.php(368): CodeIgniter\CodeIgniter->handleRequest(null, Object(Config\Cache), false)
 4 FCPATH/index.php(67): CodeIgniter\CodeIgniter->run()
WARNING - 2024-11-05 10:04:01 --> [DEPRECATED] Creation of dynamic property App\Controllers\Rekammedisirna::$db is deprecated in APPPATH/Controllers/Api.php on line 8.
 1 SYSTEMPATH/CodeIgniter.php(906): App\Controllers\Api->__construct()
 2 SYSTEMPATH/CodeIgniter.php(490): CodeIgniter\CodeIgniter->createController()
 3 SYSTEMPATH/CodeIgniter.php(368): CodeIgniter\CodeIgniter->handleRequest(null, Object(Config\Cache), false)
 4 FCPATH/index.php(67): CodeIgniter\CodeIgniter->run()
WARNING - 2024-11-05 10:04:01 --> [DEPRECATED] Creation of dynamic property App\Controllers\Rekammedisirna::$simrs is deprecated in APPPATH/Controllers/Api.php on line 9.
 1 SYSTEMPATH/CodeIgniter.php(906): App\Controllers\Api->__construct()
 2 SYSTEMPATH/CodeIgniter.php(490): CodeIgniter\CodeIgniter->createController()
 3 SYSTEMPATH/CodeIgniter.php(368): CodeIgniter\CodeIgniter->handleRequest(null, Object(Config\Cache), false)
 4 FCPATH/index.php(67): CodeIgniter\CodeIgniter->run()
WARNING - 2024-11-05 10:04:01 --> [DEPRECATED] Creation of dynamic property App\Controllers\Kunjungan::$db is deprecated in APPPATH/Controllers/Api.php on line 8.
 1 SYSTEMPATH/CodeIgniter.php(906): App\Controllers\Api->__construct()
 2 SYSTEMPATH/CodeIgniter.php(490): CodeIgniter\CodeIgniter->createController()
 3 SYSTEMPATH/CodeIgniter.php(368): CodeIgniter\CodeIgniter->handleRequest(null, Object(Config\Cache), false)
 4 FCPATH/index.php(67): CodeIgniter\CodeIgniter->run()
WARNING - 2024-11-05 10:04:01 --> [DEPRECATED] Creation of dynamic property App\Controllers\Kunjungan::$simrs is deprecated in APPPATH/Controllers/Api.php on line 9.
 1 SYSTEMPATH/CodeIgniter.php(906): App\Controllers\Api->__construct()
 2 SYSTEMPATH/CodeIgniter.php(490): CodeIgniter\CodeIgniter->createController()
 3 SYSTEMPATH/CodeIgniter.php(368): CodeIgniter\CodeIgniter->handleRequest(null, Object(Config\Cache), false)
 4 FCPATH/index.php(67): CodeIgniter\CodeIgniter->run()
WARNING - 2024-11-05 10:04:02 --> [DEPRECATED] Creation of dynamic property App\Controllers\Kunjungan::$db is deprecated in APPPATH/Controllers/Api.php on line 8.
 1 SYSTEMPATH/CodeIgniter.php(906): App\Controllers\Api->__construct()
 2 SYSTEMPATH/CodeIgniter.php(490): CodeIgniter\CodeIgniter->createController()
 3 SYSTEMPATH/CodeIgniter.php(368): CodeIgniter\CodeIgniter->handleRequest(null, Object(Config\Cache), false)
 4 FCPATH/index.php(67): CodeIgniter\CodeIgniter->run()
WARNING - 2024-11-05 10:04:02 --> [DEPRECATED] Creation of dynamic property App\Controllers\Kunjungan::$simrs is deprecated in APPPATH/Controllers/Api.php on line 9.
 1 SYSTEMPATH/CodeIgniter.php(906): App\Controllers\Api->__construct()
 2 SYSTEMPATH/CodeIgniter.php(490): CodeIgniter\CodeIgniter->createController()
 3 SYSTEMPATH/CodeIgniter.php(368): CodeIgniter\CodeIgniter->handleRequest(null, Object(Config\Cache), false)
 4 FCPATH/index.php(67): CodeIgniter\CodeIgniter->run()
WARNING - 2024-11-05 10:04:02 --> [DEPRECATED] Creation of dynamic property App\Controllers\Kunjungan::$db is deprecated in APPPATH/Controllers/Api.php on line 8.
 1 SYSTEMPATH/CodeIgniter.php(906): App\Controllers\Api->__construct()
 2 SYSTEMPATH/CodeIgniter.php(490): CodeIgniter\CodeIgniter->createController()
 3 SYSTEMPATH/CodeIgniter.php(368): CodeIgniter\CodeIgniter->handleRequest(null, Object(Config\Cache), false)
 4 FCPATH/index.php(67): CodeIgniter\CodeIgniter->run()
WARNING - 2024-11-05 10:04:02 --> [DEPRECATED] Creation of dynamic property App\Controllers\Kunjungan::$simrs is deprecated in APPPATH/Controllers/Api.php on line 9.
 1 SYSTEMPATH/CodeIgniter.php(906): App\Controllers\Api->__construct()
 2 SYSTEMPATH/CodeIgniter.php(490): CodeIgniter\CodeIgniter->createController()
 3 SYSTEMPATH/CodeIgniter.php(368): CodeIgniter\CodeIgniter->handleRequest(null, Object(Config\Cache), false)
 4 FCPATH/index.php(67): CodeIgniter\CodeIgniter->run()
WARNING - 2024-11-05 10:04:02 --> [DEPRECATED] Creation of dynamic property App\Controllers\Datasosial::$db is deprecated in APPPATH/Controllers/Api.php on line 8.
 1 SYSTEMPATH/CodeIgniter.php(906): App\Controllers\Api->__construct()
 2 SYSTEMPATH/CodeIgniter.php(490): CodeIgniter\CodeIgniter->createController()
 3 SYSTEMPATH/CodeIgniter.php(368): CodeIgniter\CodeIgniter->handleRequest(null, Object(Config\Cache), false)
 4 FCPATH/index.php(67): CodeIgniter\CodeIgniter->run()
WARNING - 2024-11-05 10:04:02 --> [DEPRECATED] Creation of dynamic property App\Controllers\Datasosial::$simrs is deprecated in APPPATH/Controllers/Api.php on line 9.
 1 SYSTEMPATH/CodeIgniter.php(906): App\Controllers\Api->__construct()
 2 SYSTEMPATH/CodeIgniter.php(490): CodeIgniter\CodeIgniter->createController()
 3 SYSTEMPATH/CodeIgniter.php(368): CodeIgniter\CodeIgniter->handleRequest(null, Object(Config\Cache), false)
 4 FCPATH/index.php(67): CodeIgniter\CodeIgniter->run()
WARNING - 2024-11-05 10:04:02 --> [DEPRECATED] Creation of dynamic property App\Controllers\Datasosial::$db is deprecated in APPPATH/Controllers/Api.php on line 8.
 1 SYSTEMPATH/CodeIgniter.php(906): App\Controllers\Api->__construct()
 2 SYSTEMPATH/CodeIgniter.php(490): CodeIgniter\CodeIgniter->createController()
 3 SYSTEMPATH/CodeIgniter.php(368): CodeIgniter\CodeIgniter->handleRequest(null, Object(Config\Cache), false)
 4 FCPATH/index.php(67): CodeIgniter\CodeIgniter->run()
WARNING - 2024-11-05 10:04:02 --> [DEPRECATED] Creation of dynamic property App\Controllers\Datasosial::$simrs is deprecated in APPPATH/Controllers/Api.php on line 9.
 1 SYSTEMPATH/CodeIgniter.php(906): App\Controllers\Api->__construct()
 2 SYSTEMPATH/CodeIgniter.php(490): CodeIgniter\CodeIgniter->createController()
 3 SYSTEMPATH/CodeIgniter.php(368): CodeIgniter\CodeIgniter->handleRequest(null, Object(Config\Cache), false)
 4 FCPATH/index.php(67): CodeIgniter\CodeIgniter->run()
WARNING - 2024-11-05 10:04:05 --> [DEPRECATED] Creation of dynamic property App\Controllers\Rekammedisirna::$db is deprecated in APPPATH/Controllers/Api.php on line 8.
 1 SYSTEMPATH/CodeIgniter.php(906): App\Controllers\Api->__construct()
 2 SYSTEMPATH/CodeIgniter.php(490): CodeIgniter\CodeIgniter->createController()
 3 SYSTEMPATH/CodeIgniter.php(368): CodeIgniter\CodeIgniter->handleRequest(null, Object(Config\Cache), false)
 4 FCPATH/index.php(67): CodeIgniter\CodeIgniter->run()
WARNING - 2024-11-05 10:04:05 --> [DEPRECATED] Creation of dynamic property App\Controllers\Rekammedisirna::$simrs is deprecated in APPPATH/Controllers/Api.php on line 9.
 1 SYSTEMPATH/CodeIgniter.php(906): App\Controllers\Api->__construct()
 2 SYSTEMPATH/CodeIgniter.php(490): CodeIgniter\CodeIgniter->createController()
 3 SYSTEMPATH/CodeIgniter.php(368): CodeIgniter\CodeIgniter->handleRequest(null, Object(Config\Cache), false)
 4 FCPATH/index.php(67): CodeIgniter\CodeIgniter->run()
CRITICAL - 2024-11-05 10:04:05 --> Undefined property: stdClass::$norm
in APPPATH/Controllers/Rekammedisirna.php on line 980.
 1 APPPATH/Controllers/Rekammedisirna.php(980): CodeIgniter\Debug\Exceptions->errorHandler()
 2 SYSTEMPATH/CodeIgniter.php(934): App\Controllers\Rekammedisirna->viewtandavital()
 3 SYSTEMPATH/CodeIgniter.php(499): CodeIgniter\CodeIgniter->runController()
 4 SYSTEMPATH/CodeIgniter.php(368): CodeIgniter\CodeIgniter->handleRequest()
 5 FCPATH/index.php(67): CodeIgniter\CodeIgniter->run()
WARNING - 2024-11-05 10:04:09 --> [DEPRECATED] Creation of dynamic property App\Controllers\Rekammedisirna::$db is deprecated in APPPATH/Controllers/Api.php on line 8.
 1 SYSTEMPATH/CodeIgniter.php(906): App\Controllers\Api->__construct()
 2 SYSTEMPATH/CodeIgniter.php(490): CodeIgniter\CodeIgniter->createController()
 3 SYSTEMPATH/CodeIgniter.php(368): CodeIgniter\CodeIgniter->handleRequest(null, Object(Config\Cache), false)
 4 FCPATH/index.php(67): CodeIgniter\CodeIgniter->run()
WARNING - 2024-11-05 10:04:09 --> [DEPRECATED] Creation of dynamic property App\Controllers\Rekammedisirna::$simrs is deprecated in APPPATH/Controllers/Api.php on line 9.
 1 SYSTEMPATH/CodeIgniter.php(906): App\Controllers\Api->__construct()
 2 SYSTEMPATH/CodeIgniter.php(490): CodeIgniter\CodeIgniter->createController()
 3 SYSTEMPATH/CodeIgniter.php(368): CodeIgniter\CodeIgniter->handleRequest(null, Object(Config\Cache), false)
 4 FCPATH/index.php(67): CodeIgniter\CodeIgniter->run()
CRITICAL - 2024-11-05 10:04:09 --> Undefined property: stdClass::$norm
in APPPATH/Controllers/Rekammedisirna.php on line 980.
 1 APPPATH/Controllers/Rekammedisirna.php(980): CodeIgniter\Debug\Exceptions->errorHandler()
 2 SYSTEMPATH/CodeIgniter.php(934): App\Controllers\Rekammedisirna->viewtandavital()
 3 SYSTEMPATH/CodeIgniter.php(499): CodeIgniter\CodeIgniter->runController()
 4 SYSTEMPATH/CodeIgniter.php(368): CodeIgniter\CodeIgniter->handleRequest()
 5 FCPATH/index.php(67): CodeIgniter\CodeIgniter->run()
WARNING - 2024-11-05 10:08:27 --> [DEPRECATED] Creation of dynamic property App\Controllers\Rekammedisirna::$db is deprecated in APPPATH/Controllers/Api.php on line 8.
 1 SYSTEMPATH/CodeIgniter.php(906): App\Controllers\Api->__construct()
 2 SYSTEMPATH/CodeIgniter.php(490): CodeIgniter\CodeIgniter->createController()
 3 SYSTEMPATH/CodeIgniter.php(368): CodeIgniter\CodeIgniter->handleRequest(null, Object(Config\Cache), false)
 4 FCPATH/index.php(67): CodeIgniter\CodeIgniter->run()
WARNING - 2024-11-05 10:08:27 --> [DEPRECATED] Creation of dynamic property App\Controllers\Rekammedisirna::$db is deprecated in APPPATH/Controllers/Api.php on line 8.
 1 SYSTEMPATH/CodeIgniter.php(906): App\Controllers\Api->__construct()
 2 SYSTEMPATH/CodeIgniter.php(490): CodeIgniter\CodeIgniter->createController()
 3 SYSTEMPATH/CodeIgniter.php(368): CodeIgniter\CodeIgniter->handleRequest(null, Object(Config\Cache), false)
 4 FCPATH/index.php(67): CodeIgniter\CodeIgniter->run()
WARNING - 2024-11-05 10:08:27 --> [DEPRECATED] Creation of dynamic property App\Controllers\Rekammedisirna::$db is deprecated in APPPATH/Controllers/Api.php on line 8.
 1 SYSTEMPATH/CodeIgniter.php(906): App\Controllers\Api->__construct()
 2 SYSTEMPATH/CodeIgniter.php(490): CodeIgniter\CodeIgniter->createController()
 3 SYSTEMPATH/CodeIgniter.php(368): CodeIgniter\CodeIgniter->handleRequest(null, Object(Config\Cache), false)
 4 FCPATH/index.php(67): CodeIgniter\CodeIgniter->run()
WARNING - 2024-11-05 10:08:27 --> [DEPRECATED] Creation of dynamic property App\Controllers\Rekammedisirna::$simrs is deprecated in APPPATH/Controllers/Api.php on line 9.
 1 SYSTEMPATH/CodeIgniter.php(906): App\Controllers\Api->__construct()
 2 SYSTEMPATH/CodeIgniter.php(490): CodeIgniter\CodeIgniter->createController()
 3 SYSTEMPATH/CodeIgniter.php(368): CodeIgniter\CodeIgniter->handleRequest(null, Object(Config\Cache), false)
 4 FCPATH/index.php(67): CodeIgniter\CodeIgniter->run()
WARNING - 2024-11-05 10:08:27 --> [DEPRECATED] Creation of dynamic property App\Controllers\Rekammedisirna::$simrs is deprecated in APPPATH/Controllers/Api.php on line 9.
 1 SYSTEMPATH/CodeIgniter.php(906): App\Controllers\Api->__construct()
 2 SYSTEMPATH/CodeIgniter.php(490): CodeIgniter\CodeIgniter->createController()
 3 SYSTEMPATH/CodeIgniter.php(368): CodeIgniter\CodeIgniter->handleRequest(null, Object(Config\Cache), false)
 4 FCPATH/index.php(67): CodeIgniter\CodeIgniter->run()
WARNING - 2024-11-05 10:08:27 --> [DEPRECATED] Creation of dynamic property App\Controllers\Rekammedisirna::$simrs is deprecated in APPPATH/Controllers/Api.php on line 9.
 1 SYSTEMPATH/CodeIgniter.php(906): App\Controllers\Api->__construct()
 2 SYSTEMPATH/CodeIgniter.php(490): CodeIgniter\CodeIgniter->createController()
 3 SYSTEMPATH/CodeIgniter.php(368): CodeIgniter\CodeIgniter->handleRequest(null, Object(Config\Cache), false)
 4 FCPATH/index.php(67): CodeIgniter\CodeIgniter->run()
ERROR - 2024-11-05 10:08:27 --> ErrorException: pg_query(): Query failed: ERROR:  syntax error at or near &quot;MANIS&quot;
LINE 1: select * from edukasi where id_transaksi =SANGGAR MANIS 1D-1...
                                                          ^ in /var/www/html/SIMRSHEBAT/system/Database/Postgre/Connection.php:147
Stack trace:
#0 [internal function]: CodeIgniter\Debug\Exceptions->errorHandler()
#1 /var/www/html/SIMRSHEBAT/system/Database/Postgre/Connection.php(147): pg_query()
#2 /var/www/html/SIMRSHEBAT/system/Database/BaseConnection.php(691): CodeIgniter\Database\Postgre\Connection->execute()
#3 /var/www/html/SIMRSHEBAT/system/Database/BaseConnection.php(605): CodeIgniter\Database\BaseConnection->simpleQuery()
#4 /var/www/html/SIMRSHEBAT/app/Controllers/Rekammedisirna.php(3044): CodeIgniter\Database\BaseConnection->query()
#5 /var/www/html/SIMRSHEBAT/system/CodeIgniter.php(934): App\Controllers\Rekammedisirna->cekedukasi()
#6 /var/www/html/SIMRSHEBAT/system/CodeIgniter.php(499): CodeIgniter\CodeIgniter->runController()
#7 /var/www/html/SIMRSHEBAT/system/CodeIgniter.php(368): CodeIgniter\CodeIgniter->handleRequest()
#8 /var/www/html/SIMRSHEBAT/index.php(67): CodeIgniter\CodeIgniter->run()
#9 {main}
ERROR - 2024-11-05 10:08:27 --> ErrorException: pg_query(): Query failed: ERROR:  syntax error at or near &quot;MANIS&quot;
LINE 1: ... * from resume_pasien where id_transaksi =SANGGAR MANIS 1D-1...
                                                             ^ in /var/www/html/SIMRSHEBAT/system/Database/Postgre/Connection.php:147
Stack trace:
#0 [internal function]: CodeIgniter\Debug\Exceptions->errorHandler()
#1 /var/www/html/SIMRSHEBAT/system/Database/Postgre/Connection.php(147): pg_query()
#2 /var/www/html/SIMRSHEBAT/system/Database/BaseConnection.php(691): CodeIgniter\Database\Postgre\Connection->execute()
#3 /var/www/html/SIMRSHEBAT/system/Database/BaseConnection.php(605): CodeIgniter\Database\BaseConnection->simpleQuery()
#4 /var/www/html/SIMRSHEBAT/app/Controllers/Rekammedisirna.php(543): CodeIgniter\Database\BaseConnection->query()
#5 /var/www/html/SIMRSHEBAT/system/CodeIgniter.php(934): App\Controllers\Rekammedisirna->cekresume()
#6 /var/www/html/SIMRSHEBAT/system/CodeIgniter.php(499): CodeIgniter\CodeIgniter->runController()
#7 /var/www/html/SIMRSHEBAT/system/CodeIgniter.php(368): CodeIgniter\CodeIgniter->handleRequest()
#8 /var/www/html/SIMRSHEBAT/index.php(67): CodeIgniter\CodeIgniter->run()
#9 {main}
CRITICAL - 2024-11-05 10:08:27 --> Call to a member function getRow() on bool
in APPPATH/Controllers/Rekammedisirna.php on line 3044.
 1 SYSTEMPATH/CodeIgniter.php(934): App\Controllers\Rekammedisirna->cekedukasi()
 2 SYSTEMPATH/CodeIgniter.php(499): CodeIgniter\CodeIgniter->runController()
 3 SYSTEMPATH/CodeIgniter.php(368): CodeIgniter\CodeIgniter->handleRequest()
 4 FCPATH/index.php(67): CodeIgniter\CodeIgniter->run()
CRITICAL - 2024-11-05 10:08:27 --> Call to a member function getRow() on bool
in APPPATH/Controllers/Rekammedisirna.php on line 543.
 1 SYSTEMPATH/CodeIgniter.php(934): App\Controllers\Rekammedisirna->cekresume()
 2 SYSTEMPATH/CodeIgniter.php(499): CodeIgniter\CodeIgniter->runController()
 3 SYSTEMPATH/CodeIgniter.php(368): CodeIgniter\CodeIgniter->handleRequest()
 4 FCPATH/index.php(67): CodeIgniter\CodeIgniter->run()
WARNING - 2024-11-05 10:08:27 --> [DEPRECATED] Creation of dynamic property App\Controllers\Rekammedisirna::$db is deprecated in APPPATH/Controllers/Api.php on line 8.
 1 SYSTEMPATH/CodeIgniter.php(906): App\Controllers\Api->__construct()
 2 SYSTEMPATH/CodeIgniter.php(490): CodeIgniter\CodeIgniter->createController()
 3 SYSTEMPATH/CodeIgniter.php(368): CodeIgniter\CodeIgniter->handleRequest(null, Object(Config\Cache), false)
 4 FCPATH/index.php(67): CodeIgniter\CodeIgniter->run()
WARNING - 2024-11-05 10:08:27 --> [DEPRECATED] Creation of dynamic property App\Controllers\Rekammedisirna::$simrs is deprecated in APPPATH/Controllers/Api.php on line 9.
 1 SYSTEMPATH/CodeIgniter.php(906): App\Controllers\Api->__construct()
 2 SYSTEMPATH/CodeIgniter.php(490): CodeIgniter\CodeIgniter->createController()
 3 SYSTEMPATH/CodeIgniter.php(368): CodeIgniter\CodeIgniter->handleRequest(null, Object(Config\Cache), false)
 4 FCPATH/index.php(67): CodeIgniter\CodeIgniter->run()
WARNING - 2024-11-05 10:08:27 --> [DEPRECATED] Creation of dynamic property App\Controllers\Rekammedisirna::$db is deprecated in APPPATH/Controllers/Api.php on line 8.
 1 SYSTEMPATH/CodeIgniter.php(906): App\Controllers\Api->__construct()
 2 SYSTEMPATH/CodeIgniter.php(490): CodeIgniter\CodeIgniter->createController()
 3 SYSTEMPATH/CodeIgniter.php(368): CodeIgniter\CodeIgniter->handleRequest(null, Object(Config\Cache), false)
 4 FCPATH/index.php(67): CodeIgniter\CodeIgniter->run()
WARNING - 2024-11-05 10:08:27 --> [DEPRECATED] Creation of dynamic property App\Controllers\Rekammedisirna::$simrs is deprecated in APPPATH/Controllers/Api.php on line 9.
 1 SYSTEMPATH/CodeIgniter.php(906): App\Controllers\Api->__construct()
 2 SYSTEMPATH/CodeIgniter.php(490): CodeIgniter\CodeIgniter->createController()
 3 SYSTEMPATH/CodeIgniter.php(368): CodeIgniter\CodeIgniter->handleRequest(null, Object(Config\Cache), false)
 4 FCPATH/index.php(67): CodeIgniter\CodeIgniter->run()
ERROR - 2024-11-05 10:08:27 --> ErrorException: pg_query(): Query failed: ERROR:  invalid input syntax for type integer: &quot;undefined&quot;
LINE 1: SELECT * FROM assesmen_gizi WHERE  id_kunjungan='undefined' ...
                                                        ^ in /var/www/html/SIMRSHEBAT/system/Database/Postgre/Connection.php:147
Stack trace:
#0 [internal function]: CodeIgniter\Debug\Exceptions->errorHandler()
#1 /var/www/html/SIMRSHEBAT/system/Database/Postgre/Connection.php(147): pg_query()
#2 /var/www/html/SIMRSHEBAT/system/Database/BaseConnection.php(691): CodeIgniter\Database\Postgre\Connection->execute()
#3 /var/www/html/SIMRSHEBAT/system/Database/BaseConnection.php(605): CodeIgniter\Database\BaseConnection->simpleQuery()
#4 /var/www/html/SIMRSHEBAT/app/Controllers/Rekammedisirna.php(4620): CodeIgniter\Database\BaseConnection->query()
#5 /var/www/html/SIMRSHEBAT/system/CodeIgniter.php(934): App\Controllers\Rekammedisirna->cekassesmengizi()
#6 /var/www/html/SIMRSHEBAT/system/CodeIgniter.php(499): CodeIgniter\CodeIgniter->runController()
#7 /var/www/html/SIMRSHEBAT/system/CodeIgniter.php(368): CodeIgniter\CodeIgniter->handleRequest()
#8 /var/www/html/SIMRSHEBAT/index.php(67): CodeIgniter\CodeIgniter->run()
#9 {main}
CRITICAL - 2024-11-05 10:08:27 --> Call to a member function getResult() on bool
in APPPATH/Controllers/Rekammedisirna.php on line 4620.
 1 SYSTEMPATH/CodeIgniter.php(934): App\Controllers\Rekammedisirna->cekassesmengizi()
 2 SYSTEMPATH/CodeIgniter.php(499): CodeIgniter\CodeIgniter->runController()
 3 SYSTEMPATH/CodeIgniter.php(368): CodeIgniter\CodeIgniter->handleRequest()
 4 FCPATH/index.php(67): CodeIgniter\CodeIgniter->run()
WARNING - 2024-11-05 10:08:27 --> [DEPRECATED] Creation of dynamic property App\Controllers\Rekammedisirna::$db is deprecated in APPPATH/Controllers/Api.php on line 8.
 1 SYSTEMPATH/CodeIgniter.php(906): App\Controllers\Api->__construct()
 2 SYSTEMPATH/CodeIgniter.php(490): CodeIgniter\CodeIgniter->createController()
 3 SYSTEMPATH/CodeIgniter.php(368): CodeIgniter\CodeIgniter->handleRequest(null, Object(Config\Cache), false)
 4 FCPATH/index.php(67): CodeIgniter\CodeIgniter->run()
WARNING - 2024-11-05 10:08:27 --> [DEPRECATED] Creation of dynamic property App\Controllers\Rekammedisirna::$simrs is deprecated in APPPATH/Controllers/Api.php on line 9.
 1 SYSTEMPATH/CodeIgniter.php(906): App\Controllers\Api->__construct()
 2 SYSTEMPATH/CodeIgniter.php(490): CodeIgniter\CodeIgniter->createController()
 3 SYSTEMPATH/CodeIgniter.php(368): CodeIgniter\CodeIgniter->handleRequest(null, Object(Config\Cache), false)
 4 FCPATH/index.php(67): CodeIgniter\CodeIgniter->run()
ERROR - 2024-11-05 10:08:28 --> ErrorException: pg_query(): Query failed: ERROR:  invalid input syntax for type integer: &quot;SANGGAR MANIS 1D-1 JL MANISREJO RT 52 RW 12&quot;
LINE 1: ...LECT * FROM discharge_planning where id_transaksi='SANGGAR M...
                                                             ^ in /var/www/html/SIMRSHEBAT/system/Database/Postgre/Connection.php:147
Stack trace:
#0 [internal function]: CodeIgniter\Debug\Exceptions->errorHandler()
#1 /var/www/html/SIMRSHEBAT/system/Database/Postgre/Connection.php(147): pg_query()
#2 /var/www/html/SIMRSHEBAT/system/Database/BaseConnection.php(691): CodeIgniter\Database\Postgre\Connection->execute()
#3 /var/www/html/SIMRSHEBAT/system/Database/BaseConnection.php(605): CodeIgniter\Database\BaseConnection->simpleQuery()
#4 /var/www/html/SIMRSHEBAT/app/Controllers/Rekammedisirna.php(453): CodeIgniter\Database\BaseConnection->query()
#5 /var/www/html/SIMRSHEBAT/system/CodeIgniter.php(934): App\Controllers\Rekammedisirna->cekrencanapulangirna()
#6 /var/www/html/SIMRSHEBAT/system/CodeIgniter.php(499): CodeIgniter\CodeIgniter->runController()
#7 /var/www/html/SIMRSHEBAT/system/CodeIgniter.php(368): CodeIgniter\CodeIgniter->handleRequest()
#8 /var/www/html/SIMRSHEBAT/index.php(67): CodeIgniter\CodeIgniter->run()
#9 {main}
CRITICAL - 2024-11-05 10:08:28 --> Call to a member function getResult() on bool
in APPPATH/Controllers/Rekammedisirna.php on line 453.
 1 SYSTEMPATH/CodeIgniter.php(934): App\Controllers\Rekammedisirna->cekrencanapulangirna()
 2 SYSTEMPATH/CodeIgniter.php(499): CodeIgniter\CodeIgniter->runController()
 3 SYSTEMPATH/CodeIgniter.php(368): CodeIgniter\CodeIgniter->handleRequest()
 4 FCPATH/index.php(67): CodeIgniter\CodeIgniter->run()
ERROR - 2024-11-05 10:08:28 --> ErrorException: pg_query(): Query failed: ERROR:  invalid input syntax for type integer: &quot;SANGGAR MANIS 1D-1 JL MANISREJO RT 52 RW 12&quot;
LINE 2: ...on p.id_pegawai=s.id_pegawai where s.id_transaksi='SANGGAR M...
                                                             ^ in /var/www/html/SIMRSHEBAT/system/Database/Postgre/Connection.php:147
Stack trace:
#0 [internal function]: CodeIgniter\Debug\Exceptions->errorHandler()
#1 /var/www/html/SIMRSHEBAT/system/Database/Postgre/Connection.php(147): pg_query()
#2 /var/www/html/SIMRSHEBAT/system/Database/BaseConnection.php(691): CodeIgniter\Database\Postgre\Connection->execute()
#3 /var/www/html/SIMRSHEBAT/app/Controllers/Rekammedisirna.php(953): CodeIgniter\Database\BaseConnection->simpleQuery()
#4 /var/www/html/SIMRSHEBAT/system/CodeIgniter.php(934): App\Controllers\Rekammedisirna->cekcppt()
#5 /var/www/html/SIMRSHEBAT/system/CodeIgniter.php(499): CodeIgniter\CodeIgniter->runController()
#6 /var/www/html/SIMRSHEBAT/system/CodeIgniter.php(368): CodeIgniter\CodeIgniter->handleRequest()
#7 /var/www/html/SIMRSHEBAT/index.php(67): CodeIgniter\CodeIgniter->run()
#8 {main}
ERROR - 2024-11-05 10:08:28 --> ErrorException: pg_query(): Query failed: ERROR:  invalid input syntax for type bigint: &quot;undefined&quot;
LINE 3:         WHERE id_kunjungan='undefined' and id_transaksi = 'S...
                                   ^ in /var/www/html/SIMRSHEBAT/system/Database/Postgre/Connection.php:147
Stack trace:
#0 [internal function]: CodeIgniter\Debug\Exceptions->errorHandler()
#1 /var/www/html/SIMRSHEBAT/system/Database/Postgre/Connection.php(147): pg_query()
#2 /var/www/html/SIMRSHEBAT/system/Database/BaseConnection.php(691): CodeIgniter\Database\Postgre\Connection->execute()
#3 /var/www/html/SIMRSHEBAT/system/Database/BaseConnection.php(605): CodeIgniter\Database\BaseConnection->simpleQuery()
#4 /var/www/html/SIMRSHEBAT/app/Controllers/Rekammedisirna.php(522): CodeIgniter\Database\BaseConnection->query()
#5 /var/www/html/SIMRSHEBAT/system/CodeIgniter.php(934): App\Controllers\Rekammedisirna->dokumenPasien()
#6 /var/www/html/SIMRSHEBAT/system/CodeIgniter.php(499): CodeIgniter\CodeIgniter->runController()
#7 /var/www/html/SIMRSHEBAT/system/CodeIgniter.php(368): CodeIgniter\CodeIgniter->handleRequest()
#8 /var/www/html/SIMRSHEBAT/index.php(67): CodeIgniter\CodeIgniter->run()
#9 {main}
CRITICAL - 2024-11-05 10:08:28 --> Call to a member function getResult() on bool
in APPPATH/Controllers/Rekammedisirna.php on line 528.
 1 SYSTEMPATH/CodeIgniter.php(934): App\Controllers\Rekammedisirna->dokumenPasien()
 2 SYSTEMPATH/CodeIgniter.php(499): CodeIgniter\CodeIgniter->runController()
 3 SYSTEMPATH/CodeIgniter.php(368): CodeIgniter\CodeIgniter->handleRequest()
 4 FCPATH/index.php(67): CodeIgniter\CodeIgniter->run()
WARNING - 2024-11-05 10:08:31 --> [DEPRECATED] Creation of dynamic property App\Controllers\Rekammedisirna::$db is deprecated in APPPATH/Controllers/Api.php on line 8.
 1 SYSTEMPATH/CodeIgniter.php(906): App\Controllers\Api->__construct()
 2 SYSTEMPATH/CodeIgniter.php(490): CodeIgniter\CodeIgniter->createController()
 3 SYSTEMPATH/CodeIgniter.php(368): CodeIgniter\CodeIgniter->handleRequest(null, Object(Config\Cache), false)
 4 FCPATH/index.php(67): CodeIgniter\CodeIgniter->run()
WARNING - 2024-11-05 10:08:31 --> [DEPRECATED] Creation of dynamic property App\Controllers\Rekammedisirna::$simrs is deprecated in APPPATH/Controllers/Api.php on line 9.
 1 SYSTEMPATH/CodeIgniter.php(906): App\Controllers\Api->__construct()
 2 SYSTEMPATH/CodeIgniter.php(490): CodeIgniter\CodeIgniter->createController()
 3 SYSTEMPATH/CodeIgniter.php(368): CodeIgniter\CodeIgniter->handleRequest(null, Object(Config\Cache), false)
 4 FCPATH/index.php(67): CodeIgniter\CodeIgniter->run()
CRITICAL - 2024-11-05 10:08:31 --> Undefined property: stdClass::$norm
in APPPATH/Controllers/Rekammedisirna.php on line 980.
 1 APPPATH/Controllers/Rekammedisirna.php(980): CodeIgniter\Debug\Exceptions->errorHandler()
 2 SYSTEMPATH/CodeIgniter.php(934): App\Controllers\Rekammedisirna->viewtandavital()
 3 SYSTEMPATH/CodeIgniter.php(499): CodeIgniter\CodeIgniter->runController()
 4 SYSTEMPATH/CodeIgniter.php(368): CodeIgniter\CodeIgniter->handleRequest()
 5 FCPATH/index.php(67): CodeIgniter\CodeIgniter->run()
INFO - 2024-11-05 11:03:51 --> Session: Class initialized using 'CodeIgniter\Session\Handlers\FileHandler' driver.
INFO - 2024-11-05 11:18:11 --> Session: Class initialized using 'CodeIgniter\Session\Handlers\FileHandler' driver.
INFO - 2024-11-05 11:18:21 --> Session: Class initialized using 'CodeIgniter\Session\Handlers\FileHandler' driver.
INFO - 2024-11-05 11:18:26 --> Session: Class initialized using 'CodeIgniter\Session\Handlers\FileHandler' driver.
WARNING - 2024-11-05 11:18:27 --> [DEPRECATED] Creation of dynamic property App\Controllers\User::$db is deprecated in APPPATH/Controllers/Api.php on line 8.
 1 SYSTEMPATH/CodeIgniter.php(906): App\Controllers\Api->__construct()
 2 SYSTEMPATH/CodeIgniter.php(490): CodeIgniter\CodeIgniter->createController()
 3 SYSTEMPATH/CodeIgniter.php(368): CodeIgniter\CodeIgniter->handleRequest(null, Object(Config\Cache), false)
 4 FCPATH/index.php(67): CodeIgniter\CodeIgniter->run()
WARNING - 2024-11-05 11:18:27 --> [DEPRECATED] Creation of dynamic property App\Controllers\User::$simrs is deprecated in APPPATH/Controllers/Api.php on line 9.
 1 SYSTEMPATH/CodeIgniter.php(906): App\Controllers\Api->__construct()
 2 SYSTEMPATH/CodeIgniter.php(490): CodeIgniter\CodeIgniter->createController()
 3 SYSTEMPATH/CodeIgniter.php(368): CodeIgniter\CodeIgniter->handleRequest(null, Object(Config\Cache), false)
 4 FCPATH/index.php(67): CodeIgniter\CodeIgniter->run()
ERROR - 2024-11-05 11:18:27 --> ErrorException: pg_query(): Query failed: ERROR:  relation &quot;users&quot; does not exist
LINE 4:                 users u
                        ^ in /var/www/html/SIMRSHEBAT/system/Database/Postgre/Connection.php:147
Stack trace:
#0 [internal function]: CodeIgniter\Debug\Exceptions->errorHandler()
#1 /var/www/html/SIMRSHEBAT/system/Database/Postgre/Connection.php(147): pg_query()
#2 /var/www/html/SIMRSHEBAT/system/Database/BaseConnection.php(691): CodeIgniter\Database\Postgre\Connection->execute()
#3 /var/www/html/SIMRSHEBAT/system/Database/BaseConnection.php(605): CodeIgniter\Database\BaseConnection->simpleQuery()
#4 /var/www/html/SIMRSHEBAT/app/Controllers/User.php(17): CodeIgniter\Database\BaseConnection->query()
#5 /var/www/html/SIMRSHEBAT/system/CodeIgniter.php(934): App\Controllers\User->login()
#6 /var/www/html/SIMRSHEBAT/system/CodeIgniter.php(499): CodeIgniter\CodeIgniter->runController()
#7 /var/www/html/SIMRSHEBAT/system/CodeIgniter.php(368): CodeIgniter\CodeIgniter->handleRequest()
#8 /var/www/html/SIMRSHEBAT/index.php(67): CodeIgniter\CodeIgniter->run()
#9 {main}
CRITICAL - 2024-11-05 11:18:27 --> Call to a member function getNumRows() on bool
in APPPATH/Controllers/User.php on line 25.
 1 SYSTEMPATH/CodeIgniter.php(934): App\Controllers\User->login()
 2 SYSTEMPATH/CodeIgniter.php(499): CodeIgniter\CodeIgniter->runController()
 3 SYSTEMPATH/CodeIgniter.php(368): CodeIgniter\CodeIgniter->handleRequest()
 4 FCPATH/index.php(67): CodeIgniter\CodeIgniter->run()
INFO - 2024-11-05 11:24:04 --> Session: Class initialized using 'CodeIgniter\Session\Handlers\FileHandler' driver.
WARNING - 2024-11-05 11:24:06 --> [DEPRECATED] Creation of dynamic property App\Controllers\User::$db is deprecated in APPPATH/Controllers/Api.php on line 8.
 1 SYSTEMPATH/CodeIgniter.php(906): App\Controllers\Api->__construct()
 2 SYSTEMPATH/CodeIgniter.php(490): CodeIgniter\CodeIgniter->createController()
 3 SYSTEMPATH/CodeIgniter.php(368): CodeIgniter\CodeIgniter->handleRequest(null, Object(Config\Cache), false)
 4 FCPATH/index.php(67): CodeIgniter\CodeIgniter->run()
WARNING - 2024-11-05 11:24:06 --> [DEPRECATED] Creation of dynamic property App\Controllers\User::$simrs is deprecated in APPPATH/Controllers/Api.php on line 9.
 1 SYSTEMPATH/CodeIgniter.php(906): App\Controllers\Api->__construct()
 2 SYSTEMPATH/CodeIgniter.php(490): CodeIgniter\CodeIgniter->createController()
 3 SYSTEMPATH/CodeIgniter.php(368): CodeIgniter\CodeIgniter->handleRequest(null, Object(Config\Cache), false)
 4 FCPATH/index.php(67): CodeIgniter\CodeIgniter->run()
ERROR - 2024-11-05 11:24:06 --> ErrorException: pg_query(): Query failed: ERROR:  relation &quot;users&quot; does not exist
LINE 4:                 users u
                        ^ in /var/www/html/SIMRSHEBAT/system/Database/Postgre/Connection.php:147
Stack trace:
#0 [internal function]: CodeIgniter\Debug\Exceptions->errorHandler()
#1 /var/www/html/SIMRSHEBAT/system/Database/Postgre/Connection.php(147): pg_query()
#2 /var/www/html/SIMRSHEBAT/system/Database/BaseConnection.php(691): CodeIgniter\Database\Postgre\Connection->execute()
#3 /var/www/html/SIMRSHEBAT/system/Database/BaseConnection.php(605): CodeIgniter\Database\BaseConnection->simpleQuery()
#4 /var/www/html/SIMRSHEBAT/app/Controllers/User.php(17): CodeIgniter\Database\BaseConnection->query()
#5 /var/www/html/SIMRSHEBAT/system/CodeIgniter.php(934): App\Controllers\User->login()
#6 /var/www/html/SIMRSHEBAT/system/CodeIgniter.php(499): CodeIgniter\CodeIgniter->runController()
#7 /var/www/html/SIMRSHEBAT/system/CodeIgniter.php(368): CodeIgniter\CodeIgniter->handleRequest()
#8 /var/www/html/SIMRSHEBAT/index.php(67): CodeIgniter\CodeIgniter->run()
#9 {main}
CRITICAL - 2024-11-05 11:24:06 --> Call to a member function getNumRows() on bool
in APPPATH/Controllers/User.php on line 25.
 1 SYSTEMPATH/CodeIgniter.php(934): App\Controllers\User->login()
 2 SYSTEMPATH/CodeIgniter.php(499): CodeIgniter\CodeIgniter->runController()
 3 SYSTEMPATH/CodeIgniter.php(368): CodeIgniter\CodeIgniter->handleRequest()
 4 FCPATH/index.php(67): CodeIgniter\CodeIgniter->run()
INFO - 2024-11-05 11:25:05 --> Session: Class initialized using 'CodeIgniter\Session\Handlers\FileHandler' driver.
WARNING - 2024-11-05 11:25:06 --> [DEPRECATED] Creation of dynamic property App\Controllers\User::$db is deprecated in APPPATH/Controllers/Api.php on line 8.
 1 SYSTEMPATH/CodeIgniter.php(906): App\Controllers\Api->__construct()
 2 SYSTEMPATH/CodeIgniter.php(490): CodeIgniter\CodeIgniter->createController()
 3 SYSTEMPATH/CodeIgniter.php(368): CodeIgniter\CodeIgniter->handleRequest(null, Object(Config\Cache), false)
 4 FCPATH/index.php(67): CodeIgniter\CodeIgniter->run()
WARNING - 2024-11-05 11:25:06 --> [DEPRECATED] Creation of dynamic property App\Controllers\User::$simrs is deprecated in APPPATH/Controllers/Api.php on line 9.
 1 SYSTEMPATH/CodeIgniter.php(906): App\Controllers\Api->__construct()
 2 SYSTEMPATH/CodeIgniter.php(490): CodeIgniter\CodeIgniter->createController()
 3 SYSTEMPATH/CodeIgniter.php(368): CodeIgniter\CodeIgniter->handleRequest(null, Object(Config\Cache), false)
 4 FCPATH/index.php(67): CodeIgniter\CodeIgniter->run()
ERROR - 2024-11-05 11:25:06 --> ErrorException: pg_query(): Query failed: ERROR:  column p.id_pegawai does not exist
LINE 5:                 LEFT JOIN pegawai p ON p.id_pegawai = u.id_p...
                                               ^
HINT:  Perhaps you meant to reference the column &quot;u.id_pegawai&quot;. in /var/www/html/SIMRSHEBAT/system/Database/Postgre/Connection.php:147
Stack trace:
#0 [internal function]: CodeIgniter\Debug\Exceptions->errorHandler()
#1 /var/www/html/SIMRSHEBAT/system/Database/Postgre/Connection.php(147): pg_query()
#2 /var/www/html/SIMRSHEBAT/system/Database/BaseConnection.php(691): CodeIgniter\Database\Postgre\Connection->execute()
#3 /var/www/html/SIMRSHEBAT/system/Database/BaseConnection.php(605): CodeIgniter\Database\BaseConnection->simpleQuery()
#4 /var/www/html/SIMRSHEBAT/app/Controllers/User.php(17): CodeIgniter\Database\BaseConnection->query()
#5 /var/www/html/SIMRSHEBAT/system/CodeIgniter.php(934): App\Controllers\User->login()
#6 /var/www/html/SIMRSHEBAT/system/CodeIgniter.php(499): CodeIgniter\CodeIgniter->runController()
#7 /var/www/html/SIMRSHEBAT/system/CodeIgniter.php(368): CodeIgniter\CodeIgniter->handleRequest()
#8 /var/www/html/SIMRSHEBAT/index.php(67): CodeIgniter\CodeIgniter->run()
#9 {main}
CRITICAL - 2024-11-05 11:25:06 --> Call to a member function getNumRows() on bool
in APPPATH/Controllers/User.php on line 25.
 1 SYSTEMPATH/CodeIgniter.php(934): App\Controllers\User->login()
 2 SYSTEMPATH/CodeIgniter.php(499): CodeIgniter\CodeIgniter->runController()
 3 SYSTEMPATH/CodeIgniter.php(368): CodeIgniter\CodeIgniter->handleRequest()
 4 FCPATH/index.php(67): CodeIgniter\CodeIgniter->run()
WARNING - 2024-11-05 11:25:17 --> [DEPRECATED] Creation of dynamic property App\Controllers\User::$db is deprecated in APPPATH/Controllers/Api.php on line 8.
 1 SYSTEMPATH/CodeIgniter.php(906): App\Controllers\Api->__construct()
 2 SYSTEMPATH/CodeIgniter.php(490): CodeIgniter\CodeIgniter->createController()
 3 SYSTEMPATH/CodeIgniter.php(368): CodeIgniter\CodeIgniter->handleRequest(null, Object(Config\Cache), false)
 4 FCPATH/index.php(67): CodeIgniter\CodeIgniter->run()
WARNING - 2024-11-05 11:25:17 --> [DEPRECATED] Creation of dynamic property App\Controllers\User::$simrs is deprecated in APPPATH/Controllers/Api.php on line 9.
 1 SYSTEMPATH/CodeIgniter.php(906): App\Controllers\Api->__construct()
 2 SYSTEMPATH/CodeIgniter.php(490): CodeIgniter\CodeIgniter->createController()
 3 SYSTEMPATH/CodeIgniter.php(368): CodeIgniter\CodeIgniter->handleRequest(null, Object(Config\Cache), false)
 4 FCPATH/index.php(67): CodeIgniter\CodeIgniter->run()
ERROR - 2024-11-05 11:25:17 --> ErrorException: pg_query(): Query failed: ERROR:  column p.id_pegawai does not exist
LINE 5:                 LEFT JOIN pegawai p ON p.id_pegawai = u.id_p...
                                               ^
HINT:  Perhaps you meant to reference the column &quot;u.id_pegawai&quot;. in /var/www/html/SIMRSHEBAT/system/Database/Postgre/Connection.php:147
Stack trace:
#0 [internal function]: CodeIgniter\Debug\Exceptions->errorHandler()
#1 /var/www/html/SIMRSHEBAT/system/Database/Postgre/Connection.php(147): pg_query()
#2 /var/www/html/SIMRSHEBAT/system/Database/BaseConnection.php(691): CodeIgniter\Database\Postgre\Connection->execute()
#3 /var/www/html/SIMRSHEBAT/system/Database/BaseConnection.php(605): CodeIgniter\Database\BaseConnection->simpleQuery()
#4 /var/www/html/SIMRSHEBAT/app/Controllers/User.php(17): CodeIgniter\Database\BaseConnection->query()
#5 /var/www/html/SIMRSHEBAT/system/CodeIgniter.php(934): App\Controllers\User->login()
#6 /var/www/html/SIMRSHEBAT/system/CodeIgniter.php(499): CodeIgniter\CodeIgniter->runController()
#7 /var/www/html/SIMRSHEBAT/system/CodeIgniter.php(368): CodeIgniter\CodeIgniter->handleRequest()
#8 /var/www/html/SIMRSHEBAT/index.php(67): CodeIgniter\CodeIgniter->run()
#9 {main}
CRITICAL - 2024-11-05 11:25:17 --> Call to a member function getNumRows() on bool
in APPPATH/Controllers/User.php on line 25.
 1 SYSTEMPATH/CodeIgniter.php(934): App\Controllers\User->login()
 2 SYSTEMPATH/CodeIgniter.php(499): CodeIgniter\CodeIgniter->runController()
 3 SYSTEMPATH/CodeIgniter.php(368): CodeIgniter\CodeIgniter->handleRequest()
 4 FCPATH/index.php(67): CodeIgniter\CodeIgniter->run()
INFO - 2024-11-05 11:26:32 --> Session: Class initialized using 'CodeIgniter\Session\Handlers\FileHandler' driver.
WARNING - 2024-11-05 11:26:34 --> [DEPRECATED] Creation of dynamic property App\Controllers\User::$db is deprecated in APPPATH/Controllers/Api.php on line 8.
 1 SYSTEMPATH/CodeIgniter.php(906): App\Controllers\Api->__construct()
 2 SYSTEMPATH/CodeIgniter.php(490): CodeIgniter\CodeIgniter->createController()
 3 SYSTEMPATH/CodeIgniter.php(368): CodeIgniter\CodeIgniter->handleRequest(null, Object(Config\Cache), false)
 4 FCPATH/index.php(67): CodeIgniter\CodeIgniter->run()
WARNING - 2024-11-05 11:26:34 --> [DEPRECATED] Creation of dynamic property App\Controllers\User::$simrs is deprecated in APPPATH/Controllers/Api.php on line 9.
 1 SYSTEMPATH/CodeIgniter.php(906): App\Controllers\Api->__construct()
 2 SYSTEMPATH/CodeIgniter.php(490): CodeIgniter\CodeIgniter->createController()
 3 SYSTEMPATH/CodeIgniter.php(368): CodeIgniter\CodeIgniter->handleRequest(null, Object(Config\Cache), false)
 4 FCPATH/index.php(67): CodeIgniter\CodeIgniter->run()
ERROR - 2024-11-05 11:26:34 --> ErrorException: pg_query(): Query failed: ERROR:  SELECT * with no tables specified is not valid
LINE 1: SELECT *
               ^ in /var/www/html/SIMRSHEBAT/system/Database/Postgre/Connection.php:147
Stack trace:
#0 [internal function]: CodeIgniter\Debug\Exceptions->errorHandler()
#1 /var/www/html/SIMRSHEBAT/system/Database/Postgre/Connection.php(147): pg_query()
#2 /var/www/html/SIMRSHEBAT/system/Database/BaseConnection.php(691): CodeIgniter\Database\Postgre\Connection->execute()
#3 /var/www/html/SIMRSHEBAT/system/Database/BaseConnection.php(605): CodeIgniter\Database\BaseConnection->simpleQuery()
#4 /var/www/html/SIMRSHEBAT/app/Controllers/User.php(17): CodeIgniter\Database\BaseConnection->query()
#5 /var/www/html/SIMRSHEBAT/system/CodeIgniter.php(934): App\Controllers\User->login()
#6 /var/www/html/SIMRSHEBAT/system/CodeIgniter.php(499): CodeIgniter\CodeIgniter->runController()
#7 /var/www/html/SIMRSHEBAT/system/CodeIgniter.php(368): CodeIgniter\CodeIgniter->handleRequest()
#8 /var/www/html/SIMRSHEBAT/index.php(67): CodeIgniter\CodeIgniter->run()
#9 {main}
CRITICAL - 2024-11-05 11:26:34 --> Call to a member function getNumRows() on bool
in APPPATH/Controllers/User.php on line 19.
 1 SYSTEMPATH/CodeIgniter.php(934): App\Controllers\User->login()
 2 SYSTEMPATH/CodeIgniter.php(499): CodeIgniter\CodeIgniter->runController()
 3 SYSTEMPATH/CodeIgniter.php(368): CodeIgniter\CodeIgniter->handleRequest()
 4 FCPATH/index.php(67): CodeIgniter\CodeIgniter->run()
INFO - 2024-11-05 11:26:55 --> Session: Class initialized using 'CodeIgniter\Session\Handlers\FileHandler' driver.
WARNING - 2024-11-05 11:26:57 --> [DEPRECATED] Creation of dynamic property App\Controllers\User::$db is deprecated in APPPATH/Controllers/Api.php on line 8.
 1 SYSTEMPATH/CodeIgniter.php(906): App\Controllers\Api->__construct()
 2 SYSTEMPATH/CodeIgniter.php(490): CodeIgniter\CodeIgniter->createController()
 3 SYSTEMPATH/CodeIgniter.php(368): CodeIgniter\CodeIgniter->handleRequest(null, Object(Config\Cache), false)
 4 FCPATH/index.php(67): CodeIgniter\CodeIgniter->run()
WARNING - 2024-11-05 11:26:57 --> [DEPRECATED] Creation of dynamic property App\Controllers\User::$simrs is deprecated in APPPATH/Controllers/Api.php on line 9.
 1 SYSTEMPATH/CodeIgniter.php(906): App\Controllers\Api->__construct()
 2 SYSTEMPATH/CodeIgniter.php(490): CodeIgniter\CodeIgniter->createController()
 3 SYSTEMPATH/CodeIgniter.php(368): CodeIgniter\CodeIgniter->handleRequest(null, Object(Config\Cache), false)
 4 FCPATH/index.php(67): CodeIgniter\CodeIgniter->run()
ERROR - 2024-11-05 11:26:57 --> ErrorException: pg_query(): Query failed: ERROR:  SELECT * with no tables specified is not valid
LINE 1: SELECT *
               ^ in /var/www/html/SIMRSHEBAT/system/Database/Postgre/Connection.php:147
Stack trace:
#0 [internal function]: CodeIgniter\Debug\Exceptions->errorHandler()
#1 /var/www/html/SIMRSHEBAT/system/Database/Postgre/Connection.php(147): pg_query()
#2 /var/www/html/SIMRSHEBAT/system/Database/BaseConnection.php(691): CodeIgniter\Database\Postgre\Connection->execute()
#3 /var/www/html/SIMRSHEBAT/system/Database/BaseConnection.php(605): CodeIgniter\Database\BaseConnection->simpleQuery()
#4 /var/www/html/SIMRSHEBAT/app/Controllers/User.php(17): CodeIgniter\Database\BaseConnection->query()
#5 /var/www/html/SIMRSHEBAT/system/CodeIgniter.php(934): App\Controllers\User->login()
#6 /var/www/html/SIMRSHEBAT/system/CodeIgniter.php(499): CodeIgniter\CodeIgniter->runController()
#7 /var/www/html/SIMRSHEBAT/system/CodeIgniter.php(368): CodeIgniter\CodeIgniter->handleRequest()
#8 /var/www/html/SIMRSHEBAT/index.php(67): CodeIgniter\CodeIgniter->run()
#9 {main}
CRITICAL - 2024-11-05 11:26:57 --> Call to a member function getNumRows() on bool
in APPPATH/Controllers/User.php on line 19.
 1 SYSTEMPATH/CodeIgniter.php(934): App\Controllers\User->login()
 2 SYSTEMPATH/CodeIgniter.php(499): CodeIgniter\CodeIgniter->runController()
 3 SYSTEMPATH/CodeIgniter.php(368): CodeIgniter\CodeIgniter->handleRequest()
 4 FCPATH/index.php(67): CodeIgniter\CodeIgniter->run()
INFO - 2024-11-05 11:27:33 --> Session: Class initialized using 'CodeIgniter\Session\Handlers\FileHandler' driver.
WARNING - 2024-11-05 11:27:34 --> [DEPRECATED] Creation of dynamic property App\Controllers\User::$db is deprecated in APPPATH/Controllers/Api.php on line 8.
 1 SYSTEMPATH/CodeIgniter.php(906): App\Controllers\Api->__construct()
 2 SYSTEMPATH/CodeIgniter.php(490): CodeIgniter\CodeIgniter->createController()
 3 SYSTEMPATH/CodeIgniter.php(368): CodeIgniter\CodeIgniter->handleRequest(null, Object(Config\Cache), false)
 4 FCPATH/index.php(67): CodeIgniter\CodeIgniter->run()
WARNING - 2024-11-05 11:27:34 --> [DEPRECATED] Creation of dynamic property App\Controllers\User::$simrs is deprecated in APPPATH/Controllers/Api.php on line 9.
 1 SYSTEMPATH/CodeIgniter.php(906): App\Controllers\Api->__construct()
 2 SYSTEMPATH/CodeIgniter.php(490): CodeIgniter\CodeIgniter->createController()
 3 SYSTEMPATH/CodeIgniter.php(368): CodeIgniter\CodeIgniter->handleRequest(null, Object(Config\Cache), false)
 4 FCPATH/index.php(67): CodeIgniter\CodeIgniter->run()
WARNING - 2024-11-05 11:27:35 --> [DEPRECATED] Creation of dynamic property App\Controllers\Laporan::$db is deprecated in APPPATH/Controllers/Api.php on line 8.
 1 SYSTEMPATH/CodeIgniter.php(906): App\Controllers\Api->__construct()
 2 SYSTEMPATH/CodeIgniter.php(490): CodeIgniter\CodeIgniter->createController()
 3 SYSTEMPATH/CodeIgniter.php(368): CodeIgniter\CodeIgniter->handleRequest(null, Object(Config\Cache), false)
 4 FCPATH/index.php(67): CodeIgniter\CodeIgniter->run()
WARNING - 2024-11-05 11:27:35 --> [DEPRECATED] Creation of dynamic property App\Controllers\Laporan::$simrs is deprecated in APPPATH/Controllers/Api.php on line 9.
 1 SYSTEMPATH/CodeIgniter.php(906): App\Controllers\Api->__construct()
 2 SYSTEMPATH/CodeIgniter.php(490): CodeIgniter\CodeIgniter->createController()
 3 SYSTEMPATH/CodeIgniter.php(368): CodeIgniter\CodeIgniter->handleRequest(null, Object(Config\Cache), false)
 4 FCPATH/index.php(67): CodeIgniter\CodeIgniter->run()
ERROR - 2024-11-05 11:27:35 --> ErrorException: pg_query(): Query failed: ERROR:  relation &quot;users&quot; does not exist
LINE 1: select lap from users where id_user='1'
                        ^ in /var/www/html/SIMRSHEBAT/system/Database/Postgre/Connection.php:147
Stack trace:
#0 [internal function]: CodeIgniter\Debug\Exceptions->errorHandler()
#1 /var/www/html/SIMRSHEBAT/system/Database/Postgre/Connection.php(147): pg_query()
#2 /var/www/html/SIMRSHEBAT/system/Database/BaseConnection.php(691): CodeIgniter\Database\Postgre\Connection->execute()
#3 /var/www/html/SIMRSHEBAT/system/Database/BaseConnection.php(605): CodeIgniter\Database\BaseConnection->simpleQuery()
#4 /var/www/html/SIMRSHEBAT/app/Controllers/Laporan.php(2324): CodeIgniter\Database\BaseConnection->query()
#5 /var/www/html/SIMRSHEBAT/system/CodeIgniter.php(934): App\Controllers\Laporan->ceklaporan()
#6 /var/www/html/SIMRSHEBAT/system/CodeIgniter.php(499): CodeIgniter\CodeIgniter->runController()
#7 /var/www/html/SIMRSHEBAT/system/CodeIgniter.php(368): CodeIgniter\CodeIgniter->handleRequest()
#8 /var/www/html/SIMRSHEBAT/index.php(67): CodeIgniter\CodeIgniter->run()
#9 {main}
CRITICAL - 2024-11-05 11:27:35 --> Call to a member function getRow() on bool
in APPPATH/Controllers/Laporan.php on line 2324.
 1 SYSTEMPATH/CodeIgniter.php(934): App\Controllers\Laporan->ceklaporan()
 2 SYSTEMPATH/CodeIgniter.php(499): CodeIgniter\CodeIgniter->runController()
 3 SYSTEMPATH/CodeIgniter.php(368): CodeIgniter\CodeIgniter->handleRequest()
 4 FCPATH/index.php(67): CodeIgniter\CodeIgniter->run()
WARNING - 2024-11-05 11:27:35 --> [DEPRECATED] Creation of dynamic property App\Controllers\Apotek::$db is deprecated in APPPATH/Controllers/Apotek.php on line 11.
 1 SYSTEMPATH/CodeIgniter.php(906): App\Controllers\Apotek->__construct()
 2 SYSTEMPATH/CodeIgniter.php(490): CodeIgniter\CodeIgniter->createController()
 3 SYSTEMPATH/CodeIgniter.php(368): CodeIgniter\CodeIgniter->handleRequest(null, Object(Config\Cache), false)
 4 FCPATH/index.php(67): CodeIgniter\CodeIgniter->run()
ERROR - 2024-11-05 11:27:35 --> ErrorException: pg_query(): Query failed: ERROR:  relation &quot;order_resep&quot; does not exist
LINE 6:                                             order_resep 
                                                    ^ in /var/www/html/SIMRSHEBAT/system/Database/Postgre/Connection.php:147
Stack trace:
#0 [internal function]: CodeIgniter\Debug\Exceptions->errorHandler()
#1 /var/www/html/SIMRSHEBAT/system/Database/Postgre/Connection.php(147): pg_query()
#2 /var/www/html/SIMRSHEBAT/system/Database/BaseConnection.php(691): CodeIgniter\Database\Postgre\Connection->execute()
#3 /var/www/html/SIMRSHEBAT/system/Database/BaseConnection.php(605): CodeIgniter\Database\BaseConnection->simpleQuery()
#4 /var/www/html/SIMRSHEBAT/app/Controllers/Apotek.php(6661): CodeIgniter\Database\BaseConnection->query()
#5 /var/www/html/SIMRSHEBAT/system/CodeIgniter.php(934): App\Controllers\Apotek->countorderresep()
#6 /var/www/html/SIMRSHEBAT/system/CodeIgniter.php(499): CodeIgniter\CodeIgniter->runController()
#7 /var/www/html/SIMRSHEBAT/system/CodeIgniter.php(368): CodeIgniter\CodeIgniter->handleRequest()
#8 /var/www/html/SIMRSHEBAT/index.php(67): CodeIgniter\CodeIgniter->run()
#9 {main}
CRITICAL - 2024-11-05 11:27:35 --> Call to a member function getNumRows() on bool
in APPPATH/Controllers/Apotek.php on line 6671.
 1 SYSTEMPATH/CodeIgniter.php(934): App\Controllers\Apotek->countorderresep()
 2 SYSTEMPATH/CodeIgniter.php(499): CodeIgniter\CodeIgniter->runController()
 3 SYSTEMPATH/CodeIgniter.php(368): CodeIgniter\CodeIgniter->handleRequest()
 4 FCPATH/index.php(67): CodeIgniter\CodeIgniter->run()
WARNING - 2024-11-05 11:27:35 --> [DEPRECATED] Creation of dynamic property App\Controllers\User::$db is deprecated in APPPATH/Controllers/Api.php on line 8.
 1 SYSTEMPATH/CodeIgniter.php(906): App\Controllers\Api->__construct()
 2 SYSTEMPATH/CodeIgniter.php(490): CodeIgniter\CodeIgniter->createController()
 3 SYSTEMPATH/CodeIgniter.php(368): CodeIgniter\CodeIgniter->handleRequest(null, Object(Config\Cache), false)
 4 FCPATH/index.php(67): CodeIgniter\CodeIgniter->run()
WARNING - 2024-11-05 11:27:35 --> [DEPRECATED] Creation of dynamic property App\Controllers\User::$simrs is deprecated in APPPATH/Controllers/Api.php on line 9.
 1 SYSTEMPATH/CodeIgniter.php(906): App\Controllers\Api->__construct()
 2 SYSTEMPATH/CodeIgniter.php(490): CodeIgniter\CodeIgniter->createController()
 3 SYSTEMPATH/CodeIgniter.php(368): CodeIgniter\CodeIgniter->handleRequest(null, Object(Config\Cache), false)
 4 FCPATH/index.php(67): CodeIgniter\CodeIgniter->run()
ERROR - 2024-11-05 11:27:35 --> ErrorException: pg_query(): Query failed: ERROR:  relation &quot;modul&quot; does not exist
LINE 7:             modul
                    ^ in /var/www/html/SIMRSHEBAT/system/Database/Postgre/Connection.php:147
Stack trace:
#0 [internal function]: CodeIgniter\Debug\Exceptions->errorHandler()
#1 /var/www/html/SIMRSHEBAT/system/Database/Postgre/Connection.php(147): pg_query()
#2 /var/www/html/SIMRSHEBAT/system/Database/BaseConnection.php(691): CodeIgniter\Database\Postgre\Connection->execute()
#3 /var/www/html/SIMRSHEBAT/system/Database/BaseConnection.php(605): CodeIgniter\Database\BaseConnection->simpleQuery()
#4 /var/www/html/SIMRSHEBAT/app/Controllers/User.php(56): CodeIgniter\Database\BaseConnection->query()
#5 /var/www/html/SIMRSHEBAT/system/CodeIgniter.php(934): App\Controllers\User->getTrustee()
#6 /var/www/html/SIMRSHEBAT/system/CodeIgniter.php(499): CodeIgniter\CodeIgniter->runController()
#7 /var/www/html/SIMRSHEBAT/system/CodeIgniter.php(368): CodeIgniter\CodeIgniter->handleRequest()
#8 /var/www/html/SIMRSHEBAT/index.php(67): CodeIgniter\CodeIgniter->run()
#9 {main}
CRITICAL - 2024-11-05 11:27:35 --> Call to a member function getNumRows() on bool
in APPPATH/Controllers/User.php on line 57.
 1 SYSTEMPATH/CodeIgniter.php(934): App\Controllers\User->getTrustee()
 2 SYSTEMPATH/CodeIgniter.php(499): CodeIgniter\CodeIgniter->runController()
 3 SYSTEMPATH/CodeIgniter.php(368): CodeIgniter\CodeIgniter->handleRequest()
 4 FCPATH/index.php(67): CodeIgniter\CodeIgniter->run()
WARNING - 2024-11-05 11:28:05 --> [DEPRECATED] Creation of dynamic property App\Controllers\Laporan::$db is deprecated in APPPATH/Controllers/Api.php on line 8.
 1 SYSTEMPATH/CodeIgniter.php(906): App\Controllers\Api->__construct()
 2 SYSTEMPATH/CodeIgniter.php(490): CodeIgniter\CodeIgniter->createController()
 3 SYSTEMPATH/CodeIgniter.php(368): CodeIgniter\CodeIgniter->handleRequest(null, Object(Config\Cache), false)
 4 FCPATH/index.php(67): CodeIgniter\CodeIgniter->run()
WARNING - 2024-11-05 11:28:05 --> [DEPRECATED] Creation of dynamic property App\Controllers\Laporan::$simrs is deprecated in APPPATH/Controllers/Api.php on line 9.
 1 SYSTEMPATH/CodeIgniter.php(906): App\Controllers\Api->__construct()
 2 SYSTEMPATH/CodeIgniter.php(490): CodeIgniter\CodeIgniter->createController()
 3 SYSTEMPATH/CodeIgniter.php(368): CodeIgniter\CodeIgniter->handleRequest(null, Object(Config\Cache), false)
 4 FCPATH/index.php(67): CodeIgniter\CodeIgniter->run()
ERROR - 2024-11-05 11:28:05 --> ErrorException: pg_query(): Query failed: ERROR:  relation &quot;users&quot; does not exist
LINE 1: select lap from users where id_user='1'
                        ^ in /var/www/html/SIMRSHEBAT/system/Database/Postgre/Connection.php:147
Stack trace:
#0 [internal function]: CodeIgniter\Debug\Exceptions->errorHandler()
#1 /var/www/html/SIMRSHEBAT/system/Database/Postgre/Connection.php(147): pg_query()
#2 /var/www/html/SIMRSHEBAT/system/Database/BaseConnection.php(691): CodeIgniter\Database\Postgre\Connection->execute()
#3 /var/www/html/SIMRSHEBAT/system/Database/BaseConnection.php(605): CodeIgniter\Database\BaseConnection->simpleQuery()
#4 /var/www/html/SIMRSHEBAT/app/Controllers/Laporan.php(2324): CodeIgniter\Database\BaseConnection->query()
#5 /var/www/html/SIMRSHEBAT/system/CodeIgniter.php(934): App\Controllers\Laporan->ceklaporan()
#6 /var/www/html/SIMRSHEBAT/system/CodeIgniter.php(499): CodeIgniter\CodeIgniter->runController()
#7 /var/www/html/SIMRSHEBAT/system/CodeIgniter.php(368): CodeIgniter\CodeIgniter->handleRequest()
#8 /var/www/html/SIMRSHEBAT/index.php(67): CodeIgniter\CodeIgniter->run()
#9 {main}
CRITICAL - 2024-11-05 11:28:05 --> Call to a member function getRow() on bool
in APPPATH/Controllers/Laporan.php on line 2324.
 1 SYSTEMPATH/CodeIgniter.php(934): App\Controllers\Laporan->ceklaporan()
 2 SYSTEMPATH/CodeIgniter.php(499): CodeIgniter\CodeIgniter->runController()
 3 SYSTEMPATH/CodeIgniter.php(368): CodeIgniter\CodeIgniter->handleRequest()
 4 FCPATH/index.php(67): CodeIgniter\CodeIgniter->run()
WARNING - 2024-11-05 11:28:05 --> [DEPRECATED] Creation of dynamic property App\Controllers\Apotek::$db is deprecated in APPPATH/Controllers/Apotek.php on line 11.
 1 SYSTEMPATH/CodeIgniter.php(906): App\Controllers\Apotek->__construct()
 2 SYSTEMPATH/CodeIgniter.php(490): CodeIgniter\CodeIgniter->createController()
 3 SYSTEMPATH/CodeIgniter.php(368): CodeIgniter\CodeIgniter->handleRequest(null, Object(Config\Cache), false)
 4 FCPATH/index.php(67): CodeIgniter\CodeIgniter->run()
ERROR - 2024-11-05 11:28:05 --> ErrorException: pg_query(): Query failed: ERROR:  relation &quot;order_resep&quot; does not exist
LINE 6:                                             order_resep 
                                                    ^ in /var/www/html/SIMRSHEBAT/system/Database/Postgre/Connection.php:147
Stack trace:
#0 [internal function]: CodeIgniter\Debug\Exceptions->errorHandler()
#1 /var/www/html/SIMRSHEBAT/system/Database/Postgre/Connection.php(147): pg_query()
#2 /var/www/html/SIMRSHEBAT/system/Database/BaseConnection.php(691): CodeIgniter\Database\Postgre\Connection->execute()
#3 /var/www/html/SIMRSHEBAT/system/Database/BaseConnection.php(605): CodeIgniter\Database\BaseConnection->simpleQuery()
#4 /var/www/html/SIMRSHEBAT/app/Controllers/Apotek.php(6661): CodeIgniter\Database\BaseConnection->query()
#5 /var/www/html/SIMRSHEBAT/system/CodeIgniter.php(934): App\Controllers\Apotek->countorderresep()
#6 /var/www/html/SIMRSHEBAT/system/CodeIgniter.php(499): CodeIgniter\CodeIgniter->runController()
#7 /var/www/html/SIMRSHEBAT/system/CodeIgniter.php(368): CodeIgniter\CodeIgniter->handleRequest()
#8 /var/www/html/SIMRSHEBAT/index.php(67): CodeIgniter\CodeIgniter->run()
#9 {main}
CRITICAL - 2024-11-05 11:28:05 --> Call to a member function getNumRows() on bool
in APPPATH/Controllers/Apotek.php on line 6671.
 1 SYSTEMPATH/CodeIgniter.php(934): App\Controllers\Apotek->countorderresep()
 2 SYSTEMPATH/CodeIgniter.php(499): CodeIgniter\CodeIgniter->runController()
 3 SYSTEMPATH/CodeIgniter.php(368): CodeIgniter\CodeIgniter->handleRequest()
 4 FCPATH/index.php(67): CodeIgniter\CodeIgniter->run()
WARNING - 2024-11-05 11:28:05 --> [DEPRECATED] Creation of dynamic property App\Controllers\User::$db is deprecated in APPPATH/Controllers/Api.php on line 8.
 1 SYSTEMPATH/CodeIgniter.php(906): App\Controllers\Api->__construct()
 2 SYSTEMPATH/CodeIgniter.php(490): CodeIgniter\CodeIgniter->createController()
 3 SYSTEMPATH/CodeIgniter.php(368): CodeIgniter\CodeIgniter->handleRequest(null, Object(Config\Cache), false)
 4 FCPATH/index.php(67): CodeIgniter\CodeIgniter->run()
WARNING - 2024-11-05 11:28:05 --> [DEPRECATED] Creation of dynamic property App\Controllers\User::$simrs is deprecated in APPPATH/Controllers/Api.php on line 9.
 1 SYSTEMPATH/CodeIgniter.php(906): App\Controllers\Api->__construct()
 2 SYSTEMPATH/CodeIgniter.php(490): CodeIgniter\CodeIgniter->createController()
 3 SYSTEMPATH/CodeIgniter.php(368): CodeIgniter\CodeIgniter->handleRequest(null, Object(Config\Cache), false)
 4 FCPATH/index.php(67): CodeIgniter\CodeIgniter->run()
ERROR - 2024-11-05 11:28:05 --> ErrorException: pg_query(): Query failed: ERROR:  missing FROM-clause entry for table &quot;modul&quot;
LINE 3:             modul.* ,
                    ^ in /var/www/html/SIMRSHEBAT/system/Database/Postgre/Connection.php:147
Stack trace:
#0 [internal function]: CodeIgniter\Debug\Exceptions->errorHandler()
#1 /var/www/html/SIMRSHEBAT/system/Database/Postgre/Connection.php(147): pg_query()
#2 /var/www/html/SIMRSHEBAT/system/Database/BaseConnection.php(691): CodeIgniter\Database\Postgre\Connection->execute()
#3 /var/www/html/SIMRSHEBAT/system/Database/BaseConnection.php(605): CodeIgniter\Database\BaseConnection->simpleQuery()
#4 /var/www/html/SIMRSHEBAT/app/Controllers/User.php(56): CodeIgniter\Database\BaseConnection->query()
#5 /var/www/html/SIMRSHEBAT/system/CodeIgniter.php(934): App\Controllers\User->getTrustee()
#6 /var/www/html/SIMRSHEBAT/system/CodeIgniter.php(499): CodeIgniter\CodeIgniter->runController()
#7 /var/www/html/SIMRSHEBAT/system/CodeIgniter.php(368): CodeIgniter\CodeIgniter->handleRequest()
#8 /var/www/html/SIMRSHEBAT/index.php(67): CodeIgniter\CodeIgniter->run()
#9 {main}
CRITICAL - 2024-11-05 11:28:05 --> Call to a member function getNumRows() on bool
in APPPATH/Controllers/User.php on line 57.
 1 SYSTEMPATH/CodeIgniter.php(934): App\Controllers\User->getTrustee()
 2 SYSTEMPATH/CodeIgniter.php(499): CodeIgniter\CodeIgniter->runController()
 3 SYSTEMPATH/CodeIgniter.php(368): CodeIgniter\CodeIgniter->handleRequest()
 4 FCPATH/index.php(67): CodeIgniter\CodeIgniter->run()
WARNING - 2024-11-05 11:28:24 --> [DEPRECATED] Creation of dynamic property App\Controllers\Laporan::$db is deprecated in APPPATH/Controllers/Api.php on line 8.
 1 SYSTEMPATH/CodeIgniter.php(906): App\Controllers\Api->__construct()
 2 SYSTEMPATH/CodeIgniter.php(490): CodeIgniter\CodeIgniter->createController()
 3 SYSTEMPATH/CodeIgniter.php(368): CodeIgniter\CodeIgniter->handleRequest(null, Object(Config\Cache), false)
 4 FCPATH/index.php(67): CodeIgniter\CodeIgniter->run()
WARNING - 2024-11-05 11:28:24 --> [DEPRECATED] Creation of dynamic property App\Controllers\Laporan::$simrs is deprecated in APPPATH/Controllers/Api.php on line 9.
 1 SYSTEMPATH/CodeIgniter.php(906): App\Controllers\Api->__construct()
 2 SYSTEMPATH/CodeIgniter.php(490): CodeIgniter\CodeIgniter->createController()
 3 SYSTEMPATH/CodeIgniter.php(368): CodeIgniter\CodeIgniter->handleRequest(null, Object(Config\Cache), false)
 4 FCPATH/index.php(67): CodeIgniter\CodeIgniter->run()
ERROR - 2024-11-05 11:28:24 --> ErrorException: pg_query(): Query failed: ERROR:  relation &quot;users&quot; does not exist
LINE 1: select lap from users where id_user='1'
                        ^ in /var/www/html/SIMRSHEBAT/system/Database/Postgre/Connection.php:147
Stack trace:
#0 [internal function]: CodeIgniter\Debug\Exceptions->errorHandler()
#1 /var/www/html/SIMRSHEBAT/system/Database/Postgre/Connection.php(147): pg_query()
#2 /var/www/html/SIMRSHEBAT/system/Database/BaseConnection.php(691): CodeIgniter\Database\Postgre\Connection->execute()
#3 /var/www/html/SIMRSHEBAT/system/Database/BaseConnection.php(605): CodeIgniter\Database\BaseConnection->simpleQuery()
#4 /var/www/html/SIMRSHEBAT/app/Controllers/Laporan.php(2324): CodeIgniter\Database\BaseConnection->query()
#5 /var/www/html/SIMRSHEBAT/system/CodeIgniter.php(934): App\Controllers\Laporan->ceklaporan()
#6 /var/www/html/SIMRSHEBAT/system/CodeIgniter.php(499): CodeIgniter\CodeIgniter->runController()
#7 /var/www/html/SIMRSHEBAT/system/CodeIgniter.php(368): CodeIgniter\CodeIgniter->handleRequest()
#8 /var/www/html/SIMRSHEBAT/index.php(67): CodeIgniter\CodeIgniter->run()
#9 {main}
CRITICAL - 2024-11-05 11:28:24 --> Call to a member function getRow() on bool
in APPPATH/Controllers/Laporan.php on line 2324.
 1 SYSTEMPATH/CodeIgniter.php(934): App\Controllers\Laporan->ceklaporan()
 2 SYSTEMPATH/CodeIgniter.php(499): CodeIgniter\CodeIgniter->runController()
 3 SYSTEMPATH/CodeIgniter.php(368): CodeIgniter\CodeIgniter->handleRequest()
 4 FCPATH/index.php(67): CodeIgniter\CodeIgniter->run()
WARNING - 2024-11-05 11:28:24 --> [DEPRECATED] Creation of dynamic property App\Controllers\Apotek::$db is deprecated in APPPATH/Controllers/Apotek.php on line 11.
 1 SYSTEMPATH/CodeIgniter.php(906): App\Controllers\Apotek->__construct()
 2 SYSTEMPATH/CodeIgniter.php(490): CodeIgniter\CodeIgniter->createController()
 3 SYSTEMPATH/CodeIgniter.php(368): CodeIgniter\CodeIgniter->handleRequest(null, Object(Config\Cache), false)
 4 FCPATH/index.php(67): CodeIgniter\CodeIgniter->run()
ERROR - 2024-11-05 11:28:24 --> ErrorException: pg_query(): Query failed: ERROR:  relation &quot;order_resep&quot; does not exist
LINE 6:                                             order_resep 
                                                    ^ in /var/www/html/SIMRSHEBAT/system/Database/Postgre/Connection.php:147
Stack trace:
#0 [internal function]: CodeIgniter\Debug\Exceptions->errorHandler()
#1 /var/www/html/SIMRSHEBAT/system/Database/Postgre/Connection.php(147): pg_query()
#2 /var/www/html/SIMRSHEBAT/system/Database/BaseConnection.php(691): CodeIgniter\Database\Postgre\Connection->execute()
#3 /var/www/html/SIMRSHEBAT/system/Database/BaseConnection.php(605): CodeIgniter\Database\BaseConnection->simpleQuery()
#4 /var/www/html/SIMRSHEBAT/app/Controllers/Apotek.php(6661): CodeIgniter\Database\BaseConnection->query()
#5 /var/www/html/SIMRSHEBAT/system/CodeIgniter.php(934): App\Controllers\Apotek->countorderresep()
#6 /var/www/html/SIMRSHEBAT/system/CodeIgniter.php(499): CodeIgniter\CodeIgniter->runController()
#7 /var/www/html/SIMRSHEBAT/system/CodeIgniter.php(368): CodeIgniter\CodeIgniter->handleRequest()
#8 /var/www/html/SIMRSHEBAT/index.php(67): CodeIgniter\CodeIgniter->run()
#9 {main}
CRITICAL - 2024-11-05 11:28:24 --> Call to a member function getNumRows() on bool
in APPPATH/Controllers/Apotek.php on line 6671.
 1 SYSTEMPATH/CodeIgniter.php(934): App\Controllers\Apotek->countorderresep()
 2 SYSTEMPATH/CodeIgniter.php(499): CodeIgniter\CodeIgniter->runController()
 3 SYSTEMPATH/CodeIgniter.php(368): CodeIgniter\CodeIgniter->handleRequest()
 4 FCPATH/index.php(67): CodeIgniter\CodeIgniter->run()
WARNING - 2024-11-05 11:28:24 --> [DEPRECATED] Creation of dynamic property App\Controllers\User::$db is deprecated in APPPATH/Controllers/Api.php on line 8.
 1 SYSTEMPATH/CodeIgniter.php(906): App\Controllers\Api->__construct()
 2 SYSTEMPATH/CodeIgniter.php(490): CodeIgniter\CodeIgniter->createController()
 3 SYSTEMPATH/CodeIgniter.php(368): CodeIgniter\CodeIgniter->handleRequest(null, Object(Config\Cache), false)
 4 FCPATH/index.php(67): CodeIgniter\CodeIgniter->run()
WARNING - 2024-11-05 11:28:24 --> [DEPRECATED] Creation of dynamic property App\Controllers\User::$simrs is deprecated in APPPATH/Controllers/Api.php on line 9.
 1 SYSTEMPATH/CodeIgniter.php(906): App\Controllers\Api->__construct()
 2 SYSTEMPATH/CodeIgniter.php(490): CodeIgniter\CodeIgniter->createController()
 3 SYSTEMPATH/CodeIgniter.php(368): CodeIgniter\CodeIgniter->handleRequest(null, Object(Config\Cache), false)
 4 FCPATH/index.php(67): CodeIgniter\CodeIgniter->run()
ERROR - 2024-11-05 11:28:24 --> ErrorException: pg_query(): Query failed: ERROR:  missing FROM-clause entry for table &quot;parent_modul&quot;
LINE 4:             parent_modul.deskripsi,
                    ^ in /var/www/html/SIMRSHEBAT/system/Database/Postgre/Connection.php:147
Stack trace:
#0 [internal function]: CodeIgniter\Debug\Exceptions->errorHandler()
#1 /var/www/html/SIMRSHEBAT/system/Database/Postgre/Connection.php(147): pg_query()
#2 /var/www/html/SIMRSHEBAT/system/Database/BaseConnection.php(691): CodeIgniter\Database\Postgre\Connection->execute()
#3 /var/www/html/SIMRSHEBAT/system/Database/BaseConnection.php(605): CodeIgniter\Database\BaseConnection->simpleQuery()
#4 /var/www/html/SIMRSHEBAT/app/Controllers/User.php(56): CodeIgniter\Database\BaseConnection->query()
#5 /var/www/html/SIMRSHEBAT/system/CodeIgniter.php(934): App\Controllers\User->getTrustee()
#6 /var/www/html/SIMRSHEBAT/system/CodeIgniter.php(499): CodeIgniter\CodeIgniter->runController()
#7 /var/www/html/SIMRSHEBAT/system/CodeIgniter.php(368): CodeIgniter\CodeIgniter->handleRequest()
#8 /var/www/html/SIMRSHEBAT/index.php(67): CodeIgniter\CodeIgniter->run()
#9 {main}
CRITICAL - 2024-11-05 11:28:24 --> Call to a member function getNumRows() on bool
in APPPATH/Controllers/User.php on line 57.
 1 SYSTEMPATH/CodeIgniter.php(934): App\Controllers\User->getTrustee()
 2 SYSTEMPATH/CodeIgniter.php(499): CodeIgniter\CodeIgniter->runController()
 3 SYSTEMPATH/CodeIgniter.php(368): CodeIgniter\CodeIgniter->handleRequest()
 4 FCPATH/index.php(67): CodeIgniter\CodeIgniter->run()
WARNING - 2024-11-05 11:35:36 --> [DEPRECATED] Creation of dynamic property App\Controllers\Laporan::$db is deprecated in APPPATH/Controllers/Api.php on line 8.
 1 SYSTEMPATH/CodeIgniter.php(906): App\Controllers\Api->__construct()
 2 SYSTEMPATH/CodeIgniter.php(490): CodeIgniter\CodeIgniter->createController()
 3 SYSTEMPATH/CodeIgniter.php(368): CodeIgniter\CodeIgniter->handleRequest(null, Object(Config\Cache), false)
 4 FCPATH/index.php(67): CodeIgniter\CodeIgniter->run()
WARNING - 2024-11-05 11:35:36 --> [DEPRECATED] Creation of dynamic property App\Controllers\Laporan::$simrs is deprecated in APPPATH/Controllers/Api.php on line 9.
 1 SYSTEMPATH/CodeIgniter.php(906): App\Controllers\Api->__construct()
 2 SYSTEMPATH/CodeIgniter.php(490): CodeIgniter\CodeIgniter->createController()
 3 SYSTEMPATH/CodeIgniter.php(368): CodeIgniter\CodeIgniter->handleRequest(null, Object(Config\Cache), false)
 4 FCPATH/index.php(67): CodeIgniter\CodeIgniter->run()
ERROR - 2024-11-05 11:35:36 --> ErrorException: pg_query(): Query failed: ERROR:  relation &quot;users&quot; does not exist
LINE 1: select lap from users where id_user='1'
                        ^ in /var/www/html/SIMRSHEBAT/system/Database/Postgre/Connection.php:147
Stack trace:
#0 [internal function]: CodeIgniter\Debug\Exceptions->errorHandler()
#1 /var/www/html/SIMRSHEBAT/system/Database/Postgre/Connection.php(147): pg_query()
#2 /var/www/html/SIMRSHEBAT/system/Database/BaseConnection.php(691): CodeIgniter\Database\Postgre\Connection->execute()
#3 /var/www/html/SIMRSHEBAT/system/Database/BaseConnection.php(605): CodeIgniter\Database\BaseConnection->simpleQuery()
#4 /var/www/html/SIMRSHEBAT/app/Controllers/Laporan.php(2324): CodeIgniter\Database\BaseConnection->query()
#5 /var/www/html/SIMRSHEBAT/system/CodeIgniter.php(934): App\Controllers\Laporan->ceklaporan()
#6 /var/www/html/SIMRSHEBAT/system/CodeIgniter.php(499): CodeIgniter\CodeIgniter->runController()
#7 /var/www/html/SIMRSHEBAT/system/CodeIgniter.php(368): CodeIgniter\CodeIgniter->handleRequest()
#8 /var/www/html/SIMRSHEBAT/index.php(67): CodeIgniter\CodeIgniter->run()
#9 {main}
CRITICAL - 2024-11-05 11:35:36 --> Call to a member function getRow() on bool
in APPPATH/Controllers/Laporan.php on line 2324.
 1 SYSTEMPATH/CodeIgniter.php(934): App\Controllers\Laporan->ceklaporan()
 2 SYSTEMPATH/CodeIgniter.php(499): CodeIgniter\CodeIgniter->runController()
 3 SYSTEMPATH/CodeIgniter.php(368): CodeIgniter\CodeIgniter->handleRequest()
 4 FCPATH/index.php(67): CodeIgniter\CodeIgniter->run()
WARNING - 2024-11-05 11:35:36 --> [DEPRECATED] Creation of dynamic property App\Controllers\Apotek::$db is deprecated in APPPATH/Controllers/Apotek.php on line 11.
 1 SYSTEMPATH/CodeIgniter.php(906): App\Controllers\Apotek->__construct()
 2 SYSTEMPATH/CodeIgniter.php(490): CodeIgniter\CodeIgniter->createController()
 3 SYSTEMPATH/CodeIgniter.php(368): CodeIgniter\CodeIgniter->handleRequest(null, Object(Config\Cache), false)
 4 FCPATH/index.php(67): CodeIgniter\CodeIgniter->run()
ERROR - 2024-11-05 11:35:36 --> ErrorException: pg_query(): Query failed: ERROR:  relation &quot;order_resep&quot; does not exist
LINE 6:                                             order_resep 
                                                    ^ in /var/www/html/SIMRSHEBAT/system/Database/Postgre/Connection.php:147
Stack trace:
#0 [internal function]: CodeIgniter\Debug\Exceptions->errorHandler()
#1 /var/www/html/SIMRSHEBAT/system/Database/Postgre/Connection.php(147): pg_query()
#2 /var/www/html/SIMRSHEBAT/system/Database/BaseConnection.php(691): CodeIgniter\Database\Postgre\Connection->execute()
#3 /var/www/html/SIMRSHEBAT/system/Database/BaseConnection.php(605): CodeIgniter\Database\BaseConnection->simpleQuery()
#4 /var/www/html/SIMRSHEBAT/app/Controllers/Apotek.php(6661): CodeIgniter\Database\BaseConnection->query()
#5 /var/www/html/SIMRSHEBAT/system/CodeIgniter.php(934): App\Controllers\Apotek->countorderresep()
#6 /var/www/html/SIMRSHEBAT/system/CodeIgniter.php(499): CodeIgniter\CodeIgniter->runController()
#7 /var/www/html/SIMRSHEBAT/system/CodeIgniter.php(368): CodeIgniter\CodeIgniter->handleRequest()
#8 /var/www/html/SIMRSHEBAT/index.php(67): CodeIgniter\CodeIgniter->run()
#9 {main}
CRITICAL - 2024-11-05 11:35:36 --> Call to a member function getNumRows() on bool
in APPPATH/Controllers/Apotek.php on line 6671.
 1 SYSTEMPATH/CodeIgniter.php(934): App\Controllers\Apotek->countorderresep()
 2 SYSTEMPATH/CodeIgniter.php(499): CodeIgniter\CodeIgniter->runController()
 3 SYSTEMPATH/CodeIgniter.php(368): CodeIgniter\CodeIgniter->handleRequest()
 4 FCPATH/index.php(67): CodeIgniter\CodeIgniter->run()
WARNING - 2024-11-05 11:35:36 --> [DEPRECATED] Creation of dynamic property App\Controllers\User::$db is deprecated in APPPATH/Controllers/Api.php on line 8.
 1 SYSTEMPATH/CodeIgniter.php(906): App\Controllers\Api->__construct()
 2 SYSTEMPATH/CodeIgniter.php(490): CodeIgniter\CodeIgniter->createController()
 3 SYSTEMPATH/CodeIgniter.php(368): CodeIgniter\CodeIgniter->handleRequest(null, Object(Config\Cache), false)
 4 FCPATH/index.php(67): CodeIgniter\CodeIgniter->run()
WARNING - 2024-11-05 11:35:36 --> [DEPRECATED] Creation of dynamic property App\Controllers\User::$simrs is deprecated in APPPATH/Controllers/Api.php on line 9.
 1 SYSTEMPATH/CodeIgniter.php(906): App\Controllers\Api->__construct()
 2 SYSTEMPATH/CodeIgniter.php(490): CodeIgniter\CodeIgniter->createController()
 3 SYSTEMPATH/CodeIgniter.php(368): CodeIgniter\CodeIgniter->handleRequest(null, Object(Config\Cache), false)
 4 FCPATH/index.php(67): CodeIgniter\CodeIgniter->run()
ERROR - 2024-11-05 11:35:36 --> ErrorException: pg_query(): Query failed: ERROR:  syntax error at or near &quot;.&quot;
LINE 3:             erm_modul.* ,
                             ^ in /var/www/html/SIMRSHEBAT/system/Database/Postgre/Connection.php:147
Stack trace:
#0 [internal function]: CodeIgniter\Debug\Exceptions->errorHandler()
#1 /var/www/html/SIMRSHEBAT/system/Database/Postgre/Connection.php(147): pg_query()
#2 /var/www/html/SIMRSHEBAT/system/Database/BaseConnection.php(691): CodeIgniter\Database\Postgre\Connection->execute()
#3 /var/www/html/SIMRSHEBAT/system/Database/BaseConnection.php(605): CodeIgniter\Database\BaseConnection->simpleQuery()
#4 /var/www/html/SIMRSHEBAT/app/Controllers/User.php(56): CodeIgniter\Database\BaseConnection->query()
#5 /var/www/html/SIMRSHEBAT/system/CodeIgniter.php(934): App\Controllers\User->getTrustee()
#6 /var/www/html/SIMRSHEBAT/system/CodeIgniter.php(499): CodeIgniter\CodeIgniter->runController()
#7 /var/www/html/SIMRSHEBAT/system/CodeIgniter.php(368): CodeIgniter\CodeIgniter->handleRequest()
#8 /var/www/html/SIMRSHEBAT/index.php(67): CodeIgniter\CodeIgniter->run()
#9 {main}
CRITICAL - 2024-11-05 11:35:36 --> Call to a member function getNumRows() on bool
in APPPATH/Controllers/User.php on line 57.
 1 SYSTEMPATH/CodeIgniter.php(934): App\Controllers\User->getTrustee()
 2 SYSTEMPATH/CodeIgniter.php(499): CodeIgniter\CodeIgniter->runController()
 3 SYSTEMPATH/CodeIgniter.php(368): CodeIgniter\CodeIgniter->handleRequest()
 4 FCPATH/index.php(67): CodeIgniter\CodeIgniter->run()
ERROR - 2024-11-05 11:36:16 --> ErrorException: pg_query(): Query failed: ERROR:  relation &quot;users&quot; does not exist
LINE 1: select lap from users where id_user='1'
                        ^ in /var/www/html/SIMRSHEBAT/system/Database/Postgre/Connection.php:147
Stack trace:
#0 [internal function]: CodeIgniter\Debug\Exceptions->errorHandler()
#1 /var/www/html/SIMRSHEBAT/system/Database/Postgre/Connection.php(147): pg_query()
#2 /var/www/html/SIMRSHEBAT/system/Database/BaseConnection.php(691): CodeIgniter\Database\Postgre\Connection->execute()
#3 /var/www/html/SIMRSHEBAT/system/Database/BaseConnection.php(605): CodeIgniter\Database\BaseConnection->simpleQuery()
#4 /var/www/html/SIMRSHEBAT/app/Controllers/Laporan.php(2324): CodeIgniter\Database\BaseConnection->query()
#5 /var/www/html/SIMRSHEBAT/system/CodeIgniter.php(934): App\Controllers\Laporan->ceklaporan()
#6 /var/www/html/SIMRSHEBAT/system/CodeIgniter.php(499): CodeIgniter\CodeIgniter->runController()
#7 /var/www/html/SIMRSHEBAT/system/CodeIgniter.php(368): CodeIgniter\CodeIgniter->handleRequest()
#8 /var/www/html/SIMRSHEBAT/index.php(67): CodeIgniter\CodeIgniter->run()
#9 {main}
CRITICAL - 2024-11-05 11:36:16 --> Call to a member function getRow() on bool
in APPPATH/Controllers/Laporan.php on line 2324.
 1 SYSTEMPATH/CodeIgniter.php(934): App\Controllers\Laporan->ceklaporan()
 2 SYSTEMPATH/CodeIgniter.php(499): CodeIgniter\CodeIgniter->runController()
 3 SYSTEMPATH/CodeIgniter.php(368): CodeIgniter\CodeIgniter->handleRequest()
 4 FCPATH/index.php(67): CodeIgniter\CodeIgniter->run()
ERROR - 2024-11-05 11:36:16 --> ErrorException: pg_query(): Query failed: ERROR:  relation &quot;order_resep&quot; does not exist
LINE 6:                                             order_resep 
                                                    ^ in /var/www/html/SIMRSHEBAT/system/Database/Postgre/Connection.php:147
Stack trace:
#0 [internal function]: CodeIgniter\Debug\Exceptions->errorHandler()
#1 /var/www/html/SIMRSHEBAT/system/Database/Postgre/Connection.php(147): pg_query()
#2 /var/www/html/SIMRSHEBAT/system/Database/BaseConnection.php(691): CodeIgniter\Database\Postgre\Connection->execute()
#3 /var/www/html/SIMRSHEBAT/system/Database/BaseConnection.php(605): CodeIgniter\Database\BaseConnection->simpleQuery()
#4 /var/www/html/SIMRSHEBAT/app/Controllers/Apotek.php(6661): CodeIgniter\Database\BaseConnection->query()
#5 /var/www/html/SIMRSHEBAT/system/CodeIgniter.php(934): App\Controllers\Apotek->countorderresep()
#6 /var/www/html/SIMRSHEBAT/system/CodeIgniter.php(499): CodeIgniter\CodeIgniter->runController()
#7 /var/www/html/SIMRSHEBAT/system/CodeIgniter.php(368): CodeIgniter\CodeIgniter->handleRequest()
#8 /var/www/html/SIMRSHEBAT/index.php(67): CodeIgniter\CodeIgniter->run()
#9 {main}
CRITICAL - 2024-11-05 11:36:16 --> Call to a member function getNumRows() on bool
in APPPATH/Controllers/Apotek.php on line 6671.
 1 SYSTEMPATH/CodeIgniter.php(934): App\Controllers\Apotek->countorderresep()
 2 SYSTEMPATH/CodeIgniter.php(499): CodeIgniter\CodeIgniter->runController()
 3 SYSTEMPATH/CodeIgniter.php(368): CodeIgniter\CodeIgniter->handleRequest()
 4 FCPATH/index.php(67): CodeIgniter\CodeIgniter->run()
ERROR - 2024-11-05 11:36:16 --> ErrorException: pg_query(): Query failed: ERROR:  syntax error at or near &quot;.&quot;
LINE 3:             erm_modul.* ,
                             ^ in /var/www/html/SIMRSHEBAT/system/Database/Postgre/Connection.php:147
Stack trace:
#0 [internal function]: CodeIgniter\Debug\Exceptions->errorHandler()
#1 /var/www/html/SIMRSHEBAT/system/Database/Postgre/Connection.php(147): pg_query()
#2 /var/www/html/SIMRSHEBAT/system/Database/BaseConnection.php(691): CodeIgniter\Database\Postgre\Connection->execute()
#3 /var/www/html/SIMRSHEBAT/system/Database/BaseConnection.php(605): CodeIgniter\Database\BaseConnection->simpleQuery()
#4 /var/www/html/SIMRSHEBAT/app/Controllers/User.php(56): CodeIgniter\Database\BaseConnection->query()
#5 /var/www/html/SIMRSHEBAT/system/CodeIgniter.php(934): App\Controllers\User->getTrustee()
#6 /var/www/html/SIMRSHEBAT/system/CodeIgniter.php(499): CodeIgniter\CodeIgniter->runController()
#7 /var/www/html/SIMRSHEBAT/system/CodeIgniter.php(368): CodeIgniter\CodeIgniter->handleRequest()
#8 /var/www/html/SIMRSHEBAT/index.php(67): CodeIgniter\CodeIgniter->run()
#9 {main}
CRITICAL - 2024-11-05 11:36:16 --> Call to a member function getNumRows() on bool
in APPPATH/Controllers/User.php on line 57.
 1 SYSTEMPATH/CodeIgniter.php(934): App\Controllers\User->getTrustee()
 2 SYSTEMPATH/CodeIgniter.php(499): CodeIgniter\CodeIgniter->runController()
 3 SYSTEMPATH/CodeIgniter.php(368): CodeIgniter\CodeIgniter->handleRequest()
 4 FCPATH/index.php(67): CodeIgniter\CodeIgniter->run()
WARNING - 2024-11-05 11:36:40 --> [DEPRECATED] Creation of dynamic property App\Controllers\Laporan::$db is deprecated in APPPATH/Controllers/Api.php on line 8.
 1 SYSTEMPATH/CodeIgniter.php(906): App\Controllers\Api->__construct()
 2 SYSTEMPATH/CodeIgniter.php(490): CodeIgniter\CodeIgniter->createController()
 3 SYSTEMPATH/CodeIgniter.php(368): CodeIgniter\CodeIgniter->handleRequest(null, Object(Config\Cache), false)
 4 FCPATH/index.php(67): CodeIgniter\CodeIgniter->run()
WARNING - 2024-11-05 11:36:40 --> [DEPRECATED] Creation of dynamic property App\Controllers\Laporan::$simrs is deprecated in APPPATH/Controllers/Api.php on line 9.
 1 SYSTEMPATH/CodeIgniter.php(906): App\Controllers\Api->__construct()
 2 SYSTEMPATH/CodeIgniter.php(490): CodeIgniter\CodeIgniter->createController()
 3 SYSTEMPATH/CodeIgniter.php(368): CodeIgniter\CodeIgniter->handleRequest(null, Object(Config\Cache), false)
 4 FCPATH/index.php(67): CodeIgniter\CodeIgniter->run()
ERROR - 2024-11-05 11:36:40 --> ErrorException: pg_query(): Query failed: ERROR:  relation &quot;users&quot; does not exist
LINE 1: select lap from users where id_user='1'
                        ^ in /var/www/html/SIMRSHEBAT/system/Database/Postgre/Connection.php:147
Stack trace:
#0 [internal function]: CodeIgniter\Debug\Exceptions->errorHandler()
#1 /var/www/html/SIMRSHEBAT/system/Database/Postgre/Connection.php(147): pg_query()
#2 /var/www/html/SIMRSHEBAT/system/Database/BaseConnection.php(691): CodeIgniter\Database\Postgre\Connection->execute()
#3 /var/www/html/SIMRSHEBAT/system/Database/BaseConnection.php(605): CodeIgniter\Database\BaseConnection->simpleQuery()
#4 /var/www/html/SIMRSHEBAT/app/Controllers/Laporan.php(2324): CodeIgniter\Database\BaseConnection->query()
#5 /var/www/html/SIMRSHEBAT/system/CodeIgniter.php(934): App\Controllers\Laporan->ceklaporan()
#6 /var/www/html/SIMRSHEBAT/system/CodeIgniter.php(499): CodeIgniter\CodeIgniter->runController()
#7 /var/www/html/SIMRSHEBAT/system/CodeIgniter.php(368): CodeIgniter\CodeIgniter->handleRequest()
#8 /var/www/html/SIMRSHEBAT/index.php(67): CodeIgniter\CodeIgniter->run()
#9 {main}
CRITICAL - 2024-11-05 11:36:40 --> Call to a member function getRow() on bool
in APPPATH/Controllers/Laporan.php on line 2324.
 1 SYSTEMPATH/CodeIgniter.php(934): App\Controllers\Laporan->ceklaporan()
 2 SYSTEMPATH/CodeIgniter.php(499): CodeIgniter\CodeIgniter->runController()
 3 SYSTEMPATH/CodeIgniter.php(368): CodeIgniter\CodeIgniter->handleRequest()
 4 FCPATH/index.php(67): CodeIgniter\CodeIgniter->run()
WARNING - 2024-11-05 11:36:40 --> [DEPRECATED] Creation of dynamic property App\Controllers\Apotek::$db is deprecated in APPPATH/Controllers/Apotek.php on line 11.
 1 SYSTEMPATH/CodeIgniter.php(906): App\Controllers\Apotek->__construct()
 2 SYSTEMPATH/CodeIgniter.php(490): CodeIgniter\CodeIgniter->createController()
 3 SYSTEMPATH/CodeIgniter.php(368): CodeIgniter\CodeIgniter->handleRequest(null, Object(Config\Cache), false)
 4 FCPATH/index.php(67): CodeIgniter\CodeIgniter->run()
ERROR - 2024-11-05 11:36:40 --> ErrorException: pg_query(): Query failed: ERROR:  relation &quot;order_resep&quot; does not exist
LINE 6:                                             order_resep 
                                                    ^ in /var/www/html/SIMRSHEBAT/system/Database/Postgre/Connection.php:147
Stack trace:
#0 [internal function]: CodeIgniter\Debug\Exceptions->errorHandler()
#1 /var/www/html/SIMRSHEBAT/system/Database/Postgre/Connection.php(147): pg_query()
#2 /var/www/html/SIMRSHEBAT/system/Database/BaseConnection.php(691): CodeIgniter\Database\Postgre\Connection->execute()
#3 /var/www/html/SIMRSHEBAT/system/Database/BaseConnection.php(605): CodeIgniter\Database\BaseConnection->simpleQuery()
#4 /var/www/html/SIMRSHEBAT/app/Controllers/Apotek.php(6661): CodeIgniter\Database\BaseConnection->query()
#5 /var/www/html/SIMRSHEBAT/system/CodeIgniter.php(934): App\Controllers\Apotek->countorderresep()
#6 /var/www/html/SIMRSHEBAT/system/CodeIgniter.php(499): CodeIgniter\CodeIgniter->runController()
#7 /var/www/html/SIMRSHEBAT/system/CodeIgniter.php(368): CodeIgniter\CodeIgniter->handleRequest()
#8 /var/www/html/SIMRSHEBAT/index.php(67): CodeIgniter\CodeIgniter->run()
#9 {main}
CRITICAL - 2024-11-05 11:36:40 --> Call to a member function getNumRows() on bool
in APPPATH/Controllers/Apotek.php on line 6671.
 1 SYSTEMPATH/CodeIgniter.php(934): App\Controllers\Apotek->countorderresep()
 2 SYSTEMPATH/CodeIgniter.php(499): CodeIgniter\CodeIgniter->runController()
 3 SYSTEMPATH/CodeIgniter.php(368): CodeIgniter\CodeIgniter->handleRequest()
 4 FCPATH/index.php(67): CodeIgniter\CodeIgniter->run()
WARNING - 2024-11-05 11:36:40 --> [DEPRECATED] Creation of dynamic property App\Controllers\User::$db is deprecated in APPPATH/Controllers/Api.php on line 8.
 1 SYSTEMPATH/CodeIgniter.php(906): App\Controllers\Api->__construct()
 2 SYSTEMPATH/CodeIgniter.php(490): CodeIgniter\CodeIgniter->createController()
 3 SYSTEMPATH/CodeIgniter.php(368): CodeIgniter\CodeIgniter->handleRequest(null, Object(Config\Cache), false)
 4 FCPATH/index.php(67): CodeIgniter\CodeIgniter->run()
WARNING - 2024-11-05 11:36:40 --> [DEPRECATED] Creation of dynamic property App\Controllers\User::$simrs is deprecated in APPPATH/Controllers/Api.php on line 9.
 1 SYSTEMPATH/CodeIgniter.php(906): App\Controllers\Api->__construct()
 2 SYSTEMPATH/CodeIgniter.php(490): CodeIgniter\CodeIgniter->createController()
 3 SYSTEMPATH/CodeIgniter.php(368): CodeIgniter\CodeIgniter->handleRequest(null, Object(Config\Cache), false)
 4 FCPATH/index.php(67): CodeIgniter\CodeIgniter->run()
ERROR - 2024-11-05 11:36:40 --> ErrorException: pg_query(): Query failed: ERROR:  syntax error at or near &quot;.&quot;
LINE 3:             erm_modul.* ,
                             ^ in /var/www/html/SIMRSHEBAT/system/Database/Postgre/Connection.php:147
Stack trace:
#0 [internal function]: CodeIgniter\Debug\Exceptions->errorHandler()
#1 /var/www/html/SIMRSHEBAT/system/Database/Postgre/Connection.php(147): pg_query()
#2 /var/www/html/SIMRSHEBAT/system/Database/BaseConnection.php(691): CodeIgniter\Database\Postgre\Connection->execute()
#3 /var/www/html/SIMRSHEBAT/system/Database/BaseConnection.php(605): CodeIgniter\Database\BaseConnection->simpleQuery()
#4 /var/www/html/SIMRSHEBAT/app/Controllers/User.php(56): CodeIgniter\Database\BaseConnection->query()
#5 /var/www/html/SIMRSHEBAT/system/CodeIgniter.php(934): App\Controllers\User->getTrustee()
#6 /var/www/html/SIMRSHEBAT/system/CodeIgniter.php(499): CodeIgniter\CodeIgniter->runController()
#7 /var/www/html/SIMRSHEBAT/system/CodeIgniter.php(368): CodeIgniter\CodeIgniter->handleRequest()
#8 /var/www/html/SIMRSHEBAT/index.php(67): CodeIgniter\CodeIgniter->run()
#9 {main}
CRITICAL - 2024-11-05 11:36:40 --> Call to a member function getNumRows() on bool
in APPPATH/Controllers/User.php on line 57.
 1 SYSTEMPATH/CodeIgniter.php(934): App\Controllers\User->getTrustee()
 2 SYSTEMPATH/CodeIgniter.php(499): CodeIgniter\CodeIgniter->runController()
 3 SYSTEMPATH/CodeIgniter.php(368): CodeIgniter\CodeIgniter->handleRequest()
 4 FCPATH/index.php(67): CodeIgniter\CodeIgniter->run()
WARNING - 2024-11-05 11:37:10 --> [DEPRECATED] Creation of dynamic property App\Controllers\Laporan::$db is deprecated in APPPATH/Controllers/Api.php on line 8.
 1 SYSTEMPATH/CodeIgniter.php(906): App\Controllers\Api->__construct()
 2 SYSTEMPATH/CodeIgniter.php(490): CodeIgniter\CodeIgniter->createController()
 3 SYSTEMPATH/CodeIgniter.php(368): CodeIgniter\CodeIgniter->handleRequest(null, Object(Config\Cache), false)
 4 FCPATH/index.php(67): CodeIgniter\CodeIgniter->run()
WARNING - 2024-11-05 11:37:10 --> [DEPRECATED] Creation of dynamic property App\Controllers\Laporan::$simrs is deprecated in APPPATH/Controllers/Api.php on line 9.
 1 SYSTEMPATH/CodeIgniter.php(906): App\Controllers\Api->__construct()
 2 SYSTEMPATH/CodeIgniter.php(490): CodeIgniter\CodeIgniter->createController()
 3 SYSTEMPATH/CodeIgniter.php(368): CodeIgniter\CodeIgniter->handleRequest(null, Object(Config\Cache), false)
 4 FCPATH/index.php(67): CodeIgniter\CodeIgniter->run()
ERROR - 2024-11-05 11:37:10 --> ErrorException: pg_query(): Query failed: ERROR:  relation &quot;users&quot; does not exist
LINE 1: select lap from users where id_user='1'
                        ^ in /var/www/html/SIMRSHEBAT/system/Database/Postgre/Connection.php:147
Stack trace:
#0 [internal function]: CodeIgniter\Debug\Exceptions->errorHandler()
#1 /var/www/html/SIMRSHEBAT/system/Database/Postgre/Connection.php(147): pg_query()
#2 /var/www/html/SIMRSHEBAT/system/Database/BaseConnection.php(691): CodeIgniter\Database\Postgre\Connection->execute()
#3 /var/www/html/SIMRSHEBAT/system/Database/BaseConnection.php(605): CodeIgniter\Database\BaseConnection->simpleQuery()
#4 /var/www/html/SIMRSHEBAT/app/Controllers/Laporan.php(2324): CodeIgniter\Database\BaseConnection->query()
#5 /var/www/html/SIMRSHEBAT/system/CodeIgniter.php(934): App\Controllers\Laporan->ceklaporan()
#6 /var/www/html/SIMRSHEBAT/system/CodeIgniter.php(499): CodeIgniter\CodeIgniter->runController()
#7 /var/www/html/SIMRSHEBAT/system/CodeIgniter.php(368): CodeIgniter\CodeIgniter->handleRequest()
#8 /var/www/html/SIMRSHEBAT/index.php(67): CodeIgniter\CodeIgniter->run()
#9 {main}
CRITICAL - 2024-11-05 11:37:10 --> Call to a member function getRow() on bool
in APPPATH/Controllers/Laporan.php on line 2324.
 1 SYSTEMPATH/CodeIgniter.php(934): App\Controllers\Laporan->ceklaporan()
 2 SYSTEMPATH/CodeIgniter.php(499): CodeIgniter\CodeIgniter->runController()
 3 SYSTEMPATH/CodeIgniter.php(368): CodeIgniter\CodeIgniter->handleRequest()
 4 FCPATH/index.php(67): CodeIgniter\CodeIgniter->run()
WARNING - 2024-11-05 11:37:10 --> [DEPRECATED] Creation of dynamic property App\Controllers\Apotek::$db is deprecated in APPPATH/Controllers/Apotek.php on line 11.
 1 SYSTEMPATH/CodeIgniter.php(906): App\Controllers\Apotek->__construct()
 2 SYSTEMPATH/CodeIgniter.php(490): CodeIgniter\CodeIgniter->createController()
 3 SYSTEMPATH/CodeIgniter.php(368): CodeIgniter\CodeIgniter->handleRequest(null, Object(Config\Cache), false)
 4 FCPATH/index.php(67): CodeIgniter\CodeIgniter->run()
ERROR - 2024-11-05 11:37:10 --> ErrorException: pg_query(): Query failed: ERROR:  relation &quot;order_resep&quot; does not exist
LINE 6:                                             order_resep 
                                                    ^ in /var/www/html/SIMRSHEBAT/system/Database/Postgre/Connection.php:147
Stack trace:
#0 [internal function]: CodeIgniter\Debug\Exceptions->errorHandler()
#1 /var/www/html/SIMRSHEBAT/system/Database/Postgre/Connection.php(147): pg_query()
#2 /var/www/html/SIMRSHEBAT/system/Database/BaseConnection.php(691): CodeIgniter\Database\Postgre\Connection->execute()
#3 /var/www/html/SIMRSHEBAT/system/Database/BaseConnection.php(605): CodeIgniter\Database\BaseConnection->simpleQuery()
#4 /var/www/html/SIMRSHEBAT/app/Controllers/Apotek.php(6661): CodeIgniter\Database\BaseConnection->query()
#5 /var/www/html/SIMRSHEBAT/system/CodeIgniter.php(934): App\Controllers\Apotek->countorderresep()
#6 /var/www/html/SIMRSHEBAT/system/CodeIgniter.php(499): CodeIgniter\CodeIgniter->runController()
#7 /var/www/html/SIMRSHEBAT/system/CodeIgniter.php(368): CodeIgniter\CodeIgniter->handleRequest()
#8 /var/www/html/SIMRSHEBAT/index.php(67): CodeIgniter\CodeIgniter->run()
#9 {main}
CRITICAL - 2024-11-05 11:37:10 --> Call to a member function getNumRows() on bool
in APPPATH/Controllers/Apotek.php on line 6671.
 1 SYSTEMPATH/CodeIgniter.php(934): App\Controllers\Apotek->countorderresep()
 2 SYSTEMPATH/CodeIgniter.php(499): CodeIgniter\CodeIgniter->runController()
 3 SYSTEMPATH/CodeIgniter.php(368): CodeIgniter\CodeIgniter->handleRequest()
 4 FCPATH/index.php(67): CodeIgniter\CodeIgniter->run()
WARNING - 2024-11-05 11:37:10 --> [DEPRECATED] Creation of dynamic property App\Controllers\User::$db is deprecated in APPPATH/Controllers/Api.php on line 8.
 1 SYSTEMPATH/CodeIgniter.php(906): App\Controllers\Api->__construct()
 2 SYSTEMPATH/CodeIgniter.php(490): CodeIgniter\CodeIgniter->createController()
 3 SYSTEMPATH/CodeIgniter.php(368): CodeIgniter\CodeIgniter->handleRequest(null, Object(Config\Cache), false)
 4 FCPATH/index.php(67): CodeIgniter\CodeIgniter->run()
WARNING - 2024-11-05 11:37:10 --> [DEPRECATED] Creation of dynamic property App\Controllers\User::$simrs is deprecated in APPPATH/Controllers/Api.php on line 9.
 1 SYSTEMPATH/CodeIgniter.php(906): App\Controllers\Api->__construct()
 2 SYSTEMPATH/CodeIgniter.php(490): CodeIgniter\CodeIgniter->createController()
 3 SYSTEMPATH/CodeIgniter.php(368): CodeIgniter\CodeIgniter->handleRequest(null, Object(Config\Cache), false)
 4 FCPATH/index.php(67): CodeIgniter\CodeIgniter->run()
ERROR - 2024-11-05 11:37:10 --> ErrorException: pg_query(): Query failed: ERROR:  syntax error at or near &quot;.&quot;
LINE 3:             erm_modul.* ,
                             ^ in /var/www/html/SIMRSHEBAT/system/Database/Postgre/Connection.php:147
Stack trace:
#0 [internal function]: CodeIgniter\Debug\Exceptions->errorHandler()
#1 /var/www/html/SIMRSHEBAT/system/Database/Postgre/Connection.php(147): pg_query()
#2 /var/www/html/SIMRSHEBAT/system/Database/BaseConnection.php(691): CodeIgniter\Database\Postgre\Connection->execute()
#3 /var/www/html/SIMRSHEBAT/system/Database/BaseConnection.php(605): CodeIgniter\Database\BaseConnection->simpleQuery()
#4 /var/www/html/SIMRSHEBAT/app/Controllers/User.php(56): CodeIgniter\Database\BaseConnection->query()
#5 /var/www/html/SIMRSHEBAT/system/CodeIgniter.php(934): App\Controllers\User->getTrustee()
#6 /var/www/html/SIMRSHEBAT/system/CodeIgniter.php(499): CodeIgniter\CodeIgniter->runController()
#7 /var/www/html/SIMRSHEBAT/system/CodeIgniter.php(368): CodeIgniter\CodeIgniter->handleRequest()
#8 /var/www/html/SIMRSHEBAT/index.php(67): CodeIgniter\CodeIgniter->run()
#9 {main}
CRITICAL - 2024-11-05 11:37:10 --> Call to a member function getNumRows() on bool
in APPPATH/Controllers/User.php on line 57.
 1 SYSTEMPATH/CodeIgniter.php(934): App\Controllers\User->getTrustee()
 2 SYSTEMPATH/CodeIgniter.php(499): CodeIgniter\CodeIgniter->runController()
 3 SYSTEMPATH/CodeIgniter.php(368): CodeIgniter\CodeIgniter->handleRequest()
 4 FCPATH/index.php(67): CodeIgniter\CodeIgniter->run()
WARNING - 2024-11-05 11:37:28 --> [DEPRECATED] Creation of dynamic property App\Controllers\Laporan::$db is deprecated in APPPATH/Controllers/Api.php on line 8.
 1 SYSTEMPATH/CodeIgniter.php(906): App\Controllers\Api->__construct()
 2 SYSTEMPATH/CodeIgniter.php(490): CodeIgniter\CodeIgniter->createController()
 3 SYSTEMPATH/CodeIgniter.php(368): CodeIgniter\CodeIgniter->handleRequest(null, Object(Config\Cache), false)
 4 FCPATH/index.php(67): CodeIgniter\CodeIgniter->run()
WARNING - 2024-11-05 11:37:28 --> [DEPRECATED] Creation of dynamic property App\Controllers\Laporan::$simrs is deprecated in APPPATH/Controllers/Api.php on line 9.
 1 SYSTEMPATH/CodeIgniter.php(906): App\Controllers\Api->__construct()
 2 SYSTEMPATH/CodeIgniter.php(490): CodeIgniter\CodeIgniter->createController()
 3 SYSTEMPATH/CodeIgniter.php(368): CodeIgniter\CodeIgniter->handleRequest(null, Object(Config\Cache), false)
 4 FCPATH/index.php(67): CodeIgniter\CodeIgniter->run()
ERROR - 2024-11-05 11:37:28 --> ErrorException: pg_query(): Query failed: ERROR:  relation &quot;users&quot; does not exist
LINE 1: select lap from users where id_user='1'
                        ^ in /var/www/html/SIMRSHEBAT/system/Database/Postgre/Connection.php:147
Stack trace:
#0 [internal function]: CodeIgniter\Debug\Exceptions->errorHandler()
#1 /var/www/html/SIMRSHEBAT/system/Database/Postgre/Connection.php(147): pg_query()
#2 /var/www/html/SIMRSHEBAT/system/Database/BaseConnection.php(691): CodeIgniter\Database\Postgre\Connection->execute()
#3 /var/www/html/SIMRSHEBAT/system/Database/BaseConnection.php(605): CodeIgniter\Database\BaseConnection->simpleQuery()
#4 /var/www/html/SIMRSHEBAT/app/Controllers/Laporan.php(2324): CodeIgniter\Database\BaseConnection->query()
#5 /var/www/html/SIMRSHEBAT/system/CodeIgniter.php(934): App\Controllers\Laporan->ceklaporan()
#6 /var/www/html/SIMRSHEBAT/system/CodeIgniter.php(499): CodeIgniter\CodeIgniter->runController()
#7 /var/www/html/SIMRSHEBAT/system/CodeIgniter.php(368): CodeIgniter\CodeIgniter->handleRequest()
#8 /var/www/html/SIMRSHEBAT/index.php(67): CodeIgniter\CodeIgniter->run()
#9 {main}
CRITICAL - 2024-11-05 11:37:28 --> Call to a member function getRow() on bool
in APPPATH/Controllers/Laporan.php on line 2324.
 1 SYSTEMPATH/CodeIgniter.php(934): App\Controllers\Laporan->ceklaporan()
 2 SYSTEMPATH/CodeIgniter.php(499): CodeIgniter\CodeIgniter->runController()
 3 SYSTEMPATH/CodeIgniter.php(368): CodeIgniter\CodeIgniter->handleRequest()
 4 FCPATH/index.php(67): CodeIgniter\CodeIgniter->run()
WARNING - 2024-11-05 11:37:28 --> [DEPRECATED] Creation of dynamic property App\Controllers\Apotek::$db is deprecated in APPPATH/Controllers/Apotek.php on line 11.
 1 SYSTEMPATH/CodeIgniter.php(906): App\Controllers\Apotek->__construct()
 2 SYSTEMPATH/CodeIgniter.php(490): CodeIgniter\CodeIgniter->createController()
 3 SYSTEMPATH/CodeIgniter.php(368): CodeIgniter\CodeIgniter->handleRequest(null, Object(Config\Cache), false)
 4 FCPATH/index.php(67): CodeIgniter\CodeIgniter->run()
ERROR - 2024-11-05 11:37:28 --> ErrorException: pg_query(): Query failed: ERROR:  relation &quot;order_resep&quot; does not exist
LINE 6:                                             order_resep 
                                                    ^ in /var/www/html/SIMRSHEBAT/system/Database/Postgre/Connection.php:147
Stack trace:
#0 [internal function]: CodeIgniter\Debug\Exceptions->errorHandler()
#1 /var/www/html/SIMRSHEBAT/system/Database/Postgre/Connection.php(147): pg_query()
#2 /var/www/html/SIMRSHEBAT/system/Database/BaseConnection.php(691): CodeIgniter\Database\Postgre\Connection->execute()
#3 /var/www/html/SIMRSHEBAT/system/Database/BaseConnection.php(605): CodeIgniter\Database\BaseConnection->simpleQuery()
#4 /var/www/html/SIMRSHEBAT/app/Controllers/Apotek.php(6661): CodeIgniter\Database\BaseConnection->query()
#5 /var/www/html/SIMRSHEBAT/system/CodeIgniter.php(934): App\Controllers\Apotek->countorderresep()
#6 /var/www/html/SIMRSHEBAT/system/CodeIgniter.php(499): CodeIgniter\CodeIgniter->runController()
#7 /var/www/html/SIMRSHEBAT/system/CodeIgniter.php(368): CodeIgniter\CodeIgniter->handleRequest()
#8 /var/www/html/SIMRSHEBAT/index.php(67): CodeIgniter\CodeIgniter->run()
#9 {main}
CRITICAL - 2024-11-05 11:37:28 --> Call to a member function getNumRows() on bool
in APPPATH/Controllers/Apotek.php on line 6671.
 1 SYSTEMPATH/CodeIgniter.php(934): App\Controllers\Apotek->countorderresep()
 2 SYSTEMPATH/CodeIgniter.php(499): CodeIgniter\CodeIgniter->runController()
 3 SYSTEMPATH/CodeIgniter.php(368): CodeIgniter\CodeIgniter->handleRequest()
 4 FCPATH/index.php(67): CodeIgniter\CodeIgniter->run()
WARNING - 2024-11-05 11:37:28 --> [DEPRECATED] Creation of dynamic property App\Controllers\User::$db is deprecated in APPPATH/Controllers/Api.php on line 8.
 1 SYSTEMPATH/CodeIgniter.php(906): App\Controllers\Api->__construct()
 2 SYSTEMPATH/CodeIgniter.php(490): CodeIgniter\CodeIgniter->createController()
 3 SYSTEMPATH/CodeIgniter.php(368): CodeIgniter\CodeIgniter->handleRequest(null, Object(Config\Cache), false)
 4 FCPATH/index.php(67): CodeIgniter\CodeIgniter->run()
WARNING - 2024-11-05 11:37:28 --> [DEPRECATED] Creation of dynamic property App\Controllers\User::$simrs is deprecated in APPPATH/Controllers/Api.php on line 9.
 1 SYSTEMPATH/CodeIgniter.php(906): App\Controllers\Api->__construct()
 2 SYSTEMPATH/CodeIgniter.php(490): CodeIgniter\CodeIgniter->createController()
 3 SYSTEMPATH/CodeIgniter.php(368): CodeIgniter\CodeIgniter->handleRequest(null, Object(Config\Cache), false)
 4 FCPATH/index.php(67): CodeIgniter\CodeIgniter->run()
WARNING - 2024-11-05 11:38:37 --> [DEPRECATED] Creation of dynamic property App\Controllers\Laporan::$db is deprecated in APPPATH/Controllers/Api.php on line 8.
 1 SYSTEMPATH/CodeIgniter.php(906): App\Controllers\Api->__construct()
 2 SYSTEMPATH/CodeIgniter.php(490): CodeIgniter\CodeIgniter->createController()
 3 SYSTEMPATH/CodeIgniter.php(368): CodeIgniter\CodeIgniter->handleRequest(null, Object(Config\Cache), false)
 4 FCPATH/index.php(67): CodeIgniter\CodeIgniter->run()
WARNING - 2024-11-05 11:38:37 --> [DEPRECATED] Creation of dynamic property App\Controllers\Laporan::$simrs is deprecated in APPPATH/Controllers/Api.php on line 9.
 1 SYSTEMPATH/CodeIgniter.php(906): App\Controllers\Api->__construct()
 2 SYSTEMPATH/CodeIgniter.php(490): CodeIgniter\CodeIgniter->createController()
 3 SYSTEMPATH/CodeIgniter.php(368): CodeIgniter\CodeIgniter->handleRequest(null, Object(Config\Cache), false)
 4 FCPATH/index.php(67): CodeIgniter\CodeIgniter->run()
WARNING - 2024-11-05 11:38:37 --> [DEPRECATED] Creation of dynamic property App\Controllers\Apotek::$db is deprecated in APPPATH/Controllers/Apotek.php on line 11.
 1 SYSTEMPATH/CodeIgniter.php(906): App\Controllers\Apotek->__construct()
 2 SYSTEMPATH/CodeIgniter.php(490): CodeIgniter\CodeIgniter->createController()
 3 SYSTEMPATH/CodeIgniter.php(368): CodeIgniter\CodeIgniter->handleRequest(null, Object(Config\Cache), false)
 4 FCPATH/index.php(67): CodeIgniter\CodeIgniter->run()
ERROR - 2024-11-05 11:38:37 --> ErrorException: pg_query(): Query failed: ERROR:  relation &quot;order_resep&quot; does not exist
LINE 6:                                             order_resep 
                                                    ^ in /var/www/html/SIMRSHEBAT/system/Database/Postgre/Connection.php:147
Stack trace:
#0 [internal function]: CodeIgniter\Debug\Exceptions->errorHandler()
#1 /var/www/html/SIMRSHEBAT/system/Database/Postgre/Connection.php(147): pg_query()
#2 /var/www/html/SIMRSHEBAT/system/Database/BaseConnection.php(691): CodeIgniter\Database\Postgre\Connection->execute()
#3 /var/www/html/SIMRSHEBAT/system/Database/BaseConnection.php(605): CodeIgniter\Database\BaseConnection->simpleQuery()
#4 /var/www/html/SIMRSHEBAT/app/Controllers/Apotek.php(6661): CodeIgniter\Database\BaseConnection->query()
#5 /var/www/html/SIMRSHEBAT/system/CodeIgniter.php(934): App\Controllers\Apotek->countorderresep()
#6 /var/www/html/SIMRSHEBAT/system/CodeIgniter.php(499): CodeIgniter\CodeIgniter->runController()
#7 /var/www/html/SIMRSHEBAT/system/CodeIgniter.php(368): CodeIgniter\CodeIgniter->handleRequest()
#8 /var/www/html/SIMRSHEBAT/index.php(67): CodeIgniter\CodeIgniter->run()
#9 {main}
CRITICAL - 2024-11-05 11:38:37 --> Call to a member function getNumRows() on bool
in APPPATH/Controllers/Apotek.php on line 6671.
 1 SYSTEMPATH/CodeIgniter.php(934): App\Controllers\Apotek->countorderresep()
 2 SYSTEMPATH/CodeIgniter.php(499): CodeIgniter\CodeIgniter->runController()
 3 SYSTEMPATH/CodeIgniter.php(368): CodeIgniter\CodeIgniter->handleRequest()
 4 FCPATH/index.php(67): CodeIgniter\CodeIgniter->run()
WARNING - 2024-11-05 11:38:37 --> [DEPRECATED] Creation of dynamic property App\Controllers\User::$db is deprecated in APPPATH/Controllers/Api.php on line 8.
 1 SYSTEMPATH/CodeIgniter.php(906): App\Controllers\Api->__construct()
 2 SYSTEMPATH/CodeIgniter.php(490): CodeIgniter\CodeIgniter->createController()
 3 SYSTEMPATH/CodeIgniter.php(368): CodeIgniter\CodeIgniter->handleRequest(null, Object(Config\Cache), false)
 4 FCPATH/index.php(67): CodeIgniter\CodeIgniter->run()
WARNING - 2024-11-05 11:38:37 --> [DEPRECATED] Creation of dynamic property App\Controllers\User::$simrs is deprecated in APPPATH/Controllers/Api.php on line 9.
 1 SYSTEMPATH/CodeIgniter.php(906): App\Controllers\Api->__construct()
 2 SYSTEMPATH/CodeIgniter.php(490): CodeIgniter\CodeIgniter->createController()
 3 SYSTEMPATH/CodeIgniter.php(368): CodeIgniter\CodeIgniter->handleRequest(null, Object(Config\Cache), false)
 4 FCPATH/index.php(67): CodeIgniter\CodeIgniter->run()
WARNING - 2024-11-05 11:39:23 --> [DEPRECATED] Creation of dynamic property App\Controllers\Laporan::$db is deprecated in APPPATH/Controllers/Api.php on line 8.
 1 SYSTEMPATH/CodeIgniter.php(906): App\Controllers\Api->__construct()
 2 SYSTEMPATH/CodeIgniter.php(490): CodeIgniter\CodeIgniter->createController()
 3 SYSTEMPATH/CodeIgniter.php(368): CodeIgniter\CodeIgniter->handleRequest(null, Object(Config\Cache), false)
 4 FCPATH/index.php(67): CodeIgniter\CodeIgniter->run()
WARNING - 2024-11-05 11:39:23 --> [DEPRECATED] Creation of dynamic property App\Controllers\Laporan::$simrs is deprecated in APPPATH/Controllers/Api.php on line 9.
 1 SYSTEMPATH/CodeIgniter.php(906): App\Controllers\Api->__construct()
 2 SYSTEMPATH/CodeIgniter.php(490): CodeIgniter\CodeIgniter->createController()
 3 SYSTEMPATH/CodeIgniter.php(368): CodeIgniter\CodeIgniter->handleRequest(null, Object(Config\Cache), false)
 4 FCPATH/index.php(67): CodeIgniter\CodeIgniter->run()
WARNING - 2024-11-05 11:39:24 --> [DEPRECATED] Creation of dynamic property App\Controllers\Apotek::$db is deprecated in APPPATH/Controllers/Apotek.php on line 11.
 1 SYSTEMPATH/CodeIgniter.php(906): App\Controllers\Apotek->__construct()
 2 SYSTEMPATH/CodeIgniter.php(490): CodeIgniter\CodeIgniter->createController()
 3 SYSTEMPATH/CodeIgniter.php(368): CodeIgniter\CodeIgniter->handleRequest(null, Object(Config\Cache), false)
 4 FCPATH/index.php(67): CodeIgniter\CodeIgniter->run()
ERROR - 2024-11-05 11:39:24 --> ErrorException: pg_query(): Query failed: ERROR:  relation &quot;order_resep&quot; does not exist
LINE 6:                                             order_resep 
                                                    ^ in /var/www/html/SIMRSHEBAT/system/Database/Postgre/Connection.php:147
Stack trace:
#0 [internal function]: CodeIgniter\Debug\Exceptions->errorHandler()
#1 /var/www/html/SIMRSHEBAT/system/Database/Postgre/Connection.php(147): pg_query()
#2 /var/www/html/SIMRSHEBAT/system/Database/BaseConnection.php(691): CodeIgniter\Database\Postgre\Connection->execute()
#3 /var/www/html/SIMRSHEBAT/system/Database/BaseConnection.php(605): CodeIgniter\Database\BaseConnection->simpleQuery()
#4 /var/www/html/SIMRSHEBAT/app/Controllers/Apotek.php(6661): CodeIgniter\Database\BaseConnection->query()
#5 /var/www/html/SIMRSHEBAT/system/CodeIgniter.php(934): App\Controllers\Apotek->countorderresep()
#6 /var/www/html/SIMRSHEBAT/system/CodeIgniter.php(499): CodeIgniter\CodeIgniter->runController()
#7 /var/www/html/SIMRSHEBAT/system/CodeIgniter.php(368): CodeIgniter\CodeIgniter->handleRequest()
#8 /var/www/html/SIMRSHEBAT/index.php(67): CodeIgniter\CodeIgniter->run()
#9 {main}
CRITICAL - 2024-11-05 11:39:24 --> Call to a member function getNumRows() on bool
in APPPATH/Controllers/Apotek.php on line 6671.
 1 SYSTEMPATH/CodeIgniter.php(934): App\Controllers\Apotek->countorderresep()
 2 SYSTEMPATH/CodeIgniter.php(499): CodeIgniter\CodeIgniter->runController()
 3 SYSTEMPATH/CodeIgniter.php(368): CodeIgniter\CodeIgniter->handleRequest()
 4 FCPATH/index.php(67): CodeIgniter\CodeIgniter->run()
WARNING - 2024-11-05 11:39:24 --> [DEPRECATED] Creation of dynamic property App\Controllers\User::$db is deprecated in APPPATH/Controllers/Api.php on line 8.
 1 SYSTEMPATH/CodeIgniter.php(906): App\Controllers\Api->__construct()
 2 SYSTEMPATH/CodeIgniter.php(490): CodeIgniter\CodeIgniter->createController()
 3 SYSTEMPATH/CodeIgniter.php(368): CodeIgniter\CodeIgniter->handleRequest(null, Object(Config\Cache), false)
 4 FCPATH/index.php(67): CodeIgniter\CodeIgniter->run()
WARNING - 2024-11-05 11:39:24 --> [DEPRECATED] Creation of dynamic property App\Controllers\User::$simrs is deprecated in APPPATH/Controllers/Api.php on line 9.
 1 SYSTEMPATH/CodeIgniter.php(906): App\Controllers\Api->__construct()
 2 SYSTEMPATH/CodeIgniter.php(490): CodeIgniter\CodeIgniter->createController()
 3 SYSTEMPATH/CodeIgniter.php(368): CodeIgniter\CodeIgniter->handleRequest(null, Object(Config\Cache), false)
 4 FCPATH/index.php(67): CodeIgniter\CodeIgniter->run()
WARNING - 2024-11-05 11:39:45 --> [DEPRECATED] Creation of dynamic property App\Controllers\Laporan::$db is deprecated in APPPATH/Controllers/Api.php on line 8.
 1 SYSTEMPATH/CodeIgniter.php(906): App\Controllers\Api->__construct()
 2 SYSTEMPATH/CodeIgniter.php(490): CodeIgniter\CodeIgniter->createController()
 3 SYSTEMPATH/CodeIgniter.php(368): CodeIgniter\CodeIgniter->handleRequest(null, Object(Config\Cache), false)
 4 FCPATH/index.php(67): CodeIgniter\CodeIgniter->run()
WARNING - 2024-11-05 11:39:45 --> [DEPRECATED] Creation of dynamic property App\Controllers\Laporan::$simrs is deprecated in APPPATH/Controllers/Api.php on line 9.
 1 SYSTEMPATH/CodeIgniter.php(906): App\Controllers\Api->__construct()
 2 SYSTEMPATH/CodeIgniter.php(490): CodeIgniter\CodeIgniter->createController()
 3 SYSTEMPATH/CodeIgniter.php(368): CodeIgniter\CodeIgniter->handleRequest(null, Object(Config\Cache), false)
 4 FCPATH/index.php(67): CodeIgniter\CodeIgniter->run()
WARNING - 2024-11-05 11:39:45 --> [DEPRECATED] Creation of dynamic property App\Controllers\User::$db is deprecated in APPPATH/Controllers/Api.php on line 8.
 1 SYSTEMPATH/CodeIgniter.php(906): App\Controllers\Api->__construct()
 2 SYSTEMPATH/CodeIgniter.php(490): CodeIgniter\CodeIgniter->createController()
 3 SYSTEMPATH/CodeIgniter.php(368): CodeIgniter\CodeIgniter->handleRequest(null, Object(Config\Cache), false)
 4 FCPATH/index.php(67): CodeIgniter\CodeIgniter->run()
WARNING - 2024-11-05 11:39:45 --> [DEPRECATED] Creation of dynamic property App\Controllers\User::$simrs is deprecated in APPPATH/Controllers/Api.php on line 9.
 1 SYSTEMPATH/CodeIgniter.php(906): App\Controllers\Api->__construct()
 2 SYSTEMPATH/CodeIgniter.php(490): CodeIgniter\CodeIgniter->createController()
 3 SYSTEMPATH/CodeIgniter.php(368): CodeIgniter\CodeIgniter->handleRequest(null, Object(Config\Cache), false)
 4 FCPATH/index.php(67): CodeIgniter\CodeIgniter->run()
WARNING - 2024-11-05 11:40:48 --> [DEPRECATED] Creation of dynamic property App\Controllers\Laporan::$db is deprecated in APPPATH/Controllers/Api.php on line 8.
 1 SYSTEMPATH/CodeIgniter.php(906): App\Controllers\Api->__construct()
 2 SYSTEMPATH/CodeIgniter.php(490): CodeIgniter\CodeIgniter->createController()
 3 SYSTEMPATH/CodeIgniter.php(368): CodeIgniter\CodeIgniter->handleRequest(null, Object(Config\Cache), false)
 4 FCPATH/index.php(67): CodeIgniter\CodeIgniter->run()
WARNING - 2024-11-05 11:40:48 --> [DEPRECATED] Creation of dynamic property App\Controllers\Laporan::$simrs is deprecated in APPPATH/Controllers/Api.php on line 9.
 1 SYSTEMPATH/CodeIgniter.php(906): App\Controllers\Api->__construct()
 2 SYSTEMPATH/CodeIgniter.php(490): CodeIgniter\CodeIgniter->createController()
 3 SYSTEMPATH/CodeIgniter.php(368): CodeIgniter\CodeIgniter->handleRequest(null, Object(Config\Cache), false)
 4 FCPATH/index.php(67): CodeIgniter\CodeIgniter->run()
WARNING - 2024-11-05 11:40:48 --> [DEPRECATED] Creation of dynamic property App\Controllers\User::$db is deprecated in APPPATH/Controllers/Api.php on line 8.
 1 SYSTEMPATH/CodeIgniter.php(906): App\Controllers\Api->__construct()
 2 SYSTEMPATH/CodeIgniter.php(490): CodeIgniter\CodeIgniter->createController()
 3 SYSTEMPATH/CodeIgniter.php(368): CodeIgniter\CodeIgniter->handleRequest(null, Object(Config\Cache), false)
 4 FCPATH/index.php(67): CodeIgniter\CodeIgniter->run()
WARNING - 2024-11-05 11:40:48 --> [DEPRECATED] Creation of dynamic property App\Controllers\User::$simrs is deprecated in APPPATH/Controllers/Api.php on line 9.
 1 SYSTEMPATH/CodeIgniter.php(906): App\Controllers\Api->__construct()
 2 SYSTEMPATH/CodeIgniter.php(490): CodeIgniter\CodeIgniter->createController()
 3 SYSTEMPATH/CodeIgniter.php(368): CodeIgniter\CodeIgniter->handleRequest(null, Object(Config\Cache), false)
 4 FCPATH/index.php(67): CodeIgniter\CodeIgniter->run()
WARNING - 2024-11-05 11:41:00 --> [DEPRECATED] Creation of dynamic property App\Controllers\Laporan::$db is deprecated in APPPATH/Controllers/Api.php on line 8.
 1 SYSTEMPATH/CodeIgniter.php(906): App\Controllers\Api->__construct()
 2 SYSTEMPATH/CodeIgniter.php(490): CodeIgniter\CodeIgniter->createController()
 3 SYSTEMPATH/CodeIgniter.php(368): CodeIgniter\CodeIgniter->handleRequest(null, Object(Config\Cache), false)
 4 FCPATH/index.php(67): CodeIgniter\CodeIgniter->run()
WARNING - 2024-11-05 11:41:00 --> [DEPRECATED] Creation of dynamic property App\Controllers\Laporan::$simrs is deprecated in APPPATH/Controllers/Api.php on line 9.
 1 SYSTEMPATH/CodeIgniter.php(906): App\Controllers\Api->__construct()
 2 SYSTEMPATH/CodeIgniter.php(490): CodeIgniter\CodeIgniter->createController()
 3 SYSTEMPATH/CodeIgniter.php(368): CodeIgniter\CodeIgniter->handleRequest(null, Object(Config\Cache), false)
 4 FCPATH/index.php(67): CodeIgniter\CodeIgniter->run()
WARNING - 2024-11-05 11:41:00 --> [DEPRECATED] Creation of dynamic property App\Controllers\User::$db is deprecated in APPPATH/Controllers/Api.php on line 8.
 1 SYSTEMPATH/CodeIgniter.php(906): App\Controllers\Api->__construct()
 2 SYSTEMPATH/CodeIgniter.php(490): CodeIgniter\CodeIgniter->createController()
 3 SYSTEMPATH/CodeIgniter.php(368): CodeIgniter\CodeIgniter->handleRequest(null, Object(Config\Cache), false)
 4 FCPATH/index.php(67): CodeIgniter\CodeIgniter->run()
WARNING - 2024-11-05 11:41:00 --> [DEPRECATED] Creation of dynamic property App\Controllers\User::$simrs is deprecated in APPPATH/Controllers/Api.php on line 9.
 1 SYSTEMPATH/CodeIgniter.php(906): App\Controllers\Api->__construct()
 2 SYSTEMPATH/CodeIgniter.php(490): CodeIgniter\CodeIgniter->createController()
 3 SYSTEMPATH/CodeIgniter.php(368): CodeIgniter\CodeIgniter->handleRequest(null, Object(Config\Cache), false)
 4 FCPATH/index.php(67): CodeIgniter\CodeIgniter->run()
INFO - 2024-11-05 11:41:08 --> Session: Class initialized using 'CodeIgniter\Session\Handlers\FileHandler' driver.
WARNING - 2024-11-05 11:41:10 --> [DEPRECATED] Creation of dynamic property App\Controllers\User::$db is deprecated in APPPATH/Controllers/Api.php on line 8.
 1 SYSTEMPATH/CodeIgniter.php(906): App\Controllers\Api->__construct()
 2 SYSTEMPATH/CodeIgniter.php(490): CodeIgniter\CodeIgniter->createController()
 3 SYSTEMPATH/CodeIgniter.php(368): CodeIgniter\CodeIgniter->handleRequest(null, Object(Config\Cache), false)
 4 FCPATH/index.php(67): CodeIgniter\CodeIgniter->run()
WARNING - 2024-11-05 11:41:10 --> [DEPRECATED] Creation of dynamic property App\Controllers\User::$simrs is deprecated in APPPATH/Controllers/Api.php on line 9.
 1 SYSTEMPATH/CodeIgniter.php(906): App\Controllers\Api->__construct()
 2 SYSTEMPATH/CodeIgniter.php(490): CodeIgniter\CodeIgniter->createController()
 3 SYSTEMPATH/CodeIgniter.php(368): CodeIgniter\CodeIgniter->handleRequest(null, Object(Config\Cache), false)
 4 FCPATH/index.php(67): CodeIgniter\CodeIgniter->run()
WARNING - 2024-11-05 11:41:10 --> [DEPRECATED] Creation of dynamic property App\Controllers\Laporan::$db is deprecated in APPPATH/Controllers/Api.php on line 8.
 1 SYSTEMPATH/CodeIgniter.php(906): App\Controllers\Api->__construct()
 2 SYSTEMPATH/CodeIgniter.php(490): CodeIgniter\CodeIgniter->createController()
 3 SYSTEMPATH/CodeIgniter.php(368): CodeIgniter\CodeIgniter->handleRequest(null, Object(Config\Cache), false)
 4 FCPATH/index.php(67): CodeIgniter\CodeIgniter->run()
WARNING - 2024-11-05 11:41:10 --> [DEPRECATED] Creation of dynamic property App\Controllers\Laporan::$simrs is deprecated in APPPATH/Controllers/Api.php on line 9.
 1 SYSTEMPATH/CodeIgniter.php(906): App\Controllers\Api->__construct()
 2 SYSTEMPATH/CodeIgniter.php(490): CodeIgniter\CodeIgniter->createController()
 3 SYSTEMPATH/CodeIgniter.php(368): CodeIgniter\CodeIgniter->handleRequest(null, Object(Config\Cache), false)
 4 FCPATH/index.php(67): CodeIgniter\CodeIgniter->run()
WARNING - 2024-11-05 11:41:10 --> [DEPRECATED] Creation of dynamic property App\Controllers\User::$db is deprecated in APPPATH/Controllers/Api.php on line 8.
 1 SYSTEMPATH/CodeIgniter.php(906): App\Controllers\Api->__construct()
 2 SYSTEMPATH/CodeIgniter.php(490): CodeIgniter\CodeIgniter->createController()
 3 SYSTEMPATH/CodeIgniter.php(368): CodeIgniter\CodeIgniter->handleRequest(null, Object(Config\Cache), false)
 4 FCPATH/index.php(67): CodeIgniter\CodeIgniter->run()
WARNING - 2024-11-05 11:41:10 --> [DEPRECATED] Creation of dynamic property App\Controllers\User::$simrs is deprecated in APPPATH/Controllers/Api.php on line 9.
 1 SYSTEMPATH/CodeIgniter.php(906): App\Controllers\Api->__construct()
 2 SYSTEMPATH/CodeIgniter.php(490): CodeIgniter\CodeIgniter->createController()
 3 SYSTEMPATH/CodeIgniter.php(368): CodeIgniter\CodeIgniter->handleRequest(null, Object(Config\Cache), false)
 4 FCPATH/index.php(67): CodeIgniter\CodeIgniter->run()
ERROR - 2024-11-05 11:41:10 --> ErrorException: pg_query(): Query failed: ERROR:  relation &quot;modul&quot; does not exist
LINE 5:             modul
                    ^ in /var/www/html/SIMRSHEBAT/system/Database/Postgre/Connection.php:147
Stack trace:
#0 [internal function]: CodeIgniter\Debug\Exceptions->errorHandler()
#1 /var/www/html/SIMRSHEBAT/system/Database/Postgre/Connection.php(147): pg_query()
#2 /var/www/html/SIMRSHEBAT/system/Database/BaseConnection.php(691): CodeIgniter\Database\Postgre\Connection->execute()
#3 /var/www/html/SIMRSHEBAT/system/Database/BaseConnection.php(605): CodeIgniter\Database\BaseConnection->simpleQuery()
#4 /var/www/html/SIMRSHEBAT/app/Controllers/User.php(88): CodeIgniter\Database\BaseConnection->query()
#5 /var/www/html/SIMRSHEBAT/system/CodeIgniter.php(934): App\Controllers\User->getLaporan()
#6 /var/www/html/SIMRSHEBAT/system/CodeIgniter.php(499): CodeIgniter\CodeIgniter->runController()
#7 /var/www/html/SIMRSHEBAT/system/CodeIgniter.php(368): CodeIgniter\CodeIgniter->handleRequest()
#8 /var/www/html/SIMRSHEBAT/index.php(67): CodeIgniter\CodeIgniter->run()
#9 {main}
CRITICAL - 2024-11-05 11:41:10 --> Call to a member function getResult() on bool
in APPPATH/Controllers/User.php on line 90.
 1 SYSTEMPATH/CodeIgniter.php(934): App\Controllers\User->getLaporan()
 2 SYSTEMPATH/CodeIgniter.php(499): CodeIgniter\CodeIgniter->runController()
 3 SYSTEMPATH/CodeIgniter.php(368): CodeIgniter\CodeIgniter->handleRequest()
 4 FCPATH/index.php(67): CodeIgniter\CodeIgniter->run()
WARNING - 2024-11-05 11:41:10 --> [DEPRECATED] Creation of dynamic property App\Controllers\User::$db is deprecated in APPPATH/Controllers/Api.php on line 8.
 1 SYSTEMPATH/CodeIgniter.php(906): App\Controllers\Api->__construct()
 2 SYSTEMPATH/CodeIgniter.php(490): CodeIgniter\CodeIgniter->createController()
 3 SYSTEMPATH/CodeIgniter.php(368): CodeIgniter\CodeIgniter->handleRequest(null, Object(Config\Cache), false)
 4 FCPATH/index.php(67): CodeIgniter\CodeIgniter->run()
WARNING - 2024-11-05 11:41:10 --> [DEPRECATED] Creation of dynamic property App\Controllers\User::$simrs is deprecated in APPPATH/Controllers/Api.php on line 9.
 1 SYSTEMPATH/CodeIgniter.php(906): App\Controllers\Api->__construct()
 2 SYSTEMPATH/CodeIgniter.php(490): CodeIgniter\CodeIgniter->createController()
 3 SYSTEMPATH/CodeIgniter.php(368): CodeIgniter\CodeIgniter->handleRequest(null, Object(Config\Cache), false)
 4 FCPATH/index.php(67): CodeIgniter\CodeIgniter->run()
WARNING - 2024-11-05 11:41:39 --> [DEPRECATED] Creation of dynamic property App\Controllers\Laporan::$db is deprecated in APPPATH/Controllers/Api.php on line 8.
 1 SYSTEMPATH/CodeIgniter.php(906): App\Controllers\Api->__construct()
 2 SYSTEMPATH/CodeIgniter.php(490): CodeIgniter\CodeIgniter->createController()
 3 SYSTEMPATH/CodeIgniter.php(368): CodeIgniter\CodeIgniter->handleRequest(null, Object(Config\Cache), false)
 4 FCPATH/index.php(67): CodeIgniter\CodeIgniter->run()
WARNING - 2024-11-05 11:41:39 --> [DEPRECATED] Creation of dynamic property App\Controllers\Laporan::$simrs is deprecated in APPPATH/Controllers/Api.php on line 9.
 1 SYSTEMPATH/CodeIgniter.php(906): App\Controllers\Api->__construct()
 2 SYSTEMPATH/CodeIgniter.php(490): CodeIgniter\CodeIgniter->createController()
 3 SYSTEMPATH/CodeIgniter.php(368): CodeIgniter\CodeIgniter->handleRequest(null, Object(Config\Cache), false)
 4 FCPATH/index.php(67): CodeIgniter\CodeIgniter->run()
WARNING - 2024-11-05 11:41:39 --> [DEPRECATED] Creation of dynamic property App\Controllers\User::$db is deprecated in APPPATH/Controllers/Api.php on line 8.
 1 SYSTEMPATH/CodeIgniter.php(906): App\Controllers\Api->__construct()
 2 SYSTEMPATH/CodeIgniter.php(490): CodeIgniter\CodeIgniter->createController()
 3 SYSTEMPATH/CodeIgniter.php(368): CodeIgniter\CodeIgniter->handleRequest(null, Object(Config\Cache), false)
 4 FCPATH/index.php(67): CodeIgniter\CodeIgniter->run()
WARNING - 2024-11-05 11:41:39 --> [DEPRECATED] Creation of dynamic property App\Controllers\User::$simrs is deprecated in APPPATH/Controllers/Api.php on line 9.
 1 SYSTEMPATH/CodeIgniter.php(906): App\Controllers\Api->__construct()
 2 SYSTEMPATH/CodeIgniter.php(490): CodeIgniter\CodeIgniter->createController()
 3 SYSTEMPATH/CodeIgniter.php(368): CodeIgniter\CodeIgniter->handleRequest(null, Object(Config\Cache), false)
 4 FCPATH/index.php(67): CodeIgniter\CodeIgniter->run()
ERROR - 2024-11-05 11:41:39 --> ErrorException: pg_query(): Query failed: ERROR:  relation &quot;modul&quot; does not exist
LINE 5:             modul
                    ^ in /var/www/html/SIMRSHEBAT/system/Database/Postgre/Connection.php:147
Stack trace:
#0 [internal function]: CodeIgniter\Debug\Exceptions->errorHandler()
#1 /var/www/html/SIMRSHEBAT/system/Database/Postgre/Connection.php(147): pg_query()
#2 /var/www/html/SIMRSHEBAT/system/Database/BaseConnection.php(691): CodeIgniter\Database\Postgre\Connection->execute()
#3 /var/www/html/SIMRSHEBAT/system/Database/BaseConnection.php(605): CodeIgniter\Database\BaseConnection->simpleQuery()
#4 /var/www/html/SIMRSHEBAT/app/Controllers/User.php(88): CodeIgniter\Database\BaseConnection->query()
#5 /var/www/html/SIMRSHEBAT/system/CodeIgniter.php(934): App\Controllers\User->getLaporan()
#6 /var/www/html/SIMRSHEBAT/system/CodeIgniter.php(499): CodeIgniter\CodeIgniter->runController()
#7 /var/www/html/SIMRSHEBAT/system/CodeIgniter.php(368): CodeIgniter\CodeIgniter->handleRequest()
#8 /var/www/html/SIMRSHEBAT/index.php(67): CodeIgniter\CodeIgniter->run()
#9 {main}
CRITICAL - 2024-11-05 11:41:39 --> Call to a member function getResult() on bool
in APPPATH/Controllers/User.php on line 90.
 1 SYSTEMPATH/CodeIgniter.php(934): App\Controllers\User->getLaporan()
 2 SYSTEMPATH/CodeIgniter.php(499): CodeIgniter\CodeIgniter->runController()
 3 SYSTEMPATH/CodeIgniter.php(368): CodeIgniter\CodeIgniter->handleRequest()
 4 FCPATH/index.php(67): CodeIgniter\CodeIgniter->run()
WARNING - 2024-11-05 11:41:39 --> [DEPRECATED] Creation of dynamic property App\Controllers\User::$db is deprecated in APPPATH/Controllers/Api.php on line 8.
 1 SYSTEMPATH/CodeIgniter.php(906): App\Controllers\Api->__construct()
 2 SYSTEMPATH/CodeIgniter.php(490): CodeIgniter\CodeIgniter->createController()
 3 SYSTEMPATH/CodeIgniter.php(368): CodeIgniter\CodeIgniter->handleRequest(null, Object(Config\Cache), false)
 4 FCPATH/index.php(67): CodeIgniter\CodeIgniter->run()
WARNING - 2024-11-05 11:41:39 --> [DEPRECATED] Creation of dynamic property App\Controllers\User::$simrs is deprecated in APPPATH/Controllers/Api.php on line 9.
 1 SYSTEMPATH/CodeIgniter.php(906): App\Controllers\Api->__construct()
 2 SYSTEMPATH/CodeIgniter.php(490): CodeIgniter\CodeIgniter->createController()
 3 SYSTEMPATH/CodeIgniter.php(368): CodeIgniter\CodeIgniter->handleRequest(null, Object(Config\Cache), false)
 4 FCPATH/index.php(67): CodeIgniter\CodeIgniter->run()
WARNING - 2024-11-05 11:42:00 --> [DEPRECATED] Creation of dynamic property App\Controllers\Laporan::$db is deprecated in APPPATH/Controllers/Api.php on line 8.
 1 SYSTEMPATH/CodeIgniter.php(906): App\Controllers\Api->__construct()
 2 SYSTEMPATH/CodeIgniter.php(490): CodeIgniter\CodeIgniter->createController()
 3 SYSTEMPATH/CodeIgniter.php(368): CodeIgniter\CodeIgniter->handleRequest(null, Object(Config\Cache), false)
 4 FCPATH/index.php(67): CodeIgniter\CodeIgniter->run()
WARNING - 2024-11-05 11:42:00 --> [DEPRECATED] Creation of dynamic property App\Controllers\Laporan::$simrs is deprecated in APPPATH/Controllers/Api.php on line 9.
 1 SYSTEMPATH/CodeIgniter.php(906): App\Controllers\Api->__construct()
 2 SYSTEMPATH/CodeIgniter.php(490): CodeIgniter\CodeIgniter->createController()
 3 SYSTEMPATH/CodeIgniter.php(368): CodeIgniter\CodeIgniter->handleRequest(null, Object(Config\Cache), false)
 4 FCPATH/index.php(67): CodeIgniter\CodeIgniter->run()
WARNING - 2024-11-05 11:42:00 --> [DEPRECATED] Creation of dynamic property App\Controllers\User::$db is deprecated in APPPATH/Controllers/Api.php on line 8.
 1 SYSTEMPATH/CodeIgniter.php(906): App\Controllers\Api->__construct()
 2 SYSTEMPATH/CodeIgniter.php(490): CodeIgniter\CodeIgniter->createController()
 3 SYSTEMPATH/CodeIgniter.php(368): CodeIgniter\CodeIgniter->handleRequest(null, Object(Config\Cache), false)
 4 FCPATH/index.php(67): CodeIgniter\CodeIgniter->run()
WARNING - 2024-11-05 11:42:00 --> [DEPRECATED] Creation of dynamic property App\Controllers\User::$simrs is deprecated in APPPATH/Controllers/Api.php on line 9.
 1 SYSTEMPATH/CodeIgniter.php(906): App\Controllers\Api->__construct()
 2 SYSTEMPATH/CodeIgniter.php(490): CodeIgniter\CodeIgniter->createController()
 3 SYSTEMPATH/CodeIgniter.php(368): CodeIgniter\CodeIgniter->handleRequest(null, Object(Config\Cache), false)
 4 FCPATH/index.php(67): CodeIgniter\CodeIgniter->run()
WARNING - 2024-11-05 11:42:00 --> [DEPRECATED] Creation of dynamic property App\Controllers\User::$db is deprecated in APPPATH/Controllers/Api.php on line 8.
 1 SYSTEMPATH/CodeIgniter.php(906): App\Controllers\Api->__construct()
 2 SYSTEMPATH/CodeIgniter.php(490): CodeIgniter\CodeIgniter->createController()
 3 SYSTEMPATH/CodeIgniter.php(368): CodeIgniter\CodeIgniter->handleRequest(null, Object(Config\Cache), false)
 4 FCPATH/index.php(67): CodeIgniter\CodeIgniter->run()
WARNING - 2024-11-05 11:42:00 --> [DEPRECATED] Creation of dynamic property App\Controllers\User::$simrs is deprecated in APPPATH/Controllers/Api.php on line 9.
 1 SYSTEMPATH/CodeIgniter.php(906): App\Controllers\Api->__construct()
 2 SYSTEMPATH/CodeIgniter.php(490): CodeIgniter\CodeIgniter->createController()
 3 SYSTEMPATH/CodeIgniter.php(368): CodeIgniter\CodeIgniter->handleRequest(null, Object(Config\Cache), false)
 4 FCPATH/index.php(67): CodeIgniter\CodeIgniter->run()
INFO - 2024-11-05 11:42:04 --> Session: Class initialized using 'CodeIgniter\Session\Handlers\FileHandler' driver.
INFO - 2024-11-05 11:53:51 --> Session: Class initialized using 'CodeIgniter\Session\Handlers\FileHandler' driver.
INFO - 2024-11-05 11:55:18 --> Session: Class initialized using 'CodeIgniter\Session\Handlers\FileHandler' driver.
INFO - 2024-11-05 11:56:31 --> Session: Class initialized using 'CodeIgniter\Session\Handlers\FileHandler' driver.
INFO - 2024-11-05 11:57:27 --> Session: Class initialized using 'CodeIgniter\Session\Handlers\FileHandler' driver.
INFO - 2024-11-05 11:57:37 --> Session: Class initialized using 'CodeIgniter\Session\Handlers\FileHandler' driver.
INFO - 2024-11-05 11:57:39 --> Session: Class initialized using 'CodeIgniter\Session\Handlers\FileHandler' driver.
INFO - 2024-11-05 11:57:48 --> Session: Class initialized using 'CodeIgniter\Session\Handlers\FileHandler' driver.
INFO - 2024-11-05 11:57:57 --> Session: Class initialized using 'CodeIgniter\Session\Handlers\FileHandler' driver.
INFO - 2024-11-05 11:58:06 --> Session: Class initialized using 'CodeIgniter\Session\Handlers\FileHandler' driver.
INFO - 2024-11-05 11:58:13 --> Session: Class initialized using 'CodeIgniter\Session\Handlers\FileHandler' driver.
WARNING - 2024-11-05 11:58:25 --> [DEPRECATED] Creation of dynamic property App\Controllers\User::$db is deprecated in APPPATH/Controllers/Api.php on line 8.
 1 SYSTEMPATH/CodeIgniter.php(906): App\Controllers\Api->__construct()
 2 SYSTEMPATH/CodeIgniter.php(490): CodeIgniter\CodeIgniter->createController()
 3 SYSTEMPATH/CodeIgniter.php(368): CodeIgniter\CodeIgniter->handleRequest(null, Object(Config\Cache), false)
 4 FCPATH/index.php(67): CodeIgniter\CodeIgniter->run()
WARNING - 2024-11-05 11:58:25 --> [DEPRECATED] Creation of dynamic property App\Controllers\User::$simrs is deprecated in APPPATH/Controllers/Api.php on line 9.
 1 SYSTEMPATH/CodeIgniter.php(906): App\Controllers\Api->__construct()
 2 SYSTEMPATH/CodeIgniter.php(490): CodeIgniter\CodeIgniter->createController()
 3 SYSTEMPATH/CodeIgniter.php(368): CodeIgniter\CodeIgniter->handleRequest(null, Object(Config\Cache), false)
 4 FCPATH/index.php(67): CodeIgniter\CodeIgniter->run()
WARNING - 2024-11-05 11:58:26 --> [DEPRECATED] Creation of dynamic property App\Controllers\Laporan::$db is deprecated in APPPATH/Controllers/Api.php on line 8.
 1 SYSTEMPATH/CodeIgniter.php(906): App\Controllers\Api->__construct()
 2 SYSTEMPATH/CodeIgniter.php(490): CodeIgniter\CodeIgniter->createController()
 3 SYSTEMPATH/CodeIgniter.php(368): CodeIgniter\CodeIgniter->handleRequest(null, Object(Config\Cache), false)
 4 FCPATH/index.php(67): CodeIgniter\CodeIgniter->run()
WARNING - 2024-11-05 11:58:26 --> [DEPRECATED] Creation of dynamic property App\Controllers\Laporan::$simrs is deprecated in APPPATH/Controllers/Api.php on line 9.
 1 SYSTEMPATH/CodeIgniter.php(906): App\Controllers\Api->__construct()
 2 SYSTEMPATH/CodeIgniter.php(490): CodeIgniter\CodeIgniter->createController()
 3 SYSTEMPATH/CodeIgniter.php(368): CodeIgniter\CodeIgniter->handleRequest(null, Object(Config\Cache), false)
 4 FCPATH/index.php(67): CodeIgniter\CodeIgniter->run()
WARNING - 2024-11-05 11:58:26 --> [DEPRECATED] Creation of dynamic property App\Controllers\User::$db is deprecated in APPPATH/Controllers/Api.php on line 8.
 1 SYSTEMPATH/CodeIgniter.php(906): App\Controllers\Api->__construct()
 2 SYSTEMPATH/CodeIgniter.php(490): CodeIgniter\CodeIgniter->createController()
 3 SYSTEMPATH/CodeIgniter.php(368): CodeIgniter\CodeIgniter->handleRequest(null, Object(Config\Cache), false)
 4 FCPATH/index.php(67): CodeIgniter\CodeIgniter->run()
WARNING - 2024-11-05 11:58:26 --> [DEPRECATED] Creation of dynamic property App\Controllers\User::$simrs is deprecated in APPPATH/Controllers/Api.php on line 9.
 1 SYSTEMPATH/CodeIgniter.php(906): App\Controllers\Api->__construct()
 2 SYSTEMPATH/CodeIgniter.php(490): CodeIgniter\CodeIgniter->createController()
 3 SYSTEMPATH/CodeIgniter.php(368): CodeIgniter\CodeIgniter->handleRequest(null, Object(Config\Cache), false)
 4 FCPATH/index.php(67): CodeIgniter\CodeIgniter->run()
WARNING - 2024-11-05 11:58:58 --> [DEPRECATED] Creation of dynamic property App\Controllers\Laporan::$db is deprecated in APPPATH/Controllers/Api.php on line 8.
 1 SYSTEMPATH/CodeIgniter.php(906): App\Controllers\Api->__construct()
 2 SYSTEMPATH/CodeIgniter.php(490): CodeIgniter\CodeIgniter->createController()
 3 SYSTEMPATH/CodeIgniter.php(368): CodeIgniter\CodeIgniter->handleRequest(null, Object(Config\Cache), false)
 4 FCPATH/index.php(67): CodeIgniter\CodeIgniter->run()
WARNING - 2024-11-05 11:58:58 --> [DEPRECATED] Creation of dynamic property App\Controllers\Laporan::$simrs is deprecated in APPPATH/Controllers/Api.php on line 9.
 1 SYSTEMPATH/CodeIgniter.php(906): App\Controllers\Api->__construct()
 2 SYSTEMPATH/CodeIgniter.php(490): CodeIgniter\CodeIgniter->createController()
 3 SYSTEMPATH/CodeIgniter.php(368): CodeIgniter\CodeIgniter->handleRequest(null, Object(Config\Cache), false)
 4 FCPATH/index.php(67): CodeIgniter\CodeIgniter->run()
WARNING - 2024-11-05 11:58:58 --> [DEPRECATED] Creation of dynamic property App\Controllers\User::$db is deprecated in APPPATH/Controllers/Api.php on line 8.
 1 SYSTEMPATH/CodeIgniter.php(906): App\Controllers\Api->__construct()
 2 SYSTEMPATH/CodeIgniter.php(490): CodeIgniter\CodeIgniter->createController()
 3 SYSTEMPATH/CodeIgniter.php(368): CodeIgniter\CodeIgniter->handleRequest(null, Object(Config\Cache), false)
 4 FCPATH/index.php(67): CodeIgniter\CodeIgniter->run()
WARNING - 2024-11-05 11:58:58 --> [DEPRECATED] Creation of dynamic property App\Controllers\User::$simrs is deprecated in APPPATH/Controllers/Api.php on line 9.
 1 SYSTEMPATH/CodeIgniter.php(906): App\Controllers\Api->__construct()
 2 SYSTEMPATH/CodeIgniter.php(490): CodeIgniter\CodeIgniter->createController()
 3 SYSTEMPATH/CodeIgniter.php(368): CodeIgniter\CodeIgniter->handleRequest(null, Object(Config\Cache), false)
 4 FCPATH/index.php(67): CodeIgniter\CodeIgniter->run()
WARNING - 2024-11-05 11:58:58 --> [DEPRECATED] Creation of dynamic property App\Controllers\User::$db is deprecated in APPPATH/Controllers/Api.php on line 8.
 1 SYSTEMPATH/CodeIgniter.php(906): App\Controllers\Api->__construct()
 2 SYSTEMPATH/CodeIgniter.php(490): CodeIgniter\CodeIgniter->createController()
 3 SYSTEMPATH/CodeIgniter.php(368): CodeIgniter\CodeIgniter->handleRequest(null, Object(Config\Cache), false)
 4 FCPATH/index.php(67): CodeIgniter\CodeIgniter->run()
WARNING - 2024-11-05 11:58:58 --> [DEPRECATED] Creation of dynamic property App\Controllers\User::$simrs is deprecated in APPPATH/Controllers/Api.php on line 9.
 1 SYSTEMPATH/CodeIgniter.php(906): App\Controllers\Api->__construct()
 2 SYSTEMPATH/CodeIgniter.php(490): CodeIgniter\CodeIgniter->createController()
 3 SYSTEMPATH/CodeIgniter.php(368): CodeIgniter\CodeIgniter->handleRequest(null, Object(Config\Cache), false)
 4 FCPATH/index.php(67): CodeIgniter\CodeIgniter->run()
WARNING - 2024-11-05 12:01:43 --> [DEPRECATED] Creation of dynamic property App\Controllers\Laporan::$db is deprecated in APPPATH/Controllers/Api.php on line 8.
 1 SYSTEMPATH/CodeIgniter.php(906): App\Controllers\Api->__construct()
 2 SYSTEMPATH/CodeIgniter.php(490): CodeIgniter\CodeIgniter->createController()
 3 SYSTEMPATH/CodeIgniter.php(368): CodeIgniter\CodeIgniter->handleRequest(null, Object(Config\Cache), false)
 4 FCPATH/index.php(67): CodeIgniter\CodeIgniter->run()
WARNING - 2024-11-05 12:01:43 --> [DEPRECATED] Creation of dynamic property App\Controllers\Laporan::$simrs is deprecated in APPPATH/Controllers/Api.php on line 9.
 1 SYSTEMPATH/CodeIgniter.php(906): App\Controllers\Api->__construct()
 2 SYSTEMPATH/CodeIgniter.php(490): CodeIgniter\CodeIgniter->createController()
 3 SYSTEMPATH/CodeIgniter.php(368): CodeIgniter\CodeIgniter->handleRequest(null, Object(Config\Cache), false)
 4 FCPATH/index.php(67): CodeIgniter\CodeIgniter->run()
WARNING - 2024-11-05 12:01:43 --> [DEPRECATED] Creation of dynamic property App\Controllers\User::$db is deprecated in APPPATH/Controllers/Api.php on line 8.
 1 SYSTEMPATH/CodeIgniter.php(906): App\Controllers\Api->__construct()
 2 SYSTEMPATH/CodeIgniter.php(490): CodeIgniter\CodeIgniter->createController()
 3 SYSTEMPATH/CodeIgniter.php(368): CodeIgniter\CodeIgniter->handleRequest(null, Object(Config\Cache), false)
 4 FCPATH/index.php(67): CodeIgniter\CodeIgniter->run()
WARNING - 2024-11-05 12:01:43 --> [DEPRECATED] Creation of dynamic property App\Controllers\User::$simrs is deprecated in APPPATH/Controllers/Api.php on line 9.
 1 SYSTEMPATH/CodeIgniter.php(906): App\Controllers\Api->__construct()
 2 SYSTEMPATH/CodeIgniter.php(490): CodeIgniter\CodeIgniter->createController()
 3 SYSTEMPATH/CodeIgniter.php(368): CodeIgniter\CodeIgniter->handleRequest(null, Object(Config\Cache), false)
 4 FCPATH/index.php(67): CodeIgniter\CodeIgniter->run()
WARNING - 2024-11-05 12:01:43 --> [DEPRECATED] Creation of dynamic property App\Controllers\User::$db is deprecated in APPPATH/Controllers/Api.php on line 8.
 1 SYSTEMPATH/CodeIgniter.php(906): App\Controllers\Api->__construct()
 2 SYSTEMPATH/CodeIgniter.php(490): CodeIgniter\CodeIgniter->createController()
 3 SYSTEMPATH/CodeIgniter.php(368): CodeIgniter\CodeIgniter->handleRequest(null, Object(Config\Cache), false)
 4 FCPATH/index.php(67): CodeIgniter\CodeIgniter->run()
WARNING - 2024-11-05 12:01:43 --> [DEPRECATED] Creation of dynamic property App\Controllers\User::$simrs is deprecated in APPPATH/Controllers/Api.php on line 9.
 1 SYSTEMPATH/CodeIgniter.php(906): App\Controllers\Api->__construct()
 2 SYSTEMPATH/CodeIgniter.php(490): CodeIgniter\CodeIgniter->createController()
 3 SYSTEMPATH/CodeIgniter.php(368): CodeIgniter\CodeIgniter->handleRequest(null, Object(Config\Cache), false)
 4 FCPATH/index.php(67): CodeIgniter\CodeIgniter->run()
WARNING - 2024-11-05 12:02:02 --> [DEPRECATED] Creation of dynamic property App\Controllers\Laporan::$db is deprecated in APPPATH/Controllers/Api.php on line 8.
 1 SYSTEMPATH/CodeIgniter.php(906): App\Controllers\Api->__construct()
 2 SYSTEMPATH/CodeIgniter.php(490): CodeIgniter\CodeIgniter->createController()
 3 SYSTEMPATH/CodeIgniter.php(368): CodeIgniter\CodeIgniter->handleRequest(null, Object(Config\Cache), false)
 4 FCPATH/index.php(67): CodeIgniter\CodeIgniter->run()
WARNING - 2024-11-05 12:02:02 --> [DEPRECATED] Creation of dynamic property App\Controllers\Laporan::$simrs is deprecated in APPPATH/Controllers/Api.php on line 9.
 1 SYSTEMPATH/CodeIgniter.php(906): App\Controllers\Api->__construct()
 2 SYSTEMPATH/CodeIgniter.php(490): CodeIgniter\CodeIgniter->createController()
 3 SYSTEMPATH/CodeIgniter.php(368): CodeIgniter\CodeIgniter->handleRequest(null, Object(Config\Cache), false)
 4 FCPATH/index.php(67): CodeIgniter\CodeIgniter->run()
WARNING - 2024-11-05 12:02:02 --> [DEPRECATED] Creation of dynamic property App\Controllers\Kasirgeneral::$db is deprecated in APPPATH/Controllers/Api.php on line 8.
 1 SYSTEMPATH/CodeIgniter.php(906): App\Controllers\Api->__construct()
 2 SYSTEMPATH/CodeIgniter.php(490): CodeIgniter\CodeIgniter->createController()
 3 SYSTEMPATH/CodeIgniter.php(368): CodeIgniter\CodeIgniter->handleRequest(null, Object(Config\Cache), false)
 4 FCPATH/index.php(67): CodeIgniter\CodeIgniter->run()
WARNING - 2024-11-05 12:02:02 --> [DEPRECATED] Creation of dynamic property App\Controllers\Kasirgeneral::$db is deprecated in APPPATH/Controllers/Api.php on line 8.
 1 SYSTEMPATH/CodeIgniter.php(906): App\Controllers\Api->__construct()
 2 SYSTEMPATH/CodeIgniter.php(490): CodeIgniter\CodeIgniter->createController()
 3 SYSTEMPATH/CodeIgniter.php(368): CodeIgniter\CodeIgniter->handleRequest(null, Object(Config\Cache), false)
 4 FCPATH/index.php(67): CodeIgniter\CodeIgniter->run()
WARNING - 2024-11-05 12:02:02 --> [DEPRECATED] Creation of dynamic property App\Controllers\Kasirgeneral::$simrs is deprecated in APPPATH/Controllers/Api.php on line 9.
 1 SYSTEMPATH/CodeIgniter.php(906): App\Controllers\Api->__construct()
 2 SYSTEMPATH/CodeIgniter.php(490): CodeIgniter\CodeIgniter->createController()
 3 SYSTEMPATH/CodeIgniter.php(368): CodeIgniter\CodeIgniter->handleRequest(null, Object(Config\Cache), false)
 4 FCPATH/index.php(67): CodeIgniter\CodeIgniter->run()
WARNING - 2024-11-05 12:02:02 --> [DEPRECATED] Creation of dynamic property App\Controllers\Kasirgeneral::$simrs is deprecated in APPPATH/Controllers/Api.php on line 9.
 1 SYSTEMPATH/CodeIgniter.php(906): App\Controllers\Api->__construct()
 2 SYSTEMPATH/CodeIgniter.php(490): CodeIgniter\CodeIgniter->createController()
 3 SYSTEMPATH/CodeIgniter.php(368): CodeIgniter\CodeIgniter->handleRequest(null, Object(Config\Cache), false)
 4 FCPATH/index.php(67): CodeIgniter\CodeIgniter->run()
ERROR - 2024-11-05 12:02:02 --> ErrorException: pg_query(): Query failed: ERROR:  relation &quot;users&quot; does not exist
LINE 1: SELECT * FROM users where id_kas is not null order by nama 
                      ^ in /var/www/html/SIMRSHEBAT/system/Database/Postgre/Connection.php:147
Stack trace:
#0 [internal function]: CodeIgniter\Debug\Exceptions->errorHandler()
#1 /var/www/html/SIMRSHEBAT/system/Database/Postgre/Connection.php(147): pg_query()
#2 /var/www/html/SIMRSHEBAT/system/Database/BaseConnection.php(691): CodeIgniter\Database\Postgre\Connection->execute()
#3 /var/www/html/SIMRSHEBAT/system/Database/BaseConnection.php(605): CodeIgniter\Database\BaseConnection->simpleQuery()
#4 /var/www/html/SIMRSHEBAT/app/Controllers/Kasirgeneral.php(4923): CodeIgniter\Database\BaseConnection->query()
#5 /var/www/html/SIMRSHEBAT/system/CodeIgniter.php(934): App\Controllers\Kasirgeneral->pegawaikas()
#6 /var/www/html/SIMRSHEBAT/system/CodeIgniter.php(499): CodeIgniter\CodeIgniter->runController()
#7 /var/www/html/SIMRSHEBAT/system/CodeIgniter.php(368): CodeIgniter\CodeIgniter->handleRequest()
#8 /var/www/html/SIMRSHEBAT/index.php(67): CodeIgniter\CodeIgniter->run()
#9 {main}
CRITICAL - 2024-11-05 12:02:02 --> Call to a member function getResult() on bool
in APPPATH/Controllers/Kasirgeneral.php on line 4925.
 1 SYSTEMPATH/CodeIgniter.php(934): App\Controllers\Kasirgeneral->pegawaikas()
 2 SYSTEMPATH/CodeIgniter.php(499): CodeIgniter\CodeIgniter->runController()
 3 SYSTEMPATH/CodeIgniter.php(368): CodeIgniter\CodeIgniter->handleRequest()
 4 FCPATH/index.php(67): CodeIgniter\CodeIgniter->run()
ERROR - 2024-11-05 12:02:02 --> ErrorException: pg_query(): Query failed: ERROR:  relation &quot;jenis_pembayaran&quot; does not exist
LINE 1: SELECT * FROM jenis_pembayaran where id_jenis_pembayaran &lt;&gt;'...
                      ^ in /var/www/html/SIMRSHEBAT/system/Database/Postgre/Connection.php:147
Stack trace:
#0 [internal function]: CodeIgniter\Debug\Exceptions->errorHandler()
#1 /var/www/html/SIMRSHEBAT/system/Database/Postgre/Connection.php(147): pg_query()
#2 /var/www/html/SIMRSHEBAT/system/Database/BaseConnection.php(691): CodeIgniter\Database\Postgre\Connection->execute()
#3 /var/www/html/SIMRSHEBAT/system/Database/BaseConnection.php(605): CodeIgniter\Database\BaseConnection->simpleQuery()
#4 /var/www/html/SIMRSHEBAT/app/Controllers/Kasirgeneral.php(843): CodeIgniter\Database\BaseConnection->query()
#5 /var/www/html/SIMRSHEBAT/system/CodeIgniter.php(934): App\Controllers\Kasirgeneral->jenisbayar()
#6 /var/www/html/SIMRSHEBAT/system/CodeIgniter.php(499): CodeIgniter\CodeIgniter->runController()
#7 /var/www/html/SIMRSHEBAT/system/CodeIgniter.php(368): CodeIgniter\CodeIgniter->handleRequest()
#8 /var/www/html/SIMRSHEBAT/index.php(67): CodeIgniter\CodeIgniter->run()
#9 {main}
CRITICAL - 2024-11-05 12:02:02 --> Call to a member function getResult() on bool
in APPPATH/Controllers/Kasirgeneral.php on line 845.
 1 SYSTEMPATH/CodeIgniter.php(934): App\Controllers\Kasirgeneral->jenisbayar()
 2 SYSTEMPATH/CodeIgniter.php(499): CodeIgniter\CodeIgniter->runController()
 3 SYSTEMPATH/CodeIgniter.php(368): CodeIgniter\CodeIgniter->handleRequest()
 4 FCPATH/index.php(67): CodeIgniter\CodeIgniter->run()
WARNING - 2024-11-05 12:02:08 --> [DEPRECATED] Creation of dynamic property App\Controllers\Laporan::$db is deprecated in APPPATH/Controllers/Api.php on line 8.
 1 SYSTEMPATH/CodeIgniter.php(906): App\Controllers\Api->__construct()
 2 SYSTEMPATH/CodeIgniter.php(490): CodeIgniter\CodeIgniter->createController()
 3 SYSTEMPATH/CodeIgniter.php(368): CodeIgniter\CodeIgniter->handleRequest(null, Object(Config\Cache), false)
 4 FCPATH/index.php(67): CodeIgniter\CodeIgniter->run()
WARNING - 2024-11-05 12:02:08 --> [DEPRECATED] Creation of dynamic property App\Controllers\Laporan::$simrs is deprecated in APPPATH/Controllers/Api.php on line 9.
 1 SYSTEMPATH/CodeIgniter.php(906): App\Controllers\Api->__construct()
 2 SYSTEMPATH/CodeIgniter.php(490): CodeIgniter\CodeIgniter->createController()
 3 SYSTEMPATH/CodeIgniter.php(368): CodeIgniter\CodeIgniter->handleRequest(null, Object(Config\Cache), false)
 4 FCPATH/index.php(67): CodeIgniter\CodeIgniter->run()
WARNING - 2024-11-05 12:03:35 --> [DEPRECATED] Creation of dynamic property App\Controllers\Laporan::$db is deprecated in APPPATH/Controllers/Api.php on line 8.
 1 SYSTEMPATH/CodeIgniter.php(906): App\Controllers\Api->__construct()
 2 SYSTEMPATH/CodeIgniter.php(490): CodeIgniter\CodeIgniter->createController()
 3 SYSTEMPATH/CodeIgniter.php(368): CodeIgniter\CodeIgniter->handleRequest(null, Object(Config\Cache), false)
 4 FCPATH/index.php(67): CodeIgniter\CodeIgniter->run()
WARNING - 2024-11-05 12:03:35 --> [DEPRECATED] Creation of dynamic property App\Controllers\Laporan::$simrs is deprecated in APPPATH/Controllers/Api.php on line 9.
 1 SYSTEMPATH/CodeIgniter.php(906): App\Controllers\Api->__construct()
 2 SYSTEMPATH/CodeIgniter.php(490): CodeIgniter\CodeIgniter->createController()
 3 SYSTEMPATH/CodeIgniter.php(368): CodeIgniter\CodeIgniter->handleRequest(null, Object(Config\Cache), false)
 4 FCPATH/index.php(67): CodeIgniter\CodeIgniter->run()
WARNING - 2024-11-05 12:03:36 --> [DEPRECATED] Creation of dynamic property App\Controllers\User::$db is deprecated in APPPATH/Controllers/Api.php on line 8.
 1 SYSTEMPATH/CodeIgniter.php(906): App\Controllers\Api->__construct()
 2 SYSTEMPATH/CodeIgniter.php(490): CodeIgniter\CodeIgniter->createController()
 3 SYSTEMPATH/CodeIgniter.php(368): CodeIgniter\CodeIgniter->handleRequest(null, Object(Config\Cache), false)
 4 FCPATH/index.php(67): CodeIgniter\CodeIgniter->run()
WARNING - 2024-11-05 12:03:36 --> [DEPRECATED] Creation of dynamic property App\Controllers\User::$simrs is deprecated in APPPATH/Controllers/Api.php on line 9.
 1 SYSTEMPATH/CodeIgniter.php(906): App\Controllers\Api->__construct()
 2 SYSTEMPATH/CodeIgniter.php(490): CodeIgniter\CodeIgniter->createController()
 3 SYSTEMPATH/CodeIgniter.php(368): CodeIgniter\CodeIgniter->handleRequest(null, Object(Config\Cache), false)
 4 FCPATH/index.php(67): CodeIgniter\CodeIgniter->run()
INFO - 2024-11-05 12:03:37 --> Session: Class initialized using 'CodeIgniter\Session\Handlers\FileHandler' driver.
INFO - 2024-11-05 12:51:27 --> Session: Class initialized using 'CodeIgniter\Session\Handlers\FileHandler' driver.
WARNING - 2024-11-05 13:39:51 --> [DEPRECATED] Creation of dynamic property App\Controllers\User::$db is deprecated in APPPATH/Controllers/Api.php on line 8.
 1 SYSTEMPATH/CodeIgniter.php(906): App\Controllers\Api->__construct()
 2 SYSTEMPATH/CodeIgniter.php(490): CodeIgniter\CodeIgniter->createController()
 3 SYSTEMPATH/CodeIgniter.php(368): CodeIgniter\CodeIgniter->handleRequest(null, Object(Config\Cache), false)
 4 FCPATH/index.php(67): CodeIgniter\CodeIgniter->run()
WARNING - 2024-11-05 13:39:51 --> [DEPRECATED] Creation of dynamic property App\Controllers\User::$simrs is deprecated in APPPATH/Controllers/Api.php on line 9.
 1 SYSTEMPATH/CodeIgniter.php(906): App\Controllers\Api->__construct()
 2 SYSTEMPATH/CodeIgniter.php(490): CodeIgniter\CodeIgniter->createController()
 3 SYSTEMPATH/CodeIgniter.php(368): CodeIgniter\CodeIgniter->handleRequest(null, Object(Config\Cache), false)
 4 FCPATH/index.php(67): CodeIgniter\CodeIgniter->run()
WARNING - 2024-11-05 13:39:52 --> [DEPRECATED] Creation of dynamic property App\Controllers\Laporan::$db is deprecated in APPPATH/Controllers/Api.php on line 8.
 1 SYSTEMPATH/CodeIgniter.php(906): App\Controllers\Api->__construct()
 2 SYSTEMPATH/CodeIgniter.php(490): CodeIgniter\CodeIgniter->createController()
 3 SYSTEMPATH/CodeIgniter.php(368): CodeIgniter\CodeIgniter->handleRequest(null, Object(Config\Cache), false)
 4 FCPATH/index.php(67): CodeIgniter\CodeIgniter->run()
WARNING - 2024-11-05 13:39:52 --> [DEPRECATED] Creation of dynamic property App\Controllers\Laporan::$simrs is deprecated in APPPATH/Controllers/Api.php on line 9.
 1 SYSTEMPATH/CodeIgniter.php(906): App\Controllers\Api->__construct()
 2 SYSTEMPATH/CodeIgniter.php(490): CodeIgniter\CodeIgniter->createController()
 3 SYSTEMPATH/CodeIgniter.php(368): CodeIgniter\CodeIgniter->handleRequest(null, Object(Config\Cache), false)
 4 FCPATH/index.php(67): CodeIgniter\CodeIgniter->run()
WARNING - 2024-11-05 13:39:52 --> [DEPRECATED] Creation of dynamic property App\Controllers\User::$db is deprecated in APPPATH/Controllers/Api.php on line 8.
 1 SYSTEMPATH/CodeIgniter.php(906): App\Controllers\Api->__construct()
 2 SYSTEMPATH/CodeIgniter.php(490): CodeIgniter\CodeIgniter->createController()
 3 SYSTEMPATH/CodeIgniter.php(368): CodeIgniter\CodeIgniter->handleRequest(null, Object(Config\Cache), false)
 4 FCPATH/index.php(67): CodeIgniter\CodeIgniter->run()
WARNING - 2024-11-05 13:39:52 --> [DEPRECATED] Creation of dynamic property App\Controllers\User::$simrs is deprecated in APPPATH/Controllers/Api.php on line 9.
 1 SYSTEMPATH/CodeIgniter.php(906): App\Controllers\Api->__construct()
 2 SYSTEMPATH/CodeIgniter.php(490): CodeIgniter\CodeIgniter->createController()
 3 SYSTEMPATH/CodeIgniter.php(368): CodeIgniter\CodeIgniter->handleRequest(null, Object(Config\Cache), false)
 4 FCPATH/index.php(67): CodeIgniter\CodeIgniter->run()
INFO - 2024-11-05 13:40:10 --> Session: Class initialized using 'CodeIgniter\Session\Handlers\FileHandler' driver.
WARNING - 2024-11-05 13:40:17 --> [DEPRECATED] Creation of dynamic property App\Controllers\User::$db is deprecated in APPPATH/Controllers/Api.php on line 8.
 1 SYSTEMPATH/CodeIgniter.php(906): App\Controllers\Api->__construct()
 2 SYSTEMPATH/CodeIgniter.php(490): CodeIgniter\CodeIgniter->createController()
 3 SYSTEMPATH/CodeIgniter.php(368): CodeIgniter\CodeIgniter->handleRequest(null, Object(Config\Cache), false)
 4 FCPATH/index.php(67): CodeIgniter\CodeIgniter->run()
WARNING - 2024-11-05 13:40:17 --> [DEPRECATED] Creation of dynamic property App\Controllers\User::$simrs is deprecated in APPPATH/Controllers/Api.php on line 9.
 1 SYSTEMPATH/CodeIgniter.php(906): App\Controllers\Api->__construct()
 2 SYSTEMPATH/CodeIgniter.php(490): CodeIgniter\CodeIgniter->createController()
 3 SYSTEMPATH/CodeIgniter.php(368): CodeIgniter\CodeIgniter->handleRequest(null, Object(Config\Cache), false)
 4 FCPATH/index.php(67): CodeIgniter\CodeIgniter->run()
WARNING - 2024-11-05 13:40:28 --> [DEPRECATED] Creation of dynamic property App\Controllers\User::$db is deprecated in APPPATH/Controllers/Api.php on line 8.
 1 SYSTEMPATH/CodeIgniter.php(906): App\Controllers\Api->__construct()
 2 SYSTEMPATH/CodeIgniter.php(490): CodeIgniter\CodeIgniter->createController()
 3 SYSTEMPATH/CodeIgniter.php(368): CodeIgniter\CodeIgniter->handleRequest(null, Object(Config\Cache), false)
 4 FCPATH/index.php(67): CodeIgniter\CodeIgniter->run()
WARNING - 2024-11-05 13:40:28 --> [DEPRECATED] Creation of dynamic property App\Controllers\User::$simrs is deprecated in APPPATH/Controllers/Api.php on line 9.
 1 SYSTEMPATH/CodeIgniter.php(906): App\Controllers\Api->__construct()
 2 SYSTEMPATH/CodeIgniter.php(490): CodeIgniter\CodeIgniter->createController()
 3 SYSTEMPATH/CodeIgniter.php(368): CodeIgniter\CodeIgniter->handleRequest(null, Object(Config\Cache), false)
 4 FCPATH/index.php(67): CodeIgniter\CodeIgniter->run()
WARNING - 2024-11-05 13:41:10 --> [DEPRECATED] Creation of dynamic property App\Controllers\User::$db is deprecated in APPPATH/Controllers/Api.php on line 8.
 1 SYSTEMPATH/CodeIgniter.php(906): App\Controllers\Api->__construct()
 2 SYSTEMPATH/CodeIgniter.php(490): CodeIgniter\CodeIgniter->createController()
 3 SYSTEMPATH/CodeIgniter.php(368): CodeIgniter\CodeIgniter->handleRequest(null, Object(Config\Cache), false)
 4 FCPATH/index.php(67): CodeIgniter\CodeIgniter->run()
WARNING - 2024-11-05 13:41:10 --> [DEPRECATED] Creation of dynamic property App\Controllers\User::$simrs is deprecated in APPPATH/Controllers/Api.php on line 9.
 1 SYSTEMPATH/CodeIgniter.php(906): App\Controllers\Api->__construct()
 2 SYSTEMPATH/CodeIgniter.php(490): CodeIgniter\CodeIgniter->createController()
 3 SYSTEMPATH/CodeIgniter.php(368): CodeIgniter\CodeIgniter->handleRequest(null, Object(Config\Cache), false)
 4 FCPATH/index.php(67): CodeIgniter\CodeIgniter->run()
WARNING - 2024-11-05 13:41:16 --> [DEPRECATED] Creation of dynamic property App\Controllers\User::$db is deprecated in APPPATH/Controllers/Api.php on line 8.
 1 SYSTEMPATH/CodeIgniter.php(906): App\Controllers\Api->__construct()
 2 SYSTEMPATH/CodeIgniter.php(490): CodeIgniter\CodeIgniter->createController()
 3 SYSTEMPATH/CodeIgniter.php(368): CodeIgniter\CodeIgniter->handleRequest(null, Object(Config\Cache), false)
 4 FCPATH/index.php(67): CodeIgniter\CodeIgniter->run()
WARNING - 2024-11-05 13:41:16 --> [DEPRECATED] Creation of dynamic property App\Controllers\User::$simrs is deprecated in APPPATH/Controllers/Api.php on line 9.
 1 SYSTEMPATH/CodeIgniter.php(906): App\Controllers\Api->__construct()
 2 SYSTEMPATH/CodeIgniter.php(490): CodeIgniter\CodeIgniter->createController()
 3 SYSTEMPATH/CodeIgniter.php(368): CodeIgniter\CodeIgniter->handleRequest(null, Object(Config\Cache), false)
 4 FCPATH/index.php(67): CodeIgniter\CodeIgniter->run()
WARNING - 2024-11-05 13:41:16 --> [DEPRECATED] Creation of dynamic property App\Controllers\Laporan::$db is deprecated in APPPATH/Controllers/Api.php on line 8.
 1 SYSTEMPATH/CodeIgniter.php(906): App\Controllers\Api->__construct()
 2 SYSTEMPATH/CodeIgniter.php(490): CodeIgniter\CodeIgniter->createController()
 3 SYSTEMPATH/CodeIgniter.php(368): CodeIgniter\CodeIgniter->handleRequest(null, Object(Config\Cache), false)
 4 FCPATH/index.php(67): CodeIgniter\CodeIgniter->run()
WARNING - 2024-11-05 13:41:16 --> [DEPRECATED] Creation of dynamic property App\Controllers\Laporan::$simrs is deprecated in APPPATH/Controllers/Api.php on line 9.
 1 SYSTEMPATH/CodeIgniter.php(906): App\Controllers\Api->__construct()
 2 SYSTEMPATH/CodeIgniter.php(490): CodeIgniter\CodeIgniter->createController()
 3 SYSTEMPATH/CodeIgniter.php(368): CodeIgniter\CodeIgniter->handleRequest(null, Object(Config\Cache), false)
 4 FCPATH/index.php(67): CodeIgniter\CodeIgniter->run()
WARNING - 2024-11-05 13:41:16 --> [DEPRECATED] Creation of dynamic property App\Controllers\User::$db is deprecated in APPPATH/Controllers/Api.php on line 8.
 1 SYSTEMPATH/CodeIgniter.php(906): App\Controllers\Api->__construct()
 2 SYSTEMPATH/CodeIgniter.php(490): CodeIgniter\CodeIgniter->createController()
 3 SYSTEMPATH/CodeIgniter.php(368): CodeIgniter\CodeIgniter->handleRequest(null, Object(Config\Cache), false)
 4 FCPATH/index.php(67): CodeIgniter\CodeIgniter->run()
WARNING - 2024-11-05 13:41:16 --> [DEPRECATED] Creation of dynamic property App\Controllers\User::$simrs is deprecated in APPPATH/Controllers/Api.php on line 9.
 1 SYSTEMPATH/CodeIgniter.php(906): App\Controllers\Api->__construct()
 2 SYSTEMPATH/CodeIgniter.php(490): CodeIgniter\CodeIgniter->createController()
 3 SYSTEMPATH/CodeIgniter.php(368): CodeIgniter\CodeIgniter->handleRequest(null, Object(Config\Cache), false)
 4 FCPATH/index.php(67): CodeIgniter\CodeIgniter->run()
WARNING - 2024-11-05 13:41:16 --> [DEPRECATED] Creation of dynamic property App\Controllers\User::$db is deprecated in APPPATH/Controllers/Api.php on line 8.
 1 SYSTEMPATH/CodeIgniter.php(906): App\Controllers\Api->__construct()
 2 SYSTEMPATH/CodeIgniter.php(490): CodeIgniter\CodeIgniter->createController()
 3 SYSTEMPATH/CodeIgniter.php(368): CodeIgniter\CodeIgniter->handleRequest(null, Object(Config\Cache), false)
 4 FCPATH/index.php(67): CodeIgniter\CodeIgniter->run()
WARNING - 2024-11-05 13:41:16 --> [DEPRECATED] Creation of dynamic property App\Controllers\User::$simrs is deprecated in APPPATH/Controllers/Api.php on line 9.
 1 SYSTEMPATH/CodeIgniter.php(906): App\Controllers\Api->__construct()
 2 SYSTEMPATH/CodeIgniter.php(490): CodeIgniter\CodeIgniter->createController()
 3 SYSTEMPATH/CodeIgniter.php(368): CodeIgniter\CodeIgniter->handleRequest(null, Object(Config\Cache), false)
 4 FCPATH/index.php(67): CodeIgniter\CodeIgniter->run()
WARNING - 2024-11-05 13:41:22 --> [DEPRECATED] Creation of dynamic property App\Controllers\Rekammedisirna::$db is deprecated in APPPATH/Controllers/Api.php on line 8.
 1 SYSTEMPATH/CodeIgniter.php(906): App\Controllers\Api->__construct()
 2 SYSTEMPATH/CodeIgniter.php(490): CodeIgniter\CodeIgniter->createController()
 3 SYSTEMPATH/CodeIgniter.php(368): CodeIgniter\CodeIgniter->handleRequest(null, Object(Config\Cache), false)
 4 FCPATH/index.php(67): CodeIgniter\CodeIgniter->run()
WARNING - 2024-11-05 13:41:22 --> [DEPRECATED] Creation of dynamic property App\Controllers\Rekammedisirna::$simrs is deprecated in APPPATH/Controllers/Api.php on line 9.
 1 SYSTEMPATH/CodeIgniter.php(906): App\Controllers\Api->__construct()
 2 SYSTEMPATH/CodeIgniter.php(490): CodeIgniter\CodeIgniter->createController()
 3 SYSTEMPATH/CodeIgniter.php(368): CodeIgniter\CodeIgniter->handleRequest(null, Object(Config\Cache), false)
 4 FCPATH/index.php(67): CodeIgniter\CodeIgniter->run()
WARNING - 2024-11-05 13:41:22 --> [DEPRECATED] Creation of dynamic property App\Controllers\Rekammedisirna::$db is deprecated in APPPATH/Controllers/Api.php on line 8.
 1 SYSTEMPATH/CodeIgniter.php(906): App\Controllers\Api->__construct()
 2 SYSTEMPATH/CodeIgniter.php(490): CodeIgniter\CodeIgniter->createController()
 3 SYSTEMPATH/CodeIgniter.php(368): CodeIgniter\CodeIgniter->handleRequest(null, Object(Config\Cache), false)
 4 FCPATH/index.php(67): CodeIgniter\CodeIgniter->run()
WARNING - 2024-11-05 13:41:22 --> [DEPRECATED] Creation of dynamic property App\Controllers\Rekammedisirna::$simrs is deprecated in APPPATH/Controllers/Api.php on line 9.
 1 SYSTEMPATH/CodeIgniter.php(906): App\Controllers\Api->__construct()
 2 SYSTEMPATH/CodeIgniter.php(490): CodeIgniter\CodeIgniter->createController()
 3 SYSTEMPATH/CodeIgniter.php(368): CodeIgniter\CodeIgniter->handleRequest(null, Object(Config\Cache), false)
 4 FCPATH/index.php(67): CodeIgniter\CodeIgniter->run()
WARNING - 2024-11-05 13:41:22 --> [DEPRECATED] Creation of dynamic property App\Controllers\Rekammedisirna::$db is deprecated in APPPATH/Controllers/Api.php on line 8.
 1 SYSTEMPATH/CodeIgniter.php(906): App\Controllers\Api->__construct()
 2 SYSTEMPATH/CodeIgniter.php(490): CodeIgniter\CodeIgniter->createController()
 3 SYSTEMPATH/CodeIgniter.php(368): CodeIgniter\CodeIgniter->handleRequest(null, Object(Config\Cache), false)
 4 FCPATH/index.php(67): CodeIgniter\CodeIgniter->run()
WARNING - 2024-11-05 13:41:22 --> [DEPRECATED] Creation of dynamic property App\Controllers\Rekammedisirna::$simrs is deprecated in APPPATH/Controllers/Api.php on line 9.
 1 SYSTEMPATH/CodeIgniter.php(906): App\Controllers\Api->__construct()
 2 SYSTEMPATH/CodeIgniter.php(490): CodeIgniter\CodeIgniter->createController()
 3 SYSTEMPATH/CodeIgniter.php(368): CodeIgniter\CodeIgniter->handleRequest(null, Object(Config\Cache), false)
 4 FCPATH/index.php(67): CodeIgniter\CodeIgniter->run()
ERROR - 2024-11-05 13:41:23 --> ErrorException: pg_query(): Query failed: ERROR:  column &quot;jenis_pegawai&quot; does not exist
LINE 1: select jenis_pegawai from pegawai where id_pegawai= 155 
               ^ in /var/www/html/SIMRSHEBAT/system/Database/Postgre/Connection.php:147
Stack trace:
#0 [internal function]: CodeIgniter\Debug\Exceptions->errorHandler()
#1 /var/www/html/SIMRSHEBAT/system/Database/Postgre/Connection.php(147): pg_query()
#2 /var/www/html/SIMRSHEBAT/system/Database/BaseConnection.php(691): CodeIgniter\Database\Postgre\Connection->execute()
#3 /var/www/html/SIMRSHEBAT/system/Database/BaseConnection.php(605): CodeIgniter\Database\BaseConnection->simpleQuery()
#4 /var/www/html/SIMRSHEBAT/app/Controllers/Rekammedisirna.php(1129): CodeIgniter\Database\BaseConnection->query()
#5 /var/www/html/SIMRSHEBAT/system/CodeIgniter.php(934): App\Controllers\Rekammedisirna->listpasienby()
#6 /var/www/html/SIMRSHEBAT/system/CodeIgniter.php(499): CodeIgniter\CodeIgniter->runController()
#7 /var/www/html/SIMRSHEBAT/system/CodeIgniter.php(368): CodeIgniter\CodeIgniter->handleRequest()
#8 /var/www/html/SIMRSHEBAT/index.php(67): CodeIgniter\CodeIgniter->run()
#9 {main}
ERROR - 2024-11-05 13:41:23 --> ErrorException: pg_query(): Query failed: ERROR:  column &quot;id_unit&quot; does not exist
LINE 1: SELECT * FROM unit WHERE LEFT (id_unit, 1) in ('2','8')
                                       ^
HINT:  Perhaps you meant to reference the column &quot;unit.kd_unit&quot;. in /var/www/html/SIMRSHEBAT/system/Database/Postgre/Connection.php:147
Stack trace:
#0 [internal function]: CodeIgniter\Debug\Exceptions->errorHandler()
#1 /var/www/html/SIMRSHEBAT/system/Database/Postgre/Connection.php(147): pg_query()
#2 /var/www/html/SIMRSHEBAT/system/Database/BaseConnection.php(691): CodeIgniter\Database\Postgre\Connection->execute()
#3 /var/www/html/SIMRSHEBAT/system/Database/BaseConnection.php(605): CodeIgniter\Database\BaseConnection->simpleQuery()
#4 /var/www/html/SIMRSHEBAT/app/Controllers/Rekammedisirna.php(7484): CodeIgniter\Database\BaseConnection->query()
#5 /var/www/html/SIMRSHEBAT/system/CodeIgniter.php(934): App\Controllers\Rekammedisirna->getUnitRI()
#6 /var/www/html/SIMRSHEBAT/system/CodeIgniter.php(499): CodeIgniter\CodeIgniter->runController()
#7 /var/www/html/SIMRSHEBAT/system/CodeIgniter.php(368): CodeIgniter\CodeIgniter->handleRequest()
#8 /var/www/html/SIMRSHEBAT/index.php(67): CodeIgniter\CodeIgniter->run()
#9 {main}
CRITICAL - 2024-11-05 13:41:23 --> Call to a member function getRow() on bool
in APPPATH/Controllers/Rekammedisirna.php on line 1129.
 1 SYSTEMPATH/CodeIgniter.php(934): App\Controllers\Rekammedisirna->listpasienby()
 2 SYSTEMPATH/CodeIgniter.php(499): CodeIgniter\CodeIgniter->runController()
 3 SYSTEMPATH/CodeIgniter.php(368): CodeIgniter\CodeIgniter->handleRequest()
 4 FCPATH/index.php(67): CodeIgniter\CodeIgniter->run()
CRITICAL - 2024-11-05 13:41:23 --> Call to a member function getResult() on bool
in APPPATH/Controllers/Rekammedisirna.php on line 7484.
 1 SYSTEMPATH/CodeIgniter.php(934): App\Controllers\Rekammedisirna->getUnitRI()
 2 SYSTEMPATH/CodeIgniter.php(499): CodeIgniter\CodeIgniter->runController()
 3 SYSTEMPATH/CodeIgniter.php(368): CodeIgniter\CodeIgniter->handleRequest()
 4 FCPATH/index.php(67): CodeIgniter\CodeIgniter->run()
WARNING - 2024-11-05 13:42:12 --> [DEPRECATED] Creation of dynamic property App\Controllers\Laporan::$db is deprecated in APPPATH/Controllers/Api.php on line 8.
 1 SYSTEMPATH/CodeIgniter.php(906): App\Controllers\Api->__construct()
 2 SYSTEMPATH/CodeIgniter.php(490): CodeIgniter\CodeIgniter->createController()
 3 SYSTEMPATH/CodeIgniter.php(368): CodeIgniter\CodeIgniter->handleRequest(null, Object(Config\Cache), false)
 4 FCPATH/index.php(67): CodeIgniter\CodeIgniter->run()
WARNING - 2024-11-05 13:42:12 --> [DEPRECATED] Creation of dynamic property App\Controllers\Laporan::$simrs is deprecated in APPPATH/Controllers/Api.php on line 9.
 1 SYSTEMPATH/CodeIgniter.php(906): App\Controllers\Api->__construct()
 2 SYSTEMPATH/CodeIgniter.php(490): CodeIgniter\CodeIgniter->createController()
 3 SYSTEMPATH/CodeIgniter.php(368): CodeIgniter\CodeIgniter->handleRequest(null, Object(Config\Cache), false)
 4 FCPATH/index.php(67): CodeIgniter\CodeIgniter->run()
WARNING - 2024-11-05 13:42:12 --> [DEPRECATED] Creation of dynamic property App\Controllers\User::$db is deprecated in APPPATH/Controllers/Api.php on line 8.
 1 SYSTEMPATH/CodeIgniter.php(906): App\Controllers\Api->__construct()
 2 SYSTEMPATH/CodeIgniter.php(490): CodeIgniter\CodeIgniter->createController()
 3 SYSTEMPATH/CodeIgniter.php(368): CodeIgniter\CodeIgniter->handleRequest(null, Object(Config\Cache), false)
 4 FCPATH/index.php(67): CodeIgniter\CodeIgniter->run()
WARNING - 2024-11-05 13:42:12 --> [DEPRECATED] Creation of dynamic property App\Controllers\User::$simrs is deprecated in APPPATH/Controllers/Api.php on line 9.
 1 SYSTEMPATH/CodeIgniter.php(906): App\Controllers\Api->__construct()
 2 SYSTEMPATH/CodeIgniter.php(490): CodeIgniter\CodeIgniter->createController()
 3 SYSTEMPATH/CodeIgniter.php(368): CodeIgniter\CodeIgniter->handleRequest(null, Object(Config\Cache), false)
 4 FCPATH/index.php(67): CodeIgniter\CodeIgniter->run()
WARNING - 2024-11-05 13:42:18 --> [DEPRECATED] Creation of dynamic property App\Controllers\Rekammedisirna::$db is deprecated in APPPATH/Controllers/Api.php on line 8.
 1 SYSTEMPATH/CodeIgniter.php(906): App\Controllers\Api->__construct()
 2 SYSTEMPATH/CodeIgniter.php(490): CodeIgniter\CodeIgniter->createController()
 3 SYSTEMPATH/CodeIgniter.php(368): CodeIgniter\CodeIgniter->handleRequest(null, Object(Config\Cache), false)
 4 FCPATH/index.php(67): CodeIgniter\CodeIgniter->run()
WARNING - 2024-11-05 13:42:18 --> [DEPRECATED] Creation of dynamic property App\Controllers\Rekammedisirna::$simrs is deprecated in APPPATH/Controllers/Api.php on line 9.
 1 SYSTEMPATH/CodeIgniter.php(906): App\Controllers\Api->__construct()
 2 SYSTEMPATH/CodeIgniter.php(490): CodeIgniter\CodeIgniter->createController()
 3 SYSTEMPATH/CodeIgniter.php(368): CodeIgniter\CodeIgniter->handleRequest(null, Object(Config\Cache), false)
 4 FCPATH/index.php(67): CodeIgniter\CodeIgniter->run()
WARNING - 2024-11-05 13:42:18 --> [DEPRECATED] Creation of dynamic property App\Controllers\Rekammedisirna::$db is deprecated in APPPATH/Controllers/Api.php on line 8.
 1 SYSTEMPATH/CodeIgniter.php(906): App\Controllers\Api->__construct()
 2 SYSTEMPATH/CodeIgniter.php(490): CodeIgniter\CodeIgniter->createController()
 3 SYSTEMPATH/CodeIgniter.php(368): CodeIgniter\CodeIgniter->handleRequest(null, Object(Config\Cache), false)
 4 FCPATH/index.php(67): CodeIgniter\CodeIgniter->run()
WARNING - 2024-11-05 13:42:18 --> [DEPRECATED] Creation of dynamic property App\Controllers\Rekammedisirna::$simrs is deprecated in APPPATH/Controllers/Api.php on line 9.
 1 SYSTEMPATH/CodeIgniter.php(906): App\Controllers\Api->__construct()
 2 SYSTEMPATH/CodeIgniter.php(490): CodeIgniter\CodeIgniter->createController()
 3 SYSTEMPATH/CodeIgniter.php(368): CodeIgniter\CodeIgniter->handleRequest(null, Object(Config\Cache), false)
 4 FCPATH/index.php(67): CodeIgniter\CodeIgniter->run()
WARNING - 2024-11-05 13:42:18 --> [DEPRECATED] Creation of dynamic property App\Controllers\Rekammedisirna::$db is deprecated in APPPATH/Controllers/Api.php on line 8.
 1 SYSTEMPATH/CodeIgniter.php(906): App\Controllers\Api->__construct()
 2 SYSTEMPATH/CodeIgniter.php(490): CodeIgniter\CodeIgniter->createController()
 3 SYSTEMPATH/CodeIgniter.php(368): CodeIgniter\CodeIgniter->handleRequest(null, Object(Config\Cache), false)
 4 FCPATH/index.php(67): CodeIgniter\CodeIgniter->run()
WARNING - 2024-11-05 13:42:18 --> [DEPRECATED] Creation of dynamic property App\Controllers\Rekammedisirna::$simrs is deprecated in APPPATH/Controllers/Api.php on line 9.
 1 SYSTEMPATH/CodeIgniter.php(906): App\Controllers\Api->__construct()
 2 SYSTEMPATH/CodeIgniter.php(490): CodeIgniter\CodeIgniter->createController()
 3 SYSTEMPATH/CodeIgniter.php(368): CodeIgniter\CodeIgniter->handleRequest(null, Object(Config\Cache), false)
 4 FCPATH/index.php(67): CodeIgniter\CodeIgniter->run()
ERROR - 2024-11-05 13:42:19 --> ErrorException: pg_query(): Query failed: ERROR:  column &quot;jenis_pegawai&quot; does not exist
LINE 1: select jenis_pegawai from pegawai where id_pegawai= 155 
               ^ in /var/www/html/SIMRSHEBAT/system/Database/Postgre/Connection.php:147
Stack trace:
#0 [internal function]: CodeIgniter\Debug\Exceptions->errorHandler()
#1 /var/www/html/SIMRSHEBAT/system/Database/Postgre/Connection.php(147): pg_query()
#2 /var/www/html/SIMRSHEBAT/system/Database/BaseConnection.php(691): CodeIgniter\Database\Postgre\Connection->execute()
#3 /var/www/html/SIMRSHEBAT/system/Database/BaseConnection.php(605): CodeIgniter\Database\BaseConnection->simpleQuery()
#4 /var/www/html/SIMRSHEBAT/app/Controllers/Rekammedisirna.php(1129): CodeIgniter\Database\BaseConnection->query()
#5 /var/www/html/SIMRSHEBAT/system/CodeIgniter.php(934): App\Controllers\Rekammedisirna->listpasienby()
#6 /var/www/html/SIMRSHEBAT/system/CodeIgniter.php(499): CodeIgniter\CodeIgniter->runController()
#7 /var/www/html/SIMRSHEBAT/system/CodeIgniter.php(368): CodeIgniter\CodeIgniter->handleRequest()
#8 /var/www/html/SIMRSHEBAT/index.php(67): CodeIgniter\CodeIgniter->run()
#9 {main}
CRITICAL - 2024-11-05 13:42:19 --> Call to a member function getRow() on bool
in APPPATH/Controllers/Rekammedisirna.php on line 1129.
 1 SYSTEMPATH/CodeIgniter.php(934): App\Controllers\Rekammedisirna->listpasienby()
 2 SYSTEMPATH/CodeIgniter.php(499): CodeIgniter\CodeIgniter->runController()
 3 SYSTEMPATH/CodeIgniter.php(368): CodeIgniter\CodeIgniter->handleRequest()
 4 FCPATH/index.php(67): CodeIgniter\CodeIgniter->run()
ERROR - 2024-11-05 13:42:19 --> ErrorException: pg_query(): Query failed: ERROR:  column &quot;id_unit&quot; does not exist
LINE 1: SELECT * FROM unit WHERE LEFT (id_unit, 1) in ('2','8')
                                       ^
HINT:  Perhaps you meant to reference the column &quot;unit.kd_unit&quot;. in /var/www/html/SIMRSHEBAT/system/Database/Postgre/Connection.php:147
Stack trace:
#0 [internal function]: CodeIgniter\Debug\Exceptions->errorHandler()
#1 /var/www/html/SIMRSHEBAT/system/Database/Postgre/Connection.php(147): pg_query()
#2 /var/www/html/SIMRSHEBAT/system/Database/BaseConnection.php(691): CodeIgniter\Database\Postgre\Connection->execute()
#3 /var/www/html/SIMRSHEBAT/system/Database/BaseConnection.php(605): CodeIgniter\Database\BaseConnection->simpleQuery()
#4 /var/www/html/SIMRSHEBAT/app/Controllers/Rekammedisirna.php(7484): CodeIgniter\Database\BaseConnection->query()
#5 /var/www/html/SIMRSHEBAT/system/CodeIgniter.php(934): App\Controllers\Rekammedisirna->getUnitRI()
#6 /var/www/html/SIMRSHEBAT/system/CodeIgniter.php(499): CodeIgniter\CodeIgniter->runController()
#7 /var/www/html/SIMRSHEBAT/system/CodeIgniter.php(368): CodeIgniter\CodeIgniter->handleRequest()
#8 /var/www/html/SIMRSHEBAT/index.php(67): CodeIgniter\CodeIgniter->run()
#9 {main}
CRITICAL - 2024-11-05 13:42:19 --> Call to a member function getResult() on bool
in APPPATH/Controllers/Rekammedisirna.php on line 7484.
 1 SYSTEMPATH/CodeIgniter.php(934): App\Controllers\Rekammedisirna->getUnitRI()
 2 SYSTEMPATH/CodeIgniter.php(499): CodeIgniter\CodeIgniter->runController()
 3 SYSTEMPATH/CodeIgniter.php(368): CodeIgniter\CodeIgniter->handleRequest()
 4 FCPATH/index.php(67): CodeIgniter\CodeIgniter->run()
WARNING - 2024-11-05 13:43:32 --> [DEPRECATED] Creation of dynamic property App\Controllers\Laporan::$db is deprecated in APPPATH/Controllers/Api.php on line 8.
 1 SYSTEMPATH/CodeIgniter.php(906): App\Controllers\Api->__construct()
 2 SYSTEMPATH/CodeIgniter.php(490): CodeIgniter\CodeIgniter->createController()
 3 SYSTEMPATH/CodeIgniter.php(368): CodeIgniter\CodeIgniter->handleRequest(null, Object(Config\Cache), false)
 4 FCPATH/index.php(67): CodeIgniter\CodeIgniter->run()
WARNING - 2024-11-05 13:43:32 --> [DEPRECATED] Creation of dynamic property App\Controllers\Laporan::$simrs is deprecated in APPPATH/Controllers/Api.php on line 9.
 1 SYSTEMPATH/CodeIgniter.php(906): App\Controllers\Api->__construct()
 2 SYSTEMPATH/CodeIgniter.php(490): CodeIgniter\CodeIgniter->createController()
 3 SYSTEMPATH/CodeIgniter.php(368): CodeIgniter\CodeIgniter->handleRequest(null, Object(Config\Cache), false)
 4 FCPATH/index.php(67): CodeIgniter\CodeIgniter->run()
WARNING - 2024-11-05 13:43:32 --> [DEPRECATED] Creation of dynamic property App\Controllers\User::$db is deprecated in APPPATH/Controllers/Api.php on line 8.
 1 SYSTEMPATH/CodeIgniter.php(906): App\Controllers\Api->__construct()
 2 SYSTEMPATH/CodeIgniter.php(490): CodeIgniter\CodeIgniter->createController()
 3 SYSTEMPATH/CodeIgniter.php(368): CodeIgniter\CodeIgniter->handleRequest(null, Object(Config\Cache), false)
 4 FCPATH/index.php(67): CodeIgniter\CodeIgniter->run()
WARNING - 2024-11-05 13:43:32 --> [DEPRECATED] Creation of dynamic property App\Controllers\User::$simrs is deprecated in APPPATH/Controllers/Api.php on line 9.
 1 SYSTEMPATH/CodeIgniter.php(906): App\Controllers\Api->__construct()
 2 SYSTEMPATH/CodeIgniter.php(490): CodeIgniter\CodeIgniter->createController()
 3 SYSTEMPATH/CodeIgniter.php(368): CodeIgniter\CodeIgniter->handleRequest(null, Object(Config\Cache), false)
 4 FCPATH/index.php(67): CodeIgniter\CodeIgniter->run()
WARNING - 2024-11-05 13:43:38 --> [DEPRECATED] Creation of dynamic property App\Controllers\Rekammedisirna::$db is deprecated in APPPATH/Controllers/Api.php on line 8.
 1 SYSTEMPATH/CodeIgniter.php(906): App\Controllers\Api->__construct()
 2 SYSTEMPATH/CodeIgniter.php(490): CodeIgniter\CodeIgniter->createController()
 3 SYSTEMPATH/CodeIgniter.php(368): CodeIgniter\CodeIgniter->handleRequest(null, Object(Config\Cache), false)
 4 FCPATH/index.php(67): CodeIgniter\CodeIgniter->run()
WARNING - 2024-11-05 13:43:38 --> [DEPRECATED] Creation of dynamic property App\Controllers\Rekammedisirna::$simrs is deprecated in APPPATH/Controllers/Api.php on line 9.
 1 SYSTEMPATH/CodeIgniter.php(906): App\Controllers\Api->__construct()
 2 SYSTEMPATH/CodeIgniter.php(490): CodeIgniter\CodeIgniter->createController()
 3 SYSTEMPATH/CodeIgniter.php(368): CodeIgniter\CodeIgniter->handleRequest(null, Object(Config\Cache), false)
 4 FCPATH/index.php(67): CodeIgniter\CodeIgniter->run()
WARNING - 2024-11-05 13:43:38 --> [DEPRECATED] Creation of dynamic property App\Controllers\Rekammedisirna::$db is deprecated in APPPATH/Controllers/Api.php on line 8.
 1 SYSTEMPATH/CodeIgniter.php(906): App\Controllers\Api->__construct()
 2 SYSTEMPATH/CodeIgniter.php(490): CodeIgniter\CodeIgniter->createController()
 3 SYSTEMPATH/CodeIgniter.php(368): CodeIgniter\CodeIgniter->handleRequest(null, Object(Config\Cache), false)
 4 FCPATH/index.php(67): CodeIgniter\CodeIgniter->run()
WARNING - 2024-11-05 13:43:38 --> [DEPRECATED] Creation of dynamic property App\Controllers\Rekammedisirna::$simrs is deprecated in APPPATH/Controllers/Api.php on line 9.
 1 SYSTEMPATH/CodeIgniter.php(906): App\Controllers\Api->__construct()
 2 SYSTEMPATH/CodeIgniter.php(490): CodeIgniter\CodeIgniter->createController()
 3 SYSTEMPATH/CodeIgniter.php(368): CodeIgniter\CodeIgniter->handleRequest(null, Object(Config\Cache), false)
 4 FCPATH/index.php(67): CodeIgniter\CodeIgniter->run()
WARNING - 2024-11-05 13:43:38 --> [DEPRECATED] Creation of dynamic property App\Controllers\Rekammedisirna::$db is deprecated in APPPATH/Controllers/Api.php on line 8.
 1 SYSTEMPATH/CodeIgniter.php(906): App\Controllers\Api->__construct()
 2 SYSTEMPATH/CodeIgniter.php(490): CodeIgniter\CodeIgniter->createController()
 3 SYSTEMPATH/CodeIgniter.php(368): CodeIgniter\CodeIgniter->handleRequest(null, Object(Config\Cache), false)
 4 FCPATH/index.php(67): CodeIgniter\CodeIgniter->run()
WARNING - 2024-11-05 13:43:38 --> [DEPRECATED] Creation of dynamic property App\Controllers\Rekammedisirna::$simrs is deprecated in APPPATH/Controllers/Api.php on line 9.
 1 SYSTEMPATH/CodeIgniter.php(906): App\Controllers\Api->__construct()
 2 SYSTEMPATH/CodeIgniter.php(490): CodeIgniter\CodeIgniter->createController()
 3 SYSTEMPATH/CodeIgniter.php(368): CodeIgniter\CodeIgniter->handleRequest(null, Object(Config\Cache), false)
 4 FCPATH/index.php(67): CodeIgniter\CodeIgniter->run()
ERROR - 2024-11-05 13:43:38 --> ErrorException: pg_query(): Query failed: ERROR:  column &quot;jenis_pegawai&quot; does not exist
LINE 1: select jenis_pegawai from pegawai where id_pegawai= 155 
               ^ in /var/www/html/SIMRSHEBAT/system/Database/Postgre/Connection.php:147
Stack trace:
#0 [internal function]: CodeIgniter\Debug\Exceptions->errorHandler()
#1 /var/www/html/SIMRSHEBAT/system/Database/Postgre/Connection.php(147): pg_query()
#2 /var/www/html/SIMRSHEBAT/system/Database/BaseConnection.php(691): CodeIgniter\Database\Postgre\Connection->execute()
#3 /var/www/html/SIMRSHEBAT/system/Database/BaseConnection.php(605): CodeIgniter\Database\BaseConnection->simpleQuery()
#4 /var/www/html/SIMRSHEBAT/app/Controllers/Rekammedisirna.php(1129): CodeIgniter\Database\BaseConnection->query()
#5 /var/www/html/SIMRSHEBAT/system/CodeIgniter.php(934): App\Controllers\Rekammedisirna->listpasienby()
#6 /var/www/html/SIMRSHEBAT/system/CodeIgniter.php(499): CodeIgniter\CodeIgniter->runController()
#7 /var/www/html/SIMRSHEBAT/system/CodeIgniter.php(368): CodeIgniter\CodeIgniter->handleRequest()
#8 /var/www/html/SIMRSHEBAT/index.php(67): CodeIgniter\CodeIgniter->run()
#9 {main}
ERROR - 2024-11-05 13:43:38 --> ErrorException: pg_query(): Query failed: ERROR:  column &quot;id_unit&quot; does not exist
LINE 1: SELECT * FROM unit WHERE LEFT (id_unit, 1) in ('2','8')
                                       ^
HINT:  Perhaps you meant to reference the column &quot;unit.kd_unit&quot;. in /var/www/html/SIMRSHEBAT/system/Database/Postgre/Connection.php:147
Stack trace:
#0 [internal function]: CodeIgniter\Debug\Exceptions->errorHandler()
#1 /var/www/html/SIMRSHEBAT/system/Database/Postgre/Connection.php(147): pg_query()
#2 /var/www/html/SIMRSHEBAT/system/Database/BaseConnection.php(691): CodeIgniter\Database\Postgre\Connection->execute()
#3 /var/www/html/SIMRSHEBAT/system/Database/BaseConnection.php(605): CodeIgniter\Database\BaseConnection->simpleQuery()
#4 /var/www/html/SIMRSHEBAT/app/Controllers/Rekammedisirna.php(7484): CodeIgniter\Database\BaseConnection->query()
#5 /var/www/html/SIMRSHEBAT/system/CodeIgniter.php(934): App\Controllers\Rekammedisirna->getUnitRI()
#6 /var/www/html/SIMRSHEBAT/system/CodeIgniter.php(499): CodeIgniter\CodeIgniter->runController()
#7 /var/www/html/SIMRSHEBAT/system/CodeIgniter.php(368): CodeIgniter\CodeIgniter->handleRequest()
#8 /var/www/html/SIMRSHEBAT/index.php(67): CodeIgniter\CodeIgniter->run()
#9 {main}
CRITICAL - 2024-11-05 13:43:38 --> Call to a member function getRow() on bool
in APPPATH/Controllers/Rekammedisirna.php on line 1129.
 1 SYSTEMPATH/CodeIgniter.php(934): App\Controllers\Rekammedisirna->listpasienby()
 2 SYSTEMPATH/CodeIgniter.php(499): CodeIgniter\CodeIgniter->runController()
 3 SYSTEMPATH/CodeIgniter.php(368): CodeIgniter\CodeIgniter->handleRequest()
 4 FCPATH/index.php(67): CodeIgniter\CodeIgniter->run()
CRITICAL - 2024-11-05 13:43:38 --> Call to a member function getResult() on bool
in APPPATH/Controllers/Rekammedisirna.php on line 7484.
 1 SYSTEMPATH/CodeIgniter.php(934): App\Controllers\Rekammedisirna->getUnitRI()
 2 SYSTEMPATH/CodeIgniter.php(499): CodeIgniter\CodeIgniter->runController()
 3 SYSTEMPATH/CodeIgniter.php(368): CodeIgniter\CodeIgniter->handleRequest()
 4 FCPATH/index.php(67): CodeIgniter\CodeIgniter->run()
WARNING - 2024-11-05 13:45:18 --> [DEPRECATED] Creation of dynamic property App\Controllers\Laporan::$db is deprecated in APPPATH/Controllers/Api.php on line 8.
 1 SYSTEMPATH/CodeIgniter.php(906): App\Controllers\Api->__construct()
 2 SYSTEMPATH/CodeIgniter.php(490): CodeIgniter\CodeIgniter->createController()
 3 SYSTEMPATH/CodeIgniter.php(368): CodeIgniter\CodeIgniter->handleRequest(null, Object(Config\Cache), false)
 4 FCPATH/index.php(67): CodeIgniter\CodeIgniter->run()
WARNING - 2024-11-05 13:45:18 --> [DEPRECATED] Creation of dynamic property App\Controllers\Laporan::$simrs is deprecated in APPPATH/Controllers/Api.php on line 9.
 1 SYSTEMPATH/CodeIgniter.php(906): App\Controllers\Api->__construct()
 2 SYSTEMPATH/CodeIgniter.php(490): CodeIgniter\CodeIgniter->createController()
 3 SYSTEMPATH/CodeIgniter.php(368): CodeIgniter\CodeIgniter->handleRequest(null, Object(Config\Cache), false)
 4 FCPATH/index.php(67): CodeIgniter\CodeIgniter->run()
WARNING - 2024-11-05 13:45:18 --> [DEPRECATED] Creation of dynamic property App\Controllers\User::$db is deprecated in APPPATH/Controllers/Api.php on line 8.
 1 SYSTEMPATH/CodeIgniter.php(906): App\Controllers\Api->__construct()
 2 SYSTEMPATH/CodeIgniter.php(490): CodeIgniter\CodeIgniter->createController()
 3 SYSTEMPATH/CodeIgniter.php(368): CodeIgniter\CodeIgniter->handleRequest(null, Object(Config\Cache), false)
 4 FCPATH/index.php(67): CodeIgniter\CodeIgniter->run()
WARNING - 2024-11-05 13:45:18 --> [DEPRECATED] Creation of dynamic property App\Controllers\User::$simrs is deprecated in APPPATH/Controllers/Api.php on line 9.
 1 SYSTEMPATH/CodeIgniter.php(906): App\Controllers\Api->__construct()
 2 SYSTEMPATH/CodeIgniter.php(490): CodeIgniter\CodeIgniter->createController()
 3 SYSTEMPATH/CodeIgniter.php(368): CodeIgniter\CodeIgniter->handleRequest(null, Object(Config\Cache), false)
 4 FCPATH/index.php(67): CodeIgniter\CodeIgniter->run()
WARNING - 2024-11-05 13:45:25 --> [DEPRECATED] Creation of dynamic property App\Controllers\Rekammedisirna::$db is deprecated in APPPATH/Controllers/Api.php on line 8.
 1 SYSTEMPATH/CodeIgniter.php(906): App\Controllers\Api->__construct()
 2 SYSTEMPATH/CodeIgniter.php(490): CodeIgniter\CodeIgniter->createController()
 3 SYSTEMPATH/CodeIgniter.php(368): CodeIgniter\CodeIgniter->handleRequest(null, Object(Config\Cache), false)
 4 FCPATH/index.php(67): CodeIgniter\CodeIgniter->run()
WARNING - 2024-11-05 13:45:25 --> [DEPRECATED] Creation of dynamic property App\Controllers\Rekammedisirna::$simrs is deprecated in APPPATH/Controllers/Api.php on line 9.
 1 SYSTEMPATH/CodeIgniter.php(906): App\Controllers\Api->__construct()
 2 SYSTEMPATH/CodeIgniter.php(490): CodeIgniter\CodeIgniter->createController()
 3 SYSTEMPATH/CodeIgniter.php(368): CodeIgniter\CodeIgniter->handleRequest(null, Object(Config\Cache), false)
 4 FCPATH/index.php(67): CodeIgniter\CodeIgniter->run()
WARNING - 2024-11-05 13:45:25 --> [DEPRECATED] Creation of dynamic property App\Controllers\Rekammedisirna::$db is deprecated in APPPATH/Controllers/Api.php on line 8.
 1 SYSTEMPATH/CodeIgniter.php(906): App\Controllers\Api->__construct()
 2 SYSTEMPATH/CodeIgniter.php(490): CodeIgniter\CodeIgniter->createController()
 3 SYSTEMPATH/CodeIgniter.php(368): CodeIgniter\CodeIgniter->handleRequest(null, Object(Config\Cache), false)
 4 FCPATH/index.php(67): CodeIgniter\CodeIgniter->run()
WARNING - 2024-11-05 13:45:25 --> [DEPRECATED] Creation of dynamic property App\Controllers\Rekammedisirna::$db is deprecated in APPPATH/Controllers/Api.php on line 8.
 1 SYSTEMPATH/CodeIgniter.php(906): App\Controllers\Api->__construct()
 2 SYSTEMPATH/CodeIgniter.php(490): CodeIgniter\CodeIgniter->createController()
 3 SYSTEMPATH/CodeIgniter.php(368): CodeIgniter\CodeIgniter->handleRequest(null, Object(Config\Cache), false)
 4 FCPATH/index.php(67): CodeIgniter\CodeIgniter->run()
WARNING - 2024-11-05 13:45:25 --> [DEPRECATED] Creation of dynamic property App\Controllers\Rekammedisirna::$simrs is deprecated in APPPATH/Controllers/Api.php on line 9.
 1 SYSTEMPATH/CodeIgniter.php(906): App\Controllers\Api->__construct()
 2 SYSTEMPATH/CodeIgniter.php(490): CodeIgniter\CodeIgniter->createController()
 3 SYSTEMPATH/CodeIgniter.php(368): CodeIgniter\CodeIgniter->handleRequest(null, Object(Config\Cache), false)
 4 FCPATH/index.php(67): CodeIgniter\CodeIgniter->run()
WARNING - 2024-11-05 13:45:25 --> [DEPRECATED] Creation of dynamic property App\Controllers\Rekammedisirna::$simrs is deprecated in APPPATH/Controllers/Api.php on line 9.
 1 SYSTEMPATH/CodeIgniter.php(906): App\Controllers\Api->__construct()
 2 SYSTEMPATH/CodeIgniter.php(490): CodeIgniter\CodeIgniter->createController()
 3 SYSTEMPATH/CodeIgniter.php(368): CodeIgniter\CodeIgniter->handleRequest(null, Object(Config\Cache), false)
 4 FCPATH/index.php(67): CodeIgniter\CodeIgniter->run()
ERROR - 2024-11-05 13:45:25 --> ErrorException: pg_query(): Query failed: ERROR:  column &quot;id_unit&quot; does not exist
LINE 1: SELECT * FROM unit WHERE LEFT (id_unit, 1) in ('2','8')
                                       ^
HINT:  Perhaps you meant to reference the column &quot;unit.kd_unit&quot;. in /var/www/html/SIMRSHEBAT/system/Database/Postgre/Connection.php:147
Stack trace:
#0 [internal function]: CodeIgniter\Debug\Exceptions->errorHandler()
#1 /var/www/html/SIMRSHEBAT/system/Database/Postgre/Connection.php(147): pg_query()
#2 /var/www/html/SIMRSHEBAT/system/Database/BaseConnection.php(691): CodeIgniter\Database\Postgre\Connection->execute()
#3 /var/www/html/SIMRSHEBAT/system/Database/BaseConnection.php(605): CodeIgniter\Database\BaseConnection->simpleQuery()
#4 /var/www/html/SIMRSHEBAT/app/Controllers/Rekammedisirna.php(7484): CodeIgniter\Database\BaseConnection->query()
#5 /var/www/html/SIMRSHEBAT/system/CodeIgniter.php(934): App\Controllers\Rekammedisirna->getUnitRI()
#6 /var/www/html/SIMRSHEBAT/system/CodeIgniter.php(499): CodeIgniter\CodeIgniter->runController()
#7 /var/www/html/SIMRSHEBAT/system/CodeIgniter.php(368): CodeIgniter\CodeIgniter->handleRequest()
#8 /var/www/html/SIMRSHEBAT/index.php(67): CodeIgniter\CodeIgniter->run()
#9 {main}
CRITICAL - 2024-11-05 13:45:25 --> Call to a member function getResult() on bool
in APPPATH/Controllers/Rekammedisirna.php on line 7484.
 1 SYSTEMPATH/CodeIgniter.php(934): App\Controllers\Rekammedisirna->getUnitRI()
 2 SYSTEMPATH/CodeIgniter.php(499): CodeIgniter\CodeIgniter->runController()
 3 SYSTEMPATH/CodeIgniter.php(368): CodeIgniter\CodeIgniter->handleRequest()
 4 FCPATH/index.php(67): CodeIgniter\CodeIgniter->run()
WARNING - 2024-11-05 13:48:06 --> [DEPRECATED] Creation of dynamic property App\Controllers\Rawatjalan::$db is deprecated in APPPATH/Controllers/Api.php on line 8.
 1 SYSTEMPATH/CodeIgniter.php(906): App\Controllers\Api->__construct()
 2 SYSTEMPATH/CodeIgniter.php(490): CodeIgniter\CodeIgniter->createController()
 3 SYSTEMPATH/CodeIgniter.php(368): CodeIgniter\CodeIgniter->handleRequest(null, Object(Config\Cache), false)
 4 FCPATH/index.php(67): CodeIgniter\CodeIgniter->run()
WARNING - 2024-11-05 13:48:06 --> [DEPRECATED] Creation of dynamic property App\Controllers\Rekammedisirja::$db is deprecated in APPPATH/Controllers/Api.php on line 8.
 1 SYSTEMPATH/CodeIgniter.php(906): App\Controllers\Api->__construct()
 2 SYSTEMPATH/CodeIgniter.php(490): CodeIgniter\CodeIgniter->createController()
 3 SYSTEMPATH/CodeIgniter.php(368): CodeIgniter\CodeIgniter->handleRequest(null, Object(Config\Cache), false)
 4 FCPATH/index.php(67): CodeIgniter\CodeIgniter->run()
WARNING - 2024-11-05 13:48:06 --> [DEPRECATED] Creation of dynamic property App\Controllers\Rekammedisirja::$db is deprecated in APPPATH/Controllers/Api.php on line 8.
 1 SYSTEMPATH/CodeIgniter.php(906): App\Controllers\Api->__construct()
 2 SYSTEMPATH/CodeIgniter.php(490): CodeIgniter\CodeIgniter->createController()
 3 SYSTEMPATH/CodeIgniter.php(368): CodeIgniter\CodeIgniter->handleRequest(null, Object(Config\Cache), false)
 4 FCPATH/index.php(67): CodeIgniter\CodeIgniter->run()
WARNING - 2024-11-05 13:48:06 --> [DEPRECATED] Creation of dynamic property App\Controllers\Rawatjalan::$simrs is deprecated in APPPATH/Controllers/Api.php on line 9.
 1 SYSTEMPATH/CodeIgniter.php(906): App\Controllers\Api->__construct()
 2 SYSTEMPATH/CodeIgniter.php(490): CodeIgniter\CodeIgniter->createController()
 3 SYSTEMPATH/CodeIgniter.php(368): CodeIgniter\CodeIgniter->handleRequest(null, Object(Config\Cache), false)
 4 FCPATH/index.php(67): CodeIgniter\CodeIgniter->run()
WARNING - 2024-11-05 13:48:06 --> [DEPRECATED] Creation of dynamic property App\Controllers\Rekammedisirja::$simrs is deprecated in APPPATH/Controllers/Api.php on line 9.
 1 SYSTEMPATH/CodeIgniter.php(906): App\Controllers\Api->__construct()
 2 SYSTEMPATH/CodeIgniter.php(490): CodeIgniter\CodeIgniter->createController()
 3 SYSTEMPATH/CodeIgniter.php(368): CodeIgniter\CodeIgniter->handleRequest(null, Object(Config\Cache), false)
 4 FCPATH/index.php(67): CodeIgniter\CodeIgniter->run()
WARNING - 2024-11-05 13:48:06 --> [DEPRECATED] Creation of dynamic property App\Controllers\Rekammedisirja::$simrs is deprecated in APPPATH/Controllers/Api.php on line 9.
 1 SYSTEMPATH/CodeIgniter.php(906): App\Controllers\Api->__construct()
 2 SYSTEMPATH/CodeIgniter.php(490): CodeIgniter\CodeIgniter->createController()
 3 SYSTEMPATH/CodeIgniter.php(368): CodeIgniter\CodeIgniter->handleRequest(null, Object(Config\Cache), false)
 4 FCPATH/index.php(67): CodeIgniter\CodeIgniter->run()
ERROR - 2024-11-05 13:48:06 --> ErrorException: pg_query(): Query failed: ERROR:  column &quot;jenis_pegawai&quot; does not exist
LINE 1: SELECT * FROM pegawai where jenis_pegawai='1'
                                    ^ in /var/www/html/SIMRSHEBAT/system/Database/Postgre/Connection.php:147
Stack trace:
#0 [internal function]: CodeIgniter\Debug\Exceptions->errorHandler()
#1 /var/www/html/SIMRSHEBAT/system/Database/Postgre/Connection.php(147): pg_query()
#2 /var/www/html/SIMRSHEBAT/system/Database/BaseConnection.php(691): CodeIgniter\Database\Postgre\Connection->execute()
#3 /var/www/html/SIMRSHEBAT/system/Database/BaseConnection.php(605): CodeIgniter\Database\BaseConnection->simpleQuery()
#4 /var/www/html/SIMRSHEBAT/app/Controllers/Rawatjalan.php(32): CodeIgniter\Database\BaseConnection->query()
#5 /var/www/html/SIMRSHEBAT/system/CodeIgniter.php(934): App\Controllers\Rawatjalan->pegawai()
#6 /var/www/html/SIMRSHEBAT/system/CodeIgniter.php(499): CodeIgniter\CodeIgniter->runController()
#7 /var/www/html/SIMRSHEBAT/system/CodeIgniter.php(368): CodeIgniter\CodeIgniter->handleRequest()
#8 /var/www/html/SIMRSHEBAT/index.php(67): CodeIgniter\CodeIgniter->run()
#9 {main}
CRITICAL - 2024-11-05 13:48:06 --> Call to a member function getResult() on bool
in APPPATH/Controllers/Rawatjalan.php on line 35.
 1 SYSTEMPATH/CodeIgniter.php(934): App\Controllers\Rawatjalan->pegawai()
 2 SYSTEMPATH/CodeIgniter.php(499): CodeIgniter\CodeIgniter->runController()
 3 SYSTEMPATH/CodeIgniter.php(368): CodeIgniter\CodeIgniter->handleRequest()
 4 FCPATH/index.php(67): CodeIgniter\CodeIgniter->run()
ERROR - 2024-11-05 13:48:06 --> ErrorException: pg_query(): Query failed: ERROR:  column &quot;id_penyakit&quot; specified in USING clause does not exist in left table in /var/www/html/SIMRSHEBAT/system/Database/Postgre/Connection.php:147
Stack trace:
#0 [internal function]: CodeIgniter\Debug\Exceptions->errorHandler()
#1 /var/www/html/SIMRSHEBAT/system/Database/Postgre/Connection.php(147): pg_query()
#2 /var/www/html/SIMRSHEBAT/system/Database/BaseConnection.php(691): CodeIgniter\Database\Postgre\Connection->execute()
#3 /var/www/html/SIMRSHEBAT/app/Controllers/Rekammedisirja.php(453): CodeIgniter\Database\BaseConnection->simpleQuery()
#4 /var/www/html/SIMRSHEBAT/system/CodeIgniter.php(934): App\Controllers\Rekammedisirja->datamrpenyakitirja()
#5 /var/www/html/SIMRSHEBAT/system/CodeIgniter.php(499): CodeIgniter\CodeIgniter->runController()
#6 /var/www/html/SIMRSHEBAT/system/CodeIgniter.php(368): CodeIgniter\CodeIgniter->handleRequest()
#7 /var/www/html/SIMRSHEBAT/index.php(67): CodeIgniter\CodeIgniter->run()
#8 {main}
ERROR - 2024-11-05 13:48:06 --> ErrorException: pg_query(): Query failed: ERROR:  column &quot;id_kunjungan&quot; does not exist
LINE 2: ...mr_tindakan inner join icd_9 USING(kd_icd9) where id_kunjung...
                                                             ^ in /var/www/html/SIMRSHEBAT/system/Database/Postgre/Connection.php:147
Stack trace:
#0 [internal function]: CodeIgniter\Debug\Exceptions->errorHandler()
#1 /var/www/html/SIMRSHEBAT/system/Database/Postgre/Connection.php(147): pg_query()
#2 /var/www/html/SIMRSHEBAT/system/Database/BaseConnection.php(691): CodeIgniter\Database\Postgre\Connection->execute()
#3 /var/www/html/SIMRSHEBAT/app/Controllers/Rekammedisirja.php(411): CodeIgniter\Database\BaseConnection->simpleQuery()
#4 /var/www/html/SIMRSHEBAT/system/CodeIgniter.php(934): App\Controllers\Rekammedisirja->datamricd9irja()
#5 /var/www/html/SIMRSHEBAT/system/CodeIgniter.php(499): CodeIgniter\CodeIgniter->runController()
#6 /var/www/html/SIMRSHEBAT/system/CodeIgniter.php(368): CodeIgniter\CodeIgniter->handleRequest()
#7 /var/www/html/SIMRSHEBAT/index.php(67): CodeIgniter\CodeIgniter->run()
#8 {main}
WARNING - 2024-11-05 13:48:06 --> [DEPRECATED] Creation of dynamic property App\Controllers\Lab::$db is deprecated in APPPATH/Controllers/Api.php on line 8.
 1 SYSTEMPATH/CodeIgniter.php(906): App\Controllers\Api->__construct()
 2 SYSTEMPATH/CodeIgniter.php(490): CodeIgniter\CodeIgniter->createController()
 3 SYSTEMPATH/CodeIgniter.php(368): CodeIgniter\CodeIgniter->handleRequest(null, Object(Config\Cache), false)
 4 FCPATH/index.php(67): CodeIgniter\CodeIgniter->run()
WARNING - 2024-11-05 13:48:06 --> [DEPRECATED] Creation of dynamic property App\Controllers\Lab::$simrs is deprecated in APPPATH/Controllers/Api.php on line 9.
 1 SYSTEMPATH/CodeIgniter.php(906): App\Controllers\Api->__construct()
 2 SYSTEMPATH/CodeIgniter.php(490): CodeIgniter\CodeIgniter->createController()
 3 SYSTEMPATH/CodeIgniter.php(368): CodeIgniter\CodeIgniter->handleRequest(null, Object(Config\Cache), false)
 4 FCPATH/index.php(67): CodeIgniter\CodeIgniter->run()
WARNING - 2024-11-05 13:48:06 --> [DEPRECATED] Creation of dynamic property App\Controllers\Lab::$db is deprecated in APPPATH/Controllers/Api.php on line 8.
 1 SYSTEMPATH/CodeIgniter.php(906): App\Controllers\Api->__construct()
 2 SYSTEMPATH/CodeIgniter.php(490): CodeIgniter\CodeIgniter->createController()
 3 SYSTEMPATH/CodeIgniter.php(368): CodeIgniter\CodeIgniter->handleRequest(null, Object(Config\Cache), false)
 4 FCPATH/index.php(67): CodeIgniter\CodeIgniter->run()
WARNING - 2024-11-05 13:48:06 --> [DEPRECATED] Creation of dynamic property App\Controllers\Lab::$simrs is deprecated in APPPATH/Controllers/Api.php on line 9.
 1 SYSTEMPATH/CodeIgniter.php(906): App\Controllers\Api->__construct()
 2 SYSTEMPATH/CodeIgniter.php(490): CodeIgniter\CodeIgniter->createController()
 3 SYSTEMPATH/CodeIgniter.php(368): CodeIgniter\CodeIgniter->handleRequest(null, Object(Config\Cache), false)
 4 FCPATH/index.php(67): CodeIgniter\CodeIgniter->run()
WARNING - 2024-11-05 13:48:06 --> [DEPRECATED] Creation of dynamic property App\Controllers\Lab::$db is deprecated in APPPATH/Controllers/Api.php on line 8.
 1 SYSTEMPATH/CodeIgniter.php(906): App\Controllers\Api->__construct()
 2 SYSTEMPATH/CodeIgniter.php(490): CodeIgniter\CodeIgniter->createController()
 3 SYSTEMPATH/CodeIgniter.php(368): CodeIgniter\CodeIgniter->handleRequest(null, Object(Config\Cache), false)
 4 FCPATH/index.php(67): CodeIgniter\CodeIgniter->run()
WARNING - 2024-11-05 13:48:06 --> [DEPRECATED] Creation of dynamic property App\Controllers\Lab::$simrs is deprecated in APPPATH/Controllers/Api.php on line 9.
 1 SYSTEMPATH/CodeIgniter.php(906): App\Controllers\Api->__construct()
 2 SYSTEMPATH/CodeIgniter.php(490): CodeIgniter\CodeIgniter->createController()
 3 SYSTEMPATH/CodeIgniter.php(368): CodeIgniter\CodeIgniter->handleRequest(null, Object(Config\Cache), false)
 4 FCPATH/index.php(67): CodeIgniter\CodeIgniter->run()
ERROR - 2024-11-05 13:48:06 --> ErrorException: pg_query(): Query failed: ERROR:  column &quot;id_jenis_produk&quot; does not exist
LINE 1: SELECT * from produk WHERE id_jenis_produk='3' 
                                   ^ in /var/www/html/SIMRSHEBAT/system/Database/Postgre/Connection.php:147
Stack trace:
#0 [internal function]: CodeIgniter\Debug\Exceptions->errorHandler()
#1 /var/www/html/SIMRSHEBAT/system/Database/Postgre/Connection.php(147): pg_query()
#2 /var/www/html/SIMRSHEBAT/system/Database/BaseConnection.php(691): CodeIgniter\Database\Postgre\Connection->execute()
#3 /var/www/html/SIMRSHEBAT/system/Database/BaseConnection.php(605): CodeIgniter\Database\BaseConnection->simpleQuery()
#4 /var/www/html/SIMRSHEBAT/app/Controllers/Lab.php(447): CodeIgniter\Database\BaseConnection->query()
#5 /var/www/html/SIMRSHEBAT/system/CodeIgniter.php(934): App\Controllers\Lab->produk()
#6 /var/www/html/SIMRSHEBAT/system/CodeIgniter.php(499): CodeIgniter\CodeIgniter->runController()
#7 /var/www/html/SIMRSHEBAT/system/CodeIgniter.php(368): CodeIgniter\CodeIgniter->handleRequest()
#8 /var/www/html/SIMRSHEBAT/index.php(67): CodeIgniter\CodeIgniter->run()
#9 {main}
ERROR - 2024-11-05 13:48:06 --> ErrorException: pg_query(): Query failed: ERROR:  function left(integer, integer) does not exist
LINE 1: SELECT * from produk WHERE left(kd_produk,2)='XR' 
                                   ^
HINT:  No function matches the given name and argument types. You might need to add explicit type casts. in /var/www/html/SIMRSHEBAT/system/Database/Postgre/Connection.php:147
Stack trace:
#0 [internal function]: CodeIgniter\Debug\Exceptions->errorHandler()
#1 /var/www/html/SIMRSHEBAT/system/Database/Postgre/Connection.php(147): pg_query()
#2 /var/www/html/SIMRSHEBAT/system/Database/BaseConnection.php(691): CodeIgniter\Database\Postgre\Connection->execute()
#3 /var/www/html/SIMRSHEBAT/system/Database/BaseConnection.php(605): CodeIgniter\Database\BaseConnection->simpleQuery()
#4 /var/www/html/SIMRSHEBAT/app/Controllers/Lab.php(465): CodeIgniter\Database\BaseConnection->query()
#5 /var/www/html/SIMRSHEBAT/system/CodeIgniter.php(934): App\Controllers\Lab->produkRad()
#6 /var/www/html/SIMRSHEBAT/system/CodeIgniter.php(499): CodeIgniter\CodeIgniter->runController()
#7 /var/www/html/SIMRSHEBAT/system/CodeIgniter.php(368): CodeIgniter\CodeIgniter->handleRequest()
#8 /var/www/html/SIMRSHEBAT/index.php(67): CodeIgniter\CodeIgniter->run()
#9 {main}
CRITICAL - 2024-11-05 13:48:06 --> Call to a member function getResult() on bool
in APPPATH/Controllers/Lab.php on line 447.
 1 SYSTEMPATH/CodeIgniter.php(934): App\Controllers\Lab->produk()
 2 SYSTEMPATH/CodeIgniter.php(499): CodeIgniter\CodeIgniter->runController()
 3 SYSTEMPATH/CodeIgniter.php(368): CodeIgniter\CodeIgniter->handleRequest()
 4 FCPATH/index.php(67): CodeIgniter\CodeIgniter->run()
CRITICAL - 2024-11-05 13:48:06 --> Call to a member function getResult() on bool
in APPPATH/Controllers/Lab.php on line 465.
 1 SYSTEMPATH/CodeIgniter.php(934): App\Controllers\Lab->produkRad()
 2 SYSTEMPATH/CodeIgniter.php(499): CodeIgniter\CodeIgniter->runController()
 3 SYSTEMPATH/CodeIgniter.php(368): CodeIgniter\CodeIgniter->handleRequest()
 4 FCPATH/index.php(67): CodeIgniter\CodeIgniter->run()
ERROR - 2024-11-05 13:48:06 --> ErrorException: pg_query(): Query failed: ERROR:  function left(integer, integer) does not exist
LINE 1: SELECT * from produk WHERE left(kd_produk,2)='CT' 
                                   ^
HINT:  No function matches the given name and argument types. You might need to add explicit type casts. in /var/www/html/SIMRSHEBAT/system/Database/Postgre/Connection.php:147
Stack trace:
#0 [internal function]: CodeIgniter\Debug\Exceptions->errorHandler()
#1 /var/www/html/SIMRSHEBAT/system/Database/Postgre/Connection.php(147): pg_query()
#2 /var/www/html/SIMRSHEBAT/system/Database/BaseConnection.php(691): CodeIgniter\Database\Postgre\Connection->execute()
#3 /var/www/html/SIMRSHEBAT/system/Database/BaseConnection.php(605): CodeIgniter\Database\BaseConnection->simpleQuery()
#4 /var/www/html/SIMRSHEBAT/app/Controllers/Lab.php(465): CodeIgniter\Database\BaseConnection->query()
#5 /var/www/html/SIMRSHEBAT/system/CodeIgniter.php(934): App\Controllers\Lab->produkRad()
#6 /var/www/html/SIMRSHEBAT/system/CodeIgniter.php(499): CodeIgniter\CodeIgniter->runController()
#7 /var/www/html/SIMRSHEBAT/system/CodeIgniter.php(368): CodeIgniter\CodeIgniter->handleRequest()
#8 /var/www/html/SIMRSHEBAT/index.php(67): CodeIgniter\CodeIgniter->run()
#9 {main}
CRITICAL - 2024-11-05 13:48:06 --> Call to a member function getResult() on bool
in APPPATH/Controllers/Lab.php on line 465.
 1 SYSTEMPATH/CodeIgniter.php(934): App\Controllers\Lab->produkRad()
 2 SYSTEMPATH/CodeIgniter.php(499): CodeIgniter\CodeIgniter->runController()
 3 SYSTEMPATH/CodeIgniter.php(368): CodeIgniter\CodeIgniter->handleRequest()
 4 FCPATH/index.php(67): CodeIgniter\CodeIgniter->run()
WARNING - 2024-11-05 13:48:06 --> [DEPRECATED] Creation of dynamic property App\Controllers\Lab::$db is deprecated in APPPATH/Controllers/Api.php on line 8.
 1 SYSTEMPATH/CodeIgniter.php(906): App\Controllers\Api->__construct()
 2 SYSTEMPATH/CodeIgniter.php(490): CodeIgniter\CodeIgniter->createController()
 3 SYSTEMPATH/CodeIgniter.php(368): CodeIgniter\CodeIgniter->handleRequest(null, Object(Config\Cache), false)
 4 FCPATH/index.php(67): CodeIgniter\CodeIgniter->run()
WARNING - 2024-11-05 13:48:06 --> [DEPRECATED] Creation of dynamic property App\Controllers\Lab::$simrs is deprecated in APPPATH/Controllers/Api.php on line 9.
 1 SYSTEMPATH/CodeIgniter.php(906): App\Controllers\Api->__construct()
 2 SYSTEMPATH/CodeIgniter.php(490): CodeIgniter\CodeIgniter->createController()
 3 SYSTEMPATH/CodeIgniter.php(368): CodeIgniter\CodeIgniter->handleRequest(null, Object(Config\Cache), false)
 4 FCPATH/index.php(67): CodeIgniter\CodeIgniter->run()
WARNING - 2024-11-05 13:48:06 --> [DEPRECATED] Creation of dynamic property App\Controllers\Rekammedisirna::$db is deprecated in APPPATH/Controllers/Api.php on line 8.
 1 SYSTEMPATH/CodeIgniter.php(906): App\Controllers\Api->__construct()
 2 SYSTEMPATH/CodeIgniter.php(490): CodeIgniter\CodeIgniter->createController()
 3 SYSTEMPATH/CodeIgniter.php(368): CodeIgniter\CodeIgniter->handleRequest(null, Object(Config\Cache), false)
 4 FCPATH/index.php(67): CodeIgniter\CodeIgniter->run()
WARNING - 2024-11-05 13:48:06 --> [DEPRECATED] Creation of dynamic property App\Controllers\Rekammedisirna::$simrs is deprecated in APPPATH/Controllers/Api.php on line 9.
 1 SYSTEMPATH/CodeIgniter.php(906): App\Controllers\Api->__construct()
 2 SYSTEMPATH/CodeIgniter.php(490): CodeIgniter\CodeIgniter->createController()
 3 SYSTEMPATH/CodeIgniter.php(368): CodeIgniter\CodeIgniter->handleRequest(null, Object(Config\Cache), false)
 4 FCPATH/index.php(67): CodeIgniter\CodeIgniter->run()
WARNING - 2024-11-05 13:48:06 --> [DEPRECATED] Creation of dynamic property App\Controllers\Kunjungan::$db is deprecated in APPPATH/Controllers/Api.php on line 8.
 1 SYSTEMPATH/CodeIgniter.php(906): App\Controllers\Api->__construct()
 2 SYSTEMPATH/CodeIgniter.php(490): CodeIgniter\CodeIgniter->createController()
 3 SYSTEMPATH/CodeIgniter.php(368): CodeIgniter\CodeIgniter->handleRequest(null, Object(Config\Cache), false)
 4 FCPATH/index.php(67): CodeIgniter\CodeIgniter->run()
WARNING - 2024-11-05 13:48:06 --> [DEPRECATED] Creation of dynamic property App\Controllers\Kunjungan::$simrs is deprecated in APPPATH/Controllers/Api.php on line 9.
 1 SYSTEMPATH/CodeIgniter.php(906): App\Controllers\Api->__construct()
 2 SYSTEMPATH/CodeIgniter.php(490): CodeIgniter\CodeIgniter->createController()
 3 SYSTEMPATH/CodeIgniter.php(368): CodeIgniter\CodeIgniter->handleRequest(null, Object(Config\Cache), false)
 4 FCPATH/index.php(67): CodeIgniter\CodeIgniter->run()
ERROR - 2024-11-05 13:48:06 --> ErrorException: pg_query(): Query failed: ERROR:  relation &quot;order_lab&quot; does not exist
LINE 2:         order_lab o inner join
                ^ in /var/www/html/SIMRSHEBAT/system/Database/Postgre/Connection.php:147
Stack trace:
#0 [internal function]: CodeIgniter\Debug\Exceptions->errorHandler()
#1 /var/www/html/SIMRSHEBAT/system/Database/Postgre/Connection.php(147): pg_query()
#2 /var/www/html/SIMRSHEBAT/system/Database/BaseConnection.php(691): CodeIgniter\Database\Postgre\Connection->execute()
#3 /var/www/html/SIMRSHEBAT/app/Controllers/Rekammedisirna.php(823): CodeIgniter\Database\BaseConnection->simpleQuery()
#4 /var/www/html/SIMRSHEBAT/system/CodeIgniter.php(934): App\Controllers\Rekammedisirna->datapenunjangpasienirna()
#5 /var/www/html/SIMRSHEBAT/system/CodeIgniter.php(499): CodeIgniter\CodeIgniter->runController()
#6 /var/www/html/SIMRSHEBAT/system/CodeIgniter.php(368): CodeIgniter\CodeIgniter->handleRequest()
#7 /var/www/html/SIMRSHEBAT/index.php(67): CodeIgniter\CodeIgniter->run()
#8 {main}
ERROR - 2024-11-05 13:48:06 --> ErrorException: pg_query(): Query failed: ERROR:  function left(integer, integer) does not exist
LINE 1: SELECT * from produk WHERE left(kd_produk,2)='UR' 
                                   ^
HINT:  No function matches the given name and argument types. You might need to add explicit type casts. in /var/www/html/SIMRSHEBAT/system/Database/Postgre/Connection.php:147
Stack trace:
#0 [internal function]: CodeIgniter\Debug\Exceptions->errorHandler()
#1 /var/www/html/SIMRSHEBAT/system/Database/Postgre/Connection.php(147): pg_query()
#2 /var/www/html/SIMRSHEBAT/system/Database/BaseConnection.php(691): CodeIgniter\Database\Postgre\Connection->execute()
#3 /var/www/html/SIMRSHEBAT/system/Database/BaseConnection.php(605): CodeIgniter\Database\BaseConnection->simpleQuery()
#4 /var/www/html/SIMRSHEBAT/app/Controllers/Lab.php(465): CodeIgniter\Database\BaseConnection->query()
#5 /var/www/html/SIMRSHEBAT/system/CodeIgniter.php(934): App\Controllers\Lab->produkRad()
#6 /var/www/html/SIMRSHEBAT/system/CodeIgniter.php(499): CodeIgniter\CodeIgniter->runController()
#7 /var/www/html/SIMRSHEBAT/system/CodeIgniter.php(368): CodeIgniter\CodeIgniter->handleRequest()
#8 /var/www/html/SIMRSHEBAT/index.php(67): CodeIgniter\CodeIgniter->run()
#9 {main}
CRITICAL - 2024-11-05 13:48:06 --> Call to a member function getResult() on bool
in APPPATH/Controllers/Lab.php on line 465.
 1 SYSTEMPATH/CodeIgniter.php(934): App\Controllers\Lab->produkRad()
 2 SYSTEMPATH/CodeIgniter.php(499): CodeIgniter\CodeIgniter->runController()
 3 SYSTEMPATH/CodeIgniter.php(368): CodeIgniter\CodeIgniter->handleRequest()
 4 FCPATH/index.php(67): CodeIgniter\CodeIgniter->run()
ERROR - 2024-11-05 13:48:06 --> ErrorException: pg_query(): Query failed: ERROR:  column &quot;id_penyakit&quot; specified in USING clause does not exist in left table in /var/www/html/SIMRSHEBAT/system/Database/Postgre/Connection.php:147
Stack trace:
#0 [internal function]: CodeIgniter\Debug\Exceptions->errorHandler()
#1 /var/www/html/SIMRSHEBAT/system/Database/Postgre/Connection.php(147): pg_query()
#2 /var/www/html/SIMRSHEBAT/system/Database/BaseConnection.php(691): CodeIgniter\Database\Postgre\Connection->execute()
#3 /var/www/html/SIMRSHEBAT/app/Controllers/Kunjungan.php(585): CodeIgniter\Database\BaseConnection->simpleQuery()
#4 /var/www/html/SIMRSHEBAT/system/CodeIgniter.php(934): App\Controllers\Kunjungan->historipenyakit()
#5 /var/www/html/SIMRSHEBAT/system/CodeIgniter.php(499): CodeIgniter\CodeIgniter->runController()
#6 /var/www/html/SIMRSHEBAT/system/CodeIgniter.php(368): CodeIgniter\CodeIgniter->handleRequest()
#7 /var/www/html/SIMRSHEBAT/index.php(67): CodeIgniter\CodeIgniter->run()
#8 {main}
WARNING - 2024-11-05 13:48:06 --> [DEPRECATED] Creation of dynamic property App\Controllers\Kunjungan::$db is deprecated in APPPATH/Controllers/Api.php on line 8.
 1 SYSTEMPATH/CodeIgniter.php(906): App\Controllers\Api->__construct()
 2 SYSTEMPATH/CodeIgniter.php(490): CodeIgniter\CodeIgniter->createController()
 3 SYSTEMPATH/CodeIgniter.php(368): CodeIgniter\CodeIgniter->handleRequest(null, Object(Config\Cache), false)
 4 FCPATH/index.php(67): CodeIgniter\CodeIgniter->run()
WARNING - 2024-11-05 13:48:06 --> [DEPRECATED] Creation of dynamic property App\Controllers\Kunjungan::$simrs is deprecated in APPPATH/Controllers/Api.php on line 9.
 1 SYSTEMPATH/CodeIgniter.php(906): App\Controllers\Api->__construct()
 2 SYSTEMPATH/CodeIgniter.php(490): CodeIgniter\CodeIgniter->createController()
 3 SYSTEMPATH/CodeIgniter.php(368): CodeIgniter\CodeIgniter->handleRequest(null, Object(Config\Cache), false)
 4 FCPATH/index.php(67): CodeIgniter\CodeIgniter->run()
WARNING - 2024-11-05 13:48:06 --> [DEPRECATED] Creation of dynamic property App\Controllers\Kunjungan::$db is deprecated in APPPATH/Controllers/Api.php on line 8.
 1 SYSTEMPATH/CodeIgniter.php(906): App\Controllers\Api->__construct()
 2 SYSTEMPATH/CodeIgniter.php(490): CodeIgniter\CodeIgniter->createController()
 3 SYSTEMPATH/CodeIgniter.php(368): CodeIgniter\CodeIgniter->handleRequest(null, Object(Config\Cache), false)
 4 FCPATH/index.php(67): CodeIgniter\CodeIgniter->run()
WARNING - 2024-11-05 13:48:06 --> [DEPRECATED] Creation of dynamic property App\Controllers\Kunjungan::$simrs is deprecated in APPPATH/Controllers/Api.php on line 9.
 1 SYSTEMPATH/CodeIgniter.php(906): App\Controllers\Api->__construct()
 2 SYSTEMPATH/CodeIgniter.php(490): CodeIgniter\CodeIgniter->createController()
 3 SYSTEMPATH/CodeIgniter.php(368): CodeIgniter\CodeIgniter->handleRequest(null, Object(Config\Cache), false)
 4 FCPATH/index.php(67): CodeIgniter\CodeIgniter->run()
WARNING - 2024-11-05 13:48:06 --> [DEPRECATED] Creation of dynamic property App\Controllers\Datasosial::$db is deprecated in APPPATH/Controllers/Api.php on line 8.
 1 SYSTEMPATH/CodeIgniter.php(906): App\Controllers\Api->__construct()
 2 SYSTEMPATH/CodeIgniter.php(490): CodeIgniter\CodeIgniter->createController()
 3 SYSTEMPATH/CodeIgniter.php(368): CodeIgniter\CodeIgniter->handleRequest(null, Object(Config\Cache), false)
 4 FCPATH/index.php(67): CodeIgniter\CodeIgniter->run()
WARNING - 2024-11-05 13:48:06 --> [DEPRECATED] Creation of dynamic property App\Controllers\Datasosial::$simrs is deprecated in APPPATH/Controllers/Api.php on line 9.
 1 SYSTEMPATH/CodeIgniter.php(906): App\Controllers\Api->__construct()
 2 SYSTEMPATH/CodeIgniter.php(490): CodeIgniter\CodeIgniter->createController()
 3 SYSTEMPATH/CodeIgniter.php(368): CodeIgniter\CodeIgniter->handleRequest(null, Object(Config\Cache), false)
 4 FCPATH/index.php(67): CodeIgniter\CodeIgniter->run()
ERROR - 2024-11-05 13:48:06 --> ErrorException: pg_query(): Query failed: ERROR:  relation &quot;alergi&quot; does not exist
LINE 1: SELECT * from alergi where no_rm='6-22-73-23' 
                      ^ in /var/www/html/SIMRSHEBAT/system/Database/Postgre/Connection.php:147
Stack trace:
#0 [internal function]: CodeIgniter\Debug\Exceptions->errorHandler()
#1 /var/www/html/SIMRSHEBAT/system/Database/Postgre/Connection.php(147): pg_query()
#2 /var/www/html/SIMRSHEBAT/system/Database/BaseConnection.php(691): CodeIgniter\Database\Postgre\Connection->execute()
#3 /var/www/html/SIMRSHEBAT/app/Controllers/Kunjungan.php(632): CodeIgniter\Database\BaseConnection->simpleQuery()
#4 /var/www/html/SIMRSHEBAT/system/CodeIgniter.php(934): App\Controllers\Kunjungan->historialergi()
#5 /var/www/html/SIMRSHEBAT/system/CodeIgniter.php(499): CodeIgniter\CodeIgniter->runController()
#6 /var/www/html/SIMRSHEBAT/system/CodeIgniter.php(368): CodeIgniter\CodeIgniter->handleRequest()
#7 /var/www/html/SIMRSHEBAT/index.php(67): CodeIgniter\CodeIgniter->run()
#8 {main}
ERROR - 2024-11-05 13:48:06 --> ErrorException: pg_query(): Query failed: ERROR:  column &quot;id_penyakit&quot; specified in USING clause does not exist in left table in /var/www/html/SIMRSHEBAT/system/Database/Postgre/Connection.php:147
Stack trace:
#0 [internal function]: CodeIgniter\Debug\Exceptions->errorHandler()
#1 /var/www/html/SIMRSHEBAT/system/Database/Postgre/Connection.php(147): pg_query()
#2 /var/www/html/SIMRSHEBAT/system/Database/BaseConnection.php(691): CodeIgniter\Database\Postgre\Connection->execute()
#3 /var/www/html/SIMRSHEBAT/app/Controllers/Kunjungan.php(617): CodeIgniter\Database\BaseConnection->simpleQuery()
#4 /var/www/html/SIMRSHEBAT/system/CodeIgniter.php(934): App\Controllers\Kunjungan->historipenyakitkeluarga()
#5 /var/www/html/SIMRSHEBAT/system/CodeIgniter.php(499): CodeIgniter\CodeIgniter->runController()
#6 /var/www/html/SIMRSHEBAT/system/CodeIgniter.php(368): CodeIgniter\CodeIgniter->handleRequest()
#7 /var/www/html/SIMRSHEBAT/index.php(67): CodeIgniter\CodeIgniter->run()
#8 {main}
WARNING - 2024-11-05 13:48:06 --> [DEPRECATED] Creation of dynamic property App\Controllers\Datasosial::$db is deprecated in APPPATH/Controllers/Api.php on line 8.
 1 SYSTEMPATH/CodeIgniter.php(906): App\Controllers\Api->__construct()
 2 SYSTEMPATH/CodeIgniter.php(490): CodeIgniter\CodeIgniter->createController()
 3 SYSTEMPATH/CodeIgniter.php(368): CodeIgniter\CodeIgniter->handleRequest(null, Object(Config\Cache), false)
 4 FCPATH/index.php(67): CodeIgniter\CodeIgniter->run()
WARNING - 2024-11-05 13:48:06 --> [DEPRECATED] Creation of dynamic property App\Controllers\Datasosial::$simrs is deprecated in APPPATH/Controllers/Api.php on line 9.
 1 SYSTEMPATH/CodeIgniter.php(906): App\Controllers\Api->__construct()
 2 SYSTEMPATH/CodeIgniter.php(490): CodeIgniter\CodeIgniter->createController()
 3 SYSTEMPATH/CodeIgniter.php(368): CodeIgniter\CodeIgniter->handleRequest(null, Object(Config\Cache), false)
 4 FCPATH/index.php(67): CodeIgniter\CodeIgniter->run()
WARNING - 2024-11-05 13:48:11 --> [DEPRECATED] Creation of dynamic property App\Controllers\Rekammedisirna::$db is deprecated in APPPATH/Controllers/Api.php on line 8.
 1 SYSTEMPATH/CodeIgniter.php(906): App\Controllers\Api->__construct()
 2 SYSTEMPATH/CodeIgniter.php(490): CodeIgniter\CodeIgniter->createController()
 3 SYSTEMPATH/CodeIgniter.php(368): CodeIgniter\CodeIgniter->handleRequest(null, Object(Config\Cache), false)
 4 FCPATH/index.php(67): CodeIgniter\CodeIgniter->run()
WARNING - 2024-11-05 13:48:11 --> [DEPRECATED] Creation of dynamic property App\Controllers\Rekammedisirna::$simrs is deprecated in APPPATH/Controllers/Api.php on line 9.
 1 SYSTEMPATH/CodeIgniter.php(906): App\Controllers\Api->__construct()
 2 SYSTEMPATH/CodeIgniter.php(490): CodeIgniter\CodeIgniter->createController()
 3 SYSTEMPATH/CodeIgniter.php(368): CodeIgniter\CodeIgniter->handleRequest(null, Object(Config\Cache), false)
 4 FCPATH/index.php(67): CodeIgniter\CodeIgniter->run()
CRITICAL - 2024-11-05 13:48:11 --> Undefined property: stdClass::$norm
in APPPATH/Controllers/Rekammedisirna.php on line 980.
 1 APPPATH/Controllers/Rekammedisirna.php(980): CodeIgniter\Debug\Exceptions->errorHandler()
 2 SYSTEMPATH/CodeIgniter.php(934): App\Controllers\Rekammedisirna->viewtandavital()
 3 SYSTEMPATH/CodeIgniter.php(499): CodeIgniter\CodeIgniter->runController()
 4 SYSTEMPATH/CodeIgniter.php(368): CodeIgniter\CodeIgniter->handleRequest()
 5 FCPATH/index.php(67): CodeIgniter\CodeIgniter->run()
WARNING - 2024-11-05 13:48:23 --> [DEPRECATED] Creation of dynamic property App\Controllers\Rekammedisirna::$db is deprecated in APPPATH/Controllers/Api.php on line 8.
 1 SYSTEMPATH/CodeIgniter.php(906): App\Controllers\Api->__construct()
 2 SYSTEMPATH/CodeIgniter.php(490): CodeIgniter\CodeIgniter->createController()
 3 SYSTEMPATH/CodeIgniter.php(368): CodeIgniter\CodeIgniter->handleRequest(null, Object(Config\Cache), false)
 4 FCPATH/index.php(67): CodeIgniter\CodeIgniter->run()
WARNING - 2024-11-05 13:48:23 --> [DEPRECATED] Creation of dynamic property App\Controllers\Rekammedisirna::$simrs is deprecated in APPPATH/Controllers/Api.php on line 9.
 1 SYSTEMPATH/CodeIgniter.php(906): App\Controllers\Api->__construct()
 2 SYSTEMPATH/CodeIgniter.php(490): CodeIgniter\CodeIgniter->createController()
 3 SYSTEMPATH/CodeIgniter.php(368): CodeIgniter\CodeIgniter->handleRequest(null, Object(Config\Cache), false)
 4 FCPATH/index.php(67): CodeIgniter\CodeIgniter->run()
CRITICAL - 2024-11-05 13:48:23 --> Undefined property: stdClass::$norm
in APPPATH/Controllers/Rekammedisirna.php on line 980.
 1 APPPATH/Controllers/Rekammedisirna.php(980): CodeIgniter\Debug\Exceptions->errorHandler()
 2 SYSTEMPATH/CodeIgniter.php(934): App\Controllers\Rekammedisirna->viewtandavital()
 3 SYSTEMPATH/CodeIgniter.php(499): CodeIgniter\CodeIgniter->runController()
 4 SYSTEMPATH/CodeIgniter.php(368): CodeIgniter\CodeIgniter->handleRequest()
 5 FCPATH/index.php(67): CodeIgniter\CodeIgniter->run()
WARNING - 2024-11-05 13:49:38 --> [DEPRECATED] Creation of dynamic property App\Controllers\Rekammedisirja::$db is deprecated in APPPATH/Controllers/Api.php on line 8.
 1 SYSTEMPATH/CodeIgniter.php(906): App\Controllers\Api->__construct()
 2 SYSTEMPATH/CodeIgniter.php(490): CodeIgniter\CodeIgniter->createController()
 3 SYSTEMPATH/CodeIgniter.php(368): CodeIgniter\CodeIgniter->handleRequest(null, Object(Config\Cache), false)
 4 FCPATH/index.php(67): CodeIgniter\CodeIgniter->run()
WARNING - 2024-11-05 13:49:38 --> [DEPRECATED] Creation of dynamic property App\Controllers\Rekammedisirja::$simrs is deprecated in APPPATH/Controllers/Api.php on line 9.
 1 SYSTEMPATH/CodeIgniter.php(906): App\Controllers\Api->__construct()
 2 SYSTEMPATH/CodeIgniter.php(490): CodeIgniter\CodeIgniter->createController()
 3 SYSTEMPATH/CodeIgniter.php(368): CodeIgniter\CodeIgniter->handleRequest(null, Object(Config\Cache), false)
 4 FCPATH/index.php(67): CodeIgniter\CodeIgniter->run()
ERROR - 2024-11-05 13:49:38 --> ErrorException: pg_query(): Query failed: ERROR:  column kun.id_transaksi does not exist
LINE 5:             JOIN transaksi tra ON kun.id_transaksi = tra.id_...
                                          ^ in /var/www/html/SIMRSHEBAT/system/Database/Postgre/Connection.php:147
Stack trace:
#0 [internal function]: CodeIgniter\Debug\Exceptions->errorHandler()
#1 /var/www/html/SIMRSHEBAT/system/Database/Postgre/Connection.php(147): pg_query()
#2 /var/www/html/SIMRSHEBAT/system/Database/BaseConnection.php(691): CodeIgniter\Database\Postgre\Connection->execute()
#3 /var/www/html/SIMRSHEBAT/app/Controllers/Rekammedisirja.php(2037): CodeIgniter\Database\BaseConnection->simpleQuery()
#4 /var/www/html/SIMRSHEBAT/system/CodeIgniter.php(934): App\Controllers\Rekammedisirja->datakunjunganhistorirm()
#5 /var/www/html/SIMRSHEBAT/system/CodeIgniter.php(499): CodeIgniter\CodeIgniter->runController()
#6 /var/www/html/SIMRSHEBAT/system/CodeIgniter.php(368): CodeIgniter\CodeIgniter->handleRequest()
#7 /var/www/html/SIMRSHEBAT/index.php(67): CodeIgniter\CodeIgniter->run()
#8 {main}
WARNING - 2024-11-05 13:49:41 --> [DEPRECATED] Creation of dynamic property App\Controllers\Kunjungan::$db is deprecated in APPPATH/Controllers/Api.php on line 8.
 1 SYSTEMPATH/CodeIgniter.php(906): App\Controllers\Api->__construct()
 2 SYSTEMPATH/CodeIgniter.php(490): CodeIgniter\CodeIgniter->createController()
 3 SYSTEMPATH/CodeIgniter.php(368): CodeIgniter\CodeIgniter->handleRequest(null, Object(Config\Cache), false)
 4 FCPATH/index.php(67): CodeIgniter\CodeIgniter->run()
WARNING - 2024-11-05 13:49:41 --> [DEPRECATED] Creation of dynamic property App\Controllers\Kunjungan::$simrs is deprecated in APPPATH/Controllers/Api.php on line 9.
 1 SYSTEMPATH/CodeIgniter.php(906): App\Controllers\Api->__construct()
 2 SYSTEMPATH/CodeIgniter.php(490): CodeIgniter\CodeIgniter->createController()
 3 SYSTEMPATH/CodeIgniter.php(368): CodeIgniter\CodeIgniter->handleRequest(null, Object(Config\Cache), false)
 4 FCPATH/index.php(67): CodeIgniter\CodeIgniter->run()
WARNING - 2024-11-05 13:49:41 --> [DEPRECATED] Creation of dynamic property App\Controllers\Kunjungan::$db is deprecated in APPPATH/Controllers/Api.php on line 8.
 1 SYSTEMPATH/CodeIgniter.php(906): App\Controllers\Api->__construct()
 2 SYSTEMPATH/CodeIgniter.php(490): CodeIgniter\CodeIgniter->createController()
 3 SYSTEMPATH/CodeIgniter.php(368): CodeIgniter\CodeIgniter->handleRequest(null, Object(Config\Cache), false)
 4 FCPATH/index.php(67): CodeIgniter\CodeIgniter->run()
WARNING - 2024-11-05 13:49:41 --> [DEPRECATED] Creation of dynamic property App\Controllers\Rekammedisirna::$db is deprecated in APPPATH/Controllers/Api.php on line 8.
 1 SYSTEMPATH/CodeIgniter.php(906): App\Controllers\Api->__construct()
 2 SYSTEMPATH/CodeIgniter.php(490): CodeIgniter\CodeIgniter->createController()
 3 SYSTEMPATH/CodeIgniter.php(368): CodeIgniter\CodeIgniter->handleRequest(null, Object(Config\Cache), false)
 4 FCPATH/index.php(67): CodeIgniter\CodeIgniter->run()
WARNING - 2024-11-05 13:49:41 --> [DEPRECATED] Creation of dynamic property App\Controllers\Kunjungan::$simrs is deprecated in APPPATH/Controllers/Api.php on line 9.
 1 SYSTEMPATH/CodeIgniter.php(906): App\Controllers\Api->__construct()
 2 SYSTEMPATH/CodeIgniter.php(490): CodeIgniter\CodeIgniter->createController()
 3 SYSTEMPATH/CodeIgniter.php(368): CodeIgniter\CodeIgniter->handleRequest(null, Object(Config\Cache), false)
 4 FCPATH/index.php(67): CodeIgniter\CodeIgniter->run()
WARNING - 2024-11-05 13:49:41 --> [DEPRECATED] Creation of dynamic property App\Controllers\Rekammedisirna::$simrs is deprecated in APPPATH/Controllers/Api.php on line 9.
 1 SYSTEMPATH/CodeIgniter.php(906): App\Controllers\Api->__construct()
 2 SYSTEMPATH/CodeIgniter.php(490): CodeIgniter\CodeIgniter->createController()
 3 SYSTEMPATH/CodeIgniter.php(368): CodeIgniter\CodeIgniter->handleRequest(null, Object(Config\Cache), false)
 4 FCPATH/index.php(67): CodeIgniter\CodeIgniter->run()
ERROR - 2024-11-05 13:49:41 --> ErrorException: pg_query(): Query failed: ERROR:  syntax error at or near &quot;MANIS&quot;
LINE 1: ... * from resume_pasien where id_transaksi =SANGGAR MANIS 1D-1...
                                                             ^ in /var/www/html/SIMRSHEBAT/system/Database/Postgre/Connection.php:147
Stack trace:
#0 [internal function]: CodeIgniter\Debug\Exceptions->errorHandler()
#1 /var/www/html/SIMRSHEBAT/system/Database/Postgre/Connection.php(147): pg_query()
#2 /var/www/html/SIMRSHEBAT/system/Database/BaseConnection.php(691): CodeIgniter\Database\Postgre\Connection->execute()
#3 /var/www/html/SIMRSHEBAT/system/Database/BaseConnection.php(605): CodeIgniter\Database\BaseConnection->simpleQuery()
#4 /var/www/html/SIMRSHEBAT/app/Controllers/Rekammedisirna.php(761): CodeIgniter\Database\BaseConnection->query()
#5 /var/www/html/SIMRSHEBAT/system/CodeIgniter.php(934): App\Controllers\Rekammedisirna->cekresumeirna()
#6 /var/www/html/SIMRSHEBAT/system/CodeIgniter.php(499): CodeIgniter\CodeIgniter->runController()
#7 /var/www/html/SIMRSHEBAT/system/CodeIgniter.php(368): CodeIgniter\CodeIgniter->handleRequest()
#8 /var/www/html/SIMRSHEBAT/index.php(67): CodeIgniter\CodeIgniter->run()
#9 {main}
ERROR - 2024-11-05 13:49:41 --> ErrorException: pg_query(): Query failed: ERROR:  relation &quot;cara_masuk&quot; does not exist
LINE 1: SELECT * FROM cara_masuk
                      ^ in /var/www/html/SIMRSHEBAT/system/Database/Postgre/Connection.php:147
Stack trace:
#0 [internal function]: CodeIgniter\Debug\Exceptions->errorHandler()
#1 /var/www/html/SIMRSHEBAT/system/Database/Postgre/Connection.php(147): pg_query()
#2 /var/www/html/SIMRSHEBAT/system/Database/BaseConnection.php(691): CodeIgniter\Database\Postgre\Connection->execute()
#3 /var/www/html/SIMRSHEBAT/system/Database/BaseConnection.php(605): CodeIgniter\Database\BaseConnection->simpleQuery()
#4 /var/www/html/SIMRSHEBAT/app/Controllers/Kunjungan.php(1782): CodeIgniter\Database\BaseConnection->query()
#5 /var/www/html/SIMRSHEBAT/system/CodeIgniter.php(934): App\Controllers\Kunjungan->caramasuk()
#6 /var/www/html/SIMRSHEBAT/system/CodeIgniter.php(499): CodeIgniter\CodeIgniter->runController()
#7 /var/www/html/SIMRSHEBAT/system/CodeIgniter.php(368): CodeIgniter\CodeIgniter->handleRequest()
#8 /var/www/html/SIMRSHEBAT/index.php(67): CodeIgniter\CodeIgniter->run()
#9 {main}
CRITICAL - 2024-11-05 13:49:41 --> Call to a member function getRow() on bool
in APPPATH/Controllers/Rekammedisirna.php on line 761.
 1 SYSTEMPATH/CodeIgniter.php(934): App\Controllers\Rekammedisirna->cekresumeirna()
 2 SYSTEMPATH/CodeIgniter.php(499): CodeIgniter\CodeIgniter->runController()
 3 SYSTEMPATH/CodeIgniter.php(368): CodeIgniter\CodeIgniter->handleRequest()
 4 FCPATH/index.php(67): CodeIgniter\CodeIgniter->run()
CRITICAL - 2024-11-05 13:49:41 --> Call to a member function getResult() on bool
in APPPATH/Controllers/Kunjungan.php on line 1784.
 1 SYSTEMPATH/CodeIgniter.php(934): App\Controllers\Kunjungan->caramasuk()
 2 SYSTEMPATH/CodeIgniter.php(499): CodeIgniter\CodeIgniter->runController()
 3 SYSTEMPATH/CodeIgniter.php(368): CodeIgniter\CodeIgniter->handleRequest()
 4 FCPATH/index.php(67): CodeIgniter\CodeIgniter->run()
ERROR - 2024-11-05 13:49:41 --> ErrorException: pg_query(): Query failed: ERROR:  relation &quot;keadaan_keluar&quot; does not exist
LINE 1: SELECT * FROM keadaan_keluar
                      ^ in /var/www/html/SIMRSHEBAT/system/Database/Postgre/Connection.php:147
Stack trace:
#0 [internal function]: CodeIgniter\Debug\Exceptions->errorHandler()
#1 /var/www/html/SIMRSHEBAT/system/Database/Postgre/Connection.php(147): pg_query()
#2 /var/www/html/SIMRSHEBAT/system/Database/BaseConnection.php(691): CodeIgniter\Database\Postgre\Connection->execute()
#3 /var/www/html/SIMRSHEBAT/system/Database/BaseConnection.php(605): CodeIgniter\Database\BaseConnection->simpleQuery()
#4 /var/www/html/SIMRSHEBAT/app/Controllers/Kunjungan.php(1798): CodeIgniter\Database\BaseConnection->query()
#5 /var/www/html/SIMRSHEBAT/system/CodeIgniter.php(934): App\Controllers\Kunjungan->keadaanumum()
#6 /var/www/html/SIMRSHEBAT/system/CodeIgniter.php(499): CodeIgniter\CodeIgniter->runController()
#7 /var/www/html/SIMRSHEBAT/system/CodeIgniter.php(368): CodeIgniter\CodeIgniter->handleRequest()
#8 /var/www/html/SIMRSHEBAT/index.php(67): CodeIgniter\CodeIgniter->run()
#9 {main}
CRITICAL - 2024-11-05 13:49:41 --> Call to a member function getResult() on bool
in APPPATH/Controllers/Kunjungan.php on line 1800.
 1 SYSTEMPATH/CodeIgniter.php(934): App\Controllers\Kunjungan->keadaanumum()
 2 SYSTEMPATH/CodeIgniter.php(499): CodeIgniter\CodeIgniter->runController()
 3 SYSTEMPATH/CodeIgniter.php(368): CodeIgniter\CodeIgniter->handleRequest()
 4 FCPATH/index.php(67): CodeIgniter\CodeIgniter->run()
WARNING - 2024-11-05 13:49:41 --> [DEPRECATED] Creation of dynamic property App\Controllers\Kunjungan::$db is deprecated in APPPATH/Controllers/Api.php on line 8.
 1 SYSTEMPATH/CodeIgniter.php(906): App\Controllers\Api->__construct()
 2 SYSTEMPATH/CodeIgniter.php(490): CodeIgniter\CodeIgniter->createController()
 3 SYSTEMPATH/CodeIgniter.php(368): CodeIgniter\CodeIgniter->handleRequest(null, Object(Config\Cache), false)
 4 FCPATH/index.php(67): CodeIgniter\CodeIgniter->run()
WARNING - 2024-11-05 13:49:41 --> [DEPRECATED] Creation of dynamic property App\Controllers\Kunjungan::$simrs is deprecated in APPPATH/Controllers/Api.php on line 9.
 1 SYSTEMPATH/CodeIgniter.php(906): App\Controllers\Api->__construct()
 2 SYSTEMPATH/CodeIgniter.php(490): CodeIgniter\CodeIgniter->createController()
 3 SYSTEMPATH/CodeIgniter.php(368): CodeIgniter\CodeIgniter->handleRequest(null, Object(Config\Cache), false)
 4 FCPATH/index.php(67): CodeIgniter\CodeIgniter->run()
WARNING - 2024-11-05 13:49:44 --> [DEPRECATED] Creation of dynamic property App\Controllers\Rekammedisirna::$db is deprecated in APPPATH/Controllers/Api.php on line 8.
 1 SYSTEMPATH/CodeIgniter.php(906): App\Controllers\Api->__construct()
 2 SYSTEMPATH/CodeIgniter.php(490): CodeIgniter\CodeIgniter->createController()
 3 SYSTEMPATH/CodeIgniter.php(368): CodeIgniter\CodeIgniter->handleRequest(null, Object(Config\Cache), false)
 4 FCPATH/index.php(67): CodeIgniter\CodeIgniter->run()
WARNING - 2024-11-05 13:49:44 --> [DEPRECATED] Creation of dynamic property App\Controllers\Rekammedisirna::$simrs is deprecated in APPPATH/Controllers/Api.php on line 9.
 1 SYSTEMPATH/CodeIgniter.php(906): App\Controllers\Api->__construct()
 2 SYSTEMPATH/CodeIgniter.php(490): CodeIgniter\CodeIgniter->createController()
 3 SYSTEMPATH/CodeIgniter.php(368): CodeIgniter\CodeIgniter->handleRequest(null, Object(Config\Cache), false)
 4 FCPATH/index.php(67): CodeIgniter\CodeIgniter->run()
ERROR - 2024-11-05 13:49:44 --> ErrorException: pg_query(): Query failed: ERROR:  relation &quot;ews&quot; does not exist
LINE 1: SELECT * FROM ews s inner join pegawai p on p.id_pegawai=s.i...
                      ^ in /var/www/html/SIMRSHEBAT/system/Database/Postgre/Connection.php:147
Stack trace:
#0 [internal function]: CodeIgniter\Debug\Exceptions->errorHandler()
#1 /var/www/html/SIMRSHEBAT/system/Database/Postgre/Connection.php(147): pg_query()
#2 /var/www/html/SIMRSHEBAT/system/Database/BaseConnection.php(691): CodeIgniter\Database\Postgre\Connection->execute()
#3 /var/www/html/SIMRSHEBAT/app/Controllers/Rekammedisirna.php(1067): CodeIgniter\Database\BaseConnection->simpleQuery()
#4 /var/www/html/SIMRSHEBAT/system/CodeIgniter.php(934): App\Controllers\Rekammedisirna->dataewsirna()
#5 /var/www/html/SIMRSHEBAT/system/CodeIgniter.php(499): CodeIgniter\CodeIgniter->runController()
#6 /var/www/html/SIMRSHEBAT/system/CodeIgniter.php(368): CodeIgniter\CodeIgniter->handleRequest()
#7 /var/www/html/SIMRSHEBAT/index.php(67): CodeIgniter\CodeIgniter->run()
#8 {main}
WARNING - 2024-11-05 13:49:46 --> [DEPRECATED] Creation of dynamic property App\Controllers\Rekammedisirna::$db is deprecated in APPPATH/Controllers/Api.php on line 8.
 1 SYSTEMPATH/CodeIgniter.php(906): App\Controllers\Api->__construct()
 2 SYSTEMPATH/CodeIgniter.php(490): CodeIgniter\CodeIgniter->createController()
 3 SYSTEMPATH/CodeIgniter.php(368): CodeIgniter\CodeIgniter->handleRequest(null, Object(Config\Cache), false)
 4 FCPATH/index.php(67): CodeIgniter\CodeIgniter->run()
WARNING - 2024-11-05 13:49:46 --> [DEPRECATED] Creation of dynamic property App\Controllers\Rekammedisirna::$simrs is deprecated in APPPATH/Controllers/Api.php on line 9.
 1 SYSTEMPATH/CodeIgniter.php(906): App\Controllers\Api->__construct()
 2 SYSTEMPATH/CodeIgniter.php(490): CodeIgniter\CodeIgniter->createController()
 3 SYSTEMPATH/CodeIgniter.php(368): CodeIgniter\CodeIgniter->handleRequest(null, Object(Config\Cache), false)
 4 FCPATH/index.php(67): CodeIgniter\CodeIgniter->run()
CRITICAL - 2024-11-05 13:49:46 --> Undefined property: stdClass::$norm
in APPPATH/Controllers/Rekammedisirna.php on line 980.
 1 APPPATH/Controllers/Rekammedisirna.php(980): CodeIgniter\Debug\Exceptions->errorHandler()
 2 SYSTEMPATH/CodeIgniter.php(934): App\Controllers\Rekammedisirna->viewtandavital()
 3 SYSTEMPATH/CodeIgniter.php(499): CodeIgniter\CodeIgniter->runController()
 4 SYSTEMPATH/CodeIgniter.php(368): CodeIgniter\CodeIgniter->handleRequest()
 5 FCPATH/index.php(67): CodeIgniter\CodeIgniter->run()
WARNING - 2024-11-05 13:49:52 --> [DEPRECATED] Creation of dynamic property App\Controllers\Rekammedisirna::$db is deprecated in APPPATH/Controllers/Api.php on line 8.
 1 SYSTEMPATH/CodeIgniter.php(906): App\Controllers\Api->__construct()
 2 SYSTEMPATH/CodeIgniter.php(490): CodeIgniter\CodeIgniter->createController()
 3 SYSTEMPATH/CodeIgniter.php(368): CodeIgniter\CodeIgniter->handleRequest(null, Object(Config\Cache), false)
 4 FCPATH/index.php(67): CodeIgniter\CodeIgniter->run()
WARNING - 2024-11-05 13:49:52 --> [DEPRECATED] Creation of dynamic property App\Controllers\Rekammedisirna::$db is deprecated in APPPATH/Controllers/Api.php on line 8.
 1 SYSTEMPATH/CodeIgniter.php(906): App\Controllers\Api->__construct()
 2 SYSTEMPATH/CodeIgniter.php(490): CodeIgniter\CodeIgniter->createController()
 3 SYSTEMPATH/CodeIgniter.php(368): CodeIgniter\CodeIgniter->handleRequest(null, Object(Config\Cache), false)
 4 FCPATH/index.php(67): CodeIgniter\CodeIgniter->run()
WARNING - 2024-11-05 13:49:52 --> [DEPRECATED] Creation of dynamic property App\Controllers\Rekammedisirna::$db is deprecated in APPPATH/Controllers/Api.php on line 8.
 1 SYSTEMPATH/CodeIgniter.php(906): App\Controllers\Api->__construct()
 2 SYSTEMPATH/CodeIgniter.php(490): CodeIgniter\CodeIgniter->createController()
 3 SYSTEMPATH/CodeIgniter.php(368): CodeIgniter\CodeIgniter->handleRequest(null, Object(Config\Cache), false)
 4 FCPATH/index.php(67): CodeIgniter\CodeIgniter->run()
WARNING - 2024-11-05 13:49:52 --> [DEPRECATED] Creation of dynamic property App\Controllers\Rekammedisirna::$simrs is deprecated in APPPATH/Controllers/Api.php on line 9.
 1 SYSTEMPATH/CodeIgniter.php(906): App\Controllers\Api->__construct()
 2 SYSTEMPATH/CodeIgniter.php(490): CodeIgniter\CodeIgniter->createController()
 3 SYSTEMPATH/CodeIgniter.php(368): CodeIgniter\CodeIgniter->handleRequest(null, Object(Config\Cache), false)
 4 FCPATH/index.php(67): CodeIgniter\CodeIgniter->run()
WARNING - 2024-11-05 13:49:52 --> [DEPRECATED] Creation of dynamic property App\Controllers\Rekammedisirna::$simrs is deprecated in APPPATH/Controllers/Api.php on line 9.
 1 SYSTEMPATH/CodeIgniter.php(906): App\Controllers\Api->__construct()
 2 SYSTEMPATH/CodeIgniter.php(490): CodeIgniter\CodeIgniter->createController()
 3 SYSTEMPATH/CodeIgniter.php(368): CodeIgniter\CodeIgniter->handleRequest(null, Object(Config\Cache), false)
 4 FCPATH/index.php(67): CodeIgniter\CodeIgniter->run()
WARNING - 2024-11-05 13:49:52 --> [DEPRECATED] Creation of dynamic property App\Controllers\Rekammedisirna::$simrs is deprecated in APPPATH/Controllers/Api.php on line 9.
 1 SYSTEMPATH/CodeIgniter.php(906): App\Controllers\Api->__construct()
 2 SYSTEMPATH/CodeIgniter.php(490): CodeIgniter\CodeIgniter->createController()
 3 SYSTEMPATH/CodeIgniter.php(368): CodeIgniter\CodeIgniter->handleRequest(null, Object(Config\Cache), false)
 4 FCPATH/index.php(67): CodeIgniter\CodeIgniter->run()
ERROR - 2024-11-05 13:49:52 --> ErrorException: pg_query(): Query failed: ERROR:  relation &quot;assesmen_gizi&quot; does not exist
LINE 1: SELECT * FROM assesmen_gizi WHERE  id_kunjungan='undefined' ...
                      ^ in /var/www/html/SIMRSHEBAT/system/Database/Postgre/Connection.php:147
Stack trace:
#0 [internal function]: CodeIgniter\Debug\Exceptions->errorHandler()
#1 /var/www/html/SIMRSHEBAT/system/Database/Postgre/Connection.php(147): pg_query()
#2 /var/www/html/SIMRSHEBAT/system/Database/BaseConnection.php(691): CodeIgniter\Database\Postgre\Connection->execute()
#3 /var/www/html/SIMRSHEBAT/system/Database/BaseConnection.php(605): CodeIgniter\Database\BaseConnection->simpleQuery()
#4 /var/www/html/SIMRSHEBAT/app/Controllers/Rekammedisirna.php(4620): CodeIgniter\Database\BaseConnection->query()
#5 /var/www/html/SIMRSHEBAT/system/CodeIgniter.php(934): App\Controllers\Rekammedisirna->cekassesmengizi()
#6 /var/www/html/SIMRSHEBAT/system/CodeIgniter.php(499): CodeIgniter\CodeIgniter->runController()
#7 /var/www/html/SIMRSHEBAT/system/CodeIgniter.php(368): CodeIgniter\CodeIgniter->handleRequest()
#8 /var/www/html/SIMRSHEBAT/index.php(67): CodeIgniter\CodeIgniter->run()
#9 {main}
CRITICAL - 2024-11-05 13:49:52 --> Call to a member function getResult() on bool
in APPPATH/Controllers/Rekammedisirna.php on line 4620.
 1 SYSTEMPATH/CodeIgniter.php(934): App\Controllers\Rekammedisirna->cekassesmengizi()
 2 SYSTEMPATH/CodeIgniter.php(499): CodeIgniter\CodeIgniter->runController()
 3 SYSTEMPATH/CodeIgniter.php(368): CodeIgniter\CodeIgniter->handleRequest()
 4 FCPATH/index.php(67): CodeIgniter\CodeIgniter->run()
ERROR - 2024-11-05 13:49:52 --> ErrorException: pg_query(): Query failed: ERROR:  syntax error at or near &quot;MANIS&quot;
LINE 1: select * from edukasi where id_transaksi =SANGGAR MANIS 1D-1...
                                                          ^ in /var/www/html/SIMRSHEBAT/system/Database/Postgre/Connection.php:147
Stack trace:
#0 [internal function]: CodeIgniter\Debug\Exceptions->errorHandler()
#1 /var/www/html/SIMRSHEBAT/system/Database/Postgre/Connection.php(147): pg_query()
#2 /var/www/html/SIMRSHEBAT/system/Database/BaseConnection.php(691): CodeIgniter\Database\Postgre\Connection->execute()
#3 /var/www/html/SIMRSHEBAT/system/Database/BaseConnection.php(605): CodeIgniter\Database\BaseConnection->simpleQuery()
#4 /var/www/html/SIMRSHEBAT/app/Controllers/Rekammedisirna.php(3044): CodeIgniter\Database\BaseConnection->query()
#5 /var/www/html/SIMRSHEBAT/system/CodeIgniter.php(934): App\Controllers\Rekammedisirna->cekedukasi()
#6 /var/www/html/SIMRSHEBAT/system/CodeIgniter.php(499): CodeIgniter\CodeIgniter->runController()
#7 /var/www/html/SIMRSHEBAT/system/CodeIgniter.php(368): CodeIgniter\CodeIgniter->handleRequest()
#8 /var/www/html/SIMRSHEBAT/index.php(67): CodeIgniter\CodeIgniter->run()
#9 {main}
ERROR - 2024-11-05 13:49:52 --> ErrorException: pg_query(): Query failed: ERROR:  relation &quot;soap_pasien&quot; does not exist
LINE 1:   SELECT * FROM soap_pasien s 
                        ^ in /var/www/html/SIMRSHEBAT/system/Database/Postgre/Connection.php:147
Stack trace:
#0 [internal function]: CodeIgniter\Debug\Exceptions->errorHandler()
#1 /var/www/html/SIMRSHEBAT/system/Database/Postgre/Connection.php(147): pg_query()
#2 /var/www/html/SIMRSHEBAT/system/Database/BaseConnection.php(691): CodeIgniter\Database\Postgre\Connection->execute()
#3 /var/www/html/SIMRSHEBAT/app/Controllers/Rekammedisirna.php(953): CodeIgniter\Database\BaseConnection->simpleQuery()
#4 /var/www/html/SIMRSHEBAT/system/CodeIgniter.php(934): App\Controllers\Rekammedisirna->cekcppt()
#5 /var/www/html/SIMRSHEBAT/system/CodeIgniter.php(499): CodeIgniter\CodeIgniter->runController()
#6 /var/www/html/SIMRSHEBAT/system/CodeIgniter.php(368): CodeIgniter\CodeIgniter->handleRequest()
#7 /var/www/html/SIMRSHEBAT/index.php(67): CodeIgniter\CodeIgniter->run()
#8 {main}
CRITICAL - 2024-11-05 13:49:52 --> Call to a member function getRow() on bool
in APPPATH/Controllers/Rekammedisirna.php on line 3044.
 1 SYSTEMPATH/CodeIgniter.php(934): App\Controllers\Rekammedisirna->cekedukasi()
 2 SYSTEMPATH/CodeIgniter.php(499): CodeIgniter\CodeIgniter->runController()
 3 SYSTEMPATH/CodeIgniter.php(368): CodeIgniter\CodeIgniter->handleRequest()
 4 FCPATH/index.php(67): CodeIgniter\CodeIgniter->run()
WARNING - 2024-11-05 13:49:52 --> [DEPRECATED] Creation of dynamic property App\Controllers\Rekammedisirna::$db is deprecated in APPPATH/Controllers/Api.php on line 8.
 1 SYSTEMPATH/CodeIgniter.php(906): App\Controllers\Api->__construct()
 2 SYSTEMPATH/CodeIgniter.php(490): CodeIgniter\CodeIgniter->createController()
 3 SYSTEMPATH/CodeIgniter.php(368): CodeIgniter\CodeIgniter->handleRequest(null, Object(Config\Cache), false)
 4 FCPATH/index.php(67): CodeIgniter\CodeIgniter->run()
WARNING - 2024-11-05 13:49:52 --> [DEPRECATED] Creation of dynamic property App\Controllers\Rekammedisirna::$db is deprecated in APPPATH/Controllers/Api.php on line 8.
 1 SYSTEMPATH/CodeIgniter.php(906): App\Controllers\Api->__construct()
 2 SYSTEMPATH/CodeIgniter.php(490): CodeIgniter\CodeIgniter->createController()
 3 SYSTEMPATH/CodeIgniter.php(368): CodeIgniter\CodeIgniter->handleRequest(null, Object(Config\Cache), false)
 4 FCPATH/index.php(67): CodeIgniter\CodeIgniter->run()
WARNING - 2024-11-05 13:49:52 --> [DEPRECATED] Creation of dynamic property App\Controllers\Rekammedisirna::$simrs is deprecated in APPPATH/Controllers/Api.php on line 9.
 1 SYSTEMPATH/CodeIgniter.php(906): App\Controllers\Api->__construct()
 2 SYSTEMPATH/CodeIgniter.php(490): CodeIgniter\CodeIgniter->createController()
 3 SYSTEMPATH/CodeIgniter.php(368): CodeIgniter\CodeIgniter->handleRequest(null, Object(Config\Cache), false)
 4 FCPATH/index.php(67): CodeIgniter\CodeIgniter->run()
WARNING - 2024-11-05 13:49:52 --> [DEPRECATED] Creation of dynamic property App\Controllers\Rekammedisirna::$simrs is deprecated in APPPATH/Controllers/Api.php on line 9.
 1 SYSTEMPATH/CodeIgniter.php(906): App\Controllers\Api->__construct()
 2 SYSTEMPATH/CodeIgniter.php(490): CodeIgniter\CodeIgniter->createController()
 3 SYSTEMPATH/CodeIgniter.php(368): CodeIgniter\CodeIgniter->handleRequest(null, Object(Config\Cache), false)
 4 FCPATH/index.php(67): CodeIgniter\CodeIgniter->run()
WARNING - 2024-11-05 13:49:52 --> [DEPRECATED] Creation of dynamic property App\Controllers\Rekammedisirna::$db is deprecated in APPPATH/Controllers/Api.php on line 8.
 1 SYSTEMPATH/CodeIgniter.php(906): App\Controllers\Api->__construct()
 2 SYSTEMPATH/CodeIgniter.php(490): CodeIgniter\CodeIgniter->createController()
 3 SYSTEMPATH/CodeIgniter.php(368): CodeIgniter\CodeIgniter->handleRequest(null, Object(Config\Cache), false)
 4 FCPATH/index.php(67): CodeIgniter\CodeIgniter->run()
WARNING - 2024-11-05 13:49:52 --> [DEPRECATED] Creation of dynamic property App\Controllers\Rekammedisirna::$simrs is deprecated in APPPATH/Controllers/Api.php on line 9.
 1 SYSTEMPATH/CodeIgniter.php(906): App\Controllers\Api->__construct()
 2 SYSTEMPATH/CodeIgniter.php(490): CodeIgniter\CodeIgniter->createController()
 3 SYSTEMPATH/CodeIgniter.php(368): CodeIgniter\CodeIgniter->handleRequest(null, Object(Config\Cache), false)
 4 FCPATH/index.php(67): CodeIgniter\CodeIgniter->run()
ERROR - 2024-11-05 13:49:52 --> ErrorException: pg_query(): Query failed: ERROR:  syntax error at or near &quot;MANIS&quot;
LINE 1: ... * from resume_pasien where id_transaksi =SANGGAR MANIS 1D-1...
                                                             ^ in /var/www/html/SIMRSHEBAT/system/Database/Postgre/Connection.php:147
Stack trace:
#0 [internal function]: CodeIgniter\Debug\Exceptions->errorHandler()
#1 /var/www/html/SIMRSHEBAT/system/Database/Postgre/Connection.php(147): pg_query()
#2 /var/www/html/SIMRSHEBAT/system/Database/BaseConnection.php(691): CodeIgniter\Database\Postgre\Connection->execute()
#3 /var/www/html/SIMRSHEBAT/system/Database/BaseConnection.php(605): CodeIgniter\Database\BaseConnection->simpleQuery()
#4 /var/www/html/SIMRSHEBAT/app/Controllers/Rekammedisirna.php(543): CodeIgniter\Database\BaseConnection->query()
#5 /var/www/html/SIMRSHEBAT/system/CodeIgniter.php(934): App\Controllers\Rekammedisirna->cekresume()
#6 /var/www/html/SIMRSHEBAT/system/CodeIgniter.php(499): CodeIgniter\CodeIgniter->runController()
#7 /var/www/html/SIMRSHEBAT/system/CodeIgniter.php(368): CodeIgniter\CodeIgniter->handleRequest()
#8 /var/www/html/SIMRSHEBAT/index.php(67): CodeIgniter\CodeIgniter->run()
#9 {main}
CRITICAL - 2024-11-05 13:49:52 --> Call to a member function getRow() on bool
in APPPATH/Controllers/Rekammedisirna.php on line 543.
 1 SYSTEMPATH/CodeIgniter.php(934): App\Controllers\Rekammedisirna->cekresume()
 2 SYSTEMPATH/CodeIgniter.php(499): CodeIgniter\CodeIgniter->runController()
 3 SYSTEMPATH/CodeIgniter.php(368): CodeIgniter\CodeIgniter->handleRequest()
 4 FCPATH/index.php(67): CodeIgniter\CodeIgniter->run()
ERROR - 2024-11-05 13:49:52 --> ErrorException: pg_query(): Query failed: ERROR:  relation &quot;dokumen_pasien&quot; does not exist
LINE 2:         dokumen_pasien
                ^ in /var/www/html/SIMRSHEBAT/system/Database/Postgre/Connection.php:147
Stack trace:
#0 [internal function]: CodeIgniter\Debug\Exceptions->errorHandler()
#1 /var/www/html/SIMRSHEBAT/system/Database/Postgre/Connection.php(147): pg_query()
#2 /var/www/html/SIMRSHEBAT/system/Database/BaseConnection.php(691): CodeIgniter\Database\Postgre\Connection->execute()
#3 /var/www/html/SIMRSHEBAT/system/Database/BaseConnection.php(605): CodeIgniter\Database\BaseConnection->simpleQuery()
#4 /var/www/html/SIMRSHEBAT/app/Controllers/Rekammedisirna.php(517): CodeIgniter\Database\BaseConnection->query()
#5 /var/www/html/SIMRSHEBAT/system/CodeIgniter.php(934): App\Controllers\Rekammedisirna->dokumenPasien()
#6 /var/www/html/SIMRSHEBAT/system/CodeIgniter.php(499): CodeIgniter\CodeIgniter->runController()
#7 /var/www/html/SIMRSHEBAT/system/CodeIgniter.php(368): CodeIgniter\CodeIgniter->handleRequest()
#8 /var/www/html/SIMRSHEBAT/index.php(67): CodeIgniter\CodeIgniter->run()
#9 {main}
ERROR - 2024-11-05 13:49:52 --> ErrorException: pg_query(): Query failed: ERROR:  relation &quot;konsultasi_dpjp&quot; does not exist
LINE 2:         konsultasi_dpjp 
                ^ in /var/www/html/SIMRSHEBAT/system/Database/Postgre/Connection.php:147
Stack trace:
#0 [internal function]: CodeIgniter\Debug\Exceptions->errorHandler()
#1 /var/www/html/SIMRSHEBAT/system/Database/Postgre/Connection.php(147): pg_query()
#2 /var/www/html/SIMRSHEBAT/system/Database/BaseConnection.php(691): CodeIgniter\Database\Postgre\Connection->execute()
#3 /var/www/html/SIMRSHEBAT/system/Database/BaseConnection.php(605): CodeIgniter\Database\BaseConnection->simpleQuery()
#4 /var/www/html/SIMRSHEBAT/app/Controllers/Rekammedisirna.php(522): CodeIgniter\Database\BaseConnection->query()
#5 /var/www/html/SIMRSHEBAT/system/CodeIgniter.php(934): App\Controllers\Rekammedisirna->dokumenPasien()
#6 /var/www/html/SIMRSHEBAT/system/CodeIgniter.php(499): CodeIgniter\CodeIgniter->runController()
#7 /var/www/html/SIMRSHEBAT/system/CodeIgniter.php(368): CodeIgniter\CodeIgniter->handleRequest()
#8 /var/www/html/SIMRSHEBAT/index.php(67): CodeIgniter\CodeIgniter->run()
#9 {main}
CRITICAL - 2024-11-05 13:49:52 --> Call to a member function getResult() on bool
in APPPATH/Controllers/Rekammedisirna.php on line 526.
 1 SYSTEMPATH/CodeIgniter.php(934): App\Controllers\Rekammedisirna->dokumenPasien()
 2 SYSTEMPATH/CodeIgniter.php(499): CodeIgniter\CodeIgniter->runController()
 3 SYSTEMPATH/CodeIgniter.php(368): CodeIgniter\CodeIgniter->handleRequest()
 4 FCPATH/index.php(67): CodeIgniter\CodeIgniter->run()
ERROR - 2024-11-05 13:49:52 --> ErrorException: pg_query(): Query failed: ERROR:  relation &quot;discharge_planning&quot; does not exist
LINE 1: SELECT * FROM discharge_planning where id_transaksi='SANGGAR...
                      ^ in /var/www/html/SIMRSHEBAT/system/Database/Postgre/Connection.php:147
Stack trace:
#0 [internal function]: CodeIgniter\Debug\Exceptions->errorHandler()
#1 /var/www/html/SIMRSHEBAT/system/Database/Postgre/Connection.php(147): pg_query()
#2 /var/www/html/SIMRSHEBAT/system/Database/BaseConnection.php(691): CodeIgniter\Database\Postgre\Connection->execute()
#3 /var/www/html/SIMRSHEBAT/system/Database/BaseConnection.php(605): CodeIgniter\Database\BaseConnection->simpleQuery()
#4 /var/www/html/SIMRSHEBAT/app/Controllers/Rekammedisirna.php(453): CodeIgniter\Database\BaseConnection->query()
#5 /var/www/html/SIMRSHEBAT/system/CodeIgniter.php(934): App\Controllers\Rekammedisirna->cekrencanapulangirna()
#6 /var/www/html/SIMRSHEBAT/system/CodeIgniter.php(499): CodeIgniter\CodeIgniter->runController()
#7 /var/www/html/SIMRSHEBAT/system/CodeIgniter.php(368): CodeIgniter\CodeIgniter->handleRequest()
#8 /var/www/html/SIMRSHEBAT/index.php(67): CodeIgniter\CodeIgniter->run()
#9 {main}
CRITICAL - 2024-11-05 13:49:52 --> Call to a member function getResult() on bool
in APPPATH/Controllers/Rekammedisirna.php on line 453.
 1 SYSTEMPATH/CodeIgniter.php(934): App\Controllers\Rekammedisirna->cekrencanapulangirna()
 2 SYSTEMPATH/CodeIgniter.php(499): CodeIgniter\CodeIgniter->runController()
 3 SYSTEMPATH/CodeIgniter.php(368): CodeIgniter\CodeIgniter->handleRequest()
 4 FCPATH/index.php(67): CodeIgniter\CodeIgniter->run()
WARNING - 2024-11-05 13:49:55 --> [DEPRECATED] Creation of dynamic property App\Controllers\Rekammedisirna::$db is deprecated in APPPATH/Controllers/Api.php on line 8.
 1 SYSTEMPATH/CodeIgniter.php(906): App\Controllers\Api->__construct()
 2 SYSTEMPATH/CodeIgniter.php(490): CodeIgniter\CodeIgniter->createController()
 3 SYSTEMPATH/CodeIgniter.php(368): CodeIgniter\CodeIgniter->handleRequest(null, Object(Config\Cache), false)
 4 FCPATH/index.php(67): CodeIgniter\CodeIgniter->run()
WARNING - 2024-11-05 13:49:55 --> [DEPRECATED] Creation of dynamic property App\Controllers\Rekammedisirna::$simrs is deprecated in APPPATH/Controllers/Api.php on line 9.
 1 SYSTEMPATH/CodeIgniter.php(906): App\Controllers\Api->__construct()
 2 SYSTEMPATH/CodeIgniter.php(490): CodeIgniter\CodeIgniter->createController()
 3 SYSTEMPATH/CodeIgniter.php(368): CodeIgniter\CodeIgniter->handleRequest(null, Object(Config\Cache), false)
 4 FCPATH/index.php(67): CodeIgniter\CodeIgniter->run()
CRITICAL - 2024-11-05 13:49:55 --> Undefined property: stdClass::$norm
in APPPATH/Controllers/Rekammedisirna.php on line 980.
 1 APPPATH/Controllers/Rekammedisirna.php(980): CodeIgniter\Debug\Exceptions->errorHandler()
 2 SYSTEMPATH/CodeIgniter.php(934): App\Controllers\Rekammedisirna->viewtandavital()
 3 SYSTEMPATH/CodeIgniter.php(499): CodeIgniter\CodeIgniter->runController()
 4 SYSTEMPATH/CodeIgniter.php(368): CodeIgniter\CodeIgniter->handleRequest()
 5 FCPATH/index.php(67): CodeIgniter\CodeIgniter->run()
WARNING - 2024-11-05 13:50:00 --> [DEPRECATED] Creation of dynamic property App\Controllers\Kunjungan::$db is deprecated in APPPATH/Controllers/Api.php on line 8.
 1 SYSTEMPATH/CodeIgniter.php(906): App\Controllers\Api->__construct()
 2 SYSTEMPATH/CodeIgniter.php(490): CodeIgniter\CodeIgniter->createController()
 3 SYSTEMPATH/CodeIgniter.php(368): CodeIgniter\CodeIgniter->handleRequest(null, Object(Config\Cache), false)
 4 FCPATH/index.php(67): CodeIgniter\CodeIgniter->run()
WARNING - 2024-11-05 13:50:00 --> [DEPRECATED] Creation of dynamic property App\Controllers\Kunjungan::$simrs is deprecated in APPPATH/Controllers/Api.php on line 9.
 1 SYSTEMPATH/CodeIgniter.php(906): App\Controllers\Api->__construct()
 2 SYSTEMPATH/CodeIgniter.php(490): CodeIgniter\CodeIgniter->createController()
 3 SYSTEMPATH/CodeIgniter.php(368): CodeIgniter\CodeIgniter->handleRequest(null, Object(Config\Cache), false)
 4 FCPATH/index.php(67): CodeIgniter\CodeIgniter->run()
ERROR - 2024-11-05 13:50:00 --> ErrorException: pg_query(): Query failed: ERROR:  relation &quot;diagnosa_perawat&quot; does not exist
LINE 1: SELECT * from diagnosa_perawat
                      ^ in /var/www/html/SIMRSHEBAT/system/Database/Postgre/Connection.php:147
Stack trace:
#0 [internal function]: CodeIgniter\Debug\Exceptions->errorHandler()
#1 /var/www/html/SIMRSHEBAT/system/Database/Postgre/Connection.php(147): pg_query()
#2 /var/www/html/SIMRSHEBAT/system/Database/BaseConnection.php(691): CodeIgniter\Database\Postgre\Connection->execute()
#3 /var/www/html/SIMRSHEBAT/app/Controllers/Kunjungan.php(767): CodeIgniter\Database\BaseConnection->simpleQuery()
#4 /var/www/html/SIMRSHEBAT/system/CodeIgniter.php(934): App\Controllers\Kunjungan->diagnosaperawat()
#5 /var/www/html/SIMRSHEBAT/system/CodeIgniter.php(499): CodeIgniter\CodeIgniter->runController()
#6 /var/www/html/SIMRSHEBAT/system/CodeIgniter.php(368): CodeIgniter\CodeIgniter->handleRequest()
#7 /var/www/html/SIMRSHEBAT/index.php(67): CodeIgniter\CodeIgniter->run()
#8 {main}
WARNING - 2024-11-05 13:51:29 --> [DEPRECATED] Creation of dynamic property App\Controllers\Rekammedisirna::$db is deprecated in APPPATH/Controllers/Api.php on line 8.
 1 SYSTEMPATH/CodeIgniter.php(906): App\Controllers\Api->__construct()
 2 SYSTEMPATH/CodeIgniter.php(490): CodeIgniter\CodeIgniter->createController()
 3 SYSTEMPATH/CodeIgniter.php(368): CodeIgniter\CodeIgniter->handleRequest(null, Object(Config\Cache), false)
 4 FCPATH/index.php(67): CodeIgniter\CodeIgniter->run()
WARNING - 2024-11-05 13:51:29 --> [DEPRECATED] Creation of dynamic property App\Controllers\Rekammedisirna::$simrs is deprecated in APPPATH/Controllers/Api.php on line 9.
 1 SYSTEMPATH/CodeIgniter.php(906): App\Controllers\Api->__construct()
 2 SYSTEMPATH/CodeIgniter.php(490): CodeIgniter\CodeIgniter->createController()
 3 SYSTEMPATH/CodeIgniter.php(368): CodeIgniter\CodeIgniter->handleRequest(null, Object(Config\Cache), false)
 4 FCPATH/index.php(67): CodeIgniter\CodeIgniter->run()
WARNING - 2024-11-05 13:51:29 --> [DEPRECATED] Creation of dynamic property App\Controllers\Rekammedisirna::$db is deprecated in APPPATH/Controllers/Api.php on line 8.
 1 SYSTEMPATH/CodeIgniter.php(906): App\Controllers\Api->__construct()
 2 SYSTEMPATH/CodeIgniter.php(490): CodeIgniter\CodeIgniter->createController()
 3 SYSTEMPATH/CodeIgniter.php(368): CodeIgniter\CodeIgniter->handleRequest(null, Object(Config\Cache), false)
 4 FCPATH/index.php(67): CodeIgniter\CodeIgniter->run()
WARNING - 2024-11-05 13:51:29 --> [DEPRECATED] Creation of dynamic property App\Controllers\Rekammedisirna::$simrs is deprecated in APPPATH/Controllers/Api.php on line 9.
 1 SYSTEMPATH/CodeIgniter.php(906): App\Controllers\Api->__construct()
 2 SYSTEMPATH/CodeIgniter.php(490): CodeIgniter\CodeIgniter->createController()
 3 SYSTEMPATH/CodeIgniter.php(368): CodeIgniter\CodeIgniter->handleRequest(null, Object(Config\Cache), false)
 4 FCPATH/index.php(67): CodeIgniter\CodeIgniter->run()
WARNING - 2024-11-05 13:51:29 --> [DEPRECATED] Creation of dynamic property App\Controllers\Rekammedisirna::$db is deprecated in APPPATH/Controllers/Api.php on line 8.
 1 SYSTEMPATH/CodeIgniter.php(906): App\Controllers\Api->__construct()
 2 SYSTEMPATH/CodeIgniter.php(490): CodeIgniter\CodeIgniter->createController()
 3 SYSTEMPATH/CodeIgniter.php(368): CodeIgniter\CodeIgniter->handleRequest(null, Object(Config\Cache), false)
 4 FCPATH/index.php(67): CodeIgniter\CodeIgniter->run()
WARNING - 2024-11-05 13:51:29 --> [DEPRECATED] Creation of dynamic property App\Controllers\Rekammedisirna::$simrs is deprecated in APPPATH/Controllers/Api.php on line 9.
 1 SYSTEMPATH/CodeIgniter.php(906): App\Controllers\Api->__construct()
 2 SYSTEMPATH/CodeIgniter.php(490): CodeIgniter\CodeIgniter->createController()
 3 SYSTEMPATH/CodeIgniter.php(368): CodeIgniter\CodeIgniter->handleRequest(null, Object(Config\Cache), false)
 4 FCPATH/index.php(67): CodeIgniter\CodeIgniter->run()
ERROR - 2024-11-05 13:51:29 --> ErrorException: pg_query(): Query failed: ERROR:  column &quot;id_unit&quot; does not exist
LINE 1: SELECT * FROM unit WHERE LEFT (id_unit, 1) in ('2','8')
                                       ^
HINT:  Perhaps you meant to reference the column &quot;unit.kd_unit&quot;. in /var/www/html/SIMRSHEBAT/system/Database/Postgre/Connection.php:147
Stack trace:
#0 [internal function]: CodeIgniter\Debug\Exceptions->errorHandler()
#1 /var/www/html/SIMRSHEBAT/system/Database/Postgre/Connection.php(147): pg_query()
#2 /var/www/html/SIMRSHEBAT/system/Database/BaseConnection.php(691): CodeIgniter\Database\Postgre\Connection->execute()
#3 /var/www/html/SIMRSHEBAT/system/Database/BaseConnection.php(605): CodeIgniter\Database\BaseConnection->simpleQuery()
#4 /var/www/html/SIMRSHEBAT/app/Controllers/Rekammedisirna.php(7484): CodeIgniter\Database\BaseConnection->query()
#5 /var/www/html/SIMRSHEBAT/system/CodeIgniter.php(934): App\Controllers\Rekammedisirna->getUnitRI()
#6 /var/www/html/SIMRSHEBAT/system/CodeIgniter.php(499): CodeIgniter\CodeIgniter->runController()
#7 /var/www/html/SIMRSHEBAT/system/CodeIgniter.php(368): CodeIgniter\CodeIgniter->handleRequest()
#8 /var/www/html/SIMRSHEBAT/index.php(67): CodeIgniter\CodeIgniter->run()
#9 {main}
CRITICAL - 2024-11-05 13:51:29 --> Call to a member function getResult() on bool
in APPPATH/Controllers/Rekammedisirna.php on line 7484.
 1 SYSTEMPATH/CodeIgniter.php(934): App\Controllers\Rekammedisirna->getUnitRI()
 2 SYSTEMPATH/CodeIgniter.php(499): CodeIgniter\CodeIgniter->runController()
 3 SYSTEMPATH/CodeIgniter.php(368): CodeIgniter\CodeIgniter->handleRequest()
 4 FCPATH/index.php(67): CodeIgniter\CodeIgniter->run()
WARNING - 2024-11-05 13:58:23 --> [DEPRECATED] Creation of dynamic property App\Controllers\Rekammedisirna::$db is deprecated in APPPATH/Controllers/Api.php on line 8.
 1 SYSTEMPATH/CodeIgniter.php(906): App\Controllers\Api->__construct()
 2 SYSTEMPATH/CodeIgniter.php(490): CodeIgniter\CodeIgniter->createController()
 3 SYSTEMPATH/CodeIgniter.php(368): CodeIgniter\CodeIgniter->handleRequest(null, Object(Config\Cache), false)
 4 FCPATH/index.php(67): CodeIgniter\CodeIgniter->run()
WARNING - 2024-11-05 13:58:23 --> [DEPRECATED] Creation of dynamic property App\Controllers\Rekammedisirna::$simrs is deprecated in APPPATH/Controllers/Api.php on line 9.
 1 SYSTEMPATH/CodeIgniter.php(906): App\Controllers\Api->__construct()
 2 SYSTEMPATH/CodeIgniter.php(490): CodeIgniter\CodeIgniter->createController()
 3 SYSTEMPATH/CodeIgniter.php(368): CodeIgniter\CodeIgniter->handleRequest(null, Object(Config\Cache), false)
 4 FCPATH/index.php(67): CodeIgniter\CodeIgniter->run()
WARNING - 2024-11-05 13:58:23 --> [DEPRECATED] Creation of dynamic property App\Controllers\Rekammedisirna::$db is deprecated in APPPATH/Controllers/Api.php on line 8.
 1 SYSTEMPATH/CodeIgniter.php(906): App\Controllers\Api->__construct()
 2 SYSTEMPATH/CodeIgniter.php(490): CodeIgniter\CodeIgniter->createController()
 3 SYSTEMPATH/CodeIgniter.php(368): CodeIgniter\CodeIgniter->handleRequest(null, Object(Config\Cache), false)
 4 FCPATH/index.php(67): CodeIgniter\CodeIgniter->run()
WARNING - 2024-11-05 13:58:23 --> [DEPRECATED] Creation of dynamic property App\Controllers\Rekammedisirna::$simrs is deprecated in APPPATH/Controllers/Api.php on line 9.
 1 SYSTEMPATH/CodeIgniter.php(906): App\Controllers\Api->__construct()
 2 SYSTEMPATH/CodeIgniter.php(490): CodeIgniter\CodeIgniter->createController()
 3 SYSTEMPATH/CodeIgniter.php(368): CodeIgniter\CodeIgniter->handleRequest(null, Object(Config\Cache), false)
 4 FCPATH/index.php(67): CodeIgniter\CodeIgniter->run()
WARNING - 2024-11-05 13:58:23 --> [DEPRECATED] Creation of dynamic property App\Controllers\Rekammedisirna::$db is deprecated in APPPATH/Controllers/Api.php on line 8.
 1 SYSTEMPATH/CodeIgniter.php(906): App\Controllers\Api->__construct()
 2 SYSTEMPATH/CodeIgniter.php(490): CodeIgniter\CodeIgniter->createController()
 3 SYSTEMPATH/CodeIgniter.php(368): CodeIgniter\CodeIgniter->handleRequest(null, Object(Config\Cache), false)
 4 FCPATH/index.php(67): CodeIgniter\CodeIgniter->run()
WARNING - 2024-11-05 13:58:23 --> [DEPRECATED] Creation of dynamic property App\Controllers\Rekammedisirna::$simrs is deprecated in APPPATH/Controllers/Api.php on line 9.
 1 SYSTEMPATH/CodeIgniter.php(906): App\Controllers\Api->__construct()
 2 SYSTEMPATH/CodeIgniter.php(490): CodeIgniter\CodeIgniter->createController()
 3 SYSTEMPATH/CodeIgniter.php(368): CodeIgniter\CodeIgniter->handleRequest(null, Object(Config\Cache), false)
 4 FCPATH/index.php(67): CodeIgniter\CodeIgniter->run()
ERROR - 2024-11-05 13:58:23 --> ErrorException: pg_query(): Query failed: ERROR:  column &quot;id_unit&quot; does not exist
LINE 1: SELECT * FROM unit WHERE LEFT (id_unit, 1) in ('2','8')
                                       ^
HINT:  Perhaps you meant to reference the column &quot;unit.kd_unit&quot;. in /var/www/html/SIMRSHEBAT/system/Database/Postgre/Connection.php:147
Stack trace:
#0 [internal function]: CodeIgniter\Debug\Exceptions->errorHandler()
#1 /var/www/html/SIMRSHEBAT/system/Database/Postgre/Connection.php(147): pg_query()
#2 /var/www/html/SIMRSHEBAT/system/Database/BaseConnection.php(691): CodeIgniter\Database\Postgre\Connection->execute()
#3 /var/www/html/SIMRSHEBAT/system/Database/BaseConnection.php(605): CodeIgniter\Database\BaseConnection->simpleQuery()
#4 /var/www/html/SIMRSHEBAT/app/Controllers/Rekammedisirna.php(7484): CodeIgniter\Database\BaseConnection->query()
#5 /var/www/html/SIMRSHEBAT/system/CodeIgniter.php(934): App\Controllers\Rekammedisirna->getUnitRI()
#6 /var/www/html/SIMRSHEBAT/system/CodeIgniter.php(499): CodeIgniter\CodeIgniter->runController()
#7 /var/www/html/SIMRSHEBAT/system/CodeIgniter.php(368): CodeIgniter\CodeIgniter->handleRequest()
#8 /var/www/html/SIMRSHEBAT/index.php(67): CodeIgniter\CodeIgniter->run()
#9 {main}
CRITICAL - 2024-11-05 13:58:23 --> Call to a member function getResult() on bool
in APPPATH/Controllers/Rekammedisirna.php on line 7484.
 1 SYSTEMPATH/CodeIgniter.php(934): App\Controllers\Rekammedisirna->getUnitRI()
 2 SYSTEMPATH/CodeIgniter.php(499): CodeIgniter\CodeIgniter->runController()
 3 SYSTEMPATH/CodeIgniter.php(368): CodeIgniter\CodeIgniter->handleRequest()
 4 FCPATH/index.php(67): CodeIgniter\CodeIgniter->run()
INFO - 2024-11-05 13:59:41 --> Session: Class initialized using 'CodeIgniter\Session\Handlers\FileHandler' driver.
WARNING - 2024-11-05 13:59:43 --> [DEPRECATED] Creation of dynamic property App\Controllers\User::$db is deprecated in APPPATH/Controllers/Api.php on line 8.
 1 SYSTEMPATH/CodeIgniter.php(906): App\Controllers\Api->__construct()
 2 SYSTEMPATH/CodeIgniter.php(490): CodeIgniter\CodeIgniter->createController()
 3 SYSTEMPATH/CodeIgniter.php(368): CodeIgniter\CodeIgniter->handleRequest(null, Object(Config\Cache), false)
 4 FCPATH/index.php(67): CodeIgniter\CodeIgniter->run()
WARNING - 2024-11-05 13:59:43 --> [DEPRECATED] Creation of dynamic property App\Controllers\User::$simrs is deprecated in APPPATH/Controllers/Api.php on line 9.
 1 SYSTEMPATH/CodeIgniter.php(906): App\Controllers\Api->__construct()
 2 SYSTEMPATH/CodeIgniter.php(490): CodeIgniter\CodeIgniter->createController()
 3 SYSTEMPATH/CodeIgniter.php(368): CodeIgniter\CodeIgniter->handleRequest(null, Object(Config\Cache), false)
 4 FCPATH/index.php(67): CodeIgniter\CodeIgniter->run()
WARNING - 2024-11-05 13:59:43 --> [DEPRECATED] Creation of dynamic property App\Controllers\Laporan::$db is deprecated in APPPATH/Controllers/Api.php on line 8.
 1 SYSTEMPATH/CodeIgniter.php(906): App\Controllers\Api->__construct()
 2 SYSTEMPATH/CodeIgniter.php(490): CodeIgniter\CodeIgniter->createController()
 3 SYSTEMPATH/CodeIgniter.php(368): CodeIgniter\CodeIgniter->handleRequest(null, Object(Config\Cache), false)
 4 FCPATH/index.php(67): CodeIgniter\CodeIgniter->run()
WARNING - 2024-11-05 13:59:43 --> [DEPRECATED] Creation of dynamic property App\Controllers\Laporan::$simrs is deprecated in APPPATH/Controllers/Api.php on line 9.
 1 SYSTEMPATH/CodeIgniter.php(906): App\Controllers\Api->__construct()
 2 SYSTEMPATH/CodeIgniter.php(490): CodeIgniter\CodeIgniter->createController()
 3 SYSTEMPATH/CodeIgniter.php(368): CodeIgniter\CodeIgniter->handleRequest(null, Object(Config\Cache), false)
 4 FCPATH/index.php(67): CodeIgniter\CodeIgniter->run()
WARNING - 2024-11-05 13:59:43 --> [DEPRECATED] Creation of dynamic property App\Controllers\User::$db is deprecated in APPPATH/Controllers/Api.php on line 8.
 1 SYSTEMPATH/CodeIgniter.php(906): App\Controllers\Api->__construct()
 2 SYSTEMPATH/CodeIgniter.php(490): CodeIgniter\CodeIgniter->createController()
 3 SYSTEMPATH/CodeIgniter.php(368): CodeIgniter\CodeIgniter->handleRequest(null, Object(Config\Cache), false)
 4 FCPATH/index.php(67): CodeIgniter\CodeIgniter->run()
WARNING - 2024-11-05 13:59:43 --> [DEPRECATED] Creation of dynamic property App\Controllers\User::$simrs is deprecated in APPPATH/Controllers/Api.php on line 9.
 1 SYSTEMPATH/CodeIgniter.php(906): App\Controllers\Api->__construct()
 2 SYSTEMPATH/CodeIgniter.php(490): CodeIgniter\CodeIgniter->createController()
 3 SYSTEMPATH/CodeIgniter.php(368): CodeIgniter\CodeIgniter->handleRequest(null, Object(Config\Cache), false)
 4 FCPATH/index.php(67): CodeIgniter\CodeIgniter->run()
WARNING - 2024-11-05 13:59:43 --> [DEPRECATED] Creation of dynamic property App\Controllers\User::$db is deprecated in APPPATH/Controllers/Api.php on line 8.
 1 SYSTEMPATH/CodeIgniter.php(906): App\Controllers\Api->__construct()
 2 SYSTEMPATH/CodeIgniter.php(490): CodeIgniter\CodeIgniter->createController()
 3 SYSTEMPATH/CodeIgniter.php(368): CodeIgniter\CodeIgniter->handleRequest(null, Object(Config\Cache), false)
 4 FCPATH/index.php(67): CodeIgniter\CodeIgniter->run()
WARNING - 2024-11-05 13:59:43 --> [DEPRECATED] Creation of dynamic property App\Controllers\User::$simrs is deprecated in APPPATH/Controllers/Api.php on line 9.
 1 SYSTEMPATH/CodeIgniter.php(906): App\Controllers\Api->__construct()
 2 SYSTEMPATH/CodeIgniter.php(490): CodeIgniter\CodeIgniter->createController()
 3 SYSTEMPATH/CodeIgniter.php(368): CodeIgniter\CodeIgniter->handleRequest(null, Object(Config\Cache), false)
 4 FCPATH/index.php(67): CodeIgniter\CodeIgniter->run()
WARNING - 2024-11-05 13:59:59 --> [DEPRECATED] Creation of dynamic property App\Controllers\Rekammedisirna::$db is deprecated in APPPATH/Controllers/Api.php on line 8.
 1 SYSTEMPATH/CodeIgniter.php(906): App\Controllers\Api->__construct()
 2 SYSTEMPATH/CodeIgniter.php(490): CodeIgniter\CodeIgniter->createController()
 3 SYSTEMPATH/CodeIgniter.php(368): CodeIgniter\CodeIgniter->handleRequest(null, Object(Config\Cache), false)
 4 FCPATH/index.php(67): CodeIgniter\CodeIgniter->run()
WARNING - 2024-11-05 13:59:59 --> [DEPRECATED] Creation of dynamic property App\Controllers\Rekammedisirna::$simrs is deprecated in APPPATH/Controllers/Api.php on line 9.
 1 SYSTEMPATH/CodeIgniter.php(906): App\Controllers\Api->__construct()
 2 SYSTEMPATH/CodeIgniter.php(490): CodeIgniter\CodeIgniter->createController()
 3 SYSTEMPATH/CodeIgniter.php(368): CodeIgniter\CodeIgniter->handleRequest(null, Object(Config\Cache), false)
 4 FCPATH/index.php(67): CodeIgniter\CodeIgniter->run()
WARNING - 2024-11-05 13:59:59 --> [DEPRECATED] Creation of dynamic property App\Controllers\Rekammedisirna::$db is deprecated in APPPATH/Controllers/Api.php on line 8.
 1 SYSTEMPATH/CodeIgniter.php(906): App\Controllers\Api->__construct()
 2 SYSTEMPATH/CodeIgniter.php(490): CodeIgniter\CodeIgniter->createController()
 3 SYSTEMPATH/CodeIgniter.php(368): CodeIgniter\CodeIgniter->handleRequest(null, Object(Config\Cache), false)
 4 FCPATH/index.php(67): CodeIgniter\CodeIgniter->run()
WARNING - 2024-11-05 13:59:59 --> [DEPRECATED] Creation of dynamic property App\Controllers\Rekammedisirna::$simrs is deprecated in APPPATH/Controllers/Api.php on line 9.
 1 SYSTEMPATH/CodeIgniter.php(906): App\Controllers\Api->__construct()
 2 SYSTEMPATH/CodeIgniter.php(490): CodeIgniter\CodeIgniter->createController()
 3 SYSTEMPATH/CodeIgniter.php(368): CodeIgniter\CodeIgniter->handleRequest(null, Object(Config\Cache), false)
 4 FCPATH/index.php(67): CodeIgniter\CodeIgniter->run()
WARNING - 2024-11-05 13:59:59 --> [DEPRECATED] Creation of dynamic property App\Controllers\Rekammedisirna::$db is deprecated in APPPATH/Controllers/Api.php on line 8.
 1 SYSTEMPATH/CodeIgniter.php(906): App\Controllers\Api->__construct()
 2 SYSTEMPATH/CodeIgniter.php(490): CodeIgniter\CodeIgniter->createController()
 3 SYSTEMPATH/CodeIgniter.php(368): CodeIgniter\CodeIgniter->handleRequest(null, Object(Config\Cache), false)
 4 FCPATH/index.php(67): CodeIgniter\CodeIgniter->run()
WARNING - 2024-11-05 13:59:59 --> [DEPRECATED] Creation of dynamic property App\Controllers\Rekammedisirna::$simrs is deprecated in APPPATH/Controllers/Api.php on line 9.
 1 SYSTEMPATH/CodeIgniter.php(906): App\Controllers\Api->__construct()
 2 SYSTEMPATH/CodeIgniter.php(490): CodeIgniter\CodeIgniter->createController()
 3 SYSTEMPATH/CodeIgniter.php(368): CodeIgniter\CodeIgniter->handleRequest(null, Object(Config\Cache), false)
 4 FCPATH/index.php(67): CodeIgniter\CodeIgniter->run()
ERROR - 2024-11-05 13:59:59 --> ErrorException: pg_query(): Query failed: ERROR:  column &quot;id_unit&quot; does not exist
LINE 1: SELECT * FROM unit WHERE LEFT (id_unit, 1) in ('2','8')
                                       ^
HINT:  Perhaps you meant to reference the column &quot;unit.kd_unit&quot;. in /var/www/html/SIMRSHEBAT/system/Database/Postgre/Connection.php:147
Stack trace:
#0 [internal function]: CodeIgniter\Debug\Exceptions->errorHandler()
#1 /var/www/html/SIMRSHEBAT/system/Database/Postgre/Connection.php(147): pg_query()
#2 /var/www/html/SIMRSHEBAT/system/Database/BaseConnection.php(691): CodeIgniter\Database\Postgre\Connection->execute()
#3 /var/www/html/SIMRSHEBAT/system/Database/BaseConnection.php(605): CodeIgniter\Database\BaseConnection->simpleQuery()
#4 /var/www/html/SIMRSHEBAT/app/Controllers/Rekammedisirna.php(7484): CodeIgniter\Database\BaseConnection->query()
#5 /var/www/html/SIMRSHEBAT/system/CodeIgniter.php(934): App\Controllers\Rekammedisirna->getUnitRI()
#6 /var/www/html/SIMRSHEBAT/system/CodeIgniter.php(499): CodeIgniter\CodeIgniter->runController()
#7 /var/www/html/SIMRSHEBAT/system/CodeIgniter.php(368): CodeIgniter\CodeIgniter->handleRequest()
#8 /var/www/html/SIMRSHEBAT/index.php(67): CodeIgniter\CodeIgniter->run()
#9 {main}
CRITICAL - 2024-11-05 13:59:59 --> Call to a member function getResult() on bool
in APPPATH/Controllers/Rekammedisirna.php on line 7484.
 1 SYSTEMPATH/CodeIgniter.php(934): App\Controllers\Rekammedisirna->getUnitRI()
 2 SYSTEMPATH/CodeIgniter.php(499): CodeIgniter\CodeIgniter->runController()
 3 SYSTEMPATH/CodeIgniter.php(368): CodeIgniter\CodeIgniter->handleRequest()
 4 FCPATH/index.php(67): CodeIgniter\CodeIgniter->run()
WARNING - 2024-11-05 14:01:02 --> [DEPRECATED] Creation of dynamic property App\Controllers\Rekammedisirna::$db is deprecated in APPPATH/Controllers/Api.php on line 8.
 1 SYSTEMPATH/CodeIgniter.php(906): App\Controllers\Api->__construct()
 2 SYSTEMPATH/CodeIgniter.php(490): CodeIgniter\CodeIgniter->createController()
 3 SYSTEMPATH/CodeIgniter.php(368): CodeIgniter\CodeIgniter->handleRequest(null, Object(Config\Cache), false)
 4 FCPATH/index.php(67): CodeIgniter\CodeIgniter->run()
WARNING - 2024-11-05 14:01:02 --> [DEPRECATED] Creation of dynamic property App\Controllers\Rekammedisirna::$simrs is deprecated in APPPATH/Controllers/Api.php on line 9.
 1 SYSTEMPATH/CodeIgniter.php(906): App\Controllers\Api->__construct()
 2 SYSTEMPATH/CodeIgniter.php(490): CodeIgniter\CodeIgniter->createController()
 3 SYSTEMPATH/CodeIgniter.php(368): CodeIgniter\CodeIgniter->handleRequest(null, Object(Config\Cache), false)
 4 FCPATH/index.php(67): CodeIgniter\CodeIgniter->run()
WARNING - 2024-11-05 14:01:02 --> [DEPRECATED] Creation of dynamic property App\Controllers\Rekammedisirna::$db is deprecated in APPPATH/Controllers/Api.php on line 8.
 1 SYSTEMPATH/CodeIgniter.php(906): App\Controllers\Api->__construct()
 2 SYSTEMPATH/CodeIgniter.php(490): CodeIgniter\CodeIgniter->createController()
 3 SYSTEMPATH/CodeIgniter.php(368): CodeIgniter\CodeIgniter->handleRequest(null, Object(Config\Cache), false)
 4 FCPATH/index.php(67): CodeIgniter\CodeIgniter->run()
WARNING - 2024-11-05 14:01:02 --> [DEPRECATED] Creation of dynamic property App\Controllers\Rekammedisirna::$db is deprecated in APPPATH/Controllers/Api.php on line 8.
 1 SYSTEMPATH/CodeIgniter.php(906): App\Controllers\Api->__construct()
 2 SYSTEMPATH/CodeIgniter.php(490): CodeIgniter\CodeIgniter->createController()
 3 SYSTEMPATH/CodeIgniter.php(368): CodeIgniter\CodeIgniter->handleRequest(null, Object(Config\Cache), false)
 4 FCPATH/index.php(67): CodeIgniter\CodeIgniter->run()
WARNING - 2024-11-05 14:01:02 --> [DEPRECATED] Creation of dynamic property App\Controllers\Rekammedisirna::$simrs is deprecated in APPPATH/Controllers/Api.php on line 9.
 1 SYSTEMPATH/CodeIgniter.php(906): App\Controllers\Api->__construct()
 2 SYSTEMPATH/CodeIgniter.php(490): CodeIgniter\CodeIgniter->createController()
 3 SYSTEMPATH/CodeIgniter.php(368): CodeIgniter\CodeIgniter->handleRequest(null, Object(Config\Cache), false)
 4 FCPATH/index.php(67): CodeIgniter\CodeIgniter->run()
WARNING - 2024-11-05 14:01:02 --> [DEPRECATED] Creation of dynamic property App\Controllers\Rekammedisirna::$simrs is deprecated in APPPATH/Controllers/Api.php on line 9.
 1 SYSTEMPATH/CodeIgniter.php(906): App\Controllers\Api->__construct()
 2 SYSTEMPATH/CodeIgniter.php(490): CodeIgniter\CodeIgniter->createController()
 3 SYSTEMPATH/CodeIgniter.php(368): CodeIgniter\CodeIgniter->handleRequest(null, Object(Config\Cache), false)
 4 FCPATH/index.php(67): CodeIgniter\CodeIgniter->run()
ERROR - 2024-11-05 14:01:02 --> ErrorException: pg_query(): Query failed: ERROR:  column &quot;id_unit&quot; does not exist
LINE 1: SELECT * FROM unit WHERE LEFT (id_unit, 1) in ('2','8')
                                       ^
HINT:  Perhaps you meant to reference the column &quot;unit.kd_unit&quot;. in /var/www/html/SIMRSHEBAT/system/Database/Postgre/Connection.php:147
Stack trace:
#0 [internal function]: CodeIgniter\Debug\Exceptions->errorHandler()
#1 /var/www/html/SIMRSHEBAT/system/Database/Postgre/Connection.php(147): pg_query()
#2 /var/www/html/SIMRSHEBAT/system/Database/BaseConnection.php(691): CodeIgniter\Database\Postgre\Connection->execute()
#3 /var/www/html/SIMRSHEBAT/system/Database/BaseConnection.php(605): CodeIgniter\Database\BaseConnection->simpleQuery()
#4 /var/www/html/SIMRSHEBAT/app/Controllers/Rekammedisirna.php(7484): CodeIgniter\Database\BaseConnection->query()
#5 /var/www/html/SIMRSHEBAT/system/CodeIgniter.php(934): App\Controllers\Rekammedisirna->getUnitRI()
#6 /var/www/html/SIMRSHEBAT/system/CodeIgniter.php(499): CodeIgniter\CodeIgniter->runController()
#7 /var/www/html/SIMRSHEBAT/system/CodeIgniter.php(368): CodeIgniter\CodeIgniter->handleRequest()
#8 /var/www/html/SIMRSHEBAT/index.php(67): CodeIgniter\CodeIgniter->run()
#9 {main}
CRITICAL - 2024-11-05 14:01:02 --> Call to a member function getResult() on bool
in APPPATH/Controllers/Rekammedisirna.php on line 7484.
 1 SYSTEMPATH/CodeIgniter.php(934): App\Controllers\Rekammedisirna->getUnitRI()
 2 SYSTEMPATH/CodeIgniter.php(499): CodeIgniter\CodeIgniter->runController()
 3 SYSTEMPATH/CodeIgniter.php(368): CodeIgniter\CodeIgniter->handleRequest()
 4 FCPATH/index.php(67): CodeIgniter\CodeIgniter->run()
WARNING - 2024-11-05 14:01:51 --> [DEPRECATED] Creation of dynamic property App\Controllers\Laporan::$db is deprecated in APPPATH/Controllers/Api.php on line 8.
 1 SYSTEMPATH/CodeIgniter.php(906): App\Controllers\Api->__construct()
 2 SYSTEMPATH/CodeIgniter.php(490): CodeIgniter\CodeIgniter->createController()
 3 SYSTEMPATH/CodeIgniter.php(368): CodeIgniter\CodeIgniter->handleRequest(null, Object(Config\Cache), false)
 4 FCPATH/index.php(67): CodeIgniter\CodeIgniter->run()
WARNING - 2024-11-05 14:01:51 --> [DEPRECATED] Creation of dynamic property App\Controllers\Laporan::$simrs is deprecated in APPPATH/Controllers/Api.php on line 9.
 1 SYSTEMPATH/CodeIgniter.php(906): App\Controllers\Api->__construct()
 2 SYSTEMPATH/CodeIgniter.php(490): CodeIgniter\CodeIgniter->createController()
 3 SYSTEMPATH/CodeIgniter.php(368): CodeIgniter\CodeIgniter->handleRequest(null, Object(Config\Cache), false)
 4 FCPATH/index.php(67): CodeIgniter\CodeIgniter->run()
WARNING - 2024-11-05 14:01:51 --> [DEPRECATED] Creation of dynamic property App\Controllers\User::$db is deprecated in APPPATH/Controllers/Api.php on line 8.
 1 SYSTEMPATH/CodeIgniter.php(906): App\Controllers\Api->__construct()
 2 SYSTEMPATH/CodeIgniter.php(490): CodeIgniter\CodeIgniter->createController()
 3 SYSTEMPATH/CodeIgniter.php(368): CodeIgniter\CodeIgniter->handleRequest(null, Object(Config\Cache), false)
 4 FCPATH/index.php(67): CodeIgniter\CodeIgniter->run()
WARNING - 2024-11-05 14:01:51 --> [DEPRECATED] Creation of dynamic property App\Controllers\User::$simrs is deprecated in APPPATH/Controllers/Api.php on line 9.
 1 SYSTEMPATH/CodeIgniter.php(906): App\Controllers\Api->__construct()
 2 SYSTEMPATH/CodeIgniter.php(490): CodeIgniter\CodeIgniter->createController()
 3 SYSTEMPATH/CodeIgniter.php(368): CodeIgniter\CodeIgniter->handleRequest(null, Object(Config\Cache), false)
 4 FCPATH/index.php(67): CodeIgniter\CodeIgniter->run()
WARNING - 2024-11-05 14:01:55 --> [DEPRECATED] Creation of dynamic property App\Controllers\Rekammedisirna::$db is deprecated in APPPATH/Controllers/Api.php on line 8.
 1 SYSTEMPATH/CodeIgniter.php(906): App\Controllers\Api->__construct()
 2 SYSTEMPATH/CodeIgniter.php(490): CodeIgniter\CodeIgniter->createController()
 3 SYSTEMPATH/CodeIgniter.php(368): CodeIgniter\CodeIgniter->handleRequest(null, Object(Config\Cache), false)
 4 FCPATH/index.php(67): CodeIgniter\CodeIgniter->run()
WARNING - 2024-11-05 14:01:55 --> [DEPRECATED] Creation of dynamic property App\Controllers\Rekammedisirna::$simrs is deprecated in APPPATH/Controllers/Api.php on line 9.
 1 SYSTEMPATH/CodeIgniter.php(906): App\Controllers\Api->__construct()
 2 SYSTEMPATH/CodeIgniter.php(490): CodeIgniter\CodeIgniter->createController()
 3 SYSTEMPATH/CodeIgniter.php(368): CodeIgniter\CodeIgniter->handleRequest(null, Object(Config\Cache), false)
 4 FCPATH/index.php(67): CodeIgniter\CodeIgniter->run()
WARNING - 2024-11-05 14:01:55 --> [DEPRECATED] Creation of dynamic property App\Controllers\Rekammedisirna::$db is deprecated in APPPATH/Controllers/Api.php on line 8.
 1 SYSTEMPATH/CodeIgniter.php(906): App\Controllers\Api->__construct()
 2 SYSTEMPATH/CodeIgniter.php(490): CodeIgniter\CodeIgniter->createController()
 3 SYSTEMPATH/CodeIgniter.php(368): CodeIgniter\CodeIgniter->handleRequest(null, Object(Config\Cache), false)
 4 FCPATH/index.php(67): CodeIgniter\CodeIgniter->run()
WARNING - 2024-11-05 14:01:55 --> [DEPRECATED] Creation of dynamic property App\Controllers\Rekammedisirna::$simrs is deprecated in APPPATH/Controllers/Api.php on line 9.
 1 SYSTEMPATH/CodeIgniter.php(906): App\Controllers\Api->__construct()
 2 SYSTEMPATH/CodeIgniter.php(490): CodeIgniter\CodeIgniter->createController()
 3 SYSTEMPATH/CodeIgniter.php(368): CodeIgniter\CodeIgniter->handleRequest(null, Object(Config\Cache), false)
 4 FCPATH/index.php(67): CodeIgniter\CodeIgniter->run()
WARNING - 2024-11-05 14:01:55 --> [DEPRECATED] Creation of dynamic property App\Controllers\Rekammedisirna::$db is deprecated in APPPATH/Controllers/Api.php on line 8.
 1 SYSTEMPATH/CodeIgniter.php(906): App\Controllers\Api->__construct()
 2 SYSTEMPATH/CodeIgniter.php(490): CodeIgniter\CodeIgniter->createController()
 3 SYSTEMPATH/CodeIgniter.php(368): CodeIgniter\CodeIgniter->handleRequest(null, Object(Config\Cache), false)
 4 FCPATH/index.php(67): CodeIgniter\CodeIgniter->run()
WARNING - 2024-11-05 14:01:55 --> [DEPRECATED] Creation of dynamic property App\Controllers\Rekammedisirna::$simrs is deprecated in APPPATH/Controllers/Api.php on line 9.
 1 SYSTEMPATH/CodeIgniter.php(906): App\Controllers\Api->__construct()
 2 SYSTEMPATH/CodeIgniter.php(490): CodeIgniter\CodeIgniter->createController()
 3 SYSTEMPATH/CodeIgniter.php(368): CodeIgniter\CodeIgniter->handleRequest(null, Object(Config\Cache), false)
 4 FCPATH/index.php(67): CodeIgniter\CodeIgniter->run()
ERROR - 2024-11-05 14:01:55 --> ErrorException: pg_query(): Query failed: ERROR:  column &quot;id_unit&quot; does not exist
LINE 1: SELECT * FROM unit WHERE LEFT (id_unit, 1) in ('2','8')
                                       ^
HINT:  Perhaps you meant to reference the column &quot;unit.kd_unit&quot;. in /var/www/html/SIMRSHEBAT/system/Database/Postgre/Connection.php:147
Stack trace:
#0 [internal function]: CodeIgniter\Debug\Exceptions->errorHandler()
#1 /var/www/html/SIMRSHEBAT/system/Database/Postgre/Connection.php(147): pg_query()
#2 /var/www/html/SIMRSHEBAT/system/Database/BaseConnection.php(691): CodeIgniter\Database\Postgre\Connection->execute()
#3 /var/www/html/SIMRSHEBAT/system/Database/BaseConnection.php(605): CodeIgniter\Database\BaseConnection->simpleQuery()
#4 /var/www/html/SIMRSHEBAT/app/Controllers/Rekammedisirna.php(7484): CodeIgniter\Database\BaseConnection->query()
#5 /var/www/html/SIMRSHEBAT/system/CodeIgniter.php(934): App\Controllers\Rekammedisirna->getUnitRI()
#6 /var/www/html/SIMRSHEBAT/system/CodeIgniter.php(499): CodeIgniter\CodeIgniter->runController()
#7 /var/www/html/SIMRSHEBAT/system/CodeIgniter.php(368): CodeIgniter\CodeIgniter->handleRequest()
#8 /var/www/html/SIMRSHEBAT/index.php(67): CodeIgniter\CodeIgniter->run()
#9 {main}
CRITICAL - 2024-11-05 14:01:55 --> Call to a member function getResult() on bool
in APPPATH/Controllers/Rekammedisirna.php on line 7484.
 1 SYSTEMPATH/CodeIgniter.php(934): App\Controllers\Rekammedisirna->getUnitRI()
 2 SYSTEMPATH/CodeIgniter.php(499): CodeIgniter\CodeIgniter->runController()
 3 SYSTEMPATH/CodeIgniter.php(368): CodeIgniter\CodeIgniter->handleRequest()
 4 FCPATH/index.php(67): CodeIgniter\CodeIgniter->run()
INFO - 2024-11-05 14:33:22 --> Session: Class initialized using 'CodeIgniter\Session\Handlers\FileHandler' driver.
WARNING - 2024-11-05 14:33:24 --> [DEPRECATED] Creation of dynamic property App\Controllers\User::$db is deprecated in APPPATH/Controllers/Api.php on line 8.
 1 SYSTEMPATH/CodeIgniter.php(906): App\Controllers\Api->__construct()
 2 SYSTEMPATH/CodeIgniter.php(490): CodeIgniter\CodeIgniter->createController()
 3 SYSTEMPATH/CodeIgniter.php(368): CodeIgniter\CodeIgniter->handleRequest(null, Object(Config\Cache), false)
 4 FCPATH/index.php(67): CodeIgniter\CodeIgniter->run()
WARNING - 2024-11-05 14:33:24 --> [DEPRECATED] Creation of dynamic property App\Controllers\User::$simrs is deprecated in APPPATH/Controllers/Api.php on line 9.
 1 SYSTEMPATH/CodeIgniter.php(906): App\Controllers\Api->__construct()
 2 SYSTEMPATH/CodeIgniter.php(490): CodeIgniter\CodeIgniter->createController()
 3 SYSTEMPATH/CodeIgniter.php(368): CodeIgniter\CodeIgniter->handleRequest(null, Object(Config\Cache), false)
 4 FCPATH/index.php(67): CodeIgniter\CodeIgniter->run()
WARNING - 2024-11-05 14:33:24 --> [DEPRECATED] Creation of dynamic property App\Controllers\Laporan::$db is deprecated in APPPATH/Controllers/Api.php on line 8.
 1 SYSTEMPATH/CodeIgniter.php(906): App\Controllers\Api->__construct()
 2 SYSTEMPATH/CodeIgniter.php(490): CodeIgniter\CodeIgniter->createController()
 3 SYSTEMPATH/CodeIgniter.php(368): CodeIgniter\CodeIgniter->handleRequest(null, Object(Config\Cache), false)
 4 FCPATH/index.php(67): CodeIgniter\CodeIgniter->run()
WARNING - 2024-11-05 14:33:24 --> [DEPRECATED] Creation of dynamic property App\Controllers\Laporan::$simrs is deprecated in APPPATH/Controllers/Api.php on line 9.
 1 SYSTEMPATH/CodeIgniter.php(906): App\Controllers\Api->__construct()
 2 SYSTEMPATH/CodeIgniter.php(490): CodeIgniter\CodeIgniter->createController()
 3 SYSTEMPATH/CodeIgniter.php(368): CodeIgniter\CodeIgniter->handleRequest(null, Object(Config\Cache), false)
 4 FCPATH/index.php(67): CodeIgniter\CodeIgniter->run()
WARNING - 2024-11-05 14:33:24 --> [DEPRECATED] Creation of dynamic property App\Controllers\User::$db is deprecated in APPPATH/Controllers/Api.php on line 8.
 1 SYSTEMPATH/CodeIgniter.php(906): App\Controllers\Api->__construct()
 2 SYSTEMPATH/CodeIgniter.php(490): CodeIgniter\CodeIgniter->createController()
 3 SYSTEMPATH/CodeIgniter.php(368): CodeIgniter\CodeIgniter->handleRequest(null, Object(Config\Cache), false)
 4 FCPATH/index.php(67): CodeIgniter\CodeIgniter->run()
WARNING - 2024-11-05 14:33:24 --> [DEPRECATED] Creation of dynamic property App\Controllers\User::$simrs is deprecated in APPPATH/Controllers/Api.php on line 9.
 1 SYSTEMPATH/CodeIgniter.php(906): App\Controllers\Api->__construct()
 2 SYSTEMPATH/CodeIgniter.php(490): CodeIgniter\CodeIgniter->createController()
 3 SYSTEMPATH/CodeIgniter.php(368): CodeIgniter\CodeIgniter->handleRequest(null, Object(Config\Cache), false)
 4 FCPATH/index.php(67): CodeIgniter\CodeIgniter->run()
WARNING - 2024-11-05 14:33:31 --> [DEPRECATED] Creation of dynamic property App\Controllers\Rekammedisirna::$db is deprecated in APPPATH/Controllers/Api.php on line 8.
 1 SYSTEMPATH/CodeIgniter.php(906): App\Controllers\Api->__construct()
 2 SYSTEMPATH/CodeIgniter.php(490): CodeIgniter\CodeIgniter->createController()
 3 SYSTEMPATH/CodeIgniter.php(368): CodeIgniter\CodeIgniter->handleRequest(null, Object(Config\Cache), false)
 4 FCPATH/index.php(67): CodeIgniter\CodeIgniter->run()
WARNING - 2024-11-05 14:33:31 --> [DEPRECATED] Creation of dynamic property App\Controllers\Rekammedisirna::$simrs is deprecated in APPPATH/Controllers/Api.php on line 9.
 1 SYSTEMPATH/CodeIgniter.php(906): App\Controllers\Api->__construct()
 2 SYSTEMPATH/CodeIgniter.php(490): CodeIgniter\CodeIgniter->createController()
 3 SYSTEMPATH/CodeIgniter.php(368): CodeIgniter\CodeIgniter->handleRequest(null, Object(Config\Cache), false)
 4 FCPATH/index.php(67): CodeIgniter\CodeIgniter->run()
WARNING - 2024-11-05 14:33:31 --> [DEPRECATED] Creation of dynamic property App\Controllers\Rekammedisirna::$db is deprecated in APPPATH/Controllers/Api.php on line 8.
 1 SYSTEMPATH/CodeIgniter.php(906): App\Controllers\Api->__construct()
 2 SYSTEMPATH/CodeIgniter.php(490): CodeIgniter\CodeIgniter->createController()
 3 SYSTEMPATH/CodeIgniter.php(368): CodeIgniter\CodeIgniter->handleRequest(null, Object(Config\Cache), false)
 4 FCPATH/index.php(67): CodeIgniter\CodeIgniter->run()
WARNING - 2024-11-05 14:33:31 --> [DEPRECATED] Creation of dynamic property App\Controllers\Rekammedisirna::$db is deprecated in APPPATH/Controllers/Api.php on line 8.
 1 SYSTEMPATH/CodeIgniter.php(906): App\Controllers\Api->__construct()
 2 SYSTEMPATH/CodeIgniter.php(490): CodeIgniter\CodeIgniter->createController()
 3 SYSTEMPATH/CodeIgniter.php(368): CodeIgniter\CodeIgniter->handleRequest(null, Object(Config\Cache), false)
 4 FCPATH/index.php(67): CodeIgniter\CodeIgniter->run()
WARNING - 2024-11-05 14:33:31 --> [DEPRECATED] Creation of dynamic property App\Controllers\Rekammedisirna::$simrs is deprecated in APPPATH/Controllers/Api.php on line 9.
 1 SYSTEMPATH/CodeIgniter.php(906): App\Controllers\Api->__construct()
 2 SYSTEMPATH/CodeIgniter.php(490): CodeIgniter\CodeIgniter->createController()
 3 SYSTEMPATH/CodeIgniter.php(368): CodeIgniter\CodeIgniter->handleRequest(null, Object(Config\Cache), false)
 4 FCPATH/index.php(67): CodeIgniter\CodeIgniter->run()
WARNING - 2024-11-05 14:33:31 --> [DEPRECATED] Creation of dynamic property App\Controllers\Rekammedisirna::$simrs is deprecated in APPPATH/Controllers/Api.php on line 9.
 1 SYSTEMPATH/CodeIgniter.php(906): App\Controllers\Api->__construct()
 2 SYSTEMPATH/CodeIgniter.php(490): CodeIgniter\CodeIgniter->createController()
 3 SYSTEMPATH/CodeIgniter.php(368): CodeIgniter\CodeIgniter->handleRequest(null, Object(Config\Cache), false)
 4 FCPATH/index.php(67): CodeIgniter\CodeIgniter->run()
ERROR - 2024-11-05 14:33:31 --> ErrorException: pg_query(): Query failed: ERROR:  column &quot;id_unit&quot; does not exist
LINE 1: SELECT * FROM unit WHERE LEFT (id_unit, 1) in ('1')
                                       ^
HINT:  Perhaps you meant to reference the column &quot;unit.kd_unit&quot;. in /var/www/html/SIMRSHEBAT/system/Database/Postgre/Connection.php:147
Stack trace:
#0 [internal function]: CodeIgniter\Debug\Exceptions->errorHandler()
#1 /var/www/html/SIMRSHEBAT/system/Database/Postgre/Connection.php(147): pg_query()
#2 /var/www/html/SIMRSHEBAT/system/Database/BaseConnection.php(691): CodeIgniter\Database\Postgre\Connection->execute()
#3 /var/www/html/SIMRSHEBAT/system/Database/BaseConnection.php(605): CodeIgniter\Database\BaseConnection->simpleQuery()
#4 /var/www/html/SIMRSHEBAT/app/Controllers/Rekammedisirna.php(7484): CodeIgniter\Database\BaseConnection->query()
#5 /var/www/html/SIMRSHEBAT/system/CodeIgniter.php(934): App\Controllers\Rekammedisirna->getUnitRI()
#6 /var/www/html/SIMRSHEBAT/system/CodeIgniter.php(499): CodeIgniter\CodeIgniter->runController()
#7 /var/www/html/SIMRSHEBAT/system/CodeIgniter.php(368): CodeIgniter\CodeIgniter->handleRequest()
#8 /var/www/html/SIMRSHEBAT/index.php(67): CodeIgniter\CodeIgniter->run()
#9 {main}
CRITICAL - 2024-11-05 14:33:31 --> Call to a member function getResult() on bool
in APPPATH/Controllers/Rekammedisirna.php on line 7484.
 1 SYSTEMPATH/CodeIgniter.php(934): App\Controllers\Rekammedisirna->getUnitRI()
 2 SYSTEMPATH/CodeIgniter.php(499): CodeIgniter\CodeIgniter->runController()
 3 SYSTEMPATH/CodeIgniter.php(368): CodeIgniter\CodeIgniter->handleRequest()
 4 FCPATH/index.php(67): CodeIgniter\CodeIgniter->run()
WARNING - 2024-11-05 14:34:51 --> [DEPRECATED] Creation of dynamic property App\Controllers\Laporan::$db is deprecated in APPPATH/Controllers/Api.php on line 8.
 1 SYSTEMPATH/CodeIgniter.php(906): App\Controllers\Api->__construct()
 2 SYSTEMPATH/CodeIgniter.php(490): CodeIgniter\CodeIgniter->createController()
 3 SYSTEMPATH/CodeIgniter.php(368): CodeIgniter\CodeIgniter->handleRequest(null, Object(Config\Cache), false)
 4 FCPATH/index.php(67): CodeIgniter\CodeIgniter->run()
WARNING - 2024-11-05 14:34:51 --> [DEPRECATED] Creation of dynamic property App\Controllers\Laporan::$simrs is deprecated in APPPATH/Controllers/Api.php on line 9.
 1 SYSTEMPATH/CodeIgniter.php(906): App\Controllers\Api->__construct()
 2 SYSTEMPATH/CodeIgniter.php(490): CodeIgniter\CodeIgniter->createController()
 3 SYSTEMPATH/CodeIgniter.php(368): CodeIgniter\CodeIgniter->handleRequest(null, Object(Config\Cache), false)
 4 FCPATH/index.php(67): CodeIgniter\CodeIgniter->run()
WARNING - 2024-11-05 14:34:51 --> [DEPRECATED] Creation of dynamic property App\Controllers\User::$db is deprecated in APPPATH/Controllers/Api.php on line 8.
 1 SYSTEMPATH/CodeIgniter.php(906): App\Controllers\Api->__construct()
 2 SYSTEMPATH/CodeIgniter.php(490): CodeIgniter\CodeIgniter->createController()
 3 SYSTEMPATH/CodeIgniter.php(368): CodeIgniter\CodeIgniter->handleRequest(null, Object(Config\Cache), false)
 4 FCPATH/index.php(67): CodeIgniter\CodeIgniter->run()
WARNING - 2024-11-05 14:34:51 --> [DEPRECATED] Creation of dynamic property App\Controllers\User::$simrs is deprecated in APPPATH/Controllers/Api.php on line 9.
 1 SYSTEMPATH/CodeIgniter.php(906): App\Controllers\Api->__construct()
 2 SYSTEMPATH/CodeIgniter.php(490): CodeIgniter\CodeIgniter->createController()
 3 SYSTEMPATH/CodeIgniter.php(368): CodeIgniter\CodeIgniter->handleRequest(null, Object(Config\Cache), false)
 4 FCPATH/index.php(67): CodeIgniter\CodeIgniter->run()
WARNING - 2024-11-05 14:34:56 --> [DEPRECATED] Creation of dynamic property App\Controllers\Lab::$db is deprecated in APPPATH/Controllers/Api.php on line 8.
 1 SYSTEMPATH/CodeIgniter.php(906): App\Controllers\Api->__construct()
 2 SYSTEMPATH/CodeIgniter.php(490): CodeIgniter\CodeIgniter->createController()
 3 SYSTEMPATH/CodeIgniter.php(368): CodeIgniter\CodeIgniter->handleRequest(null, Object(Config\Cache), false)
 4 FCPATH/index.php(67): CodeIgniter\CodeIgniter->run()
WARNING - 2024-11-05 14:34:56 --> [DEPRECATED] Creation of dynamic property App\Controllers\Lab::$simrs is deprecated in APPPATH/Controllers/Api.php on line 9.
 1 SYSTEMPATH/CodeIgniter.php(906): App\Controllers\Api->__construct()
 2 SYSTEMPATH/CodeIgniter.php(490): CodeIgniter\CodeIgniter->createController()
 3 SYSTEMPATH/CodeIgniter.php(368): CodeIgniter\CodeIgniter->handleRequest(null, Object(Config\Cache), false)
 4 FCPATH/index.php(67): CodeIgniter\CodeIgniter->run()
WARNING - 2024-11-05 14:34:56 --> [DEPRECATED] Creation of dynamic property App\Controllers\Lab::$db is deprecated in APPPATH/Controllers/Api.php on line 8.
 1 SYSTEMPATH/CodeIgniter.php(906): App\Controllers\Api->__construct()
 2 SYSTEMPATH/CodeIgniter.php(490): CodeIgniter\CodeIgniter->createController()
 3 SYSTEMPATH/CodeIgniter.php(368): CodeIgniter\CodeIgniter->handleRequest(null, Object(Config\Cache), false)
 4 FCPATH/index.php(67): CodeIgniter\CodeIgniter->run()
WARNING - 2024-11-05 14:34:56 --> [DEPRECATED] Creation of dynamic property App\Controllers\Lab::$simrs is deprecated in APPPATH/Controllers/Api.php on line 9.
 1 SYSTEMPATH/CodeIgniter.php(906): App\Controllers\Api->__construct()
 2 SYSTEMPATH/CodeIgniter.php(490): CodeIgniter\CodeIgniter->createController()
 3 SYSTEMPATH/CodeIgniter.php(368): CodeIgniter\CodeIgniter->handleRequest(null, Object(Config\Cache), false)
 4 FCPATH/index.php(67): CodeIgniter\CodeIgniter->run()
ERROR - 2024-11-05 14:34:56 --> ErrorException: pg_query(): Query failed: ERROR:  function left(integer, integer) does not exist
LINE 1: SELECT * from produk WHERE left(kd_produk,2)='UR' 
                                   ^
HINT:  No function matches the given name and argument types. You might need to add explicit type casts. in /var/www/html/SIMRSHEBAT/system/Database/Postgre/Connection.php:147
Stack trace:
#0 [internal function]: CodeIgniter\Debug\Exceptions->errorHandler()
#1 /var/www/html/SIMRSHEBAT/system/Database/Postgre/Connection.php(147): pg_query()
#2 /var/www/html/SIMRSHEBAT/system/Database/BaseConnection.php(691): CodeIgniter\Database\Postgre\Connection->execute()
#3 /var/www/html/SIMRSHEBAT/system/Database/BaseConnection.php(605): CodeIgniter\Database\BaseConnection->simpleQuery()
#4 /var/www/html/SIMRSHEBAT/app/Controllers/Lab.php(465): CodeIgniter\Database\BaseConnection->query()
#5 /var/www/html/SIMRSHEBAT/system/CodeIgniter.php(934): App\Controllers\Lab->produkRad()
#6 /var/www/html/SIMRSHEBAT/system/CodeIgniter.php(499): CodeIgniter\CodeIgniter->runController()
#7 /var/www/html/SIMRSHEBAT/system/CodeIgniter.php(368): CodeIgniter\CodeIgniter->handleRequest()
#8 /var/www/html/SIMRSHEBAT/index.php(67): CodeIgniter\CodeIgniter->run()
#9 {main}
CRITICAL - 2024-11-05 14:34:56 --> Call to a member function getResult() on bool
in APPPATH/Controllers/Lab.php on line 465.
 1 SYSTEMPATH/CodeIgniter.php(934): App\Controllers\Lab->produkRad()
 2 SYSTEMPATH/CodeIgniter.php(499): CodeIgniter\CodeIgniter->runController()
 3 SYSTEMPATH/CodeIgniter.php(368): CodeIgniter\CodeIgniter->handleRequest()
 4 FCPATH/index.php(67): CodeIgniter\CodeIgniter->run()
WARNING - 2024-11-05 14:34:56 --> [DEPRECATED] Creation of dynamic property App\Controllers\Rekammedisigd::$db is deprecated in APPPATH/Controllers/Api.php on line 8.
 1 SYSTEMPATH/CodeIgniter.php(906): App\Controllers\Api->__construct()
 2 SYSTEMPATH/CodeIgniter.php(490): CodeIgniter\CodeIgniter->createController()
 3 SYSTEMPATH/CodeIgniter.php(368): CodeIgniter\CodeIgniter->handleRequest(null, Object(Config\Cache), false)
 4 FCPATH/index.php(67): CodeIgniter\CodeIgniter->run()
WARNING - 2024-11-05 14:34:56 --> [DEPRECATED] Creation of dynamic property App\Controllers\Rekammedisigd::$simrs is deprecated in APPPATH/Controllers/Api.php on line 9.
 1 SYSTEMPATH/CodeIgniter.php(906): App\Controllers\Api->__construct()
 2 SYSTEMPATH/CodeIgniter.php(490): CodeIgniter\CodeIgniter->createController()
 3 SYSTEMPATH/CodeIgniter.php(368): CodeIgniter\CodeIgniter->handleRequest(null, Object(Config\Cache), false)
 4 FCPATH/index.php(67): CodeIgniter\CodeIgniter->run()
ERROR - 2024-11-05 14:34:56 --> ErrorException: pg_query(): Query failed: ERROR:  function left(integer, integer) does not exist
LINE 1: SELECT * from produk WHERE left(kd_produk,2)='XR' 
                                   ^
HINT:  No function matches the given name and argument types. You might need to add explicit type casts. in /var/www/html/SIMRSHEBAT/system/Database/Postgre/Connection.php:147
Stack trace:
#0 [internal function]: CodeIgniter\Debug\Exceptions->errorHandler()
#1 /var/www/html/SIMRSHEBAT/system/Database/Postgre/Connection.php(147): pg_query()
#2 /var/www/html/SIMRSHEBAT/system/Database/BaseConnection.php(691): CodeIgniter\Database\Postgre\Connection->execute()
#3 /var/www/html/SIMRSHEBAT/system/Database/BaseConnection.php(605): CodeIgniter\Database\BaseConnection->simpleQuery()
#4 /var/www/html/SIMRSHEBAT/app/Controllers/Lab.php(465): CodeIgniter\Database\BaseConnection->query()
#5 /var/www/html/SIMRSHEBAT/system/CodeIgniter.php(934): App\Controllers\Lab->produkRad()
#6 /var/www/html/SIMRSHEBAT/system/CodeIgniter.php(499): CodeIgniter\CodeIgniter->runController()
#7 /var/www/html/SIMRSHEBAT/system/CodeIgniter.php(368): CodeIgniter\CodeIgniter->handleRequest()
#8 /var/www/html/SIMRSHEBAT/index.php(67): CodeIgniter\CodeIgniter->run()
#9 {main}
CRITICAL - 2024-11-05 14:34:56 --> Call to a member function getResult() on bool
in APPPATH/Controllers/Lab.php on line 465.
 1 SYSTEMPATH/CodeIgniter.php(934): App\Controllers\Lab->produkRad()
 2 SYSTEMPATH/CodeIgniter.php(499): CodeIgniter\CodeIgniter->runController()
 3 SYSTEMPATH/CodeIgniter.php(368): CodeIgniter\CodeIgniter->handleRequest()
 4 FCPATH/index.php(67): CodeIgniter\CodeIgniter->run()
WARNING - 2024-11-05 14:34:56 --> [DEPRECATED] Creation of dynamic property App\Controllers\Lab::$db is deprecated in APPPATH/Controllers/Api.php on line 8.
 1 SYSTEMPATH/CodeIgniter.php(906): App\Controllers\Api->__construct()
 2 SYSTEMPATH/CodeIgniter.php(490): CodeIgniter\CodeIgniter->createController()
 3 SYSTEMPATH/CodeIgniter.php(368): CodeIgniter\CodeIgniter->handleRequest(null, Object(Config\Cache), false)
 4 FCPATH/index.php(67): CodeIgniter\CodeIgniter->run()
WARNING - 2024-11-05 14:34:56 --> [DEPRECATED] Creation of dynamic property App\Controllers\Lab::$simrs is deprecated in APPPATH/Controllers/Api.php on line 9.
 1 SYSTEMPATH/CodeIgniter.php(906): App\Controllers\Api->__construct()
 2 SYSTEMPATH/CodeIgniter.php(490): CodeIgniter\CodeIgniter->createController()
 3 SYSTEMPATH/CodeIgniter.php(368): CodeIgniter\CodeIgniter->handleRequest(null, Object(Config\Cache), false)
 4 FCPATH/index.php(67): CodeIgniter\CodeIgniter->run()
WARNING - 2024-11-05 14:34:56 --> [DEPRECATED] Creation of dynamic property App\Controllers\Datasosial::$db is deprecated in APPPATH/Controllers/Api.php on line 8.
 1 SYSTEMPATH/CodeIgniter.php(906): App\Controllers\Api->__construct()
 2 SYSTEMPATH/CodeIgniter.php(490): CodeIgniter\CodeIgniter->createController()
 3 SYSTEMPATH/CodeIgniter.php(368): CodeIgniter\CodeIgniter->handleRequest(null, Object(Config\Cache), false)
 4 FCPATH/index.php(67): CodeIgniter\CodeIgniter->run()
WARNING - 2024-11-05 14:34:56 --> [DEPRECATED] Creation of dynamic property App\Controllers\Datasosial::$simrs is deprecated in APPPATH/Controllers/Api.php on line 9.
 1 SYSTEMPATH/CodeIgniter.php(906): App\Controllers\Api->__construct()
 2 SYSTEMPATH/CodeIgniter.php(490): CodeIgniter\CodeIgniter->createController()
 3 SYSTEMPATH/CodeIgniter.php(368): CodeIgniter\CodeIgniter->handleRequest(null, Object(Config\Cache), false)
 4 FCPATH/index.php(67): CodeIgniter\CodeIgniter->run()
ERROR - 2024-11-05 14:34:56 --> ErrorException: pg_query(): Query failed: ERROR:  column tr.no_rm does not exist
LINE 18:                     INNER JOIN pasien P ON tr.no_rm = P.no_r...
                                                    ^ in /var/www/html/SIMRSHEBAT/system/Database/Postgre/Connection.php:147
Stack trace:
#0 [internal function]: CodeIgniter\Debug\Exceptions->errorHandler()
#1 /var/www/html/SIMRSHEBAT/system/Database/Postgre/Connection.php(147): pg_query()
#2 /var/www/html/SIMRSHEBAT/system/Database/BaseConnection.php(691): CodeIgniter\Database\Postgre\Connection->execute()
#3 /var/www/html/SIMRSHEBAT/app/Controllers/Rekammedisigd.php(437): CodeIgniter\Database\BaseConnection->simpleQuery()
#4 /var/www/html/SIMRSHEBAT/system/CodeIgniter.php(934): App\Controllers\Rekammedisigd->listpasien()
#5 /var/www/html/SIMRSHEBAT/system/CodeIgniter.php(499): CodeIgniter\CodeIgniter->runController()
#6 /var/www/html/SIMRSHEBAT/system/CodeIgniter.php(368): CodeIgniter\CodeIgniter->handleRequest()
#7 /var/www/html/SIMRSHEBAT/index.php(67): CodeIgniter\CodeIgniter->run()
#8 {main}
ERROR - 2024-11-05 14:34:56 --> ErrorException: pg_query(): Query failed: ERROR:  function left(integer, integer) does not exist
LINE 1: SELECT * from produk WHERE left(kd_produk,2)='CT' 
                                   ^
HINT:  No function matches the given name and argument types. You might need to add explicit type casts. in /var/www/html/SIMRSHEBAT/system/Database/Postgre/Connection.php:147
Stack trace:
#0 [internal function]: CodeIgniter\Debug\Exceptions->errorHandler()
#1 /var/www/html/SIMRSHEBAT/system/Database/Postgre/Connection.php(147): pg_query()
#2 /var/www/html/SIMRSHEBAT/system/Database/BaseConnection.php(691): CodeIgniter\Database\Postgre\Connection->execute()
#3 /var/www/html/SIMRSHEBAT/system/Database/BaseConnection.php(605): CodeIgniter\Database\BaseConnection->simpleQuery()
#4 /var/www/html/SIMRSHEBAT/app/Controllers/Lab.php(465): CodeIgniter\Database\BaseConnection->query()
#5 /var/www/html/SIMRSHEBAT/system/CodeIgniter.php(934): App\Controllers\Lab->produkRad()
#6 /var/www/html/SIMRSHEBAT/system/CodeIgniter.php(499): CodeIgniter\CodeIgniter->runController()
#7 /var/www/html/SIMRSHEBAT/system/CodeIgniter.php(368): CodeIgniter\CodeIgniter->handleRequest()
#8 /var/www/html/SIMRSHEBAT/index.php(67): CodeIgniter\CodeIgniter->run()
#9 {main}
CRITICAL - 2024-11-05 14:34:56 --> Call to a member function getResult() on bool
in APPPATH/Controllers/Lab.php on line 465.
 1 SYSTEMPATH/CodeIgniter.php(934): App\Controllers\Lab->produkRad()
 2 SYSTEMPATH/CodeIgniter.php(499): CodeIgniter\CodeIgniter->runController()
 3 SYSTEMPATH/CodeIgniter.php(368): CodeIgniter\CodeIgniter->handleRequest()
 4 FCPATH/index.php(67): CodeIgniter\CodeIgniter->run()
WARNING - 2024-11-05 14:34:56 --> [DEPRECATED] Creation of dynamic property App\Controllers\Lab::$db is deprecated in APPPATH/Controllers/Api.php on line 8.
 1 SYSTEMPATH/CodeIgniter.php(906): App\Controllers\Api->__construct()
 2 SYSTEMPATH/CodeIgniter.php(490): CodeIgniter\CodeIgniter->createController()
 3 SYSTEMPATH/CodeIgniter.php(368): CodeIgniter\CodeIgniter->handleRequest(null, Object(Config\Cache), false)
 4 FCPATH/index.php(67): CodeIgniter\CodeIgniter->run()
WARNING - 2024-11-05 14:34:56 --> [DEPRECATED] Creation of dynamic property App\Controllers\Lab::$simrs is deprecated in APPPATH/Controllers/Api.php on line 9.
 1 SYSTEMPATH/CodeIgniter.php(906): App\Controllers\Api->__construct()
 2 SYSTEMPATH/CodeIgniter.php(490): CodeIgniter\CodeIgniter->createController()
 3 SYSTEMPATH/CodeIgniter.php(368): CodeIgniter\CodeIgniter->handleRequest(null, Object(Config\Cache), false)
 4 FCPATH/index.php(67): CodeIgniter\CodeIgniter->run()
WARNING - 2024-11-05 14:34:56 --> [DEPRECATED] Creation of dynamic property App\Controllers\Datasosial::$db is deprecated in APPPATH/Controllers/Api.php on line 8.
 1 SYSTEMPATH/CodeIgniter.php(906): App\Controllers\Api->__construct()
 2 SYSTEMPATH/CodeIgniter.php(490): CodeIgniter\CodeIgniter->createController()
 3 SYSTEMPATH/CodeIgniter.php(368): CodeIgniter\CodeIgniter->handleRequest(null, Object(Config\Cache), false)
 4 FCPATH/index.php(67): CodeIgniter\CodeIgniter->run()
WARNING - 2024-11-05 14:34:56 --> [DEPRECATED] Creation of dynamic property App\Controllers\Datasosial::$simrs is deprecated in APPPATH/Controllers/Api.php on line 9.
 1 SYSTEMPATH/CodeIgniter.php(906): App\Controllers\Api->__construct()
 2 SYSTEMPATH/CodeIgniter.php(490): CodeIgniter\CodeIgniter->createController()
 3 SYSTEMPATH/CodeIgniter.php(368): CodeIgniter\CodeIgniter->handleRequest(null, Object(Config\Cache), false)
 4 FCPATH/index.php(67): CodeIgniter\CodeIgniter->run()
WARNING - 2024-11-05 14:34:56 --> [DEPRECATED] Creation of dynamic property App\Controllers\Rawatjalan::$db is deprecated in APPPATH/Controllers/Api.php on line 8.
 1 SYSTEMPATH/CodeIgniter.php(906): App\Controllers\Api->__construct()
 2 SYSTEMPATH/CodeIgniter.php(490): CodeIgniter\CodeIgniter->createController()
 3 SYSTEMPATH/CodeIgniter.php(368): CodeIgniter\CodeIgniter->handleRequest(null, Object(Config\Cache), false)
 4 FCPATH/index.php(67): CodeIgniter\CodeIgniter->run()
WARNING - 2024-11-05 14:34:56 --> [DEPRECATED] Creation of dynamic property App\Controllers\Rawatjalan::$simrs is deprecated in APPPATH/Controllers/Api.php on line 9.
 1 SYSTEMPATH/CodeIgniter.php(906): App\Controllers\Api->__construct()
 2 SYSTEMPATH/CodeIgniter.php(490): CodeIgniter\CodeIgniter->createController()
 3 SYSTEMPATH/CodeIgniter.php(368): CodeIgniter\CodeIgniter->handleRequest(null, Object(Config\Cache), false)
 4 FCPATH/index.php(67): CodeIgniter\CodeIgniter->run()
ERROR - 2024-11-05 14:34:56 --> ErrorException: pg_query(): Query failed: ERROR:  column &quot;id_jenis_produk&quot; does not exist
LINE 1: SELECT * from produk WHERE id_jenis_produk='3' 
                                   ^ in /var/www/html/SIMRSHEBAT/system/Database/Postgre/Connection.php:147
Stack trace:
#0 [internal function]: CodeIgniter\Debug\Exceptions->errorHandler()
#1 /var/www/html/SIMRSHEBAT/system/Database/Postgre/Connection.php(147): pg_query()
#2 /var/www/html/SIMRSHEBAT/system/Database/BaseConnection.php(691): CodeIgniter\Database\Postgre\Connection->execute()
#3 /var/www/html/SIMRSHEBAT/system/Database/BaseConnection.php(605): CodeIgniter\Database\BaseConnection->simpleQuery()
#4 /var/www/html/SIMRSHEBAT/app/Controllers/Lab.php(447): CodeIgniter\Database\BaseConnection->query()
#5 /var/www/html/SIMRSHEBAT/system/CodeIgniter.php(934): App\Controllers\Lab->produk()
#6 /var/www/html/SIMRSHEBAT/system/CodeIgniter.php(499): CodeIgniter\CodeIgniter->runController()
#7 /var/www/html/SIMRSHEBAT/system/CodeIgniter.php(368): CodeIgniter\CodeIgniter->handleRequest()
#8 /var/www/html/SIMRSHEBAT/index.php(67): CodeIgniter\CodeIgniter->run()
#9 {main}
CRITICAL - 2024-11-05 14:34:56 --> Call to a member function getResult() on bool
in APPPATH/Controllers/Lab.php on line 447.
 1 SYSTEMPATH/CodeIgniter.php(934): App\Controllers\Lab->produk()
 2 SYSTEMPATH/CodeIgniter.php(499): CodeIgniter\CodeIgniter->runController()
 3 SYSTEMPATH/CodeIgniter.php(368): CodeIgniter\CodeIgniter->handleRequest()
 4 FCPATH/index.php(67): CodeIgniter\CodeIgniter->run()
ERROR - 2024-11-05 14:34:56 --> ErrorException: pg_query(): Query failed: ERROR:  column &quot;jenis_pegawai&quot; does not exist
LINE 1: SELECT * FROM pegawai where jenis_pegawai='1'
                                    ^ in /var/www/html/SIMRSHEBAT/system/Database/Postgre/Connection.php:147
Stack trace:
#0 [internal function]: CodeIgniter\Debug\Exceptions->errorHandler()
#1 /var/www/html/SIMRSHEBAT/system/Database/Postgre/Connection.php(147): pg_query()
#2 /var/www/html/SIMRSHEBAT/system/Database/BaseConnection.php(691): CodeIgniter\Database\Postgre\Connection->execute()
#3 /var/www/html/SIMRSHEBAT/system/Database/BaseConnection.php(605): CodeIgniter\Database\BaseConnection->simpleQuery()
#4 /var/www/html/SIMRSHEBAT/app/Controllers/Rawatjalan.php(32): CodeIgniter\Database\BaseConnection->query()
#5 /var/www/html/SIMRSHEBAT/system/CodeIgniter.php(934): App\Controllers\Rawatjalan->pegawai()
#6 /var/www/html/SIMRSHEBAT/system/CodeIgniter.php(499): CodeIgniter\CodeIgniter->runController()
#7 /var/www/html/SIMRSHEBAT/system/CodeIgniter.php(368): CodeIgniter\CodeIgniter->handleRequest()
#8 /var/www/html/SIMRSHEBAT/index.php(67): CodeIgniter\CodeIgniter->run()
#9 {main}
CRITICAL - 2024-11-05 14:34:56 --> Call to a member function getResult() on bool
in APPPATH/Controllers/Rawatjalan.php on line 35.
 1 SYSTEMPATH/CodeIgniter.php(934): App\Controllers\Rawatjalan->pegawai()
 2 SYSTEMPATH/CodeIgniter.php(499): CodeIgniter\CodeIgniter->runController()
 3 SYSTEMPATH/CodeIgniter.php(368): CodeIgniter\CodeIgniter->handleRequest()
 4 FCPATH/index.php(67): CodeIgniter\CodeIgniter->run()
WARNING - 2024-11-05 14:34:56 --> [DEPRECATED] Creation of dynamic property App\Controllers\Rekammedisigd::$db is deprecated in APPPATH/Controllers/Api.php on line 8.
 1 SYSTEMPATH/CodeIgniter.php(906): App\Controllers\Api->__construct()
 2 SYSTEMPATH/CodeIgniter.php(490): CodeIgniter\CodeIgniter->createController()
 3 SYSTEMPATH/CodeIgniter.php(368): CodeIgniter\CodeIgniter->handleRequest(null, Object(Config\Cache), false)
 4 FCPATH/index.php(67): CodeIgniter\CodeIgniter->run()
WARNING - 2024-11-05 14:34:56 --> [DEPRECATED] Creation of dynamic property App\Controllers\Rekammedisigd::$simrs is deprecated in APPPATH/Controllers/Api.php on line 9.
 1 SYSTEMPATH/CodeIgniter.php(906): App\Controllers\Api->__construct()
 2 SYSTEMPATH/CodeIgniter.php(490): CodeIgniter\CodeIgniter->createController()
 3 SYSTEMPATH/CodeIgniter.php(368): CodeIgniter\CodeIgniter->handleRequest(null, Object(Config\Cache), false)
 4 FCPATH/index.php(67): CodeIgniter\CodeIgniter->run()
WARNING - 2024-11-05 14:34:56 --> [DEPRECATED] Creation of dynamic property App\Controllers\Kunjungan::$db is deprecated in APPPATH/Controllers/Api.php on line 8.
 1 SYSTEMPATH/CodeIgniter.php(906): App\Controllers\Api->__construct()
 2 SYSTEMPATH/CodeIgniter.php(490): CodeIgniter\CodeIgniter->createController()
 3 SYSTEMPATH/CodeIgniter.php(368): CodeIgniter\CodeIgniter->handleRequest(null, Object(Config\Cache), false)
 4 FCPATH/index.php(67): CodeIgniter\CodeIgniter->run()
WARNING - 2024-11-05 14:34:56 --> [DEPRECATED] Creation of dynamic property App\Controllers\Kunjungan::$simrs is deprecated in APPPATH/Controllers/Api.php on line 9.
 1 SYSTEMPATH/CodeIgniter.php(906): App\Controllers\Api->__construct()
 2 SYSTEMPATH/CodeIgniter.php(490): CodeIgniter\CodeIgniter->createController()
 3 SYSTEMPATH/CodeIgniter.php(368): CodeIgniter\CodeIgniter->handleRequest(null, Object(Config\Cache), false)
 4 FCPATH/index.php(67): CodeIgniter\CodeIgniter->run()
WARNING - 2024-11-05 14:34:56 --> [DEPRECATED] Creation of dynamic property App\Controllers\Kunjungan::$db is deprecated in APPPATH/Controllers/Api.php on line 8.
 1 SYSTEMPATH/CodeIgniter.php(906): App\Controllers\Api->__construct()
 2 SYSTEMPATH/CodeIgniter.php(490): CodeIgniter\CodeIgniter->createController()
 3 SYSTEMPATH/CodeIgniter.php(368): CodeIgniter\CodeIgniter->handleRequest(null, Object(Config\Cache), false)
 4 FCPATH/index.php(67): CodeIgniter\CodeIgniter->run()
WARNING - 2024-11-05 14:34:56 --> [DEPRECATED] Creation of dynamic property App\Controllers\Kunjungan::$simrs is deprecated in APPPATH/Controllers/Api.php on line 9.
 1 SYSTEMPATH/CodeIgniter.php(906): App\Controllers\Api->__construct()
 2 SYSTEMPATH/CodeIgniter.php(490): CodeIgniter\CodeIgniter->createController()
 3 SYSTEMPATH/CodeIgniter.php(368): CodeIgniter\CodeIgniter->handleRequest(null, Object(Config\Cache), false)
 4 FCPATH/index.php(67): CodeIgniter\CodeIgniter->run()
ERROR - 2024-11-05 14:34:56 --> ErrorException: pg_query(): Query failed: ERROR:  relation &quot;kegiatan&quot; does not exist
LINE 1: SELECT * FROM kegiatan WHERE rl='3.2'
                      ^ in /var/www/html/SIMRSHEBAT/system/Database/Postgre/Connection.php:147
Stack trace:
#0 [internal function]: CodeIgniter\Debug\Exceptions->errorHandler()
#1 /var/www/html/SIMRSHEBAT/system/Database/Postgre/Connection.php(147): pg_query()
#2 /var/www/html/SIMRSHEBAT/system/Database/BaseConnection.php(691): CodeIgniter\Database\Postgre\Connection->execute()
#3 /var/www/html/SIMRSHEBAT/system/Database/BaseConnection.php(605): CodeIgniter\Database\BaseConnection->simpleQuery()
#4 /var/www/html/SIMRSHEBAT/app/Controllers/Rekammedisigd.php(1654): CodeIgniter\Database\BaseConnection->query()
#5 /var/www/html/SIMRSHEBAT/system/CodeIgniter.php(934): App\Controllers\Rekammedisigd->Rlkegiatan()
#6 /var/www/html/SIMRSHEBAT/system/CodeIgniter.php(499): CodeIgniter\CodeIgniter->runController()
#7 /var/www/html/SIMRSHEBAT/system/CodeIgniter.php(368): CodeIgniter\CodeIgniter->handleRequest()
#8 /var/www/html/SIMRSHEBAT/index.php(67): CodeIgniter\CodeIgniter->run()
#9 {main}
CRITICAL - 2024-11-05 14:34:56 --> Call to a member function getResult() on bool
in APPPATH/Controllers/Rekammedisigd.php on line 1656.
 1 SYSTEMPATH/CodeIgniter.php(934): App\Controllers\Rekammedisigd->Rlkegiatan()
 2 SYSTEMPATH/CodeIgniter.php(499): CodeIgniter\CodeIgniter->runController()
 3 SYSTEMPATH/CodeIgniter.php(368): CodeIgniter\CodeIgniter->handleRequest()
 4 FCPATH/index.php(67): CodeIgniter\CodeIgniter->run()
ERROR - 2024-11-05 14:34:56 --> ErrorException: pg_query(): Query failed: ERROR:  relation &quot;cara_masuk&quot; does not exist
LINE 1: SELECT * FROM cara_masuk
                      ^ in /var/www/html/SIMRSHEBAT/system/Database/Postgre/Connection.php:147
Stack trace:
#0 [internal function]: CodeIgniter\Debug\Exceptions->errorHandler()
#1 /var/www/html/SIMRSHEBAT/system/Database/Postgre/Connection.php(147): pg_query()
#2 /var/www/html/SIMRSHEBAT/system/Database/BaseConnection.php(691): CodeIgniter\Database\Postgre\Connection->execute()
#3 /var/www/html/SIMRSHEBAT/system/Database/BaseConnection.php(605): CodeIgniter\Database\BaseConnection->simpleQuery()
#4 /var/www/html/SIMRSHEBAT/app/Controllers/Kunjungan.php(1782): CodeIgniter\Database\BaseConnection->query()
#5 /var/www/html/SIMRSHEBAT/system/CodeIgniter.php(934): App\Controllers\Kunjungan->caramasuk()
#6 /var/www/html/SIMRSHEBAT/system/CodeIgniter.php(499): CodeIgniter\CodeIgniter->runController()
#7 /var/www/html/SIMRSHEBAT/system/CodeIgniter.php(368): CodeIgniter\CodeIgniter->handleRequest()
#8 /var/www/html/SIMRSHEBAT/index.php(67): CodeIgniter\CodeIgniter->run()
#9 {main}
CRITICAL - 2024-11-05 14:34:56 --> Call to a member function getResult() on bool
in APPPATH/Controllers/Kunjungan.php on line 1784.
 1 SYSTEMPATH/CodeIgniter.php(934): App\Controllers\Kunjungan->caramasuk()
 2 SYSTEMPATH/CodeIgniter.php(499): CodeIgniter\CodeIgniter->runController()
 3 SYSTEMPATH/CodeIgniter.php(368): CodeIgniter\CodeIgniter->handleRequest()
 4 FCPATH/index.php(67): CodeIgniter\CodeIgniter->run()
WARNING - 2024-11-05 14:34:56 --> [DEPRECATED] Creation of dynamic property App\Controllers\Kunjungan::$db is deprecated in APPPATH/Controllers/Api.php on line 8.
 1 SYSTEMPATH/CodeIgniter.php(906): App\Controllers\Api->__construct()
 2 SYSTEMPATH/CodeIgniter.php(490): CodeIgniter\CodeIgniter->createController()
 3 SYSTEMPATH/CodeIgniter.php(368): CodeIgniter\CodeIgniter->handleRequest(null, Object(Config\Cache), false)
 4 FCPATH/index.php(67): CodeIgniter\CodeIgniter->run()
WARNING - 2024-11-05 14:34:56 --> [DEPRECATED] Creation of dynamic property App\Controllers\Kunjungan::$simrs is deprecated in APPPATH/Controllers/Api.php on line 9.
 1 SYSTEMPATH/CodeIgniter.php(906): App\Controllers\Api->__construct()
 2 SYSTEMPATH/CodeIgniter.php(490): CodeIgniter\CodeIgniter->createController()
 3 SYSTEMPATH/CodeIgniter.php(368): CodeIgniter\CodeIgniter->handleRequest(null, Object(Config\Cache), false)
 4 FCPATH/index.php(67): CodeIgniter\CodeIgniter->run()
ERROR - 2024-11-05 14:34:56 --> ErrorException: pg_query(): Query failed: ERROR:  relation &quot;keadaan_keluar&quot; does not exist
LINE 1: SELECT * FROM keadaan_keluar
                      ^ in /var/www/html/SIMRSHEBAT/system/Database/Postgre/Connection.php:147
Stack trace:
#0 [internal function]: CodeIgniter\Debug\Exceptions->errorHandler()
#1 /var/www/html/SIMRSHEBAT/system/Database/Postgre/Connection.php(147): pg_query()
#2 /var/www/html/SIMRSHEBAT/system/Database/BaseConnection.php(691): CodeIgniter\Database\Postgre\Connection->execute()
#3 /var/www/html/SIMRSHEBAT/system/Database/BaseConnection.php(605): CodeIgniter\Database\BaseConnection->simpleQuery()
#4 /var/www/html/SIMRSHEBAT/app/Controllers/Kunjungan.php(1798): CodeIgniter\Database\BaseConnection->query()
#5 /var/www/html/SIMRSHEBAT/system/CodeIgniter.php(934): App\Controllers\Kunjungan->keadaanumum()
#6 /var/www/html/SIMRSHEBAT/system/CodeIgniter.php(499): CodeIgniter\CodeIgniter->runController()
#7 /var/www/html/SIMRSHEBAT/system/CodeIgniter.php(368): CodeIgniter\CodeIgniter->handleRequest()
#8 /var/www/html/SIMRSHEBAT/index.php(67): CodeIgniter\CodeIgniter->run()
#9 {main}
CRITICAL - 2024-11-05 14:34:56 --> Call to a member function getResult() on bool
in APPPATH/Controllers/Kunjungan.php on line 1800.
 1 SYSTEMPATH/CodeIgniter.php(934): App\Controllers\Kunjungan->keadaanumum()
 2 SYSTEMPATH/CodeIgniter.php(499): CodeIgniter\CodeIgniter->runController()
 3 SYSTEMPATH/CodeIgniter.php(368): CodeIgniter\CodeIgniter->handleRequest()
 4 FCPATH/index.php(67): CodeIgniter\CodeIgniter->run()
WARNING - 2024-11-05 14:35:10 --> [DEPRECATED] Creation of dynamic property App\Controllers\Rekammedisirna::$db is deprecated in APPPATH/Controllers/Api.php on line 8.
 1 SYSTEMPATH/CodeIgniter.php(906): App\Controllers\Api->__construct()
 2 SYSTEMPATH/CodeIgniter.php(490): CodeIgniter\CodeIgniter->createController()
 3 SYSTEMPATH/CodeIgniter.php(368): CodeIgniter\CodeIgniter->handleRequest(null, Object(Config\Cache), false)
 4 FCPATH/index.php(67): CodeIgniter\CodeIgniter->run()
WARNING - 2024-11-05 14:35:10 --> [DEPRECATED] Creation of dynamic property App\Controllers\Rekammedisirna::$simrs is deprecated in APPPATH/Controllers/Api.php on line 9.
 1 SYSTEMPATH/CodeIgniter.php(906): App\Controllers\Api->__construct()
 2 SYSTEMPATH/CodeIgniter.php(490): CodeIgniter\CodeIgniter->createController()
 3 SYSTEMPATH/CodeIgniter.php(368): CodeIgniter\CodeIgniter->handleRequest(null, Object(Config\Cache), false)
 4 FCPATH/index.php(67): CodeIgniter\CodeIgniter->run()
WARNING - 2024-11-05 14:35:10 --> [DEPRECATED] Creation of dynamic property App\Controllers\Rekammedisirna::$db is deprecated in APPPATH/Controllers/Api.php on line 8.
 1 SYSTEMPATH/CodeIgniter.php(906): App\Controllers\Api->__construct()
 2 SYSTEMPATH/CodeIgniter.php(490): CodeIgniter\CodeIgniter->createController()
 3 SYSTEMPATH/CodeIgniter.php(368): CodeIgniter\CodeIgniter->handleRequest(null, Object(Config\Cache), false)
 4 FCPATH/index.php(67): CodeIgniter\CodeIgniter->run()
WARNING - 2024-11-05 14:35:10 --> [DEPRECATED] Creation of dynamic property App\Controllers\Rekammedisirna::$simrs is deprecated in APPPATH/Controllers/Api.php on line 9.
 1 SYSTEMPATH/CodeIgniter.php(906): App\Controllers\Api->__construct()
 2 SYSTEMPATH/CodeIgniter.php(490): CodeIgniter\CodeIgniter->createController()
 3 SYSTEMPATH/CodeIgniter.php(368): CodeIgniter\CodeIgniter->handleRequest(null, Object(Config\Cache), false)
 4 FCPATH/index.php(67): CodeIgniter\CodeIgniter->run()
WARNING - 2024-11-05 14:35:10 --> [DEPRECATED] Creation of dynamic property App\Controllers\Rekammedisirna::$db is deprecated in APPPATH/Controllers/Api.php on line 8.
 1 SYSTEMPATH/CodeIgniter.php(906): App\Controllers\Api->__construct()
 2 SYSTEMPATH/CodeIgniter.php(490): CodeIgniter\CodeIgniter->createController()
 3 SYSTEMPATH/CodeIgniter.php(368): CodeIgniter\CodeIgniter->handleRequest(null, Object(Config\Cache), false)
 4 FCPATH/index.php(67): CodeIgniter\CodeIgniter->run()
WARNING - 2024-11-05 14:35:10 --> [DEPRECATED] Creation of dynamic property App\Controllers\Rekammedisirna::$simrs is deprecated in APPPATH/Controllers/Api.php on line 9.
 1 SYSTEMPATH/CodeIgniter.php(906): App\Controllers\Api->__construct()
 2 SYSTEMPATH/CodeIgniter.php(490): CodeIgniter\CodeIgniter->createController()
 3 SYSTEMPATH/CodeIgniter.php(368): CodeIgniter\CodeIgniter->handleRequest(null, Object(Config\Cache), false)
 4 FCPATH/index.php(67): CodeIgniter\CodeIgniter->run()
WARNING - 2024-11-05 14:35:14 --> [DEPRECATED] Creation of dynamic property App\Controllers\Rekammedisirna::$db is deprecated in APPPATH/Controllers/Api.php on line 8.
 1 SYSTEMPATH/CodeIgniter.php(906): App\Controllers\Api->__construct()
 2 SYSTEMPATH/CodeIgniter.php(490): CodeIgniter\CodeIgniter->createController()
 3 SYSTEMPATH/CodeIgniter.php(368): CodeIgniter\CodeIgniter->handleRequest(null, Object(Config\Cache), false)
 4 FCPATH/index.php(67): CodeIgniter\CodeIgniter->run()
WARNING - 2024-11-05 14:35:14 --> [DEPRECATED] Creation of dynamic property App\Controllers\Rekammedisirna::$simrs is deprecated in APPPATH/Controllers/Api.php on line 9.
 1 SYSTEMPATH/CodeIgniter.php(906): App\Controllers\Api->__construct()
 2 SYSTEMPATH/CodeIgniter.php(490): CodeIgniter\CodeIgniter->createController()
 3 SYSTEMPATH/CodeIgniter.php(368): CodeIgniter\CodeIgniter->handleRequest(null, Object(Config\Cache), false)
 4 FCPATH/index.php(67): CodeIgniter\CodeIgniter->run()
INFO - 2024-11-05 14:41:53 --> Session: Class initialized using 'CodeIgniter\Session\Handlers\FileHandler' driver.
WARNING - 2024-11-05 14:41:55 --> [DEPRECATED] Creation of dynamic property App\Controllers\User::$db is deprecated in APPPATH/Controllers/Api.php on line 8.
 1 SYSTEMPATH/CodeIgniter.php(906): App\Controllers\Api->__construct()
 2 SYSTEMPATH/CodeIgniter.php(490): CodeIgniter\CodeIgniter->createController()
 3 SYSTEMPATH/CodeIgniter.php(368): CodeIgniter\CodeIgniter->handleRequest(null, Object(Config\Cache), false)
 4 FCPATH/index.php(67): CodeIgniter\CodeIgniter->run()
WARNING - 2024-11-05 14:41:55 --> [DEPRECATED] Creation of dynamic property App\Controllers\User::$simrs is deprecated in APPPATH/Controllers/Api.php on line 9.
 1 SYSTEMPATH/CodeIgniter.php(906): App\Controllers\Api->__construct()
 2 SYSTEMPATH/CodeIgniter.php(490): CodeIgniter\CodeIgniter->createController()
 3 SYSTEMPATH/CodeIgniter.php(368): CodeIgniter\CodeIgniter->handleRequest(null, Object(Config\Cache), false)
 4 FCPATH/index.php(67): CodeIgniter\CodeIgniter->run()
WARNING - 2024-11-05 14:41:55 --> [DEPRECATED] Creation of dynamic property App\Controllers\Laporan::$db is deprecated in APPPATH/Controllers/Api.php on line 8.
 1 SYSTEMPATH/CodeIgniter.php(906): App\Controllers\Api->__construct()
 2 SYSTEMPATH/CodeIgniter.php(490): CodeIgniter\CodeIgniter->createController()
 3 SYSTEMPATH/CodeIgniter.php(368): CodeIgniter\CodeIgniter->handleRequest(null, Object(Config\Cache), false)
 4 FCPATH/index.php(67): CodeIgniter\CodeIgniter->run()
WARNING - 2024-11-05 14:41:55 --> [DEPRECATED] Creation of dynamic property App\Controllers\Laporan::$simrs is deprecated in APPPATH/Controllers/Api.php on line 9.
 1 SYSTEMPATH/CodeIgniter.php(906): App\Controllers\Api->__construct()
 2 SYSTEMPATH/CodeIgniter.php(490): CodeIgniter\CodeIgniter->createController()
 3 SYSTEMPATH/CodeIgniter.php(368): CodeIgniter\CodeIgniter->handleRequest(null, Object(Config\Cache), false)
 4 FCPATH/index.php(67): CodeIgniter\CodeIgniter->run()
WARNING - 2024-11-05 14:41:55 --> [DEPRECATED] Creation of dynamic property App\Controllers\User::$db is deprecated in APPPATH/Controllers/Api.php on line 8.
 1 SYSTEMPATH/CodeIgniter.php(906): App\Controllers\Api->__construct()
 2 SYSTEMPATH/CodeIgniter.php(490): CodeIgniter\CodeIgniter->createController()
 3 SYSTEMPATH/CodeIgniter.php(368): CodeIgniter\CodeIgniter->handleRequest(null, Object(Config\Cache), false)
 4 FCPATH/index.php(67): CodeIgniter\CodeIgniter->run()
WARNING - 2024-11-05 14:41:55 --> [DEPRECATED] Creation of dynamic property App\Controllers\User::$simrs is deprecated in APPPATH/Controllers/Api.php on line 9.
 1 SYSTEMPATH/CodeIgniter.php(906): App\Controllers\Api->__construct()
 2 SYSTEMPATH/CodeIgniter.php(490): CodeIgniter\CodeIgniter->createController()
 3 SYSTEMPATH/CodeIgniter.php(368): CodeIgniter\CodeIgniter->handleRequest(null, Object(Config\Cache), false)
 4 FCPATH/index.php(67): CodeIgniter\CodeIgniter->run()
WARNING - 2024-11-05 14:41:55 --> [DEPRECATED] Creation of dynamic property App\Controllers\User::$db is deprecated in APPPATH/Controllers/Api.php on line 8.
 1 SYSTEMPATH/CodeIgniter.php(906): App\Controllers\Api->__construct()
 2 SYSTEMPATH/CodeIgniter.php(490): CodeIgniter\CodeIgniter->createController()
 3 SYSTEMPATH/CodeIgniter.php(368): CodeIgniter\CodeIgniter->handleRequest(null, Object(Config\Cache), false)
 4 FCPATH/index.php(67): CodeIgniter\CodeIgniter->run()
WARNING - 2024-11-05 14:41:55 --> [DEPRECATED] Creation of dynamic property App\Controllers\User::$simrs is deprecated in APPPATH/Controllers/Api.php on line 9.
 1 SYSTEMPATH/CodeIgniter.php(906): App\Controllers\Api->__construct()
 2 SYSTEMPATH/CodeIgniter.php(490): CodeIgniter\CodeIgniter->createController()
 3 SYSTEMPATH/CodeIgniter.php(368): CodeIgniter\CodeIgniter->handleRequest(null, Object(Config\Cache), false)
 4 FCPATH/index.php(67): CodeIgniter\CodeIgniter->run()
WARNING - 2024-11-05 14:42:03 --> [DEPRECATED] Creation of dynamic property App\Controllers\Rekammedisirna::$db is deprecated in APPPATH/Controllers/Api.php on line 8.
 1 SYSTEMPATH/CodeIgniter.php(906): App\Controllers\Api->__construct()
 2 SYSTEMPATH/CodeIgniter.php(490): CodeIgniter\CodeIgniter->createController()
 3 SYSTEMPATH/CodeIgniter.php(368): CodeIgniter\CodeIgniter->handleRequest(null, Object(Config\Cache), false)
 4 FCPATH/index.php(67): CodeIgniter\CodeIgniter->run()
WARNING - 2024-11-05 14:42:03 --> [DEPRECATED] Creation of dynamic property App\Controllers\Rekammedisirna::$simrs is deprecated in APPPATH/Controllers/Api.php on line 9.
 1 SYSTEMPATH/CodeIgniter.php(906): App\Controllers\Api->__construct()
 2 SYSTEMPATH/CodeIgniter.php(490): CodeIgniter\CodeIgniter->createController()
 3 SYSTEMPATH/CodeIgniter.php(368): CodeIgniter\CodeIgniter->handleRequest(null, Object(Config\Cache), false)
 4 FCPATH/index.php(67): CodeIgniter\CodeIgniter->run()
WARNING - 2024-11-05 14:42:03 --> [DEPRECATED] Creation of dynamic property App\Controllers\Rekammedisirna::$db is deprecated in APPPATH/Controllers/Api.php on line 8.
 1 SYSTEMPATH/CodeIgniter.php(906): App\Controllers\Api->__construct()
 2 SYSTEMPATH/CodeIgniter.php(490): CodeIgniter\CodeIgniter->createController()
 3 SYSTEMPATH/CodeIgniter.php(368): CodeIgniter\CodeIgniter->handleRequest(null, Object(Config\Cache), false)
 4 FCPATH/index.php(67): CodeIgniter\CodeIgniter->run()
WARNING - 2024-11-05 14:42:03 --> [DEPRECATED] Creation of dynamic property App\Controllers\Rekammedisirna::$simrs is deprecated in APPPATH/Controllers/Api.php on line 9.
 1 SYSTEMPATH/CodeIgniter.php(906): App\Controllers\Api->__construct()
 2 SYSTEMPATH/CodeIgniter.php(490): CodeIgniter\CodeIgniter->createController()
 3 SYSTEMPATH/CodeIgniter.php(368): CodeIgniter\CodeIgniter->handleRequest(null, Object(Config\Cache), false)
 4 FCPATH/index.php(67): CodeIgniter\CodeIgniter->run()
WARNING - 2024-11-05 14:42:03 --> [DEPRECATED] Creation of dynamic property App\Controllers\Rekammedisirna::$db is deprecated in APPPATH/Controllers/Api.php on line 8.
 1 SYSTEMPATH/CodeIgniter.php(906): App\Controllers\Api->__construct()
 2 SYSTEMPATH/CodeIgniter.php(490): CodeIgniter\CodeIgniter->createController()
 3 SYSTEMPATH/CodeIgniter.php(368): CodeIgniter\CodeIgniter->handleRequest(null, Object(Config\Cache), false)
 4 FCPATH/index.php(67): CodeIgniter\CodeIgniter->run()
WARNING - 2024-11-05 14:42:03 --> [DEPRECATED] Creation of dynamic property App\Controllers\Rekammedisirna::$simrs is deprecated in APPPATH/Controllers/Api.php on line 9.
 1 SYSTEMPATH/CodeIgniter.php(906): App\Controllers\Api->__construct()
 2 SYSTEMPATH/CodeIgniter.php(490): CodeIgniter\CodeIgniter->createController()
 3 SYSTEMPATH/CodeIgniter.php(368): CodeIgniter\CodeIgniter->handleRequest(null, Object(Config\Cache), false)
 4 FCPATH/index.php(67): CodeIgniter\CodeIgniter->run()
WARNING - 2024-11-05 14:43:40 --> [DEPRECATED] Creation of dynamic property App\Controllers\Rekammedisirna::$db is deprecated in APPPATH/Controllers/Api.php on line 8.
 1 SYSTEMPATH/CodeIgniter.php(906): App\Controllers\Api->__construct()
 2 SYSTEMPATH/CodeIgniter.php(490): CodeIgniter\CodeIgniter->createController()
 3 SYSTEMPATH/CodeIgniter.php(368): CodeIgniter\CodeIgniter->handleRequest(null, Object(Config\Cache), false)
 4 FCPATH/index.php(67): CodeIgniter\CodeIgniter->run()
WARNING - 2024-11-05 14:43:40 --> [DEPRECATED] Creation of dynamic property App\Controllers\Rekammedisirna::$simrs is deprecated in APPPATH/Controllers/Api.php on line 9.
 1 SYSTEMPATH/CodeIgniter.php(906): App\Controllers\Api->__construct()
 2 SYSTEMPATH/CodeIgniter.php(490): CodeIgniter\CodeIgniter->createController()
 3 SYSTEMPATH/CodeIgniter.php(368): CodeIgniter\CodeIgniter->handleRequest(null, Object(Config\Cache), false)
 4 FCPATH/index.php(67): CodeIgniter\CodeIgniter->run()
WARNING - 2024-11-05 14:43:40 --> [DEPRECATED] Creation of dynamic property App\Controllers\Rekammedisirna::$db is deprecated in APPPATH/Controllers/Api.php on line 8.
 1 SYSTEMPATH/CodeIgniter.php(906): App\Controllers\Api->__construct()
 2 SYSTEMPATH/CodeIgniter.php(490): CodeIgniter\CodeIgniter->createController()
 3 SYSTEMPATH/CodeIgniter.php(368): CodeIgniter\CodeIgniter->handleRequest(null, Object(Config\Cache), false)
 4 FCPATH/index.php(67): CodeIgniter\CodeIgniter->run()
WARNING - 2024-11-05 14:43:40 --> [DEPRECATED] Creation of dynamic property App\Controllers\Rekammedisirna::$simrs is deprecated in APPPATH/Controllers/Api.php on line 9.
 1 SYSTEMPATH/CodeIgniter.php(906): App\Controllers\Api->__construct()
 2 SYSTEMPATH/CodeIgniter.php(490): CodeIgniter\CodeIgniter->createController()
 3 SYSTEMPATH/CodeIgniter.php(368): CodeIgniter\CodeIgniter->handleRequest(null, Object(Config\Cache), false)
 4 FCPATH/index.php(67): CodeIgniter\CodeIgniter->run()
WARNING - 2024-11-05 14:43:40 --> [DEPRECATED] Creation of dynamic property App\Controllers\Rekammedisirna::$db is deprecated in APPPATH/Controllers/Api.php on line 8.
 1 SYSTEMPATH/CodeIgniter.php(906): App\Controllers\Api->__construct()
 2 SYSTEMPATH/CodeIgniter.php(490): CodeIgniter\CodeIgniter->createController()
 3 SYSTEMPATH/CodeIgniter.php(368): CodeIgniter\CodeIgniter->handleRequest(null, Object(Config\Cache), false)
 4 FCPATH/index.php(67): CodeIgniter\CodeIgniter->run()
WARNING - 2024-11-05 14:43:40 --> [DEPRECATED] Creation of dynamic property App\Controllers\Rekammedisirna::$simrs is deprecated in APPPATH/Controllers/Api.php on line 9.
 1 SYSTEMPATH/CodeIgniter.php(906): App\Controllers\Api->__construct()
 2 SYSTEMPATH/CodeIgniter.php(490): CodeIgniter\CodeIgniter->createController()
 3 SYSTEMPATH/CodeIgniter.php(368): CodeIgniter\CodeIgniter->handleRequest(null, Object(Config\Cache), false)
 4 FCPATH/index.php(67): CodeIgniter\CodeIgniter->run()
WARNING - 2024-11-05 14:43:42 --> [DEPRECATED] Creation of dynamic property App\Controllers\Laporan::$db is deprecated in APPPATH/Controllers/Api.php on line 8.
 1 SYSTEMPATH/CodeIgniter.php(906): App\Controllers\Api->__construct()
 2 SYSTEMPATH/CodeIgniter.php(490): CodeIgniter\CodeIgniter->createController()
 3 SYSTEMPATH/CodeIgniter.php(368): CodeIgniter\CodeIgniter->handleRequest(null, Object(Config\Cache), false)
 4 FCPATH/index.php(67): CodeIgniter\CodeIgniter->run()
WARNING - 2024-11-05 14:43:42 --> [DEPRECATED] Creation of dynamic property App\Controllers\Laporan::$simrs is deprecated in APPPATH/Controllers/Api.php on line 9.
 1 SYSTEMPATH/CodeIgniter.php(906): App\Controllers\Api->__construct()
 2 SYSTEMPATH/CodeIgniter.php(490): CodeIgniter\CodeIgniter->createController()
 3 SYSTEMPATH/CodeIgniter.php(368): CodeIgniter\CodeIgniter->handleRequest(null, Object(Config\Cache), false)
 4 FCPATH/index.php(67): CodeIgniter\CodeIgniter->run()
WARNING - 2024-11-05 14:43:42 --> [DEPRECATED] Creation of dynamic property App\Controllers\User::$db is deprecated in APPPATH/Controllers/Api.php on line 8.
 1 SYSTEMPATH/CodeIgniter.php(906): App\Controllers\Api->__construct()
 2 SYSTEMPATH/CodeIgniter.php(490): CodeIgniter\CodeIgniter->createController()
 3 SYSTEMPATH/CodeIgniter.php(368): CodeIgniter\CodeIgniter->handleRequest(null, Object(Config\Cache), false)
 4 FCPATH/index.php(67): CodeIgniter\CodeIgniter->run()
WARNING - 2024-11-05 14:43:42 --> [DEPRECATED] Creation of dynamic property App\Controllers\User::$simrs is deprecated in APPPATH/Controllers/Api.php on line 9.
 1 SYSTEMPATH/CodeIgniter.php(906): App\Controllers\Api->__construct()
 2 SYSTEMPATH/CodeIgniter.php(490): CodeIgniter\CodeIgniter->createController()
 3 SYSTEMPATH/CodeIgniter.php(368): CodeIgniter\CodeIgniter->handleRequest(null, Object(Config\Cache), false)
 4 FCPATH/index.php(67): CodeIgniter\CodeIgniter->run()
WARNING - 2024-11-05 14:43:46 --> [DEPRECATED] Creation of dynamic property App\Controllers\Rekammedisirna::$db is deprecated in APPPATH/Controllers/Api.php on line 8.
 1 SYSTEMPATH/CodeIgniter.php(906): App\Controllers\Api->__construct()
 2 SYSTEMPATH/CodeIgniter.php(490): CodeIgniter\CodeIgniter->createController()
 3 SYSTEMPATH/CodeIgniter.php(368): CodeIgniter\CodeIgniter->handleRequest(null, Object(Config\Cache), false)
 4 FCPATH/index.php(67): CodeIgniter\CodeIgniter->run()
WARNING - 2024-11-05 14:43:46 --> [DEPRECATED] Creation of dynamic property App\Controllers\Rekammedisirna::$simrs is deprecated in APPPATH/Controllers/Api.php on line 9.
 1 SYSTEMPATH/CodeIgniter.php(906): App\Controllers\Api->__construct()
 2 SYSTEMPATH/CodeIgniter.php(490): CodeIgniter\CodeIgniter->createController()
 3 SYSTEMPATH/CodeIgniter.php(368): CodeIgniter\CodeIgniter->handleRequest(null, Object(Config\Cache), false)
 4 FCPATH/index.php(67): CodeIgniter\CodeIgniter->run()
WARNING - 2024-11-05 14:43:46 --> [DEPRECATED] Creation of dynamic property App\Controllers\Rekammedisirna::$db is deprecated in APPPATH/Controllers/Api.php on line 8.
 1 SYSTEMPATH/CodeIgniter.php(906): App\Controllers\Api->__construct()
 2 SYSTEMPATH/CodeIgniter.php(490): CodeIgniter\CodeIgniter->createController()
 3 SYSTEMPATH/CodeIgniter.php(368): CodeIgniter\CodeIgniter->handleRequest(null, Object(Config\Cache), false)
 4 FCPATH/index.php(67): CodeIgniter\CodeIgniter->run()
WARNING - 2024-11-05 14:43:46 --> [DEPRECATED] Creation of dynamic property App\Controllers\Rekammedisirna::$simrs is deprecated in APPPATH/Controllers/Api.php on line 9.
 1 SYSTEMPATH/CodeIgniter.php(906): App\Controllers\Api->__construct()
 2 SYSTEMPATH/CodeIgniter.php(490): CodeIgniter\CodeIgniter->createController()
 3 SYSTEMPATH/CodeIgniter.php(368): CodeIgniter\CodeIgniter->handleRequest(null, Object(Config\Cache), false)
 4 FCPATH/index.php(67): CodeIgniter\CodeIgniter->run()
WARNING - 2024-11-05 14:43:46 --> [DEPRECATED] Creation of dynamic property App\Controllers\Rekammedisirna::$db is deprecated in APPPATH/Controllers/Api.php on line 8.
 1 SYSTEMPATH/CodeIgniter.php(906): App\Controllers\Api->__construct()
 2 SYSTEMPATH/CodeIgniter.php(490): CodeIgniter\CodeIgniter->createController()
 3 SYSTEMPATH/CodeIgniter.php(368): CodeIgniter\CodeIgniter->handleRequest(null, Object(Config\Cache), false)
 4 FCPATH/index.php(67): CodeIgniter\CodeIgniter->run()
WARNING - 2024-11-05 14:43:46 --> [DEPRECATED] Creation of dynamic property App\Controllers\Rekammedisirna::$simrs is deprecated in APPPATH/Controllers/Api.php on line 9.
 1 SYSTEMPATH/CodeIgniter.php(906): App\Controllers\Api->__construct()
 2 SYSTEMPATH/CodeIgniter.php(490): CodeIgniter\CodeIgniter->createController()
 3 SYSTEMPATH/CodeIgniter.php(368): CodeIgniter\CodeIgniter->handleRequest(null, Object(Config\Cache), false)
 4 FCPATH/index.php(67): CodeIgniter\CodeIgniter->run()
WARNING - 2024-11-05 14:44:10 --> [DEPRECATED] Creation of dynamic property App\Controllers\Rekammedisirna::$db is deprecated in APPPATH/Controllers/Api.php on line 8.
 1 SYSTEMPATH/CodeIgniter.php(906): App\Controllers\Api->__construct()
 2 SYSTEMPATH/CodeIgniter.php(490): CodeIgniter\CodeIgniter->createController()
 3 SYSTEMPATH/CodeIgniter.php(368): CodeIgniter\CodeIgniter->handleRequest(null, Object(Config\Cache), false)
 4 FCPATH/index.php(67): CodeIgniter\CodeIgniter->run()
WARNING - 2024-11-05 14:44:10 --> [DEPRECATED] Creation of dynamic property App\Controllers\Rekammedisirna::$simrs is deprecated in APPPATH/Controllers/Api.php on line 9.
 1 SYSTEMPATH/CodeIgniter.php(906): App\Controllers\Api->__construct()
 2 SYSTEMPATH/CodeIgniter.php(490): CodeIgniter\CodeIgniter->createController()
 3 SYSTEMPATH/CodeIgniter.php(368): CodeIgniter\CodeIgniter->handleRequest(null, Object(Config\Cache), false)
 4 FCPATH/index.php(67): CodeIgniter\CodeIgniter->run()
WARNING - 2024-11-05 14:44:10 --> [DEPRECATED] Creation of dynamic property App\Controllers\Rekammedisirna::$db is deprecated in APPPATH/Controllers/Api.php on line 8.
 1 SYSTEMPATH/CodeIgniter.php(906): App\Controllers\Api->__construct()
 2 SYSTEMPATH/CodeIgniter.php(490): CodeIgniter\CodeIgniter->createController()
 3 SYSTEMPATH/CodeIgniter.php(368): CodeIgniter\CodeIgniter->handleRequest(null, Object(Config\Cache), false)
 4 FCPATH/index.php(67): CodeIgniter\CodeIgniter->run()
WARNING - 2024-11-05 14:44:10 --> [DEPRECATED] Creation of dynamic property App\Controllers\Rekammedisirna::$simrs is deprecated in APPPATH/Controllers/Api.php on line 9.
 1 SYSTEMPATH/CodeIgniter.php(906): App\Controllers\Api->__construct()
 2 SYSTEMPATH/CodeIgniter.php(490): CodeIgniter\CodeIgniter->createController()
 3 SYSTEMPATH/CodeIgniter.php(368): CodeIgniter\CodeIgniter->handleRequest(null, Object(Config\Cache), false)
 4 FCPATH/index.php(67): CodeIgniter\CodeIgniter->run()
WARNING - 2024-11-05 14:44:10 --> [DEPRECATED] Creation of dynamic property App\Controllers\Rekammedisirna::$db is deprecated in APPPATH/Controllers/Api.php on line 8.
 1 SYSTEMPATH/CodeIgniter.php(906): App\Controllers\Api->__construct()
 2 SYSTEMPATH/CodeIgniter.php(490): CodeIgniter\CodeIgniter->createController()
 3 SYSTEMPATH/CodeIgniter.php(368): CodeIgniter\CodeIgniter->handleRequest(null, Object(Config\Cache), false)
 4 FCPATH/index.php(67): CodeIgniter\CodeIgniter->run()
WARNING - 2024-11-05 14:44:10 --> [DEPRECATED] Creation of dynamic property App\Controllers\Rekammedisirna::$simrs is deprecated in APPPATH/Controllers/Api.php on line 9.
 1 SYSTEMPATH/CodeIgniter.php(906): App\Controllers\Api->__construct()
 2 SYSTEMPATH/CodeIgniter.php(490): CodeIgniter\CodeIgniter->createController()
 3 SYSTEMPATH/CodeIgniter.php(368): CodeIgniter\CodeIgniter->handleRequest(null, Object(Config\Cache), false)
 4 FCPATH/index.php(67): CodeIgniter\CodeIgniter->run()
WARNING - 2024-11-05 14:44:18 --> [DEPRECATED] Creation of dynamic property App\Controllers\Laporan::$db is deprecated in APPPATH/Controllers/Api.php on line 8.
 1 SYSTEMPATH/CodeIgniter.php(906): App\Controllers\Api->__construct()
 2 SYSTEMPATH/CodeIgniter.php(490): CodeIgniter\CodeIgniter->createController()
 3 SYSTEMPATH/CodeIgniter.php(368): CodeIgniter\CodeIgniter->handleRequest(null, Object(Config\Cache), false)
 4 FCPATH/index.php(67): CodeIgniter\CodeIgniter->run()
WARNING - 2024-11-05 14:44:18 --> [DEPRECATED] Creation of dynamic property App\Controllers\Laporan::$simrs is deprecated in APPPATH/Controllers/Api.php on line 9.
 1 SYSTEMPATH/CodeIgniter.php(906): App\Controllers\Api->__construct()
 2 SYSTEMPATH/CodeIgniter.php(490): CodeIgniter\CodeIgniter->createController()
 3 SYSTEMPATH/CodeIgniter.php(368): CodeIgniter\CodeIgniter->handleRequest(null, Object(Config\Cache), false)
 4 FCPATH/index.php(67): CodeIgniter\CodeIgniter->run()
WARNING - 2024-11-05 14:44:18 --> [DEPRECATED] Creation of dynamic property App\Controllers\User::$db is deprecated in APPPATH/Controllers/Api.php on line 8.
 1 SYSTEMPATH/CodeIgniter.php(906): App\Controllers\Api->__construct()
 2 SYSTEMPATH/CodeIgniter.php(490): CodeIgniter\CodeIgniter->createController()
 3 SYSTEMPATH/CodeIgniter.php(368): CodeIgniter\CodeIgniter->handleRequest(null, Object(Config\Cache), false)
 4 FCPATH/index.php(67): CodeIgniter\CodeIgniter->run()
WARNING - 2024-11-05 14:44:18 --> [DEPRECATED] Creation of dynamic property App\Controllers\User::$simrs is deprecated in APPPATH/Controllers/Api.php on line 9.
 1 SYSTEMPATH/CodeIgniter.php(906): App\Controllers\Api->__construct()
 2 SYSTEMPATH/CodeIgniter.php(490): CodeIgniter\CodeIgniter->createController()
 3 SYSTEMPATH/CodeIgniter.php(368): CodeIgniter\CodeIgniter->handleRequest(null, Object(Config\Cache), false)
 4 FCPATH/index.php(67): CodeIgniter\CodeIgniter->run()
WARNING - 2024-11-05 14:44:23 --> [DEPRECATED] Creation of dynamic property App\Controllers\Rekammedisirna::$db is deprecated in APPPATH/Controllers/Api.php on line 8.
 1 SYSTEMPATH/CodeIgniter.php(906): App\Controllers\Api->__construct()
 2 SYSTEMPATH/CodeIgniter.php(490): CodeIgniter\CodeIgniter->createController()
 3 SYSTEMPATH/CodeIgniter.php(368): CodeIgniter\CodeIgniter->handleRequest(null, Object(Config\Cache), false)
 4 FCPATH/index.php(67): CodeIgniter\CodeIgniter->run()
WARNING - 2024-11-05 14:44:23 --> [DEPRECATED] Creation of dynamic property App\Controllers\Rekammedisirna::$simrs is deprecated in APPPATH/Controllers/Api.php on line 9.
 1 SYSTEMPATH/CodeIgniter.php(906): App\Controllers\Api->__construct()
 2 SYSTEMPATH/CodeIgniter.php(490): CodeIgniter\CodeIgniter->createController()
 3 SYSTEMPATH/CodeIgniter.php(368): CodeIgniter\CodeIgniter->handleRequest(null, Object(Config\Cache), false)
 4 FCPATH/index.php(67): CodeIgniter\CodeIgniter->run()
WARNING - 2024-11-05 14:44:23 --> [DEPRECATED] Creation of dynamic property App\Controllers\Rekammedisirna::$db is deprecated in APPPATH/Controllers/Api.php on line 8.
 1 SYSTEMPATH/CodeIgniter.php(906): App\Controllers\Api->__construct()
 2 SYSTEMPATH/CodeIgniter.php(490): CodeIgniter\CodeIgniter->createController()
 3 SYSTEMPATH/CodeIgniter.php(368): CodeIgniter\CodeIgniter->handleRequest(null, Object(Config\Cache), false)
 4 FCPATH/index.php(67): CodeIgniter\CodeIgniter->run()
WARNING - 2024-11-05 14:44:23 --> [DEPRECATED] Creation of dynamic property App\Controllers\Rekammedisirna::$simrs is deprecated in APPPATH/Controllers/Api.php on line 9.
 1 SYSTEMPATH/CodeIgniter.php(906): App\Controllers\Api->__construct()
 2 SYSTEMPATH/CodeIgniter.php(490): CodeIgniter\CodeIgniter->createController()
 3 SYSTEMPATH/CodeIgniter.php(368): CodeIgniter\CodeIgniter->handleRequest(null, Object(Config\Cache), false)
 4 FCPATH/index.php(67): CodeIgniter\CodeIgniter->run()
WARNING - 2024-11-05 14:44:23 --> [DEPRECATED] Creation of dynamic property App\Controllers\Rekammedisirna::$db is deprecated in APPPATH/Controllers/Api.php on line 8.
 1 SYSTEMPATH/CodeIgniter.php(906): App\Controllers\Api->__construct()
 2 SYSTEMPATH/CodeIgniter.php(490): CodeIgniter\CodeIgniter->createController()
 3 SYSTEMPATH/CodeIgniter.php(368): CodeIgniter\CodeIgniter->handleRequest(null, Object(Config\Cache), false)
 4 FCPATH/index.php(67): CodeIgniter\CodeIgniter->run()
WARNING - 2024-11-05 14:44:23 --> [DEPRECATED] Creation of dynamic property App\Controllers\Rekammedisirna::$simrs is deprecated in APPPATH/Controllers/Api.php on line 9.
 1 SYSTEMPATH/CodeIgniter.php(906): App\Controllers\Api->__construct()
 2 SYSTEMPATH/CodeIgniter.php(490): CodeIgniter\CodeIgniter->createController()
 3 SYSTEMPATH/CodeIgniter.php(368): CodeIgniter\CodeIgniter->handleRequest(null, Object(Config\Cache), false)
 4 FCPATH/index.php(67): CodeIgniter\CodeIgniter->run()
WARNING - 2024-11-05 14:44:40 --> [DEPRECATED] Creation of dynamic property App\Controllers\Rekammedisirna::$db is deprecated in APPPATH/Controllers/Api.php on line 8.
 1 SYSTEMPATH/CodeIgniter.php(906): App\Controllers\Api->__construct()
 2 SYSTEMPATH/CodeIgniter.php(490): CodeIgniter\CodeIgniter->createController()
 3 SYSTEMPATH/CodeIgniter.php(368): CodeIgniter\CodeIgniter->handleRequest(null, Object(Config\Cache), false)
 4 FCPATH/index.php(67): CodeIgniter\CodeIgniter->run()
WARNING - 2024-11-05 14:44:40 --> [DEPRECATED] Creation of dynamic property App\Controllers\Rekammedisirna::$simrs is deprecated in APPPATH/Controllers/Api.php on line 9.
 1 SYSTEMPATH/CodeIgniter.php(906): App\Controllers\Api->__construct()
 2 SYSTEMPATH/CodeIgniter.php(490): CodeIgniter\CodeIgniter->createController()
 3 SYSTEMPATH/CodeIgniter.php(368): CodeIgniter\CodeIgniter->handleRequest(null, Object(Config\Cache), false)
 4 FCPATH/index.php(67): CodeIgniter\CodeIgniter->run()
WARNING - 2024-11-05 14:45:29 --> [DEPRECATED] Creation of dynamic property App\Controllers\Laporan::$db is deprecated in APPPATH/Controllers/Api.php on line 8.
 1 SYSTEMPATH/CodeIgniter.php(906): App\Controllers\Api->__construct()
 2 SYSTEMPATH/CodeIgniter.php(490): CodeIgniter\CodeIgniter->createController()
 3 SYSTEMPATH/CodeIgniter.php(368): CodeIgniter\CodeIgniter->handleRequest(null, Object(Config\Cache), false)
 4 FCPATH/index.php(67): CodeIgniter\CodeIgniter->run()
WARNING - 2024-11-05 14:45:29 --> [DEPRECATED] Creation of dynamic property App\Controllers\Laporan::$simrs is deprecated in APPPATH/Controllers/Api.php on line 9.
 1 SYSTEMPATH/CodeIgniter.php(906): App\Controllers\Api->__construct()
 2 SYSTEMPATH/CodeIgniter.php(490): CodeIgniter\CodeIgniter->createController()
 3 SYSTEMPATH/CodeIgniter.php(368): CodeIgniter\CodeIgniter->handleRequest(null, Object(Config\Cache), false)
 4 FCPATH/index.php(67): CodeIgniter\CodeIgniter->run()
WARNING - 2024-11-05 14:45:29 --> [DEPRECATED] Creation of dynamic property App\Controllers\User::$db is deprecated in APPPATH/Controllers/Api.php on line 8.
 1 SYSTEMPATH/CodeIgniter.php(906): App\Controllers\Api->__construct()
 2 SYSTEMPATH/CodeIgniter.php(490): CodeIgniter\CodeIgniter->createController()
 3 SYSTEMPATH/CodeIgniter.php(368): CodeIgniter\CodeIgniter->handleRequest(null, Object(Config\Cache), false)
 4 FCPATH/index.php(67): CodeIgniter\CodeIgniter->run()
WARNING - 2024-11-05 14:45:29 --> [DEPRECATED] Creation of dynamic property App\Controllers\User::$simrs is deprecated in APPPATH/Controllers/Api.php on line 9.
 1 SYSTEMPATH/CodeIgniter.php(906): App\Controllers\Api->__construct()
 2 SYSTEMPATH/CodeIgniter.php(490): CodeIgniter\CodeIgniter->createController()
 3 SYSTEMPATH/CodeIgniter.php(368): CodeIgniter\CodeIgniter->handleRequest(null, Object(Config\Cache), false)
 4 FCPATH/index.php(67): CodeIgniter\CodeIgniter->run()
WARNING - 2024-11-05 14:45:29 --> [DEPRECATED] Creation of dynamic property App\Controllers\User::$db is deprecated in APPPATH/Controllers/Api.php on line 8.
 1 SYSTEMPATH/CodeIgniter.php(906): App\Controllers\Api->__construct()
 2 SYSTEMPATH/CodeIgniter.php(490): CodeIgniter\CodeIgniter->createController()
 3 SYSTEMPATH/CodeIgniter.php(368): CodeIgniter\CodeIgniter->handleRequest(null, Object(Config\Cache), false)
 4 FCPATH/index.php(67): CodeIgniter\CodeIgniter->run()
WARNING - 2024-11-05 14:45:29 --> [DEPRECATED] Creation of dynamic property App\Controllers\User::$simrs is deprecated in APPPATH/Controllers/Api.php on line 9.
 1 SYSTEMPATH/CodeIgniter.php(906): App\Controllers\Api->__construct()
 2 SYSTEMPATH/CodeIgniter.php(490): CodeIgniter\CodeIgniter->createController()
 3 SYSTEMPATH/CodeIgniter.php(368): CodeIgniter\CodeIgniter->handleRequest(null, Object(Config\Cache), false)
 4 FCPATH/index.php(67): CodeIgniter\CodeIgniter->run()
WARNING - 2024-11-05 14:45:33 --> [DEPRECATED] Creation of dynamic property App\Controllers\Rekammedisirna::$db is deprecated in APPPATH/Controllers/Api.php on line 8.
 1 SYSTEMPATH/CodeIgniter.php(906): App\Controllers\Api->__construct()
 2 SYSTEMPATH/CodeIgniter.php(490): CodeIgniter\CodeIgniter->createController()
 3 SYSTEMPATH/CodeIgniter.php(368): CodeIgniter\CodeIgniter->handleRequest(null, Object(Config\Cache), false)
 4 FCPATH/index.php(67): CodeIgniter\CodeIgniter->run()
WARNING - 2024-11-05 14:45:33 --> [DEPRECATED] Creation of dynamic property App\Controllers\Rekammedisirna::$simrs is deprecated in APPPATH/Controllers/Api.php on line 9.
 1 SYSTEMPATH/CodeIgniter.php(906): App\Controllers\Api->__construct()
 2 SYSTEMPATH/CodeIgniter.php(490): CodeIgniter\CodeIgniter->createController()
 3 SYSTEMPATH/CodeIgniter.php(368): CodeIgniter\CodeIgniter->handleRequest(null, Object(Config\Cache), false)
 4 FCPATH/index.php(67): CodeIgniter\CodeIgniter->run()
WARNING - 2024-11-05 14:45:34 --> [DEPRECATED] Creation of dynamic property App\Controllers\Rekammedisirna::$db is deprecated in APPPATH/Controllers/Api.php on line 8.
 1 SYSTEMPATH/CodeIgniter.php(906): App\Controllers\Api->__construct()
 2 SYSTEMPATH/CodeIgniter.php(490): CodeIgniter\CodeIgniter->createController()
 3 SYSTEMPATH/CodeIgniter.php(368): CodeIgniter\CodeIgniter->handleRequest(null, Object(Config\Cache), false)
 4 FCPATH/index.php(67): CodeIgniter\CodeIgniter->run()
WARNING - 2024-11-05 14:45:34 --> [DEPRECATED] Creation of dynamic property App\Controllers\Rekammedisirna::$simrs is deprecated in APPPATH/Controllers/Api.php on line 9.
 1 SYSTEMPATH/CodeIgniter.php(906): App\Controllers\Api->__construct()
 2 SYSTEMPATH/CodeIgniter.php(490): CodeIgniter\CodeIgniter->createController()
 3 SYSTEMPATH/CodeIgniter.php(368): CodeIgniter\CodeIgniter->handleRequest(null, Object(Config\Cache), false)
 4 FCPATH/index.php(67): CodeIgniter\CodeIgniter->run()
WARNING - 2024-11-05 14:45:34 --> [DEPRECATED] Creation of dynamic property App\Controllers\Rekammedisirna::$db is deprecated in APPPATH/Controllers/Api.php on line 8.
 1 SYSTEMPATH/CodeIgniter.php(906): App\Controllers\Api->__construct()
 2 SYSTEMPATH/CodeIgniter.php(490): CodeIgniter\CodeIgniter->createController()
 3 SYSTEMPATH/CodeIgniter.php(368): CodeIgniter\CodeIgniter->handleRequest(null, Object(Config\Cache), false)
 4 FCPATH/index.php(67): CodeIgniter\CodeIgniter->run()
WARNING - 2024-11-05 14:45:34 --> [DEPRECATED] Creation of dynamic property App\Controllers\Rekammedisirna::$simrs is deprecated in APPPATH/Controllers/Api.php on line 9.
 1 SYSTEMPATH/CodeIgniter.php(906): App\Controllers\Api->__construct()
 2 SYSTEMPATH/CodeIgniter.php(490): CodeIgniter\CodeIgniter->createController()
 3 SYSTEMPATH/CodeIgniter.php(368): CodeIgniter\CodeIgniter->handleRequest(null, Object(Config\Cache), false)
 4 FCPATH/index.php(67): CodeIgniter\CodeIgniter->run()
WARNING - 2024-11-05 14:46:04 --> [DEPRECATED] Creation of dynamic property App\Controllers\Laporan::$db is deprecated in APPPATH/Controllers/Api.php on line 8.
 1 SYSTEMPATH/CodeIgniter.php(906): App\Controllers\Api->__construct()
 2 SYSTEMPATH/CodeIgniter.php(490): CodeIgniter\CodeIgniter->createController()
 3 SYSTEMPATH/CodeIgniter.php(368): CodeIgniter\CodeIgniter->handleRequest(null, Object(Config\Cache), false)
 4 FCPATH/index.php(67): CodeIgniter\CodeIgniter->run()
WARNING - 2024-11-05 14:46:04 --> [DEPRECATED] Creation of dynamic property App\Controllers\Laporan::$simrs is deprecated in APPPATH/Controllers/Api.php on line 9.
 1 SYSTEMPATH/CodeIgniter.php(906): App\Controllers\Api->__construct()
 2 SYSTEMPATH/CodeIgniter.php(490): CodeIgniter\CodeIgniter->createController()
 3 SYSTEMPATH/CodeIgniter.php(368): CodeIgniter\CodeIgniter->handleRequest(null, Object(Config\Cache), false)
 4 FCPATH/index.php(67): CodeIgniter\CodeIgniter->run()
WARNING - 2024-11-05 14:46:04 --> [DEPRECATED] Creation of dynamic property App\Controllers\User::$db is deprecated in APPPATH/Controllers/Api.php on line 8.
 1 SYSTEMPATH/CodeIgniter.php(906): App\Controllers\Api->__construct()
 2 SYSTEMPATH/CodeIgniter.php(490): CodeIgniter\CodeIgniter->createController()
 3 SYSTEMPATH/CodeIgniter.php(368): CodeIgniter\CodeIgniter->handleRequest(null, Object(Config\Cache), false)
 4 FCPATH/index.php(67): CodeIgniter\CodeIgniter->run()
WARNING - 2024-11-05 14:46:04 --> [DEPRECATED] Creation of dynamic property App\Controllers\User::$simrs is deprecated in APPPATH/Controllers/Api.php on line 9.
 1 SYSTEMPATH/CodeIgniter.php(906): App\Controllers\Api->__construct()
 2 SYSTEMPATH/CodeIgniter.php(490): CodeIgniter\CodeIgniter->createController()
 3 SYSTEMPATH/CodeIgniter.php(368): CodeIgniter\CodeIgniter->handleRequest(null, Object(Config\Cache), false)
 4 FCPATH/index.php(67): CodeIgniter\CodeIgniter->run()
WARNING - 2024-11-05 14:46:04 --> [DEPRECATED] Creation of dynamic property App\Controllers\User::$db is deprecated in APPPATH/Controllers/Api.php on line 8.
 1 SYSTEMPATH/CodeIgniter.php(906): App\Controllers\Api->__construct()
 2 SYSTEMPATH/CodeIgniter.php(490): CodeIgniter\CodeIgniter->createController()
 3 SYSTEMPATH/CodeIgniter.php(368): CodeIgniter\CodeIgniter->handleRequest(null, Object(Config\Cache), false)
 4 FCPATH/index.php(67): CodeIgniter\CodeIgniter->run()
WARNING - 2024-11-05 14:46:04 --> [DEPRECATED] Creation of dynamic property App\Controllers\User::$simrs is deprecated in APPPATH/Controllers/Api.php on line 9.
 1 SYSTEMPATH/CodeIgniter.php(906): App\Controllers\Api->__construct()
 2 SYSTEMPATH/CodeIgniter.php(490): CodeIgniter\CodeIgniter->createController()
 3 SYSTEMPATH/CodeIgniter.php(368): CodeIgniter\CodeIgniter->handleRequest(null, Object(Config\Cache), false)
 4 FCPATH/index.php(67): CodeIgniter\CodeIgniter->run()
WARNING - 2024-11-05 14:46:08 --> [DEPRECATED] Creation of dynamic property App\Controllers\Rekammedisirna::$db is deprecated in APPPATH/Controllers/Api.php on line 8.
 1 SYSTEMPATH/CodeIgniter.php(906): App\Controllers\Api->__construct()
 2 SYSTEMPATH/CodeIgniter.php(490): CodeIgniter\CodeIgniter->createController()
 3 SYSTEMPATH/CodeIgniter.php(368): CodeIgniter\CodeIgniter->handleRequest(null, Object(Config\Cache), false)
 4 FCPATH/index.php(67): CodeIgniter\CodeIgniter->run()
WARNING - 2024-11-05 14:46:08 --> [DEPRECATED] Creation of dynamic property App\Controllers\Rekammedisirna::$simrs is deprecated in APPPATH/Controllers/Api.php on line 9.
 1 SYSTEMPATH/CodeIgniter.php(906): App\Controllers\Api->__construct()
 2 SYSTEMPATH/CodeIgniter.php(490): CodeIgniter\CodeIgniter->createController()
 3 SYSTEMPATH/CodeIgniter.php(368): CodeIgniter\CodeIgniter->handleRequest(null, Object(Config\Cache), false)
 4 FCPATH/index.php(67): CodeIgniter\CodeIgniter->run()
WARNING - 2024-11-05 14:46:08 --> [DEPRECATED] Creation of dynamic property App\Controllers\Rekammedisirna::$db is deprecated in APPPATH/Controllers/Api.php on line 8.
 1 SYSTEMPATH/CodeIgniter.php(906): App\Controllers\Api->__construct()
 2 SYSTEMPATH/CodeIgniter.php(490): CodeIgniter\CodeIgniter->createController()
 3 SYSTEMPATH/CodeIgniter.php(368): CodeIgniter\CodeIgniter->handleRequest(null, Object(Config\Cache), false)
 4 FCPATH/index.php(67): CodeIgniter\CodeIgniter->run()
WARNING - 2024-11-05 14:46:08 --> [DEPRECATED] Creation of dynamic property App\Controllers\Rekammedisirna::$db is deprecated in APPPATH/Controllers/Api.php on line 8.
 1 SYSTEMPATH/CodeIgniter.php(906): App\Controllers\Api->__construct()
 2 SYSTEMPATH/CodeIgniter.php(490): CodeIgniter\CodeIgniter->createController()
 3 SYSTEMPATH/CodeIgniter.php(368): CodeIgniter\CodeIgniter->handleRequest(null, Object(Config\Cache), false)
 4 FCPATH/index.php(67): CodeIgniter\CodeIgniter->run()
WARNING - 2024-11-05 14:46:08 --> [DEPRECATED] Creation of dynamic property App\Controllers\Rekammedisirna::$simrs is deprecated in APPPATH/Controllers/Api.php on line 9.
 1 SYSTEMPATH/CodeIgniter.php(906): App\Controllers\Api->__construct()
 2 SYSTEMPATH/CodeIgniter.php(490): CodeIgniter\CodeIgniter->createController()
 3 SYSTEMPATH/CodeIgniter.php(368): CodeIgniter\CodeIgniter->handleRequest(null, Object(Config\Cache), false)
 4 FCPATH/index.php(67): CodeIgniter\CodeIgniter->run()
WARNING - 2024-11-05 14:46:08 --> [DEPRECATED] Creation of dynamic property App\Controllers\Rekammedisirna::$simrs is deprecated in APPPATH/Controllers/Api.php on line 9.
 1 SYSTEMPATH/CodeIgniter.php(906): App\Controllers\Api->__construct()
 2 SYSTEMPATH/CodeIgniter.php(490): CodeIgniter\CodeIgniter->createController()
 3 SYSTEMPATH/CodeIgniter.php(368): CodeIgniter\CodeIgniter->handleRequest(null, Object(Config\Cache), false)
 4 FCPATH/index.php(67): CodeIgniter\CodeIgniter->run()
CRITICAL - 2024-11-05 14:46:08 --> Undefined variable $norm
in APPPATH/Controllers/Rekammedisirna.php on line 1127.
 1 APPPATH/Controllers/Rekammedisirna.php(1127): CodeIgniter\Debug\Exceptions->errorHandler()
 2 SYSTEMPATH/CodeIgniter.php(934): App\Controllers\Rekammedisirna->listpasienby()
 3 SYSTEMPATH/CodeIgniter.php(499): CodeIgniter\CodeIgniter->runController()
 4 SYSTEMPATH/CodeIgniter.php(368): CodeIgniter\CodeIgniter->handleRequest()
 5 FCPATH/index.php(67): CodeIgniter\CodeIgniter->run()
WARNING - 2024-11-05 14:46:45 --> [DEPRECATED] Creation of dynamic property App\Controllers\Laporan::$db is deprecated in APPPATH/Controllers/Api.php on line 8.
 1 SYSTEMPATH/CodeIgniter.php(906): App\Controllers\Api->__construct()
 2 SYSTEMPATH/CodeIgniter.php(490): CodeIgniter\CodeIgniter->createController()
 3 SYSTEMPATH/CodeIgniter.php(368): CodeIgniter\CodeIgniter->handleRequest(null, Object(Config\Cache), false)
 4 FCPATH/index.php(67): CodeIgniter\CodeIgniter->run()
WARNING - 2024-11-05 14:46:45 --> [DEPRECATED] Creation of dynamic property App\Controllers\Laporan::$simrs is deprecated in APPPATH/Controllers/Api.php on line 9.
 1 SYSTEMPATH/CodeIgniter.php(906): App\Controllers\Api->__construct()
 2 SYSTEMPATH/CodeIgniter.php(490): CodeIgniter\CodeIgniter->createController()
 3 SYSTEMPATH/CodeIgniter.php(368): CodeIgniter\CodeIgniter->handleRequest(null, Object(Config\Cache), false)
 4 FCPATH/index.php(67): CodeIgniter\CodeIgniter->run()
WARNING - 2024-11-05 14:46:45 --> [DEPRECATED] Creation of dynamic property App\Controllers\User::$db is deprecated in APPPATH/Controllers/Api.php on line 8.
 1 SYSTEMPATH/CodeIgniter.php(906): App\Controllers\Api->__construct()
 2 SYSTEMPATH/CodeIgniter.php(490): CodeIgniter\CodeIgniter->createController()
 3 SYSTEMPATH/CodeIgniter.php(368): CodeIgniter\CodeIgniter->handleRequest(null, Object(Config\Cache), false)
 4 FCPATH/index.php(67): CodeIgniter\CodeIgniter->run()
WARNING - 2024-11-05 14:46:45 --> [DEPRECATED] Creation of dynamic property App\Controllers\User::$simrs is deprecated in APPPATH/Controllers/Api.php on line 9.
 1 SYSTEMPATH/CodeIgniter.php(906): App\Controllers\Api->__construct()
 2 SYSTEMPATH/CodeIgniter.php(490): CodeIgniter\CodeIgniter->createController()
 3 SYSTEMPATH/CodeIgniter.php(368): CodeIgniter\CodeIgniter->handleRequest(null, Object(Config\Cache), false)
 4 FCPATH/index.php(67): CodeIgniter\CodeIgniter->run()
WARNING - 2024-11-05 14:46:50 --> [DEPRECATED] Creation of dynamic property App\Controllers\Rekammedisirna::$db is deprecated in APPPATH/Controllers/Api.php on line 8.
 1 SYSTEMPATH/CodeIgniter.php(906): App\Controllers\Api->__construct()
 2 SYSTEMPATH/CodeIgniter.php(490): CodeIgniter\CodeIgniter->createController()
 3 SYSTEMPATH/CodeIgniter.php(368): CodeIgniter\CodeIgniter->handleRequest(null, Object(Config\Cache), false)
 4 FCPATH/index.php(67): CodeIgniter\CodeIgniter->run()
WARNING - 2024-11-05 14:46:50 --> [DEPRECATED] Creation of dynamic property App\Controllers\Rekammedisirna::$simrs is deprecated in APPPATH/Controllers/Api.php on line 9.
 1 SYSTEMPATH/CodeIgniter.php(906): App\Controllers\Api->__construct()
 2 SYSTEMPATH/CodeIgniter.php(490): CodeIgniter\CodeIgniter->createController()
 3 SYSTEMPATH/CodeIgniter.php(368): CodeIgniter\CodeIgniter->handleRequest(null, Object(Config\Cache), false)
 4 FCPATH/index.php(67): CodeIgniter\CodeIgniter->run()
WARNING - 2024-11-05 14:46:50 --> [DEPRECATED] Creation of dynamic property App\Controllers\Rekammedisirna::$db is deprecated in APPPATH/Controllers/Api.php on line 8.
 1 SYSTEMPATH/CodeIgniter.php(906): App\Controllers\Api->__construct()
 2 SYSTEMPATH/CodeIgniter.php(490): CodeIgniter\CodeIgniter->createController()
 3 SYSTEMPATH/CodeIgniter.php(368): CodeIgniter\CodeIgniter->handleRequest(null, Object(Config\Cache), false)
 4 FCPATH/index.php(67): CodeIgniter\CodeIgniter->run()
WARNING - 2024-11-05 14:46:50 --> [DEPRECATED] Creation of dynamic property App\Controllers\Rekammedisirna::$simrs is deprecated in APPPATH/Controllers/Api.php on line 9.
 1 SYSTEMPATH/CodeIgniter.php(906): App\Controllers\Api->__construct()
 2 SYSTEMPATH/CodeIgniter.php(490): CodeIgniter\CodeIgniter->createController()
 3 SYSTEMPATH/CodeIgniter.php(368): CodeIgniter\CodeIgniter->handleRequest(null, Object(Config\Cache), false)
 4 FCPATH/index.php(67): CodeIgniter\CodeIgniter->run()
CRITICAL - 2024-11-05 14:46:50 --> Undefined variable $norm
in APPPATH/Controllers/Rekammedisirna.php on line 1127.
 1 APPPATH/Controllers/Rekammedisirna.php(1127): CodeIgniter\Debug\Exceptions->errorHandler()
 2 SYSTEMPATH/CodeIgniter.php(934): App\Controllers\Rekammedisirna->listpasienby()
 3 SYSTEMPATH/CodeIgniter.php(499): CodeIgniter\CodeIgniter->runController()
 4 SYSTEMPATH/CodeIgniter.php(368): CodeIgniter\CodeIgniter->handleRequest()
 5 FCPATH/index.php(67): CodeIgniter\CodeIgniter->run()
WARNING - 2024-11-05 14:46:50 --> [DEPRECATED] Creation of dynamic property App\Controllers\Rekammedisirna::$db is deprecated in APPPATH/Controllers/Api.php on line 8.
 1 SYSTEMPATH/CodeIgniter.php(906): App\Controllers\Api->__construct()
 2 SYSTEMPATH/CodeIgniter.php(490): CodeIgniter\CodeIgniter->createController()
 3 SYSTEMPATH/CodeIgniter.php(368): CodeIgniter\CodeIgniter->handleRequest(null, Object(Config\Cache), false)
 4 FCPATH/index.php(67): CodeIgniter\CodeIgniter->run()
WARNING - 2024-11-05 14:46:50 --> [DEPRECATED] Creation of dynamic property App\Controllers\Rekammedisirna::$simrs is deprecated in APPPATH/Controllers/Api.php on line 9.
 1 SYSTEMPATH/CodeIgniter.php(906): App\Controllers\Api->__construct()
 2 SYSTEMPATH/CodeIgniter.php(490): CodeIgniter\CodeIgniter->createController()
 3 SYSTEMPATH/CodeIgniter.php(368): CodeIgniter\CodeIgniter->handleRequest(null, Object(Config\Cache), false)
 4 FCPATH/index.php(67): CodeIgniter\CodeIgniter->run()
WARNING - 2024-11-05 14:47:04 --> [DEPRECATED] Creation of dynamic property App\Controllers\Laporan::$db is deprecated in APPPATH/Controllers/Api.php on line 8.
 1 SYSTEMPATH/CodeIgniter.php(906): App\Controllers\Api->__construct()
 2 SYSTEMPATH/CodeIgniter.php(490): CodeIgniter\CodeIgniter->createController()
 3 SYSTEMPATH/CodeIgniter.php(368): CodeIgniter\CodeIgniter->handleRequest(null, Object(Config\Cache), false)
 4 FCPATH/index.php(67): CodeIgniter\CodeIgniter->run()
WARNING - 2024-11-05 14:47:04 --> [DEPRECATED] Creation of dynamic property App\Controllers\Laporan::$simrs is deprecated in APPPATH/Controllers/Api.php on line 9.
 1 SYSTEMPATH/CodeIgniter.php(906): App\Controllers\Api->__construct()
 2 SYSTEMPATH/CodeIgniter.php(490): CodeIgniter\CodeIgniter->createController()
 3 SYSTEMPATH/CodeIgniter.php(368): CodeIgniter\CodeIgniter->handleRequest(null, Object(Config\Cache), false)
 4 FCPATH/index.php(67): CodeIgniter\CodeIgniter->run()
WARNING - 2024-11-05 14:47:05 --> [DEPRECATED] Creation of dynamic property App\Controllers\User::$db is deprecated in APPPATH/Controllers/Api.php on line 8.
 1 SYSTEMPATH/CodeIgniter.php(906): App\Controllers\Api->__construct()
 2 SYSTEMPATH/CodeIgniter.php(490): CodeIgniter\CodeIgniter->createController()
 3 SYSTEMPATH/CodeIgniter.php(368): CodeIgniter\CodeIgniter->handleRequest(null, Object(Config\Cache), false)
 4 FCPATH/index.php(67): CodeIgniter\CodeIgniter->run()
WARNING - 2024-11-05 14:47:05 --> [DEPRECATED] Creation of dynamic property App\Controllers\User::$simrs is deprecated in APPPATH/Controllers/Api.php on line 9.
 1 SYSTEMPATH/CodeIgniter.php(906): App\Controllers\Api->__construct()
 2 SYSTEMPATH/CodeIgniter.php(490): CodeIgniter\CodeIgniter->createController()
 3 SYSTEMPATH/CodeIgniter.php(368): CodeIgniter\CodeIgniter->handleRequest(null, Object(Config\Cache), false)
 4 FCPATH/index.php(67): CodeIgniter\CodeIgniter->run()
WARNING - 2024-11-05 14:47:10 --> [DEPRECATED] Creation of dynamic property App\Controllers\Rekammedisirna::$db is deprecated in APPPATH/Controllers/Api.php on line 8.
 1 SYSTEMPATH/CodeIgniter.php(906): App\Controllers\Api->__construct()
 2 SYSTEMPATH/CodeIgniter.php(490): CodeIgniter\CodeIgniter->createController()
 3 SYSTEMPATH/CodeIgniter.php(368): CodeIgniter\CodeIgniter->handleRequest(null, Object(Config\Cache), false)
 4 FCPATH/index.php(67): CodeIgniter\CodeIgniter->run()
WARNING - 2024-11-05 14:47:10 --> [DEPRECATED] Creation of dynamic property App\Controllers\Rekammedisirna::$simrs is deprecated in APPPATH/Controllers/Api.php on line 9.
 1 SYSTEMPATH/CodeIgniter.php(906): App\Controllers\Api->__construct()
 2 SYSTEMPATH/CodeIgniter.php(490): CodeIgniter\CodeIgniter->createController()
 3 SYSTEMPATH/CodeIgniter.php(368): CodeIgniter\CodeIgniter->handleRequest(null, Object(Config\Cache), false)
 4 FCPATH/index.php(67): CodeIgniter\CodeIgniter->run()
WARNING - 2024-11-05 14:47:10 --> [DEPRECATED] Creation of dynamic property App\Controllers\Rekammedisirna::$db is deprecated in APPPATH/Controllers/Api.php on line 8.
 1 SYSTEMPATH/CodeIgniter.php(906): App\Controllers\Api->__construct()
 2 SYSTEMPATH/CodeIgniter.php(490): CodeIgniter\CodeIgniter->createController()
 3 SYSTEMPATH/CodeIgniter.php(368): CodeIgniter\CodeIgniter->handleRequest(null, Object(Config\Cache), false)
 4 FCPATH/index.php(67): CodeIgniter\CodeIgniter->run()
WARNING - 2024-11-05 14:47:10 --> [DEPRECATED] Creation of dynamic property App\Controllers\Rekammedisirna::$db is deprecated in APPPATH/Controllers/Api.php on line 8.
 1 SYSTEMPATH/CodeIgniter.php(906): App\Controllers\Api->__construct()
 2 SYSTEMPATH/CodeIgniter.php(490): CodeIgniter\CodeIgniter->createController()
 3 SYSTEMPATH/CodeIgniter.php(368): CodeIgniter\CodeIgniter->handleRequest(null, Object(Config\Cache), false)
 4 FCPATH/index.php(67): CodeIgniter\CodeIgniter->run()
WARNING - 2024-11-05 14:47:10 --> [DEPRECATED] Creation of dynamic property App\Controllers\Rekammedisirna::$simrs is deprecated in APPPATH/Controllers/Api.php on line 9.
 1 SYSTEMPATH/CodeIgniter.php(906): App\Controllers\Api->__construct()
 2 SYSTEMPATH/CodeIgniter.php(490): CodeIgniter\CodeIgniter->createController()
 3 SYSTEMPATH/CodeIgniter.php(368): CodeIgniter\CodeIgniter->handleRequest(null, Object(Config\Cache), false)
 4 FCPATH/index.php(67): CodeIgniter\CodeIgniter->run()
WARNING - 2024-11-05 14:47:10 --> [DEPRECATED] Creation of dynamic property App\Controllers\Rekammedisirna::$simrs is deprecated in APPPATH/Controllers/Api.php on line 9.
 1 SYSTEMPATH/CodeIgniter.php(906): App\Controllers\Api->__construct()
 2 SYSTEMPATH/CodeIgniter.php(490): CodeIgniter\CodeIgniter->createController()
 3 SYSTEMPATH/CodeIgniter.php(368): CodeIgniter\CodeIgniter->handleRequest(null, Object(Config\Cache), false)
 4 FCPATH/index.php(67): CodeIgniter\CodeIgniter->run()
WARNING - 2024-11-05 14:47:14 --> [DEPRECATED] Creation of dynamic property App\Controllers\Rawatjalan::$db is deprecated in APPPATH/Controllers/Api.php on line 8.
 1 SYSTEMPATH/CodeIgniter.php(906): App\Controllers\Api->__construct()
 2 SYSTEMPATH/CodeIgniter.php(490): CodeIgniter\CodeIgniter->createController()
 3 SYSTEMPATH/CodeIgniter.php(368): CodeIgniter\CodeIgniter->handleRequest(null, Object(Config\Cache), false)
 4 FCPATH/index.php(67): CodeIgniter\CodeIgniter->run()
WARNING - 2024-11-05 14:47:14 --> [DEPRECATED] Creation of dynamic property App\Controllers\Rekammedisirja::$db is deprecated in APPPATH/Controllers/Api.php on line 8.
 1 SYSTEMPATH/CodeIgniter.php(906): App\Controllers\Api->__construct()
 2 SYSTEMPATH/CodeIgniter.php(490): CodeIgniter\CodeIgniter->createController()
 3 SYSTEMPATH/CodeIgniter.php(368): CodeIgniter\CodeIgniter->handleRequest(null, Object(Config\Cache), false)
 4 FCPATH/index.php(67): CodeIgniter\CodeIgniter->run()
WARNING - 2024-11-05 14:47:14 --> [DEPRECATED] Creation of dynamic property App\Controllers\Rekammedisirja::$db is deprecated in APPPATH/Controllers/Api.php on line 8.
 1 SYSTEMPATH/CodeIgniter.php(906): App\Controllers\Api->__construct()
 2 SYSTEMPATH/CodeIgniter.php(490): CodeIgniter\CodeIgniter->createController()
 3 SYSTEMPATH/CodeIgniter.php(368): CodeIgniter\CodeIgniter->handleRequest(null, Object(Config\Cache), false)
 4 FCPATH/index.php(67): CodeIgniter\CodeIgniter->run()
WARNING - 2024-11-05 14:47:14 --> [DEPRECATED] Creation of dynamic property App\Controllers\Rawatjalan::$simrs is deprecated in APPPATH/Controllers/Api.php on line 9.
 1 SYSTEMPATH/CodeIgniter.php(906): App\Controllers\Api->__construct()
 2 SYSTEMPATH/CodeIgniter.php(490): CodeIgniter\CodeIgniter->createController()
 3 SYSTEMPATH/CodeIgniter.php(368): CodeIgniter\CodeIgniter->handleRequest(null, Object(Config\Cache), false)
 4 FCPATH/index.php(67): CodeIgniter\CodeIgniter->run()
WARNING - 2024-11-05 14:47:14 --> [DEPRECATED] Creation of dynamic property App\Controllers\Rekammedisirja::$simrs is deprecated in APPPATH/Controllers/Api.php on line 9.
 1 SYSTEMPATH/CodeIgniter.php(906): App\Controllers\Api->__construct()
 2 SYSTEMPATH/CodeIgniter.php(490): CodeIgniter\CodeIgniter->createController()
 3 SYSTEMPATH/CodeIgniter.php(368): CodeIgniter\CodeIgniter->handleRequest(null, Object(Config\Cache), false)
 4 FCPATH/index.php(67): CodeIgniter\CodeIgniter->run()
WARNING - 2024-11-05 14:47:14 --> [DEPRECATED] Creation of dynamic property App\Controllers\Rekammedisirja::$simrs is deprecated in APPPATH/Controllers/Api.php on line 9.
 1 SYSTEMPATH/CodeIgniter.php(906): App\Controllers\Api->__construct()
 2 SYSTEMPATH/CodeIgniter.php(490): CodeIgniter\CodeIgniter->createController()
 3 SYSTEMPATH/CodeIgniter.php(368): CodeIgniter\CodeIgniter->handleRequest(null, Object(Config\Cache), false)
 4 FCPATH/index.php(67): CodeIgniter\CodeIgniter->run()
ERROR - 2024-11-05 14:47:14 --> ErrorException: pg_query(): Query failed: ERROR:  column &quot;id_kunjungan&quot; does not exist
LINE 2: ...mr_tindakan inner join icd_9 USING(kd_icd9) where id_kunjung...
                                                             ^ in /var/www/html/SIMRSHEBAT/system/Database/Postgre/Connection.php:147
Stack trace:
#0 [internal function]: CodeIgniter\Debug\Exceptions->errorHandler()
#1 /var/www/html/SIMRSHEBAT/system/Database/Postgre/Connection.php(147): pg_query()
#2 /var/www/html/SIMRSHEBAT/system/Database/BaseConnection.php(691): CodeIgniter\Database\Postgre\Connection->execute()
#3 /var/www/html/SIMRSHEBAT/app/Controllers/Rekammedisirja.php(411): CodeIgniter\Database\BaseConnection->simpleQuery()
#4 /var/www/html/SIMRSHEBAT/system/CodeIgniter.php(934): App\Controllers\Rekammedisirja->datamricd9irja()
#5 /var/www/html/SIMRSHEBAT/system/CodeIgniter.php(499): CodeIgniter\CodeIgniter->runController()
#6 /var/www/html/SIMRSHEBAT/system/CodeIgniter.php(368): CodeIgniter\CodeIgniter->handleRequest()
#7 /var/www/html/SIMRSHEBAT/index.php(67): CodeIgniter\CodeIgniter->run()
#8 {main}
ERROR - 2024-11-05 14:47:14 --> ErrorException: pg_query(): Query failed: ERROR:  column &quot;jenis_pegawai&quot; does not exist
LINE 1: SELECT * FROM pegawai where jenis_pegawai='1'
                                    ^ in /var/www/html/SIMRSHEBAT/system/Database/Postgre/Connection.php:147
Stack trace:
#0 [internal function]: CodeIgniter\Debug\Exceptions->errorHandler()
#1 /var/www/html/SIMRSHEBAT/system/Database/Postgre/Connection.php(147): pg_query()
#2 /var/www/html/SIMRSHEBAT/system/Database/BaseConnection.php(691): CodeIgniter\Database\Postgre\Connection->execute()
#3 /var/www/html/SIMRSHEBAT/system/Database/BaseConnection.php(605): CodeIgniter\Database\BaseConnection->simpleQuery()
#4 /var/www/html/SIMRSHEBAT/app/Controllers/Rawatjalan.php(32): CodeIgniter\Database\BaseConnection->query()
#5 /var/www/html/SIMRSHEBAT/system/CodeIgniter.php(934): App\Controllers\Rawatjalan->pegawai()
#6 /var/www/html/SIMRSHEBAT/system/CodeIgniter.php(499): CodeIgniter\CodeIgniter->runController()
#7 /var/www/html/SIMRSHEBAT/system/CodeIgniter.php(368): CodeIgniter\CodeIgniter->handleRequest()
#8 /var/www/html/SIMRSHEBAT/index.php(67): CodeIgniter\CodeIgniter->run()
#9 {main}
ERROR - 2024-11-05 14:47:14 --> ErrorException: pg_query(): Query failed: ERROR:  column &quot;id_penyakit&quot; specified in USING clause does not exist in left table in /var/www/html/SIMRSHEBAT/system/Database/Postgre/Connection.php:147
Stack trace:
#0 [internal function]: CodeIgniter\Debug\Exceptions->errorHandler()
#1 /var/www/html/SIMRSHEBAT/system/Database/Postgre/Connection.php(147): pg_query()
#2 /var/www/html/SIMRSHEBAT/system/Database/BaseConnection.php(691): CodeIgniter\Database\Postgre\Connection->execute()
#3 /var/www/html/SIMRSHEBAT/app/Controllers/Rekammedisirja.php(453): CodeIgniter\Database\BaseConnection->simpleQuery()
#4 /var/www/html/SIMRSHEBAT/system/CodeIgniter.php(934): App\Controllers\Rekammedisirja->datamrpenyakitirja()
#5 /var/www/html/SIMRSHEBAT/system/CodeIgniter.php(499): CodeIgniter\CodeIgniter->runController()
#6 /var/www/html/SIMRSHEBAT/system/CodeIgniter.php(368): CodeIgniter\CodeIgniter->handleRequest()
#7 /var/www/html/SIMRSHEBAT/index.php(67): CodeIgniter\CodeIgniter->run()
#8 {main}
CRITICAL - 2024-11-05 14:47:14 --> Call to a member function getResult() on bool
in APPPATH/Controllers/Rawatjalan.php on line 35.
 1 SYSTEMPATH/CodeIgniter.php(934): App\Controllers\Rawatjalan->pegawai()
 2 SYSTEMPATH/CodeIgniter.php(499): CodeIgniter\CodeIgniter->runController()
 3 SYSTEMPATH/CodeIgniter.php(368): CodeIgniter\CodeIgniter->handleRequest()
 4 FCPATH/index.php(67): CodeIgniter\CodeIgniter->run()
WARNING - 2024-11-05 14:47:14 --> [DEPRECATED] Creation of dynamic property App\Controllers\Lab::$db is deprecated in APPPATH/Controllers/Api.php on line 8.
 1 SYSTEMPATH/CodeIgniter.php(906): App\Controllers\Api->__construct()
 2 SYSTEMPATH/CodeIgniter.php(490): CodeIgniter\CodeIgniter->createController()
 3 SYSTEMPATH/CodeIgniter.php(368): CodeIgniter\CodeIgniter->handleRequest(null, Object(Config\Cache), false)
 4 FCPATH/index.php(67): CodeIgniter\CodeIgniter->run()
WARNING - 2024-11-05 14:47:14 --> [DEPRECATED] Creation of dynamic property App\Controllers\Lab::$simrs is deprecated in APPPATH/Controllers/Api.php on line 9.
 1 SYSTEMPATH/CodeIgniter.php(906): App\Controllers\Api->__construct()
 2 SYSTEMPATH/CodeIgniter.php(490): CodeIgniter\CodeIgniter->createController()
 3 SYSTEMPATH/CodeIgniter.php(368): CodeIgniter\CodeIgniter->handleRequest(null, Object(Config\Cache), false)
 4 FCPATH/index.php(67): CodeIgniter\CodeIgniter->run()
WARNING - 2024-11-05 14:47:14 --> [DEPRECATED] Creation of dynamic property App\Controllers\Lab::$db is deprecated in APPPATH/Controllers/Api.php on line 8.
 1 SYSTEMPATH/CodeIgniter.php(906): App\Controllers\Api->__construct()
 2 SYSTEMPATH/CodeIgniter.php(490): CodeIgniter\CodeIgniter->createController()
 3 SYSTEMPATH/CodeIgniter.php(368): CodeIgniter\CodeIgniter->handleRequest(null, Object(Config\Cache), false)
 4 FCPATH/index.php(67): CodeIgniter\CodeIgniter->run()
WARNING - 2024-11-05 14:47:14 --> [DEPRECATED] Creation of dynamic property App\Controllers\Lab::$simrs is deprecated in APPPATH/Controllers/Api.php on line 9.
 1 SYSTEMPATH/CodeIgniter.php(906): App\Controllers\Api->__construct()
 2 SYSTEMPATH/CodeIgniter.php(490): CodeIgniter\CodeIgniter->createController()
 3 SYSTEMPATH/CodeIgniter.php(368): CodeIgniter\CodeIgniter->handleRequest(null, Object(Config\Cache), false)
 4 FCPATH/index.php(67): CodeIgniter\CodeIgniter->run()
WARNING - 2024-11-05 14:47:14 --> [DEPRECATED] Creation of dynamic property App\Controllers\Lab::$db is deprecated in APPPATH/Controllers/Api.php on line 8.
 1 SYSTEMPATH/CodeIgniter.php(906): App\Controllers\Api->__construct()
 2 SYSTEMPATH/CodeIgniter.php(490): CodeIgniter\CodeIgniter->createController()
 3 SYSTEMPATH/CodeIgniter.php(368): CodeIgniter\CodeIgniter->handleRequest(null, Object(Config\Cache), false)
 4 FCPATH/index.php(67): CodeIgniter\CodeIgniter->run()
WARNING - 2024-11-05 14:47:14 --> [DEPRECATED] Creation of dynamic property App\Controllers\Lab::$simrs is deprecated in APPPATH/Controllers/Api.php on line 9.
 1 SYSTEMPATH/CodeIgniter.php(906): App\Controllers\Api->__construct()
 2 SYSTEMPATH/CodeIgniter.php(490): CodeIgniter\CodeIgniter->createController()
 3 SYSTEMPATH/CodeIgniter.php(368): CodeIgniter\CodeIgniter->handleRequest(null, Object(Config\Cache), false)
 4 FCPATH/index.php(67): CodeIgniter\CodeIgniter->run()
ERROR - 2024-11-05 14:47:14 --> ErrorException: pg_query(): Query failed: ERROR:  function left(integer, integer) does not exist
LINE 1: SELECT * from produk WHERE left(kd_produk,2)='XR' 
                                   ^
HINT:  No function matches the given name and argument types. You might need to add explicit type casts. in /var/www/html/SIMRSHEBAT/system/Database/Postgre/Connection.php:147
Stack trace:
#0 [internal function]: CodeIgniter\Debug\Exceptions->errorHandler()
#1 /var/www/html/SIMRSHEBAT/system/Database/Postgre/Connection.php(147): pg_query()
#2 /var/www/html/SIMRSHEBAT/system/Database/BaseConnection.php(691): CodeIgniter\Database\Postgre\Connection->execute()
#3 /var/www/html/SIMRSHEBAT/system/Database/BaseConnection.php(605): CodeIgniter\Database\BaseConnection->simpleQuery()
#4 /var/www/html/SIMRSHEBAT/app/Controllers/Lab.php(465): CodeIgniter\Database\BaseConnection->query()
#5 /var/www/html/SIMRSHEBAT/system/CodeIgniter.php(934): App\Controllers\Lab->produkRad()
#6 /var/www/html/SIMRSHEBAT/system/CodeIgniter.php(499): CodeIgniter\CodeIgniter->runController()
#7 /var/www/html/SIMRSHEBAT/system/CodeIgniter.php(368): CodeIgniter\CodeIgniter->handleRequest()
#8 /var/www/html/SIMRSHEBAT/index.php(67): CodeIgniter\CodeIgniter->run()
#9 {main}
CRITICAL - 2024-11-05 14:47:14 --> Call to a member function getResult() on bool
in APPPATH/Controllers/Lab.php on line 465.
 1 SYSTEMPATH/CodeIgniter.php(934): App\Controllers\Lab->produkRad()
 2 SYSTEMPATH/CodeIgniter.php(499): CodeIgniter\CodeIgniter->runController()
 3 SYSTEMPATH/CodeIgniter.php(368): CodeIgniter\CodeIgniter->handleRequest()
 4 FCPATH/index.php(67): CodeIgniter\CodeIgniter->run()
ERROR - 2024-11-05 14:47:14 --> ErrorException: pg_query(): Query failed: ERROR:  function left(integer, integer) does not exist
LINE 1: SELECT * from produk WHERE left(kd_produk,2)='CT' 
                                   ^
HINT:  No function matches the given name and argument types. You might need to add explicit type casts. in /var/www/html/SIMRSHEBAT/system/Database/Postgre/Connection.php:147
Stack trace:
#0 [internal function]: CodeIgniter\Debug\Exceptions->errorHandler()
#1 /var/www/html/SIMRSHEBAT/system/Database/Postgre/Connection.php(147): pg_query()
#2 /var/www/html/SIMRSHEBAT/system/Database/BaseConnection.php(691): CodeIgniter\Database\Postgre\Connection->execute()
#3 /var/www/html/SIMRSHEBAT/system/Database/BaseConnection.php(605): CodeIgniter\Database\BaseConnection->simpleQuery()
#4 /var/www/html/SIMRSHEBAT/app/Controllers/Lab.php(465): CodeIgniter\Database\BaseConnection->query()
#5 /var/www/html/SIMRSHEBAT/system/CodeIgniter.php(934): App\Controllers\Lab->produkRad()
#6 /var/www/html/SIMRSHEBAT/system/CodeIgniter.php(499): CodeIgniter\CodeIgniter->runController()
#7 /var/www/html/SIMRSHEBAT/system/CodeIgniter.php(368): CodeIgniter\CodeIgniter->handleRequest()
#8 /var/www/html/SIMRSHEBAT/index.php(67): CodeIgniter\CodeIgniter->run()
#9 {main}
CRITICAL - 2024-11-05 14:47:14 --> Call to a member function getResult() on bool
in APPPATH/Controllers/Lab.php on line 465.
 1 SYSTEMPATH/CodeIgniter.php(934): App\Controllers\Lab->produkRad()
 2 SYSTEMPATH/CodeIgniter.php(499): CodeIgniter\CodeIgniter->runController()
 3 SYSTEMPATH/CodeIgniter.php(368): CodeIgniter\CodeIgniter->handleRequest()
 4 FCPATH/index.php(67): CodeIgniter\CodeIgniter->run()
ERROR - 2024-11-05 14:47:14 --> ErrorException: pg_query(): Query failed: ERROR:  column &quot;id_jenis_produk&quot; does not exist
LINE 1: SELECT * from produk WHERE id_jenis_produk='3' 
                                   ^ in /var/www/html/SIMRSHEBAT/system/Database/Postgre/Connection.php:147
Stack trace:
#0 [internal function]: CodeIgniter\Debug\Exceptions->errorHandler()
#1 /var/www/html/SIMRSHEBAT/system/Database/Postgre/Connection.php(147): pg_query()
#2 /var/www/html/SIMRSHEBAT/system/Database/BaseConnection.php(691): CodeIgniter\Database\Postgre\Connection->execute()
#3 /var/www/html/SIMRSHEBAT/system/Database/BaseConnection.php(605): CodeIgniter\Database\BaseConnection->simpleQuery()
#4 /var/www/html/SIMRSHEBAT/app/Controllers/Lab.php(447): CodeIgniter\Database\BaseConnection->query()
#5 /var/www/html/SIMRSHEBAT/system/CodeIgniter.php(934): App\Controllers\Lab->produk()
#6 /var/www/html/SIMRSHEBAT/system/CodeIgniter.php(499): CodeIgniter\CodeIgniter->runController()
#7 /var/www/html/SIMRSHEBAT/system/CodeIgniter.php(368): CodeIgniter\CodeIgniter->handleRequest()
#8 /var/www/html/SIMRSHEBAT/index.php(67): CodeIgniter\CodeIgniter->run()
#9 {main}
CRITICAL - 2024-11-05 14:47:14 --> Call to a member function getResult() on bool
in APPPATH/Controllers/Lab.php on line 447.
 1 SYSTEMPATH/CodeIgniter.php(934): App\Controllers\Lab->produk()
 2 SYSTEMPATH/CodeIgniter.php(499): CodeIgniter\CodeIgniter->runController()
 3 SYSTEMPATH/CodeIgniter.php(368): CodeIgniter\CodeIgniter->handleRequest()
 4 FCPATH/index.php(67): CodeIgniter\CodeIgniter->run()
WARNING - 2024-11-05 14:47:14 --> [DEPRECATED] Creation of dynamic property App\Controllers\Lab::$db is deprecated in APPPATH/Controllers/Api.php on line 8.
 1 SYSTEMPATH/CodeIgniter.php(906): App\Controllers\Api->__construct()
 2 SYSTEMPATH/CodeIgniter.php(490): CodeIgniter\CodeIgniter->createController()
 3 SYSTEMPATH/CodeIgniter.php(368): CodeIgniter\CodeIgniter->handleRequest(null, Object(Config\Cache), false)
 4 FCPATH/index.php(67): CodeIgniter\CodeIgniter->run()
WARNING - 2024-11-05 14:47:14 --> [DEPRECATED] Creation of dynamic property App\Controllers\Lab::$simrs is deprecated in APPPATH/Controllers/Api.php on line 9.
 1 SYSTEMPATH/CodeIgniter.php(906): App\Controllers\Api->__construct()
 2 SYSTEMPATH/CodeIgniter.php(490): CodeIgniter\CodeIgniter->createController()
 3 SYSTEMPATH/CodeIgniter.php(368): CodeIgniter\CodeIgniter->handleRequest(null, Object(Config\Cache), false)
 4 FCPATH/index.php(67): CodeIgniter\CodeIgniter->run()
WARNING - 2024-11-05 14:47:14 --> [DEPRECATED] Creation of dynamic property App\Controllers\Rekammedisirna::$db is deprecated in APPPATH/Controllers/Api.php on line 8.
 1 SYSTEMPATH/CodeIgniter.php(906): App\Controllers\Api->__construct()
 2 SYSTEMPATH/CodeIgniter.php(490): CodeIgniter\CodeIgniter->createController()
 3 SYSTEMPATH/CodeIgniter.php(368): CodeIgniter\CodeIgniter->handleRequest(null, Object(Config\Cache), false)
 4 FCPATH/index.php(67): CodeIgniter\CodeIgniter->run()
WARNING - 2024-11-05 14:47:14 --> [DEPRECATED] Creation of dynamic property App\Controllers\Rekammedisirna::$simrs is deprecated in APPPATH/Controllers/Api.php on line 9.
 1 SYSTEMPATH/CodeIgniter.php(906): App\Controllers\Api->__construct()
 2 SYSTEMPATH/CodeIgniter.php(490): CodeIgniter\CodeIgniter->createController()
 3 SYSTEMPATH/CodeIgniter.php(368): CodeIgniter\CodeIgniter->handleRequest(null, Object(Config\Cache), false)
 4 FCPATH/index.php(67): CodeIgniter\CodeIgniter->run()
ERROR - 2024-11-05 14:47:14 --> ErrorException: pg_query(): Query failed: ERROR:  function left(integer, integer) does not exist
LINE 1: SELECT * from produk WHERE left(kd_produk,2)='UR' 
                                   ^
HINT:  No function matches the given name and argument types. You might need to add explicit type casts. in /var/www/html/SIMRSHEBAT/system/Database/Postgre/Connection.php:147
Stack trace:
#0 [internal function]: CodeIgniter\Debug\Exceptions->errorHandler()
#1 /var/www/html/SIMRSHEBAT/system/Database/Postgre/Connection.php(147): pg_query()
#2 /var/www/html/SIMRSHEBAT/system/Database/BaseConnection.php(691): CodeIgniter\Database\Postgre\Connection->execute()
#3 /var/www/html/SIMRSHEBAT/system/Database/BaseConnection.php(605): CodeIgniter\Database\BaseConnection->simpleQuery()
#4 /var/www/html/SIMRSHEBAT/app/Controllers/Lab.php(465): CodeIgniter\Database\BaseConnection->query()
#5 /var/www/html/SIMRSHEBAT/system/CodeIgniter.php(934): App\Controllers\Lab->produkRad()
#6 /var/www/html/SIMRSHEBAT/system/CodeIgniter.php(499): CodeIgniter\CodeIgniter->runController()
#7 /var/www/html/SIMRSHEBAT/system/CodeIgniter.php(368): CodeIgniter\CodeIgniter->handleRequest()
#8 /var/www/html/SIMRSHEBAT/index.php(67): CodeIgniter\CodeIgniter->run()
#9 {main}
CRITICAL - 2024-11-05 14:47:14 --> Call to a member function getResult() on bool
in APPPATH/Controllers/Lab.php on line 465.
 1 SYSTEMPATH/CodeIgniter.php(934): App\Controllers\Lab->produkRad()
 2 SYSTEMPATH/CodeIgniter.php(499): CodeIgniter\CodeIgniter->runController()
 3 SYSTEMPATH/CodeIgniter.php(368): CodeIgniter\CodeIgniter->handleRequest()
 4 FCPATH/index.php(67): CodeIgniter\CodeIgniter->run()
ERROR - 2024-11-05 14:47:14 --> ErrorException: pg_query(): Query failed: ERROR:  relation &quot;order_lab&quot; does not exist
LINE 2:         order_lab o inner join
                ^ in /var/www/html/SIMRSHEBAT/system/Database/Postgre/Connection.php:147
Stack trace:
#0 [internal function]: CodeIgniter\Debug\Exceptions->errorHandler()
#1 /var/www/html/SIMRSHEBAT/system/Database/Postgre/Connection.php(147): pg_query()
#2 /var/www/html/SIMRSHEBAT/system/Database/BaseConnection.php(691): CodeIgniter\Database\Postgre\Connection->execute()
#3 /var/www/html/SIMRSHEBAT/app/Controllers/Rekammedisirna.php(823): CodeIgniter\Database\BaseConnection->simpleQuery()
#4 /var/www/html/SIMRSHEBAT/system/CodeIgniter.php(934): App\Controllers\Rekammedisirna->datapenunjangpasienirna()
#5 /var/www/html/SIMRSHEBAT/system/CodeIgniter.php(499): CodeIgniter\CodeIgniter->runController()
#6 /var/www/html/SIMRSHEBAT/system/CodeIgniter.php(368): CodeIgniter\CodeIgniter->handleRequest()
#7 /var/www/html/SIMRSHEBAT/index.php(67): CodeIgniter\CodeIgniter->run()
#8 {main}
WARNING - 2024-11-05 14:47:14 --> [DEPRECATED] Creation of dynamic property App\Controllers\Kunjungan::$db is deprecated in APPPATH/Controllers/Api.php on line 8.
 1 SYSTEMPATH/CodeIgniter.php(906): App\Controllers\Api->__construct()
 2 SYSTEMPATH/CodeIgniter.php(490): CodeIgniter\CodeIgniter->createController()
 3 SYSTEMPATH/CodeIgniter.php(368): CodeIgniter\CodeIgniter->handleRequest(null, Object(Config\Cache), false)
 4 FCPATH/index.php(67): CodeIgniter\CodeIgniter->run()
WARNING - 2024-11-05 14:47:14 --> [DEPRECATED] Creation of dynamic property App\Controllers\Kunjungan::$simrs is deprecated in APPPATH/Controllers/Api.php on line 9.
 1 SYSTEMPATH/CodeIgniter.php(906): App\Controllers\Api->__construct()
 2 SYSTEMPATH/CodeIgniter.php(490): CodeIgniter\CodeIgniter->createController()
 3 SYSTEMPATH/CodeIgniter.php(368): CodeIgniter\CodeIgniter->handleRequest(null, Object(Config\Cache), false)
 4 FCPATH/index.php(67): CodeIgniter\CodeIgniter->run()
WARNING - 2024-11-05 14:47:14 --> [DEPRECATED] Creation of dynamic property App\Controllers\Kunjungan::$db is deprecated in APPPATH/Controllers/Api.php on line 8.
 1 SYSTEMPATH/CodeIgniter.php(906): App\Controllers\Api->__construct()
 2 SYSTEMPATH/CodeIgniter.php(490): CodeIgniter\CodeIgniter->createController()
 3 SYSTEMPATH/CodeIgniter.php(368): CodeIgniter\CodeIgniter->handleRequest(null, Object(Config\Cache), false)
 4 FCPATH/index.php(67): CodeIgniter\CodeIgniter->run()
WARNING - 2024-11-05 14:47:14 --> [DEPRECATED] Creation of dynamic property App\Controllers\Kunjungan::$simrs is deprecated in APPPATH/Controllers/Api.php on line 9.
 1 SYSTEMPATH/CodeIgniter.php(906): App\Controllers\Api->__construct()
 2 SYSTEMPATH/CodeIgniter.php(490): CodeIgniter\CodeIgniter->createController()
 3 SYSTEMPATH/CodeIgniter.php(368): CodeIgniter\CodeIgniter->handleRequest(null, Object(Config\Cache), false)
 4 FCPATH/index.php(67): CodeIgniter\CodeIgniter->run()
WARNING - 2024-11-05 14:47:14 --> [DEPRECATED] Creation of dynamic property App\Controllers\Kunjungan::$db is deprecated in APPPATH/Controllers/Api.php on line 8.
 1 SYSTEMPATH/CodeIgniter.php(906): App\Controllers\Api->__construct()
 2 SYSTEMPATH/CodeIgniter.php(490): CodeIgniter\CodeIgniter->createController()
 3 SYSTEMPATH/CodeIgniter.php(368): CodeIgniter\CodeIgniter->handleRequest(null, Object(Config\Cache), false)
 4 FCPATH/index.php(67): CodeIgniter\CodeIgniter->run()
WARNING - 2024-11-05 14:47:14 --> [DEPRECATED] Creation of dynamic property App\Controllers\Kunjungan::$simrs is deprecated in APPPATH/Controllers/Api.php on line 9.
 1 SYSTEMPATH/CodeIgniter.php(906): App\Controllers\Api->__construct()
 2 SYSTEMPATH/CodeIgniter.php(490): CodeIgniter\CodeIgniter->createController()
 3 SYSTEMPATH/CodeIgniter.php(368): CodeIgniter\CodeIgniter->handleRequest(null, Object(Config\Cache), false)
 4 FCPATH/index.php(67): CodeIgniter\CodeIgniter->run()
ERROR - 2024-11-05 14:47:14 --> ErrorException: pg_query(): Query failed: ERROR:  column &quot;id_penyakit&quot; specified in USING clause does not exist in left table in /var/www/html/SIMRSHEBAT/system/Database/Postgre/Connection.php:147
Stack trace:
#0 [internal function]: CodeIgniter\Debug\Exceptions->errorHandler()
#1 /var/www/html/SIMRSHEBAT/system/Database/Postgre/Connection.php(147): pg_query()
#2 /var/www/html/SIMRSHEBAT/system/Database/BaseConnection.php(691): CodeIgniter\Database\Postgre\Connection->execute()
#3 /var/www/html/SIMRSHEBAT/app/Controllers/Kunjungan.php(585): CodeIgniter\Database\BaseConnection->simpleQuery()
#4 /var/www/html/SIMRSHEBAT/system/CodeIgniter.php(934): App\Controllers\Kunjungan->historipenyakit()
#5 /var/www/html/SIMRSHEBAT/system/CodeIgniter.php(499): CodeIgniter\CodeIgniter->runController()
#6 /var/www/html/SIMRSHEBAT/system/CodeIgniter.php(368): CodeIgniter\CodeIgniter->handleRequest()
#7 /var/www/html/SIMRSHEBAT/index.php(67): CodeIgniter\CodeIgniter->run()
#8 {main}
ERROR - 2024-11-05 14:47:14 --> ErrorException: pg_query(): Query failed: ERROR:  relation &quot;alergi&quot; does not exist
LINE 1: SELECT * from alergi where no_rm='6-22-73-23' 
                      ^ in /var/www/html/SIMRSHEBAT/system/Database/Postgre/Connection.php:147
Stack trace:
#0 [internal function]: CodeIgniter\Debug\Exceptions->errorHandler()
#1 /var/www/html/SIMRSHEBAT/system/Database/Postgre/Connection.php(147): pg_query()
#2 /var/www/html/SIMRSHEBAT/system/Database/BaseConnection.php(691): CodeIgniter\Database\Postgre\Connection->execute()
#3 /var/www/html/SIMRSHEBAT/app/Controllers/Kunjungan.php(632): CodeIgniter\Database\BaseConnection->simpleQuery()
#4 /var/www/html/SIMRSHEBAT/system/CodeIgniter.php(934): App\Controllers\Kunjungan->historialergi()
#5 /var/www/html/SIMRSHEBAT/system/CodeIgniter.php(499): CodeIgniter\CodeIgniter->runController()
#6 /var/www/html/SIMRSHEBAT/system/CodeIgniter.php(368): CodeIgniter\CodeIgniter->handleRequest()
#7 /var/www/html/SIMRSHEBAT/index.php(67): CodeIgniter\CodeIgniter->run()
#8 {main}
ERROR - 2024-11-05 14:47:14 --> ErrorException: pg_query(): Query failed: ERROR:  column &quot;id_penyakit&quot; specified in USING clause does not exist in left table in /var/www/html/SIMRSHEBAT/system/Database/Postgre/Connection.php:147
Stack trace:
#0 [internal function]: CodeIgniter\Debug\Exceptions->errorHandler()
#1 /var/www/html/SIMRSHEBAT/system/Database/Postgre/Connection.php(147): pg_query()
#2 /var/www/html/SIMRSHEBAT/system/Database/BaseConnection.php(691): CodeIgniter\Database\Postgre\Connection->execute()
#3 /var/www/html/SIMRSHEBAT/app/Controllers/Kunjungan.php(617): CodeIgniter\Database\BaseConnection->simpleQuery()
#4 /var/www/html/SIMRSHEBAT/system/CodeIgniter.php(934): App\Controllers\Kunjungan->historipenyakitkeluarga()
#5 /var/www/html/SIMRSHEBAT/system/CodeIgniter.php(499): CodeIgniter\CodeIgniter->runController()
#6 /var/www/html/SIMRSHEBAT/system/CodeIgniter.php(368): CodeIgniter\CodeIgniter->handleRequest()
#7 /var/www/html/SIMRSHEBAT/index.php(67): CodeIgniter\CodeIgniter->run()
#8 {main}
WARNING - 2024-11-05 14:47:14 --> [DEPRECATED] Creation of dynamic property App\Controllers\Datasosial::$db is deprecated in APPPATH/Controllers/Api.php on line 8.
 1 SYSTEMPATH/CodeIgniter.php(906): App\Controllers\Api->__construct()
 2 SYSTEMPATH/CodeIgniter.php(490): CodeIgniter\CodeIgniter->createController()
 3 SYSTEMPATH/CodeIgniter.php(368): CodeIgniter\CodeIgniter->handleRequest(null, Object(Config\Cache), false)
 4 FCPATH/index.php(67): CodeIgniter\CodeIgniter->run()
WARNING - 2024-11-05 14:47:14 --> [DEPRECATED] Creation of dynamic property App\Controllers\Datasosial::$simrs is deprecated in APPPATH/Controllers/Api.php on line 9.
 1 SYSTEMPATH/CodeIgniter.php(906): App\Controllers\Api->__construct()
 2 SYSTEMPATH/CodeIgniter.php(490): CodeIgniter\CodeIgniter->createController()
 3 SYSTEMPATH/CodeIgniter.php(368): CodeIgniter\CodeIgniter->handleRequest(null, Object(Config\Cache), false)
 4 FCPATH/index.php(67): CodeIgniter\CodeIgniter->run()
WARNING - 2024-11-05 14:47:14 --> [DEPRECATED] Creation of dynamic property App\Controllers\Datasosial::$db is deprecated in APPPATH/Controllers/Api.php on line 8.
 1 SYSTEMPATH/CodeIgniter.php(906): App\Controllers\Api->__construct()
 2 SYSTEMPATH/CodeIgniter.php(490): CodeIgniter\CodeIgniter->createController()
 3 SYSTEMPATH/CodeIgniter.php(368): CodeIgniter\CodeIgniter->handleRequest(null, Object(Config\Cache), false)
 4 FCPATH/index.php(67): CodeIgniter\CodeIgniter->run()
WARNING - 2024-11-05 14:47:14 --> [DEPRECATED] Creation of dynamic property App\Controllers\Datasosial::$simrs is deprecated in APPPATH/Controllers/Api.php on line 9.
 1 SYSTEMPATH/CodeIgniter.php(906): App\Controllers\Api->__construct()
 2 SYSTEMPATH/CodeIgniter.php(490): CodeIgniter\CodeIgniter->createController()
 3 SYSTEMPATH/CodeIgniter.php(368): CodeIgniter\CodeIgniter->handleRequest(null, Object(Config\Cache), false)
 4 FCPATH/index.php(67): CodeIgniter\CodeIgniter->run()
WARNING - 2024-11-05 14:47:17 --> [DEPRECATED] Creation of dynamic property App\Controllers\Rekammedisirna::$db is deprecated in APPPATH/Controllers/Api.php on line 8.
 1 SYSTEMPATH/CodeIgniter.php(906): App\Controllers\Api->__construct()
 2 SYSTEMPATH/CodeIgniter.php(490): CodeIgniter\CodeIgniter->createController()
 3 SYSTEMPATH/CodeIgniter.php(368): CodeIgniter\CodeIgniter->handleRequest(null, Object(Config\Cache), false)
 4 FCPATH/index.php(67): CodeIgniter\CodeIgniter->run()
WARNING - 2024-11-05 14:47:17 --> [DEPRECATED] Creation of dynamic property App\Controllers\Rekammedisirna::$simrs is deprecated in APPPATH/Controllers/Api.php on line 9.
 1 SYSTEMPATH/CodeIgniter.php(906): App\Controllers\Api->__construct()
 2 SYSTEMPATH/CodeIgniter.php(490): CodeIgniter\CodeIgniter->createController()
 3 SYSTEMPATH/CodeIgniter.php(368): CodeIgniter\CodeIgniter->handleRequest(null, Object(Config\Cache), false)
 4 FCPATH/index.php(67): CodeIgniter\CodeIgniter->run()
WARNING - 2024-11-05 14:47:19 --> [DEPRECATED] Creation of dynamic property App\Controllers\Rekammedisirna::$db is deprecated in APPPATH/Controllers/Api.php on line 8.
 1 SYSTEMPATH/CodeIgniter.php(906): App\Controllers\Api->__construct()
 2 SYSTEMPATH/CodeIgniter.php(490): CodeIgniter\CodeIgniter->createController()
 3 SYSTEMPATH/CodeIgniter.php(368): CodeIgniter\CodeIgniter->handleRequest(null, Object(Config\Cache), false)
 4 FCPATH/index.php(67): CodeIgniter\CodeIgniter->run()
WARNING - 2024-11-05 14:47:19 --> [DEPRECATED] Creation of dynamic property App\Controllers\Rekammedisirna::$simrs is deprecated in APPPATH/Controllers/Api.php on line 9.
 1 SYSTEMPATH/CodeIgniter.php(906): App\Controllers\Api->__construct()
 2 SYSTEMPATH/CodeIgniter.php(490): CodeIgniter\CodeIgniter->createController()
 3 SYSTEMPATH/CodeIgniter.php(368): CodeIgniter\CodeIgniter->handleRequest(null, Object(Config\Cache), false)
 4 FCPATH/index.php(67): CodeIgniter\CodeIgniter->run()
WARNING - 2024-11-05 14:47:38 --> [DEPRECATED] Creation of dynamic property App\Controllers\Rekammedisirna::$db is deprecated in APPPATH/Controllers/Api.php on line 8.
 1 SYSTEMPATH/CodeIgniter.php(906): App\Controllers\Api->__construct()
 2 SYSTEMPATH/CodeIgniter.php(490): CodeIgniter\CodeIgniter->createController()
 3 SYSTEMPATH/CodeIgniter.php(368): CodeIgniter\CodeIgniter->handleRequest(null, Object(Config\Cache), false)
 4 FCPATH/index.php(67): CodeIgniter\CodeIgniter->run()
WARNING - 2024-11-05 14:47:38 --> [DEPRECATED] Creation of dynamic property App\Controllers\Rekammedisirna::$simrs is deprecated in APPPATH/Controllers/Api.php on line 9.
 1 SYSTEMPATH/CodeIgniter.php(906): App\Controllers\Api->__construct()
 2 SYSTEMPATH/CodeIgniter.php(490): CodeIgniter\CodeIgniter->createController()
 3 SYSTEMPATH/CodeIgniter.php(368): CodeIgniter\CodeIgniter->handleRequest(null, Object(Config\Cache), false)
 4 FCPATH/index.php(67): CodeIgniter\CodeIgniter->run()
WARNING - 2024-11-05 14:47:38 --> [DEPRECATED] Creation of dynamic property App\Controllers\Rekammedisirna::$db is deprecated in APPPATH/Controllers/Api.php on line 8.
 1 SYSTEMPATH/CodeIgniter.php(906): App\Controllers\Api->__construct()
 2 SYSTEMPATH/CodeIgniter.php(490): CodeIgniter\CodeIgniter->createController()
 3 SYSTEMPATH/CodeIgniter.php(368): CodeIgniter\CodeIgniter->handleRequest(null, Object(Config\Cache), false)
 4 FCPATH/index.php(67): CodeIgniter\CodeIgniter->run()
WARNING - 2024-11-05 14:47:38 --> [DEPRECATED] Creation of dynamic property App\Controllers\Rekammedisirna::$simrs is deprecated in APPPATH/Controllers/Api.php on line 9.
 1 SYSTEMPATH/CodeIgniter.php(906): App\Controllers\Api->__construct()
 2 SYSTEMPATH/CodeIgniter.php(490): CodeIgniter\CodeIgniter->createController()
 3 SYSTEMPATH/CodeIgniter.php(368): CodeIgniter\CodeIgniter->handleRequest(null, Object(Config\Cache), false)
 4 FCPATH/index.php(67): CodeIgniter\CodeIgniter->run()
WARNING - 2024-11-05 14:47:38 --> [DEPRECATED] Creation of dynamic property App\Controllers\Rekammedisirna::$db is deprecated in APPPATH/Controllers/Api.php on line 8.
 1 SYSTEMPATH/CodeIgniter.php(906): App\Controllers\Api->__construct()
 2 SYSTEMPATH/CodeIgniter.php(490): CodeIgniter\CodeIgniter->createController()
 3 SYSTEMPATH/CodeIgniter.php(368): CodeIgniter\CodeIgniter->handleRequest(null, Object(Config\Cache), false)
 4 FCPATH/index.php(67): CodeIgniter\CodeIgniter->run()
WARNING - 2024-11-05 14:47:38 --> [DEPRECATED] Creation of dynamic property App\Controllers\Rekammedisirna::$simrs is deprecated in APPPATH/Controllers/Api.php on line 9.
 1 SYSTEMPATH/CodeIgniter.php(906): App\Controllers\Api->__construct()
 2 SYSTEMPATH/CodeIgniter.php(490): CodeIgniter\CodeIgniter->createController()
 3 SYSTEMPATH/CodeIgniter.php(368): CodeIgniter\CodeIgniter->handleRequest(null, Object(Config\Cache), false)
 4 FCPATH/index.php(67): CodeIgniter\CodeIgniter->run()
WARNING - 2024-11-05 14:47:59 --> [DEPRECATED] Creation of dynamic property App\Controllers\Rekammedisirna::$db is deprecated in APPPATH/Controllers/Api.php on line 8.
 1 SYSTEMPATH/CodeIgniter.php(906): App\Controllers\Api->__construct()
 2 SYSTEMPATH/CodeIgniter.php(490): CodeIgniter\CodeIgniter->createController()
 3 SYSTEMPATH/CodeIgniter.php(368): CodeIgniter\CodeIgniter->handleRequest(null, Object(Config\Cache), false)
 4 FCPATH/index.php(67): CodeIgniter\CodeIgniter->run()
WARNING - 2024-11-05 14:47:59 --> [DEPRECATED] Creation of dynamic property App\Controllers\Rekammedisirna::$simrs is deprecated in APPPATH/Controllers/Api.php on line 9.
 1 SYSTEMPATH/CodeIgniter.php(906): App\Controllers\Api->__construct()
 2 SYSTEMPATH/CodeIgniter.php(490): CodeIgniter\CodeIgniter->createController()
 3 SYSTEMPATH/CodeIgniter.php(368): CodeIgniter\CodeIgniter->handleRequest(null, Object(Config\Cache), false)
 4 FCPATH/index.php(67): CodeIgniter\CodeIgniter->run()
WARNING - 2024-11-05 14:47:59 --> [DEPRECATED] Creation of dynamic property App\Controllers\Rekammedisirna::$db is deprecated in APPPATH/Controllers/Api.php on line 8.
 1 SYSTEMPATH/CodeIgniter.php(906): App\Controllers\Api->__construct()
 2 SYSTEMPATH/CodeIgniter.php(490): CodeIgniter\CodeIgniter->createController()
 3 SYSTEMPATH/CodeIgniter.php(368): CodeIgniter\CodeIgniter->handleRequest(null, Object(Config\Cache), false)
 4 FCPATH/index.php(67): CodeIgniter\CodeIgniter->run()
WARNING - 2024-11-05 14:47:59 --> [DEPRECATED] Creation of dynamic property App\Controllers\Rekammedisirna::$simrs is deprecated in APPPATH/Controllers/Api.php on line 9.
 1 SYSTEMPATH/CodeIgniter.php(906): App\Controllers\Api->__construct()
 2 SYSTEMPATH/CodeIgniter.php(490): CodeIgniter\CodeIgniter->createController()
 3 SYSTEMPATH/CodeIgniter.php(368): CodeIgniter\CodeIgniter->handleRequest(null, Object(Config\Cache), false)
 4 FCPATH/index.php(67): CodeIgniter\CodeIgniter->run()
WARNING - 2024-11-05 14:47:59 --> [DEPRECATED] Creation of dynamic property App\Controllers\Rekammedisirna::$db is deprecated in APPPATH/Controllers/Api.php on line 8.
 1 SYSTEMPATH/CodeIgniter.php(906): App\Controllers\Api->__construct()
 2 SYSTEMPATH/CodeIgniter.php(490): CodeIgniter\CodeIgniter->createController()
 3 SYSTEMPATH/CodeIgniter.php(368): CodeIgniter\CodeIgniter->handleRequest(null, Object(Config\Cache), false)
 4 FCPATH/index.php(67): CodeIgniter\CodeIgniter->run()
WARNING - 2024-11-05 14:47:59 --> [DEPRECATED] Creation of dynamic property App\Controllers\Rekammedisirna::$simrs is deprecated in APPPATH/Controllers/Api.php on line 9.
 1 SYSTEMPATH/CodeIgniter.php(906): App\Controllers\Api->__construct()
 2 SYSTEMPATH/CodeIgniter.php(490): CodeIgniter\CodeIgniter->createController()
 3 SYSTEMPATH/CodeIgniter.php(368): CodeIgniter\CodeIgniter->handleRequest(null, Object(Config\Cache), false)
 4 FCPATH/index.php(67): CodeIgniter\CodeIgniter->run()
WARNING - 2024-11-05 14:48:03 --> [DEPRECATED] Creation of dynamic property App\Controllers\Laporan::$db is deprecated in APPPATH/Controllers/Api.php on line 8.
 1 SYSTEMPATH/CodeIgniter.php(906): App\Controllers\Api->__construct()
 2 SYSTEMPATH/CodeIgniter.php(490): CodeIgniter\CodeIgniter->createController()
 3 SYSTEMPATH/CodeIgniter.php(368): CodeIgniter\CodeIgniter->handleRequest(null, Object(Config\Cache), false)
 4 FCPATH/index.php(67): CodeIgniter\CodeIgniter->run()
WARNING - 2024-11-05 14:48:03 --> [DEPRECATED] Creation of dynamic property App\Controllers\Laporan::$simrs is deprecated in APPPATH/Controllers/Api.php on line 9.
 1 SYSTEMPATH/CodeIgniter.php(906): App\Controllers\Api->__construct()
 2 SYSTEMPATH/CodeIgniter.php(490): CodeIgniter\CodeIgniter->createController()
 3 SYSTEMPATH/CodeIgniter.php(368): CodeIgniter\CodeIgniter->handleRequest(null, Object(Config\Cache), false)
 4 FCPATH/index.php(67): CodeIgniter\CodeIgniter->run()
WARNING - 2024-11-05 14:48:03 --> [DEPRECATED] Creation of dynamic property App\Controllers\User::$db is deprecated in APPPATH/Controllers/Api.php on line 8.
 1 SYSTEMPATH/CodeIgniter.php(906): App\Controllers\Api->__construct()
 2 SYSTEMPATH/CodeIgniter.php(490): CodeIgniter\CodeIgniter->createController()
 3 SYSTEMPATH/CodeIgniter.php(368): CodeIgniter\CodeIgniter->handleRequest(null, Object(Config\Cache), false)
 4 FCPATH/index.php(67): CodeIgniter\CodeIgniter->run()
WARNING - 2024-11-05 14:48:03 --> [DEPRECATED] Creation of dynamic property App\Controllers\User::$simrs is deprecated in APPPATH/Controllers/Api.php on line 9.
 1 SYSTEMPATH/CodeIgniter.php(906): App\Controllers\Api->__construct()
 2 SYSTEMPATH/CodeIgniter.php(490): CodeIgniter\CodeIgniter->createController()
 3 SYSTEMPATH/CodeIgniter.php(368): CodeIgniter\CodeIgniter->handleRequest(null, Object(Config\Cache), false)
 4 FCPATH/index.php(67): CodeIgniter\CodeIgniter->run()
WARNING - 2024-11-05 14:48:07 --> [DEPRECATED] Creation of dynamic property App\Controllers\Rekammedisirna::$db is deprecated in APPPATH/Controllers/Api.php on line 8.
 1 SYSTEMPATH/CodeIgniter.php(906): App\Controllers\Api->__construct()
 2 SYSTEMPATH/CodeIgniter.php(490): CodeIgniter\CodeIgniter->createController()
 3 SYSTEMPATH/CodeIgniter.php(368): CodeIgniter\CodeIgniter->handleRequest(null, Object(Config\Cache), false)
 4 FCPATH/index.php(67): CodeIgniter\CodeIgniter->run()
WARNING - 2024-11-05 14:48:07 --> [DEPRECATED] Creation of dynamic property App\Controllers\Rekammedisirna::$simrs is deprecated in APPPATH/Controllers/Api.php on line 9.
 1 SYSTEMPATH/CodeIgniter.php(906): App\Controllers\Api->__construct()
 2 SYSTEMPATH/CodeIgniter.php(490): CodeIgniter\CodeIgniter->createController()
 3 SYSTEMPATH/CodeIgniter.php(368): CodeIgniter\CodeIgniter->handleRequest(null, Object(Config\Cache), false)
 4 FCPATH/index.php(67): CodeIgniter\CodeIgniter->run()
WARNING - 2024-11-05 14:48:07 --> [DEPRECATED] Creation of dynamic property App\Controllers\Rekammedisirna::$db is deprecated in APPPATH/Controllers/Api.php on line 8.
 1 SYSTEMPATH/CodeIgniter.php(906): App\Controllers\Api->__construct()
 2 SYSTEMPATH/CodeIgniter.php(490): CodeIgniter\CodeIgniter->createController()
 3 SYSTEMPATH/CodeIgniter.php(368): CodeIgniter\CodeIgniter->handleRequest(null, Object(Config\Cache), false)
 4 FCPATH/index.php(67): CodeIgniter\CodeIgniter->run()
WARNING - 2024-11-05 14:48:07 --> [DEPRECATED] Creation of dynamic property App\Controllers\Rekammedisirna::$simrs is deprecated in APPPATH/Controllers/Api.php on line 9.
 1 SYSTEMPATH/CodeIgniter.php(906): App\Controllers\Api->__construct()
 2 SYSTEMPATH/CodeIgniter.php(490): CodeIgniter\CodeIgniter->createController()
 3 SYSTEMPATH/CodeIgniter.php(368): CodeIgniter\CodeIgniter->handleRequest(null, Object(Config\Cache), false)
 4 FCPATH/index.php(67): CodeIgniter\CodeIgniter->run()
WARNING - 2024-11-05 14:48:07 --> [DEPRECATED] Creation of dynamic property App\Controllers\Rekammedisirna::$db is deprecated in APPPATH/Controllers/Api.php on line 8.
 1 SYSTEMPATH/CodeIgniter.php(906): App\Controllers\Api->__construct()
 2 SYSTEMPATH/CodeIgniter.php(490): CodeIgniter\CodeIgniter->createController()
 3 SYSTEMPATH/CodeIgniter.php(368): CodeIgniter\CodeIgniter->handleRequest(null, Object(Config\Cache), false)
 4 FCPATH/index.php(67): CodeIgniter\CodeIgniter->run()
WARNING - 2024-11-05 14:48:07 --> [DEPRECATED] Creation of dynamic property App\Controllers\Rekammedisirna::$simrs is deprecated in APPPATH/Controllers/Api.php on line 9.
 1 SYSTEMPATH/CodeIgniter.php(906): App\Controllers\Api->__construct()
 2 SYSTEMPATH/CodeIgniter.php(490): CodeIgniter\CodeIgniter->createController()
 3 SYSTEMPATH/CodeIgniter.php(368): CodeIgniter\CodeIgniter->handleRequest(null, Object(Config\Cache), false)
 4 FCPATH/index.php(67): CodeIgniter\CodeIgniter->run()
WARNING - 2024-11-05 14:48:32 --> [DEPRECATED] Creation of dynamic property App\Controllers\Rekammedisirna::$db is deprecated in APPPATH/Controllers/Api.php on line 8.
 1 SYSTEMPATH/CodeIgniter.php(906): App\Controllers\Api->__construct()
 2 SYSTEMPATH/CodeIgniter.php(490): CodeIgniter\CodeIgniter->createController()
 3 SYSTEMPATH/CodeIgniter.php(368): CodeIgniter\CodeIgniter->handleRequest(null, Object(Config\Cache), false)
 4 FCPATH/index.php(67): CodeIgniter\CodeIgniter->run()
WARNING - 2024-11-05 14:48:32 --> [DEPRECATED] Creation of dynamic property App\Controllers\Rekammedisirna::$simrs is deprecated in APPPATH/Controllers/Api.php on line 9.
 1 SYSTEMPATH/CodeIgniter.php(906): App\Controllers\Api->__construct()
 2 SYSTEMPATH/CodeIgniter.php(490): CodeIgniter\CodeIgniter->createController()
 3 SYSTEMPATH/CodeIgniter.php(368): CodeIgniter\CodeIgniter->handleRequest(null, Object(Config\Cache), false)
 4 FCPATH/index.php(67): CodeIgniter\CodeIgniter->run()
WARNING - 2024-11-05 14:48:32 --> [DEPRECATED] Creation of dynamic property App\Controllers\Rekammedisirna::$db is deprecated in APPPATH/Controllers/Api.php on line 8.
 1 SYSTEMPATH/CodeIgniter.php(906): App\Controllers\Api->__construct()
 2 SYSTEMPATH/CodeIgniter.php(490): CodeIgniter\CodeIgniter->createController()
 3 SYSTEMPATH/CodeIgniter.php(368): CodeIgniter\CodeIgniter->handleRequest(null, Object(Config\Cache), false)
 4 FCPATH/index.php(67): CodeIgniter\CodeIgniter->run()
WARNING - 2024-11-05 14:48:32 --> [DEPRECATED] Creation of dynamic property App\Controllers\Rekammedisirna::$simrs is deprecated in APPPATH/Controllers/Api.php on line 9.
 1 SYSTEMPATH/CodeIgniter.php(906): App\Controllers\Api->__construct()
 2 SYSTEMPATH/CodeIgniter.php(490): CodeIgniter\CodeIgniter->createController()
 3 SYSTEMPATH/CodeIgniter.php(368): CodeIgniter\CodeIgniter->handleRequest(null, Object(Config\Cache), false)
 4 FCPATH/index.php(67): CodeIgniter\CodeIgniter->run()
WARNING - 2024-11-05 14:48:32 --> [DEPRECATED] Creation of dynamic property App\Controllers\Rekammedisirna::$db is deprecated in APPPATH/Controllers/Api.php on line 8.
 1 SYSTEMPATH/CodeIgniter.php(906): App\Controllers\Api->__construct()
 2 SYSTEMPATH/CodeIgniter.php(490): CodeIgniter\CodeIgniter->createController()
 3 SYSTEMPATH/CodeIgniter.php(368): CodeIgniter\CodeIgniter->handleRequest(null, Object(Config\Cache), false)
 4 FCPATH/index.php(67): CodeIgniter\CodeIgniter->run()
WARNING - 2024-11-05 14:48:32 --> [DEPRECATED] Creation of dynamic property App\Controllers\Rekammedisirna::$simrs is deprecated in APPPATH/Controllers/Api.php on line 9.
 1 SYSTEMPATH/CodeIgniter.php(906): App\Controllers\Api->__construct()
 2 SYSTEMPATH/CodeIgniter.php(490): CodeIgniter\CodeIgniter->createController()
 3 SYSTEMPATH/CodeIgniter.php(368): CodeIgniter\CodeIgniter->handleRequest(null, Object(Config\Cache), false)
 4 FCPATH/index.php(67): CodeIgniter\CodeIgniter->run()
WARNING - 2024-11-05 14:48:38 --> [DEPRECATED] Creation of dynamic property App\Controllers\Rekammedisirna::$db is deprecated in APPPATH/Controllers/Api.php on line 8.
 1 SYSTEMPATH/CodeIgniter.php(906): App\Controllers\Api->__construct()
 2 SYSTEMPATH/CodeIgniter.php(490): CodeIgniter\CodeIgniter->createController()
 3 SYSTEMPATH/CodeIgniter.php(368): CodeIgniter\CodeIgniter->handleRequest(null, Object(Config\Cache), false)
 4 FCPATH/index.php(67): CodeIgniter\CodeIgniter->run()
WARNING - 2024-11-05 14:48:38 --> [DEPRECATED] Creation of dynamic property App\Controllers\Rekammedisirna::$simrs is deprecated in APPPATH/Controllers/Api.php on line 9.
 1 SYSTEMPATH/CodeIgniter.php(906): App\Controllers\Api->__construct()
 2 SYSTEMPATH/CodeIgniter.php(490): CodeIgniter\CodeIgniter->createController()
 3 SYSTEMPATH/CodeIgniter.php(368): CodeIgniter\CodeIgniter->handleRequest(null, Object(Config\Cache), false)
 4 FCPATH/index.php(67): CodeIgniter\CodeIgniter->run()
WARNING - 2024-11-05 14:48:40 --> [DEPRECATED] Creation of dynamic property App\Controllers\Rekammedisirna::$db is deprecated in APPPATH/Controllers/Api.php on line 8.
 1 SYSTEMPATH/CodeIgniter.php(906): App\Controllers\Api->__construct()
 2 SYSTEMPATH/CodeIgniter.php(490): CodeIgniter\CodeIgniter->createController()
 3 SYSTEMPATH/CodeIgniter.php(368): CodeIgniter\CodeIgniter->handleRequest(null, Object(Config\Cache), false)
 4 FCPATH/index.php(67): CodeIgniter\CodeIgniter->run()
WARNING - 2024-11-05 14:48:40 --> [DEPRECATED] Creation of dynamic property App\Controllers\Rekammedisirna::$simrs is deprecated in APPPATH/Controllers/Api.php on line 9.
 1 SYSTEMPATH/CodeIgniter.php(906): App\Controllers\Api->__construct()
 2 SYSTEMPATH/CodeIgniter.php(490): CodeIgniter\CodeIgniter->createController()
 3 SYSTEMPATH/CodeIgniter.php(368): CodeIgniter\CodeIgniter->handleRequest(null, Object(Config\Cache), false)
 4 FCPATH/index.php(67): CodeIgniter\CodeIgniter->run()
INFO - 2024-11-05 14:48:53 --> Session: Class initialized using 'CodeIgniter\Session\Handlers\FileHandler' driver.
