INFO - 2024-11-11 07:44:35 --> Session: Class initialized using 'CodeIgniter\Session\Handlers\FileHandler' driver.
WARNING - 2024-11-11 07:44:36 --> [DEPRECATED] Creation of dynamic property App\Controllers\User::$db is deprecated in APPPATH/Controllers/Api.php on line 8.
 1 SYSTEMPATH/CodeIgniter.php(906): App\Controllers\Api->__construct()
 2 SYSTEMPATH/CodeIgniter.php(490): CodeIgniter\CodeIgniter->createController()
 3 SYSTEMPATH/CodeIgniter.php(368): CodeIgniter\CodeIgniter->handleRequest(null, Object(Config\Cache), false)
 4 FCPATH/index.php(67): CodeIgniter\CodeIgniter->run()
WARNING - 2024-11-11 07:44:36 --> [DEPRECATED] Creation of dynamic property App\Controllers\User::$simrs is deprecated in APPPATH/Controllers/Api.php on line 9.
 1 SYSTEMPATH/CodeIgniter.php(906): App\Controllers\Api->__construct()
 2 SYSTEMPATH/CodeIgniter.php(490): CodeIgniter\CodeIgniter->createController()
 3 SYSTEMPATH/CodeIgniter.php(368): CodeIgniter\CodeIgniter->handleRequest(null, Object(Config\Cache), false)
 4 FCPATH/index.php(67): CodeIgniter\CodeIgniter->run()
WARNING - 2024-11-11 07:44:36 --> [DEPRECATED] Creation of dynamic property App\Controllers\Laporan::$db is deprecated in APPPATH/Controllers/Api.php on line 8.
 1 SYSTEMPATH/CodeIgniter.php(906): App\Controllers\Api->__construct()
 2 SYSTEMPATH/CodeIgniter.php(490): CodeIgniter\CodeIgniter->createController()
 3 SYSTEMPATH/CodeIgniter.php(368): CodeIgniter\CodeIgniter->handleRequest(null, Object(Config\Cache), false)
 4 FCPATH/index.php(67): CodeIgniter\CodeIgniter->run()
WARNING - 2024-11-11 07:44:36 --> [DEPRECATED] Creation of dynamic property App\Controllers\Laporan::$simrs is deprecated in APPPATH/Controllers/Api.php on line 9.
 1 SYSTEMPATH/CodeIgniter.php(906): App\Controllers\Api->__construct()
 2 SYSTEMPATH/CodeIgniter.php(490): CodeIgniter\CodeIgniter->createController()
 3 SYSTEMPATH/CodeIgniter.php(368): CodeIgniter\CodeIgniter->handleRequest(null, Object(Config\Cache), false)
 4 FCPATH/index.php(67): CodeIgniter\CodeIgniter->run()
WARNING - 2024-11-11 07:44:36 --> [DEPRECATED] Creation of dynamic property App\Controllers\User::$db is deprecated in APPPATH/Controllers/Api.php on line 8.
 1 SYSTEMPATH/CodeIgniter.php(906): App\Controllers\Api->__construct()
 2 SYSTEMPATH/CodeIgniter.php(490): CodeIgniter\CodeIgniter->createController()
 3 SYSTEMPATH/CodeIgniter.php(368): CodeIgniter\CodeIgniter->handleRequest(null, Object(Config\Cache), false)
 4 FCPATH/index.php(67): CodeIgniter\CodeIgniter->run()
WARNING - 2024-11-11 07:44:36 --> [DEPRECATED] Creation of dynamic property App\Controllers\User::$simrs is deprecated in APPPATH/Controllers/Api.php on line 9.
 1 SYSTEMPATH/CodeIgniter.php(906): App\Controllers\Api->__construct()
 2 SYSTEMPATH/CodeIgniter.php(490): CodeIgniter\CodeIgniter->createController()
 3 SYSTEMPATH/CodeIgniter.php(368): CodeIgniter\CodeIgniter->handleRequest(null, Object(Config\Cache), false)
 4 FCPATH/index.php(67): CodeIgniter\CodeIgniter->run()
WARNING - 2024-11-11 07:44:37 --> [DEPRECATED] Creation of dynamic property App\Controllers\User::$db is deprecated in APPPATH/Controllers/Api.php on line 8.
 1 SYSTEMPATH/CodeIgniter.php(906): App\Controllers\Api->__construct()
 2 SYSTEMPATH/CodeIgniter.php(490): CodeIgniter\CodeIgniter->createController()
 3 SYSTEMPATH/CodeIgniter.php(368): CodeIgniter\CodeIgniter->handleRequest(null, Object(Config\Cache), false)
 4 FCPATH/index.php(67): CodeIgniter\CodeIgniter->run()
WARNING - 2024-11-11 07:44:37 --> [DEPRECATED] Creation of dynamic property App\Controllers\User::$simrs is deprecated in APPPATH/Controllers/Api.php on line 9.
 1 SYSTEMPATH/CodeIgniter.php(906): App\Controllers\Api->__construct()
 2 SYSTEMPATH/CodeIgniter.php(490): CodeIgniter\CodeIgniter->createController()
 3 SYSTEMPATH/CodeIgniter.php(368): CodeIgniter\CodeIgniter->handleRequest(null, Object(Config\Cache), false)
 4 FCPATH/index.php(67): CodeIgniter\CodeIgniter->run()
WARNING - 2024-11-11 07:44:41 --> [DEPRECATED] Creation of dynamic property App\Controllers\Rekammedisirna::$db is deprecated in APPPATH/Controllers/Api.php on line 8.
 1 SYSTEMPATH/CodeIgniter.php(906): App\Controllers\Api->__construct()
 2 SYSTEMPATH/CodeIgniter.php(490): CodeIgniter\CodeIgniter->createController()
 3 SYSTEMPATH/CodeIgniter.php(368): CodeIgniter\CodeIgniter->handleRequest(null, Object(Config\Cache), false)
 4 FCPATH/index.php(67): CodeIgniter\CodeIgniter->run()
WARNING - 2024-11-11 07:44:41 --> [DEPRECATED] Creation of dynamic property App\Controllers\Rekammedisirna::$simrs is deprecated in APPPATH/Controllers/Api.php on line 9.
 1 SYSTEMPATH/CodeIgniter.php(906): App\Controllers\Api->__construct()
 2 SYSTEMPATH/CodeIgniter.php(490): CodeIgniter\CodeIgniter->createController()
 3 SYSTEMPATH/CodeIgniter.php(368): CodeIgniter\CodeIgniter->handleRequest(null, Object(Config\Cache), false)
 4 FCPATH/index.php(67): CodeIgniter\CodeIgniter->run()
WARNING - 2024-11-11 07:44:41 --> [DEPRECATED] Creation of dynamic property App\Controllers\Rekammedisirna::$db is deprecated in APPPATH/Controllers/Api.php on line 8.
 1 SYSTEMPATH/CodeIgniter.php(906): App\Controllers\Api->__construct()
 2 SYSTEMPATH/CodeIgniter.php(490): CodeIgniter\CodeIgniter->createController()
 3 SYSTEMPATH/CodeIgniter.php(368): CodeIgniter\CodeIgniter->handleRequest(null, Object(Config\Cache), false)
 4 FCPATH/index.php(67): CodeIgniter\CodeIgniter->run()
WARNING - 2024-11-11 07:44:41 --> [DEPRECATED] Creation of dynamic property App\Controllers\Rekammedisirna::$simrs is deprecated in APPPATH/Controllers/Api.php on line 9.
 1 SYSTEMPATH/CodeIgniter.php(906): App\Controllers\Api->__construct()
 2 SYSTEMPATH/CodeIgniter.php(490): CodeIgniter\CodeIgniter->createController()
 3 SYSTEMPATH/CodeIgniter.php(368): CodeIgniter\CodeIgniter->handleRequest(null, Object(Config\Cache), false)
 4 FCPATH/index.php(67): CodeIgniter\CodeIgniter->run()
WARNING - 2024-11-11 07:44:41 --> [DEPRECATED] Creation of dynamic property App\Controllers\Rekammedisirna::$db is deprecated in APPPATH/Controllers/Api.php on line 8.
 1 SYSTEMPATH/CodeIgniter.php(906): App\Controllers\Api->__construct()
 2 SYSTEMPATH/CodeIgniter.php(490): CodeIgniter\CodeIgniter->createController()
 3 SYSTEMPATH/CodeIgniter.php(368): CodeIgniter\CodeIgniter->handleRequest(null, Object(Config\Cache), false)
 4 FCPATH/index.php(67): CodeIgniter\CodeIgniter->run()
WARNING - 2024-11-11 07:44:41 --> [DEPRECATED] Creation of dynamic property App\Controllers\Rekammedisirna::$simrs is deprecated in APPPATH/Controllers/Api.php on line 9.
 1 SYSTEMPATH/CodeIgniter.php(906): App\Controllers\Api->__construct()
 2 SYSTEMPATH/CodeIgniter.php(490): CodeIgniter\CodeIgniter->createController()
 3 SYSTEMPATH/CodeIgniter.php(368): CodeIgniter\CodeIgniter->handleRequest(null, Object(Config\Cache), false)
 4 FCPATH/index.php(67): CodeIgniter\CodeIgniter->run()
WARNING - 2024-11-11 07:44:43 --> [DEPRECATED] Creation of dynamic property App\Controllers\Rekammedisirja::$db is deprecated in APPPATH/Controllers/Api.php on line 8.
 1 SYSTEMPATH/CodeIgniter.php(906): App\Controllers\Api->__construct()
 2 SYSTEMPATH/CodeIgniter.php(490): CodeIgniter\CodeIgniter->createController()
 3 SYSTEMPATH/CodeIgniter.php(368): CodeIgniter\CodeIgniter->handleRequest(null, Object(Config\Cache), false)
 4 FCPATH/index.php(67): CodeIgniter\CodeIgniter->run()
WARNING - 2024-11-11 07:44:43 --> [DEPRECATED] Creation of dynamic property App\Controllers\Rekammedisirja::$simrs is deprecated in APPPATH/Controllers/Api.php on line 9.
 1 SYSTEMPATH/CodeIgniter.php(906): App\Controllers\Api->__construct()
 2 SYSTEMPATH/CodeIgniter.php(490): CodeIgniter\CodeIgniter->createController()
 3 SYSTEMPATH/CodeIgniter.php(368): CodeIgniter\CodeIgniter->handleRequest(null, Object(Config\Cache), false)
 4 FCPATH/index.php(67): CodeIgniter\CodeIgniter->run()
WARNING - 2024-11-11 07:44:43 --> [DEPRECATED] Creation of dynamic property App\Controllers\Rekammedisirja::$db is deprecated in APPPATH/Controllers/Api.php on line 8.
 1 SYSTEMPATH/CodeIgniter.php(906): App\Controllers\Api->__construct()
 2 SYSTEMPATH/CodeIgniter.php(490): CodeIgniter\CodeIgniter->createController()
 3 SYSTEMPATH/CodeIgniter.php(368): CodeIgniter\CodeIgniter->handleRequest(null, Object(Config\Cache), false)
 4 FCPATH/index.php(67): CodeIgniter\CodeIgniter->run()
WARNING - 2024-11-11 07:44:43 --> [DEPRECATED] Creation of dynamic property App\Controllers\Rekammedisirja::$simrs is deprecated in APPPATH/Controllers/Api.php on line 9.
 1 SYSTEMPATH/CodeIgniter.php(906): App\Controllers\Api->__construct()
 2 SYSTEMPATH/CodeIgniter.php(490): CodeIgniter\CodeIgniter->createController()
 3 SYSTEMPATH/CodeIgniter.php(368): CodeIgniter\CodeIgniter->handleRequest(null, Object(Config\Cache), false)
 4 FCPATH/index.php(67): CodeIgniter\CodeIgniter->run()
WARNING - 2024-11-11 07:44:43 --> [DEPRECATED] Creation of dynamic property App\Controllers\Rawatjalan::$db is deprecated in APPPATH/Controllers/Api.php on line 8.
 1 SYSTEMPATH/CodeIgniter.php(906): App\Controllers\Api->__construct()
 2 SYSTEMPATH/CodeIgniter.php(490): CodeIgniter\CodeIgniter->createController()
 3 SYSTEMPATH/CodeIgniter.php(368): CodeIgniter\CodeIgniter->handleRequest(null, Object(Config\Cache), false)
 4 FCPATH/index.php(67): CodeIgniter\CodeIgniter->run()
WARNING - 2024-11-11 07:44:43 --> [DEPRECATED] Creation of dynamic property App\Controllers\Rawatjalan::$simrs is deprecated in APPPATH/Controllers/Api.php on line 9.
 1 SYSTEMPATH/CodeIgniter.php(906): App\Controllers\Api->__construct()
 2 SYSTEMPATH/CodeIgniter.php(490): CodeIgniter\CodeIgniter->createController()
 3 SYSTEMPATH/CodeIgniter.php(368): CodeIgniter\CodeIgniter->handleRequest(null, Object(Config\Cache), false)
 4 FCPATH/index.php(67): CodeIgniter\CodeIgniter->run()
ERROR - 2024-11-11 07:44:43 --> ErrorException: pg_query(): Query failed: ERROR:  column &quot;id_penyakit&quot; specified in USING clause does not exist in left table in /var/www/html/SIMRSHEBAT/system/Database/Postgre/Connection.php:147
Stack trace:
#0 [internal function]: CodeIgniter\Debug\Exceptions->errorHandler()
#1 /var/www/html/SIMRSHEBAT/system/Database/Postgre/Connection.php(147): pg_query()
#2 /var/www/html/SIMRSHEBAT/system/Database/BaseConnection.php(691): CodeIgniter\Database\Postgre\Connection->execute()
#3 /var/www/html/SIMRSHEBAT/app/Controllers/Rekammedisirja.php(453): CodeIgniter\Database\BaseConnection->simpleQuery()
#4 /var/www/html/SIMRSHEBAT/system/CodeIgniter.php(934): App\Controllers\Rekammedisirja->datamrpenyakitirja()
#5 /var/www/html/SIMRSHEBAT/system/CodeIgniter.php(499): CodeIgniter\CodeIgniter->runController()
#6 /var/www/html/SIMRSHEBAT/system/CodeIgniter.php(368): CodeIgniter\CodeIgniter->handleRequest()
#7 /var/www/html/SIMRSHEBAT/index.php(67): CodeIgniter\CodeIgniter->run()
#8 {main}
ERROR - 2024-11-11 07:44:43 --> ErrorException: pg_query(): Query failed: ERROR:  column &quot;id_kunjungan&quot; does not exist
LINE 2: ...mr_tindakan inner join icd_9 USING(kd_icd9) where id_kunjung...
                                                             ^ in /var/www/html/SIMRSHEBAT/system/Database/Postgre/Connection.php:147
Stack trace:
#0 [internal function]: CodeIgniter\Debug\Exceptions->errorHandler()
#1 /var/www/html/SIMRSHEBAT/system/Database/Postgre/Connection.php(147): pg_query()
#2 /var/www/html/SIMRSHEBAT/system/Database/BaseConnection.php(691): CodeIgniter\Database\Postgre\Connection->execute()
#3 /var/www/html/SIMRSHEBAT/app/Controllers/Rekammedisirja.php(411): CodeIgniter\Database\BaseConnection->simpleQuery()
#4 /var/www/html/SIMRSHEBAT/system/CodeIgniter.php(934): App\Controllers\Rekammedisirja->datamricd9irja()
#5 /var/www/html/SIMRSHEBAT/system/CodeIgniter.php(499): CodeIgniter\CodeIgniter->runController()
#6 /var/www/html/SIMRSHEBAT/system/CodeIgniter.php(368): CodeIgniter\CodeIgniter->handleRequest()
#7 /var/www/html/SIMRSHEBAT/index.php(67): CodeIgniter\CodeIgniter->run()
#8 {main}
ERROR - 2024-11-11 07:44:43 --> ErrorException: pg_query(): Query failed: ERROR:  column &quot;jenis_pegawai&quot; does not exist
LINE 1: SELECT * FROM pegawai where jenis_pegawai='1'
                                    ^ in /var/www/html/SIMRSHEBAT/system/Database/Postgre/Connection.php:147
Stack trace:
#0 [internal function]: CodeIgniter\Debug\Exceptions->errorHandler()
#1 /var/www/html/SIMRSHEBAT/system/Database/Postgre/Connection.php(147): pg_query()
#2 /var/www/html/SIMRSHEBAT/system/Database/BaseConnection.php(691): CodeIgniter\Database\Postgre\Connection->execute()
#3 /var/www/html/SIMRSHEBAT/system/Database/BaseConnection.php(605): CodeIgniter\Database\BaseConnection->simpleQuery()
#4 /var/www/html/SIMRSHEBAT/app/Controllers/Rawatjalan.php(32): CodeIgniter\Database\BaseConnection->query()
#5 /var/www/html/SIMRSHEBAT/system/CodeIgniter.php(934): App\Controllers\Rawatjalan->pegawai()
#6 /var/www/html/SIMRSHEBAT/system/CodeIgniter.php(499): CodeIgniter\CodeIgniter->runController()
#7 /var/www/html/SIMRSHEBAT/system/CodeIgniter.php(368): CodeIgniter\CodeIgniter->handleRequest()
#8 /var/www/html/SIMRSHEBAT/index.php(67): CodeIgniter\CodeIgniter->run()
#9 {main}
CRITICAL - 2024-11-11 07:44:43 --> Call to a member function getResult() on bool
in APPPATH/Controllers/Rawatjalan.php on line 35.
 1 SYSTEMPATH/CodeIgniter.php(934): App\Controllers\Rawatjalan->pegawai()
 2 SYSTEMPATH/CodeIgniter.php(499): CodeIgniter\CodeIgniter->runController()
 3 SYSTEMPATH/CodeIgniter.php(368): CodeIgniter\CodeIgniter->handleRequest()
 4 FCPATH/index.php(67): CodeIgniter\CodeIgniter->run()
WARNING - 2024-11-11 07:44:43 --> [DEPRECATED] Creation of dynamic property App\Controllers\Lab::$db is deprecated in APPPATH/Controllers/Api.php on line 8.
 1 SYSTEMPATH/CodeIgniter.php(906): App\Controllers\Api->__construct()
 2 SYSTEMPATH/CodeIgniter.php(490): CodeIgniter\CodeIgniter->createController()
 3 SYSTEMPATH/CodeIgniter.php(368): CodeIgniter\CodeIgniter->handleRequest(null, Object(Config\Cache), false)
 4 FCPATH/index.php(67): CodeIgniter\CodeIgniter->run()
WARNING - 2024-11-11 07:44:43 --> [DEPRECATED] Creation of dynamic property App\Controllers\Lab::$simrs is deprecated in APPPATH/Controllers/Api.php on line 9.
 1 SYSTEMPATH/CodeIgniter.php(906): App\Controllers\Api->__construct()
 2 SYSTEMPATH/CodeIgniter.php(490): CodeIgniter\CodeIgniter->createController()
 3 SYSTEMPATH/CodeIgniter.php(368): CodeIgniter\CodeIgniter->handleRequest(null, Object(Config\Cache), false)
 4 FCPATH/index.php(67): CodeIgniter\CodeIgniter->run()
WARNING - 2024-11-11 07:44:43 --> [DEPRECATED] Creation of dynamic property App\Controllers\Lab::$db is deprecated in APPPATH/Controllers/Api.php on line 8.
 1 SYSTEMPATH/CodeIgniter.php(906): App\Controllers\Api->__construct()
 2 SYSTEMPATH/CodeIgniter.php(490): CodeIgniter\CodeIgniter->createController()
 3 SYSTEMPATH/CodeIgniter.php(368): CodeIgniter\CodeIgniter->handleRequest(null, Object(Config\Cache), false)
 4 FCPATH/index.php(67): CodeIgniter\CodeIgniter->run()
WARNING - 2024-11-11 07:44:43 --> [DEPRECATED] Creation of dynamic property App\Controllers\Lab::$simrs is deprecated in APPPATH/Controllers/Api.php on line 9.
 1 SYSTEMPATH/CodeIgniter.php(906): App\Controllers\Api->__construct()
 2 SYSTEMPATH/CodeIgniter.php(490): CodeIgniter\CodeIgniter->createController()
 3 SYSTEMPATH/CodeIgniter.php(368): CodeIgniter\CodeIgniter->handleRequest(null, Object(Config\Cache), false)
 4 FCPATH/index.php(67): CodeIgniter\CodeIgniter->run()
WARNING - 2024-11-11 07:44:43 --> [DEPRECATED] Creation of dynamic property App\Controllers\Lab::$db is deprecated in APPPATH/Controllers/Api.php on line 8.
 1 SYSTEMPATH/CodeIgniter.php(906): App\Controllers\Api->__construct()
 2 SYSTEMPATH/CodeIgniter.php(490): CodeIgniter\CodeIgniter->createController()
 3 SYSTEMPATH/CodeIgniter.php(368): CodeIgniter\CodeIgniter->handleRequest(null, Object(Config\Cache), false)
 4 FCPATH/index.php(67): CodeIgniter\CodeIgniter->run()
WARNING - 2024-11-11 07:44:43 --> [DEPRECATED] Creation of dynamic property App\Controllers\Lab::$simrs is deprecated in APPPATH/Controllers/Api.php on line 9.
 1 SYSTEMPATH/CodeIgniter.php(906): App\Controllers\Api->__construct()
 2 SYSTEMPATH/CodeIgniter.php(490): CodeIgniter\CodeIgniter->createController()
 3 SYSTEMPATH/CodeIgniter.php(368): CodeIgniter\CodeIgniter->handleRequest(null, Object(Config\Cache), false)
 4 FCPATH/index.php(67): CodeIgniter\CodeIgniter->run()
ERROR - 2024-11-11 07:44:43 --> ErrorException: pg_query(): Query failed: ERROR:  function left(integer, integer) does not exist
LINE 1: SELECT * from produk WHERE left(kd_produk,2)='XR' 
                                   ^
HINT:  No function matches the given name and argument types. You might need to add explicit type casts. in /var/www/html/SIMRSHEBAT/system/Database/Postgre/Connection.php:147
Stack trace:
#0 [internal function]: CodeIgniter\Debug\Exceptions->errorHandler()
#1 /var/www/html/SIMRSHEBAT/system/Database/Postgre/Connection.php(147): pg_query()
#2 /var/www/html/SIMRSHEBAT/system/Database/BaseConnection.php(691): CodeIgniter\Database\Postgre\Connection->execute()
#3 /var/www/html/SIMRSHEBAT/system/Database/BaseConnection.php(605): CodeIgniter\Database\BaseConnection->simpleQuery()
#4 /var/www/html/SIMRSHEBAT/app/Controllers/Lab.php(465): CodeIgniter\Database\BaseConnection->query()
#5 /var/www/html/SIMRSHEBAT/system/CodeIgniter.php(934): App\Controllers\Lab->produkRad()
#6 /var/www/html/SIMRSHEBAT/system/CodeIgniter.php(499): CodeIgniter\CodeIgniter->runController()
#7 /var/www/html/SIMRSHEBAT/system/CodeIgniter.php(368): CodeIgniter\CodeIgniter->handleRequest()
#8 /var/www/html/SIMRSHEBAT/index.php(67): CodeIgniter\CodeIgniter->run()
#9 {main}
CRITICAL - 2024-11-11 07:44:43 --> Call to a member function getResult() on bool
in APPPATH/Controllers/Lab.php on line 465.
 1 SYSTEMPATH/CodeIgniter.php(934): App\Controllers\Lab->produkRad()
 2 SYSTEMPATH/CodeIgniter.php(499): CodeIgniter\CodeIgniter->runController()
 3 SYSTEMPATH/CodeIgniter.php(368): CodeIgniter\CodeIgniter->handleRequest()
 4 FCPATH/index.php(67): CodeIgniter\CodeIgniter->run()
ERROR - 2024-11-11 07:44:43 --> ErrorException: pg_query(): Query failed: ERROR:  column &quot;id_jenis_produk&quot; does not exist
LINE 1: SELECT * from produk WHERE id_jenis_produk='3' 
                                   ^ in /var/www/html/SIMRSHEBAT/system/Database/Postgre/Connection.php:147
Stack trace:
#0 [internal function]: CodeIgniter\Debug\Exceptions->errorHandler()
#1 /var/www/html/SIMRSHEBAT/system/Database/Postgre/Connection.php(147): pg_query()
#2 /var/www/html/SIMRSHEBAT/system/Database/BaseConnection.php(691): CodeIgniter\Database\Postgre\Connection->execute()
#3 /var/www/html/SIMRSHEBAT/system/Database/BaseConnection.php(605): CodeIgniter\Database\BaseConnection->simpleQuery()
#4 /var/www/html/SIMRSHEBAT/app/Controllers/Lab.php(447): CodeIgniter\Database\BaseConnection->query()
#5 /var/www/html/SIMRSHEBAT/system/CodeIgniter.php(934): App\Controllers\Lab->produk()
#6 /var/www/html/SIMRSHEBAT/system/CodeIgniter.php(499): CodeIgniter\CodeIgniter->runController()
#7 /var/www/html/SIMRSHEBAT/system/CodeIgniter.php(368): CodeIgniter\CodeIgniter->handleRequest()
#8 /var/www/html/SIMRSHEBAT/index.php(67): CodeIgniter\CodeIgniter->run()
#9 {main}
CRITICAL - 2024-11-11 07:44:43 --> Call to a member function getResult() on bool
in APPPATH/Controllers/Lab.php on line 447.
 1 SYSTEMPATH/CodeIgniter.php(934): App\Controllers\Lab->produk()
 2 SYSTEMPATH/CodeIgniter.php(499): CodeIgniter\CodeIgniter->runController()
 3 SYSTEMPATH/CodeIgniter.php(368): CodeIgniter\CodeIgniter->handleRequest()
 4 FCPATH/index.php(67): CodeIgniter\CodeIgniter->run()
ERROR - 2024-11-11 07:44:43 --> ErrorException: pg_query(): Query failed: ERROR:  function left(integer, integer) does not exist
LINE 1: SELECT * from produk WHERE left(kd_produk,2)='CT' 
                                   ^
HINT:  No function matches the given name and argument types. You might need to add explicit type casts. in /var/www/html/SIMRSHEBAT/system/Database/Postgre/Connection.php:147
Stack trace:
#0 [internal function]: CodeIgniter\Debug\Exceptions->errorHandler()
#1 /var/www/html/SIMRSHEBAT/system/Database/Postgre/Connection.php(147): pg_query()
#2 /var/www/html/SIMRSHEBAT/system/Database/BaseConnection.php(691): CodeIgniter\Database\Postgre\Connection->execute()
#3 /var/www/html/SIMRSHEBAT/system/Database/BaseConnection.php(605): CodeIgniter\Database\BaseConnection->simpleQuery()
#4 /var/www/html/SIMRSHEBAT/app/Controllers/Lab.php(465): CodeIgniter\Database\BaseConnection->query()
#5 /var/www/html/SIMRSHEBAT/system/CodeIgniter.php(934): App\Controllers\Lab->produkRad()
#6 /var/www/html/SIMRSHEBAT/system/CodeIgniter.php(499): CodeIgniter\CodeIgniter->runController()
#7 /var/www/html/SIMRSHEBAT/system/CodeIgniter.php(368): CodeIgniter\CodeIgniter->handleRequest()
#8 /var/www/html/SIMRSHEBAT/index.php(67): CodeIgniter\CodeIgniter->run()
#9 {main}
CRITICAL - 2024-11-11 07:44:43 --> Call to a member function getResult() on bool
in APPPATH/Controllers/Lab.php on line 465.
 1 SYSTEMPATH/CodeIgniter.php(934): App\Controllers\Lab->produkRad()
 2 SYSTEMPATH/CodeIgniter.php(499): CodeIgniter\CodeIgniter->runController()
 3 SYSTEMPATH/CodeIgniter.php(368): CodeIgniter\CodeIgniter->handleRequest()
 4 FCPATH/index.php(67): CodeIgniter\CodeIgniter->run()
WARNING - 2024-11-11 07:44:43 --> [DEPRECATED] Creation of dynamic property App\Controllers\Kunjungan::$db is deprecated in APPPATH/Controllers/Api.php on line 8.
 1 SYSTEMPATH/CodeIgniter.php(906): App\Controllers\Api->__construct()
 2 SYSTEMPATH/CodeIgniter.php(490): CodeIgniter\CodeIgniter->createController()
 3 SYSTEMPATH/CodeIgniter.php(368): CodeIgniter\CodeIgniter->handleRequest(null, Object(Config\Cache), false)
 4 FCPATH/index.php(67): CodeIgniter\CodeIgniter->run()
WARNING - 2024-11-11 07:44:43 --> [DEPRECATED] Creation of dynamic property App\Controllers\Kunjungan::$simrs is deprecated in APPPATH/Controllers/Api.php on line 9.
 1 SYSTEMPATH/CodeIgniter.php(906): App\Controllers\Api->__construct()
 2 SYSTEMPATH/CodeIgniter.php(490): CodeIgniter\CodeIgniter->createController()
 3 SYSTEMPATH/CodeIgniter.php(368): CodeIgniter\CodeIgniter->handleRequest(null, Object(Config\Cache), false)
 4 FCPATH/index.php(67): CodeIgniter\CodeIgniter->run()
WARNING - 2024-11-11 07:44:43 --> [DEPRECATED] Creation of dynamic property App\Controllers\Rekammedisirna::$db is deprecated in APPPATH/Controllers/Api.php on line 8.
 1 SYSTEMPATH/CodeIgniter.php(906): App\Controllers\Api->__construct()
 2 SYSTEMPATH/CodeIgniter.php(490): CodeIgniter\CodeIgniter->createController()
 3 SYSTEMPATH/CodeIgniter.php(368): CodeIgniter\CodeIgniter->handleRequest(null, Object(Config\Cache), false)
 4 FCPATH/index.php(67): CodeIgniter\CodeIgniter->run()
WARNING - 2024-11-11 07:44:43 --> [DEPRECATED] Creation of dynamic property App\Controllers\Lab::$db is deprecated in APPPATH/Controllers/Api.php on line 8.
 1 SYSTEMPATH/CodeIgniter.php(906): App\Controllers\Api->__construct()
 2 SYSTEMPATH/CodeIgniter.php(490): CodeIgniter\CodeIgniter->createController()
 3 SYSTEMPATH/CodeIgniter.php(368): CodeIgniter\CodeIgniter->handleRequest(null, Object(Config\Cache), false)
 4 FCPATH/index.php(67): CodeIgniter\CodeIgniter->run()
WARNING - 2024-11-11 07:44:43 --> [DEPRECATED] Creation of dynamic property App\Controllers\Lab::$simrs is deprecated in APPPATH/Controllers/Api.php on line 9.
 1 SYSTEMPATH/CodeIgniter.php(906): App\Controllers\Api->__construct()
 2 SYSTEMPATH/CodeIgniter.php(490): CodeIgniter\CodeIgniter->createController()
 3 SYSTEMPATH/CodeIgniter.php(368): CodeIgniter\CodeIgniter->handleRequest(null, Object(Config\Cache), false)
 4 FCPATH/index.php(67): CodeIgniter\CodeIgniter->run()
WARNING - 2024-11-11 07:44:43 --> [DEPRECATED] Creation of dynamic property App\Controllers\Rekammedisirna::$simrs is deprecated in APPPATH/Controllers/Api.php on line 9.
 1 SYSTEMPATH/CodeIgniter.php(906): App\Controllers\Api->__construct()
 2 SYSTEMPATH/CodeIgniter.php(490): CodeIgniter\CodeIgniter->createController()
 3 SYSTEMPATH/CodeIgniter.php(368): CodeIgniter\CodeIgniter->handleRequest(null, Object(Config\Cache), false)
 4 FCPATH/index.php(67): CodeIgniter\CodeIgniter->run()
ERROR - 2024-11-11 07:44:43 --> ErrorException: pg_query(): Query failed: ERROR:  column &quot;id_penyakit&quot; specified in USING clause does not exist in left table in /var/www/html/SIMRSHEBAT/system/Database/Postgre/Connection.php:147
Stack trace:
#0 [internal function]: CodeIgniter\Debug\Exceptions->errorHandler()
#1 /var/www/html/SIMRSHEBAT/system/Database/Postgre/Connection.php(147): pg_query()
#2 /var/www/html/SIMRSHEBAT/system/Database/BaseConnection.php(691): CodeIgniter\Database\Postgre\Connection->execute()
#3 /var/www/html/SIMRSHEBAT/app/Controllers/Kunjungan.php(585): CodeIgniter\Database\BaseConnection->simpleQuery()
#4 /var/www/html/SIMRSHEBAT/system/CodeIgniter.php(934): App\Controllers\Kunjungan->historipenyakit()
#5 /var/www/html/SIMRSHEBAT/system/CodeIgniter.php(499): CodeIgniter\CodeIgniter->runController()
#6 /var/www/html/SIMRSHEBAT/system/CodeIgniter.php(368): CodeIgniter\CodeIgniter->handleRequest()
#7 /var/www/html/SIMRSHEBAT/index.php(67): CodeIgniter\CodeIgniter->run()
#8 {main}
WARNING - 2024-11-11 07:44:43 --> [DEPRECATED] Creation of dynamic property App\Controllers\Kunjungan::$db is deprecated in APPPATH/Controllers/Api.php on line 8.
 1 SYSTEMPATH/CodeIgniter.php(906): App\Controllers\Api->__construct()
 2 SYSTEMPATH/CodeIgniter.php(490): CodeIgniter\CodeIgniter->createController()
 3 SYSTEMPATH/CodeIgniter.php(368): CodeIgniter\CodeIgniter->handleRequest(null, Object(Config\Cache), false)
 4 FCPATH/index.php(67): CodeIgniter\CodeIgniter->run()
WARNING - 2024-11-11 07:44:43 --> [DEPRECATED] Creation of dynamic property App\Controllers\Kunjungan::$simrs is deprecated in APPPATH/Controllers/Api.php on line 9.
 1 SYSTEMPATH/CodeIgniter.php(906): App\Controllers\Api->__construct()
 2 SYSTEMPATH/CodeIgniter.php(490): CodeIgniter\CodeIgniter->createController()
 3 SYSTEMPATH/CodeIgniter.php(368): CodeIgniter\CodeIgniter->handleRequest(null, Object(Config\Cache), false)
 4 FCPATH/index.php(67): CodeIgniter\CodeIgniter->run()
ERROR - 2024-11-11 07:44:43 --> ErrorException: pg_query(): Query failed: ERROR:  relation &quot;order_lab&quot; does not exist
LINE 2:         order_lab o inner join
                ^ in /var/www/html/SIMRSHEBAT/system/Database/Postgre/Connection.php:147
Stack trace:
#0 [internal function]: CodeIgniter\Debug\Exceptions->errorHandler()
#1 /var/www/html/SIMRSHEBAT/system/Database/Postgre/Connection.php(147): pg_query()
#2 /var/www/html/SIMRSHEBAT/system/Database/BaseConnection.php(691): CodeIgniter\Database\Postgre\Connection->execute()
#3 /var/www/html/SIMRSHEBAT/app/Controllers/Rekammedisirna.php(823): CodeIgniter\Database\BaseConnection->simpleQuery()
#4 /var/www/html/SIMRSHEBAT/system/CodeIgniter.php(934): App\Controllers\Rekammedisirna->datapenunjangpasienirna()
#5 /var/www/html/SIMRSHEBAT/system/CodeIgniter.php(499): CodeIgniter\CodeIgniter->runController()
#6 /var/www/html/SIMRSHEBAT/system/CodeIgniter.php(368): CodeIgniter\CodeIgniter->handleRequest()
#7 /var/www/html/SIMRSHEBAT/index.php(67): CodeIgniter\CodeIgniter->run()
#8 {main}
ERROR - 2024-11-11 07:44:43 --> ErrorException: pg_query(): Query failed: ERROR:  function left(integer, integer) does not exist
LINE 1: SELECT * from produk WHERE left(kd_produk,2)='UR' 
                                   ^
HINT:  No function matches the given name and argument types. You might need to add explicit type casts. in /var/www/html/SIMRSHEBAT/system/Database/Postgre/Connection.php:147
Stack trace:
#0 [internal function]: CodeIgniter\Debug\Exceptions->errorHandler()
#1 /var/www/html/SIMRSHEBAT/system/Database/Postgre/Connection.php(147): pg_query()
#2 /var/www/html/SIMRSHEBAT/system/Database/BaseConnection.php(691): CodeIgniter\Database\Postgre\Connection->execute()
#3 /var/www/html/SIMRSHEBAT/system/Database/BaseConnection.php(605): CodeIgniter\Database\BaseConnection->simpleQuery()
#4 /var/www/html/SIMRSHEBAT/app/Controllers/Lab.php(465): CodeIgniter\Database\BaseConnection->query()
#5 /var/www/html/SIMRSHEBAT/system/CodeIgniter.php(934): App\Controllers\Lab->produkRad()
#6 /var/www/html/SIMRSHEBAT/system/CodeIgniter.php(499): CodeIgniter\CodeIgniter->runController()
#7 /var/www/html/SIMRSHEBAT/system/CodeIgniter.php(368): CodeIgniter\CodeIgniter->handleRequest()
#8 /var/www/html/SIMRSHEBAT/index.php(67): CodeIgniter\CodeIgniter->run()
#9 {main}
CRITICAL - 2024-11-11 07:44:43 --> Call to a member function getResult() on bool
in APPPATH/Controllers/Lab.php on line 465.
 1 SYSTEMPATH/CodeIgniter.php(934): App\Controllers\Lab->produkRad()
 2 SYSTEMPATH/CodeIgniter.php(499): CodeIgniter\CodeIgniter->runController()
 3 SYSTEMPATH/CodeIgniter.php(368): CodeIgniter\CodeIgniter->handleRequest()
 4 FCPATH/index.php(67): CodeIgniter\CodeIgniter->run()
WARNING - 2024-11-11 07:44:43 --> [DEPRECATED] Creation of dynamic property App\Controllers\Datasosial::$db is deprecated in APPPATH/Controllers/Api.php on line 8.
 1 SYSTEMPATH/CodeIgniter.php(906): App\Controllers\Api->__construct()
 2 SYSTEMPATH/CodeIgniter.php(490): CodeIgniter\CodeIgniter->createController()
 3 SYSTEMPATH/CodeIgniter.php(368): CodeIgniter\CodeIgniter->handleRequest(null, Object(Config\Cache), false)
 4 FCPATH/index.php(67): CodeIgniter\CodeIgniter->run()
WARNING - 2024-11-11 07:44:43 --> [DEPRECATED] Creation of dynamic property App\Controllers\Datasosial::$simrs is deprecated in APPPATH/Controllers/Api.php on line 9.
 1 SYSTEMPATH/CodeIgniter.php(906): App\Controllers\Api->__construct()
 2 SYSTEMPATH/CodeIgniter.php(490): CodeIgniter\CodeIgniter->createController()
 3 SYSTEMPATH/CodeIgniter.php(368): CodeIgniter\CodeIgniter->handleRequest(null, Object(Config\Cache), false)
 4 FCPATH/index.php(67): CodeIgniter\CodeIgniter->run()
ERROR - 2024-11-11 07:44:43 --> ErrorException: pg_query(): Query failed: ERROR:  relation &quot;alergi&quot; does not exist
LINE 1: SELECT * from alergi where no_rm='6-56-26-73' 
                      ^ in /var/www/html/SIMRSHEBAT/system/Database/Postgre/Connection.php:147
Stack trace:
#0 [internal function]: CodeIgniter\Debug\Exceptions->errorHandler()
#1 /var/www/html/SIMRSHEBAT/system/Database/Postgre/Connection.php(147): pg_query()
#2 /var/www/html/SIMRSHEBAT/system/Database/BaseConnection.php(691): CodeIgniter\Database\Postgre\Connection->execute()
#3 /var/www/html/SIMRSHEBAT/app/Controllers/Kunjungan.php(632): CodeIgniter\Database\BaseConnection->simpleQuery()
#4 /var/www/html/SIMRSHEBAT/system/CodeIgniter.php(934): App\Controllers\Kunjungan->historialergi()
#5 /var/www/html/SIMRSHEBAT/system/CodeIgniter.php(499): CodeIgniter\CodeIgniter->runController()
#6 /var/www/html/SIMRSHEBAT/system/CodeIgniter.php(368): CodeIgniter\CodeIgniter->handleRequest()
#7 /var/www/html/SIMRSHEBAT/index.php(67): CodeIgniter\CodeIgniter->run()
#8 {main}
WARNING - 2024-11-11 07:44:43 --> [DEPRECATED] Creation of dynamic property App\Controllers\Kunjungan::$db is deprecated in APPPATH/Controllers/Api.php on line 8.
 1 SYSTEMPATH/CodeIgniter.php(906): App\Controllers\Api->__construct()
 2 SYSTEMPATH/CodeIgniter.php(490): CodeIgniter\CodeIgniter->createController()
 3 SYSTEMPATH/CodeIgniter.php(368): CodeIgniter\CodeIgniter->handleRequest(null, Object(Config\Cache), false)
 4 FCPATH/index.php(67): CodeIgniter\CodeIgniter->run()
WARNING - 2024-11-11 07:44:43 --> [DEPRECATED] Creation of dynamic property App\Controllers\Kunjungan::$simrs is deprecated in APPPATH/Controllers/Api.php on line 9.
 1 SYSTEMPATH/CodeIgniter.php(906): App\Controllers\Api->__construct()
 2 SYSTEMPATH/CodeIgniter.php(490): CodeIgniter\CodeIgniter->createController()
 3 SYSTEMPATH/CodeIgniter.php(368): CodeIgniter\CodeIgniter->handleRequest(null, Object(Config\Cache), false)
 4 FCPATH/index.php(67): CodeIgniter\CodeIgniter->run()
WARNING - 2024-11-11 07:44:43 --> [DEPRECATED] Creation of dynamic property App\Controllers\Datasosial::$db is deprecated in APPPATH/Controllers/Api.php on line 8.
 1 SYSTEMPATH/CodeIgniter.php(906): App\Controllers\Api->__construct()
 2 SYSTEMPATH/CodeIgniter.php(490): CodeIgniter\CodeIgniter->createController()
 3 SYSTEMPATH/CodeIgniter.php(368): CodeIgniter\CodeIgniter->handleRequest(null, Object(Config\Cache), false)
 4 FCPATH/index.php(67): CodeIgniter\CodeIgniter->run()
WARNING - 2024-11-11 07:44:43 --> [DEPRECATED] Creation of dynamic property App\Controllers\Datasosial::$simrs is deprecated in APPPATH/Controllers/Api.php on line 9.
 1 SYSTEMPATH/CodeIgniter.php(906): App\Controllers\Api->__construct()
 2 SYSTEMPATH/CodeIgniter.php(490): CodeIgniter\CodeIgniter->createController()
 3 SYSTEMPATH/CodeIgniter.php(368): CodeIgniter\CodeIgniter->handleRequest(null, Object(Config\Cache), false)
 4 FCPATH/index.php(67): CodeIgniter\CodeIgniter->run()
ERROR - 2024-11-11 07:44:43 --> ErrorException: pg_query(): Query failed: ERROR:  column &quot;id_penyakit&quot; specified in USING clause does not exist in left table in /var/www/html/SIMRSHEBAT/system/Database/Postgre/Connection.php:147
Stack trace:
#0 [internal function]: CodeIgniter\Debug\Exceptions->errorHandler()
#1 /var/www/html/SIMRSHEBAT/system/Database/Postgre/Connection.php(147): pg_query()
#2 /var/www/html/SIMRSHEBAT/system/Database/BaseConnection.php(691): CodeIgniter\Database\Postgre\Connection->execute()
#3 /var/www/html/SIMRSHEBAT/app/Controllers/Kunjungan.php(617): CodeIgniter\Database\BaseConnection->simpleQuery()
#4 /var/www/html/SIMRSHEBAT/system/CodeIgniter.php(934): App\Controllers\Kunjungan->historipenyakitkeluarga()
#5 /var/www/html/SIMRSHEBAT/system/CodeIgniter.php(499): CodeIgniter\CodeIgniter->runController()
#6 /var/www/html/SIMRSHEBAT/system/CodeIgniter.php(368): CodeIgniter\CodeIgniter->handleRequest()
#7 /var/www/html/SIMRSHEBAT/index.php(67): CodeIgniter\CodeIgniter->run()
#8 {main}
WARNING - 2024-11-11 07:44:52 --> [DEPRECATED] Creation of dynamic property App\Controllers\Rekammedisirna::$db is deprecated in APPPATH/Controllers/Api.php on line 8.
 1 SYSTEMPATH/CodeIgniter.php(906): App\Controllers\Api->__construct()
 2 SYSTEMPATH/CodeIgniter.php(490): CodeIgniter\CodeIgniter->createController()
 3 SYSTEMPATH/CodeIgniter.php(368): CodeIgniter\CodeIgniter->handleRequest(null, Object(Config\Cache), false)
 4 FCPATH/index.php(67): CodeIgniter\CodeIgniter->run()
WARNING - 2024-11-11 07:44:52 --> [DEPRECATED] Creation of dynamic property App\Controllers\Rekammedisirna::$db is deprecated in APPPATH/Controllers/Api.php on line 8.
 1 SYSTEMPATH/CodeIgniter.php(906): App\Controllers\Api->__construct()
 2 SYSTEMPATH/CodeIgniter.php(490): CodeIgniter\CodeIgniter->createController()
 3 SYSTEMPATH/CodeIgniter.php(368): CodeIgniter\CodeIgniter->handleRequest(null, Object(Config\Cache), false)
 4 FCPATH/index.php(67): CodeIgniter\CodeIgniter->run()
WARNING - 2024-11-11 07:44:52 --> [DEPRECATED] Creation of dynamic property App\Controllers\Rekammedisirna::$simrs is deprecated in APPPATH/Controllers/Api.php on line 9.
 1 SYSTEMPATH/CodeIgniter.php(906): App\Controllers\Api->__construct()
 2 SYSTEMPATH/CodeIgniter.php(490): CodeIgniter\CodeIgniter->createController()
 3 SYSTEMPATH/CodeIgniter.php(368): CodeIgniter\CodeIgniter->handleRequest(null, Object(Config\Cache), false)
 4 FCPATH/index.php(67): CodeIgniter\CodeIgniter->run()
WARNING - 2024-11-11 07:44:52 --> [DEPRECATED] Creation of dynamic property App\Controllers\Rekammedisirna::$simrs is deprecated in APPPATH/Controllers/Api.php on line 9.
 1 SYSTEMPATH/CodeIgniter.php(906): App\Controllers\Api->__construct()
 2 SYSTEMPATH/CodeIgniter.php(490): CodeIgniter\CodeIgniter->createController()
 3 SYSTEMPATH/CodeIgniter.php(368): CodeIgniter\CodeIgniter->handleRequest(null, Object(Config\Cache), false)
 4 FCPATH/index.php(67): CodeIgniter\CodeIgniter->run()
WARNING - 2024-11-11 07:49:09 --> [DEPRECATED] Creation of dynamic property App\Controllers\Laporan::$db is deprecated in APPPATH/Controllers/Api.php on line 8.
 1 SYSTEMPATH/CodeIgniter.php(906): App\Controllers\Api->__construct()
 2 SYSTEMPATH/CodeIgniter.php(490): CodeIgniter\CodeIgniter->createController()
 3 SYSTEMPATH/CodeIgniter.php(368): CodeIgniter\CodeIgniter->handleRequest(null, Object(Config\Cache), false)
 4 FCPATH/index.php(67): CodeIgniter\CodeIgniter->run()
WARNING - 2024-11-11 07:49:09 --> [DEPRECATED] Creation of dynamic property App\Controllers\Laporan::$simrs is deprecated in APPPATH/Controllers/Api.php on line 9.
 1 SYSTEMPATH/CodeIgniter.php(906): App\Controllers\Api->__construct()
 2 SYSTEMPATH/CodeIgniter.php(490): CodeIgniter\CodeIgniter->createController()
 3 SYSTEMPATH/CodeIgniter.php(368): CodeIgniter\CodeIgniter->handleRequest(null, Object(Config\Cache), false)
 4 FCPATH/index.php(67): CodeIgniter\CodeIgniter->run()
WARNING - 2024-11-11 07:49:09 --> [DEPRECATED] Creation of dynamic property App\Controllers\User::$db is deprecated in APPPATH/Controllers/Api.php on line 8.
 1 SYSTEMPATH/CodeIgniter.php(906): App\Controllers\Api->__construct()
 2 SYSTEMPATH/CodeIgniter.php(490): CodeIgniter\CodeIgniter->createController()
 3 SYSTEMPATH/CodeIgniter.php(368): CodeIgniter\CodeIgniter->handleRequest(null, Object(Config\Cache), false)
 4 FCPATH/index.php(67): CodeIgniter\CodeIgniter->run()
WARNING - 2024-11-11 07:49:09 --> [DEPRECATED] Creation of dynamic property App\Controllers\User::$simrs is deprecated in APPPATH/Controllers/Api.php on line 9.
 1 SYSTEMPATH/CodeIgniter.php(906): App\Controllers\Api->__construct()
 2 SYSTEMPATH/CodeIgniter.php(490): CodeIgniter\CodeIgniter->createController()
 3 SYSTEMPATH/CodeIgniter.php(368): CodeIgniter\CodeIgniter->handleRequest(null, Object(Config\Cache), false)
 4 FCPATH/index.php(67): CodeIgniter\CodeIgniter->run()
WARNING - 2024-11-11 07:49:14 --> [DEPRECATED] Creation of dynamic property App\Controllers\Rekammedisirna::$db is deprecated in APPPATH/Controllers/Api.php on line 8.
 1 SYSTEMPATH/CodeIgniter.php(906): App\Controllers\Api->__construct()
 2 SYSTEMPATH/CodeIgniter.php(490): CodeIgniter\CodeIgniter->createController()
 3 SYSTEMPATH/CodeIgniter.php(368): CodeIgniter\CodeIgniter->handleRequest(null, Object(Config\Cache), false)
 4 FCPATH/index.php(67): CodeIgniter\CodeIgniter->run()
WARNING - 2024-11-11 07:49:14 --> [DEPRECATED] Creation of dynamic property App\Controllers\Rekammedisirna::$simrs is deprecated in APPPATH/Controllers/Api.php on line 9.
 1 SYSTEMPATH/CodeIgniter.php(906): App\Controllers\Api->__construct()
 2 SYSTEMPATH/CodeIgniter.php(490): CodeIgniter\CodeIgniter->createController()
 3 SYSTEMPATH/CodeIgniter.php(368): CodeIgniter\CodeIgniter->handleRequest(null, Object(Config\Cache), false)
 4 FCPATH/index.php(67): CodeIgniter\CodeIgniter->run()
WARNING - 2024-11-11 07:49:14 --> [DEPRECATED] Creation of dynamic property App\Controllers\Rekammedisirna::$db is deprecated in APPPATH/Controllers/Api.php on line 8.
 1 SYSTEMPATH/CodeIgniter.php(906): App\Controllers\Api->__construct()
 2 SYSTEMPATH/CodeIgniter.php(490): CodeIgniter\CodeIgniter->createController()
 3 SYSTEMPATH/CodeIgniter.php(368): CodeIgniter\CodeIgniter->handleRequest(null, Object(Config\Cache), false)
 4 FCPATH/index.php(67): CodeIgniter\CodeIgniter->run()
WARNING - 2024-11-11 07:49:14 --> [DEPRECATED] Creation of dynamic property App\Controllers\Rekammedisirna::$db is deprecated in APPPATH/Controllers/Api.php on line 8.
 1 SYSTEMPATH/CodeIgniter.php(906): App\Controllers\Api->__construct()
 2 SYSTEMPATH/CodeIgniter.php(490): CodeIgniter\CodeIgniter->createController()
 3 SYSTEMPATH/CodeIgniter.php(368): CodeIgniter\CodeIgniter->handleRequest(null, Object(Config\Cache), false)
 4 FCPATH/index.php(67): CodeIgniter\CodeIgniter->run()
WARNING - 2024-11-11 07:49:14 --> [DEPRECATED] Creation of dynamic property App\Controllers\Rekammedisirna::$simrs is deprecated in APPPATH/Controllers/Api.php on line 9.
 1 SYSTEMPATH/CodeIgniter.php(906): App\Controllers\Api->__construct()
 2 SYSTEMPATH/CodeIgniter.php(490): CodeIgniter\CodeIgniter->createController()
 3 SYSTEMPATH/CodeIgniter.php(368): CodeIgniter\CodeIgniter->handleRequest(null, Object(Config\Cache), false)
 4 FCPATH/index.php(67): CodeIgniter\CodeIgniter->run()
WARNING - 2024-11-11 07:49:14 --> [DEPRECATED] Creation of dynamic property App\Controllers\Rekammedisirna::$simrs is deprecated in APPPATH/Controllers/Api.php on line 9.
 1 SYSTEMPATH/CodeIgniter.php(906): App\Controllers\Api->__construct()
 2 SYSTEMPATH/CodeIgniter.php(490): CodeIgniter\CodeIgniter->createController()
 3 SYSTEMPATH/CodeIgniter.php(368): CodeIgniter\CodeIgniter->handleRequest(null, Object(Config\Cache), false)
 4 FCPATH/index.php(67): CodeIgniter\CodeIgniter->run()
WARNING - 2024-11-11 07:49:15 --> [DEPRECATED] Creation of dynamic property App\Controllers\Rekammedisirja::$db is deprecated in APPPATH/Controllers/Api.php on line 8.
 1 SYSTEMPATH/CodeIgniter.php(906): App\Controllers\Api->__construct()
 2 SYSTEMPATH/CodeIgniter.php(490): CodeIgniter\CodeIgniter->createController()
 3 SYSTEMPATH/CodeIgniter.php(368): CodeIgniter\CodeIgniter->handleRequest(null, Object(Config\Cache), false)
 4 FCPATH/index.php(67): CodeIgniter\CodeIgniter->run()
WARNING - 2024-11-11 07:49:15 --> [DEPRECATED] Creation of dynamic property App\Controllers\Rekammedisirja::$simrs is deprecated in APPPATH/Controllers/Api.php on line 9.
 1 SYSTEMPATH/CodeIgniter.php(906): App\Controllers\Api->__construct()
 2 SYSTEMPATH/CodeIgniter.php(490): CodeIgniter\CodeIgniter->createController()
 3 SYSTEMPATH/CodeIgniter.php(368): CodeIgniter\CodeIgniter->handleRequest(null, Object(Config\Cache), false)
 4 FCPATH/index.php(67): CodeIgniter\CodeIgniter->run()
WARNING - 2024-11-11 07:49:15 --> [DEPRECATED] Creation of dynamic property App\Controllers\Rekammedisirja::$db is deprecated in APPPATH/Controllers/Api.php on line 8.
 1 SYSTEMPATH/CodeIgniter.php(906): App\Controllers\Api->__construct()
 2 SYSTEMPATH/CodeIgniter.php(490): CodeIgniter\CodeIgniter->createController()
 3 SYSTEMPATH/CodeIgniter.php(368): CodeIgniter\CodeIgniter->handleRequest(null, Object(Config\Cache), false)
 4 FCPATH/index.php(67): CodeIgniter\CodeIgniter->run()
WARNING - 2024-11-11 07:49:15 --> [DEPRECATED] Creation of dynamic property App\Controllers\Rekammedisirja::$simrs is deprecated in APPPATH/Controllers/Api.php on line 9.
 1 SYSTEMPATH/CodeIgniter.php(906): App\Controllers\Api->__construct()
 2 SYSTEMPATH/CodeIgniter.php(490): CodeIgniter\CodeIgniter->createController()
 3 SYSTEMPATH/CodeIgniter.php(368): CodeIgniter\CodeIgniter->handleRequest(null, Object(Config\Cache), false)
 4 FCPATH/index.php(67): CodeIgniter\CodeIgniter->run()
WARNING - 2024-11-11 07:49:15 --> [DEPRECATED] Creation of dynamic property App\Controllers\Rawatjalan::$db is deprecated in APPPATH/Controllers/Api.php on line 8.
 1 SYSTEMPATH/CodeIgniter.php(906): App\Controllers\Api->__construct()
 2 SYSTEMPATH/CodeIgniter.php(490): CodeIgniter\CodeIgniter->createController()
 3 SYSTEMPATH/CodeIgniter.php(368): CodeIgniter\CodeIgniter->handleRequest(null, Object(Config\Cache), false)
 4 FCPATH/index.php(67): CodeIgniter\CodeIgniter->run()
WARNING - 2024-11-11 07:49:15 --> [DEPRECATED] Creation of dynamic property App\Controllers\Rawatjalan::$simrs is deprecated in APPPATH/Controllers/Api.php on line 9.
 1 SYSTEMPATH/CodeIgniter.php(906): App\Controllers\Api->__construct()
 2 SYSTEMPATH/CodeIgniter.php(490): CodeIgniter\CodeIgniter->createController()
 3 SYSTEMPATH/CodeIgniter.php(368): CodeIgniter\CodeIgniter->handleRequest(null, Object(Config\Cache), false)
 4 FCPATH/index.php(67): CodeIgniter\CodeIgniter->run()
ERROR - 2024-11-11 07:49:15 --> ErrorException: pg_query(): Query failed: ERROR:  column &quot;id_penyakit&quot; specified in USING clause does not exist in left table in /var/www/html/SIMRSHEBAT/system/Database/Postgre/Connection.php:147
Stack trace:
#0 [internal function]: CodeIgniter\Debug\Exceptions->errorHandler()
#1 /var/www/html/SIMRSHEBAT/system/Database/Postgre/Connection.php(147): pg_query()
#2 /var/www/html/SIMRSHEBAT/system/Database/BaseConnection.php(691): CodeIgniter\Database\Postgre\Connection->execute()
#3 /var/www/html/SIMRSHEBAT/app/Controllers/Rekammedisirja.php(453): CodeIgniter\Database\BaseConnection->simpleQuery()
#4 /var/www/html/SIMRSHEBAT/system/CodeIgniter.php(934): App\Controllers\Rekammedisirja->datamrpenyakitirja()
#5 /var/www/html/SIMRSHEBAT/system/CodeIgniter.php(499): CodeIgniter\CodeIgniter->runController()
#6 /var/www/html/SIMRSHEBAT/system/CodeIgniter.php(368): CodeIgniter\CodeIgniter->handleRequest()
#7 /var/www/html/SIMRSHEBAT/index.php(67): CodeIgniter\CodeIgniter->run()
#8 {main}
ERROR - 2024-11-11 07:49:15 --> ErrorException: pg_query(): Query failed: ERROR:  column &quot;jenis_pegawai&quot; does not exist
LINE 1: SELECT * FROM pegawai where jenis_pegawai='1'
                                    ^ in /var/www/html/SIMRSHEBAT/system/Database/Postgre/Connection.php:147
Stack trace:
#0 [internal function]: CodeIgniter\Debug\Exceptions->errorHandler()
#1 /var/www/html/SIMRSHEBAT/system/Database/Postgre/Connection.php(147): pg_query()
#2 /var/www/html/SIMRSHEBAT/system/Database/BaseConnection.php(691): CodeIgniter\Database\Postgre\Connection->execute()
#3 /var/www/html/SIMRSHEBAT/system/Database/BaseConnection.php(605): CodeIgniter\Database\BaseConnection->simpleQuery()
#4 /var/www/html/SIMRSHEBAT/app/Controllers/Rawatjalan.php(32): CodeIgniter\Database\BaseConnection->query()
#5 /var/www/html/SIMRSHEBAT/system/CodeIgniter.php(934): App\Controllers\Rawatjalan->pegawai()
#6 /var/www/html/SIMRSHEBAT/system/CodeIgniter.php(499): CodeIgniter\CodeIgniter->runController()
#7 /var/www/html/SIMRSHEBAT/system/CodeIgniter.php(368): CodeIgniter\CodeIgniter->handleRequest()
#8 /var/www/html/SIMRSHEBAT/index.php(67): CodeIgniter\CodeIgniter->run()
#9 {main}
CRITICAL - 2024-11-11 07:49:15 --> Call to a member function getResult() on bool
in APPPATH/Controllers/Rawatjalan.php on line 35.
 1 SYSTEMPATH/CodeIgniter.php(934): App\Controllers\Rawatjalan->pegawai()
 2 SYSTEMPATH/CodeIgniter.php(499): CodeIgniter\CodeIgniter->runController()
 3 SYSTEMPATH/CodeIgniter.php(368): CodeIgniter\CodeIgniter->handleRequest()
 4 FCPATH/index.php(67): CodeIgniter\CodeIgniter->run()
ERROR - 2024-11-11 07:49:15 --> ErrorException: pg_query(): Query failed: ERROR:  column &quot;id_kunjungan&quot; does not exist
LINE 2: ...mr_tindakan inner join icd_9 USING(kd_icd9) where id_kunjung...
                                                             ^ in /var/www/html/SIMRSHEBAT/system/Database/Postgre/Connection.php:147
Stack trace:
#0 [internal function]: CodeIgniter\Debug\Exceptions->errorHandler()
#1 /var/www/html/SIMRSHEBAT/system/Database/Postgre/Connection.php(147): pg_query()
#2 /var/www/html/SIMRSHEBAT/system/Database/BaseConnection.php(691): CodeIgniter\Database\Postgre\Connection->execute()
#3 /var/www/html/SIMRSHEBAT/app/Controllers/Rekammedisirja.php(411): CodeIgniter\Database\BaseConnection->simpleQuery()
#4 /var/www/html/SIMRSHEBAT/system/CodeIgniter.php(934): App\Controllers\Rekammedisirja->datamricd9irja()
#5 /var/www/html/SIMRSHEBAT/system/CodeIgniter.php(499): CodeIgniter\CodeIgniter->runController()
#6 /var/www/html/SIMRSHEBAT/system/CodeIgniter.php(368): CodeIgniter\CodeIgniter->handleRequest()
#7 /var/www/html/SIMRSHEBAT/index.php(67): CodeIgniter\CodeIgniter->run()
#8 {main}
WARNING - 2024-11-11 07:49:15 --> [DEPRECATED] Creation of dynamic property App\Controllers\Lab::$db is deprecated in APPPATH/Controllers/Api.php on line 8.
 1 SYSTEMPATH/CodeIgniter.php(906): App\Controllers\Api->__construct()
 2 SYSTEMPATH/CodeIgniter.php(490): CodeIgniter\CodeIgniter->createController()
 3 SYSTEMPATH/CodeIgniter.php(368): CodeIgniter\CodeIgniter->handleRequest(null, Object(Config\Cache), false)
 4 FCPATH/index.php(67): CodeIgniter\CodeIgniter->run()
WARNING - 2024-11-11 07:49:15 --> [DEPRECATED] Creation of dynamic property App\Controllers\Lab::$simrs is deprecated in APPPATH/Controllers/Api.php on line 9.
 1 SYSTEMPATH/CodeIgniter.php(906): App\Controllers\Api->__construct()
 2 SYSTEMPATH/CodeIgniter.php(490): CodeIgniter\CodeIgniter->createController()
 3 SYSTEMPATH/CodeIgniter.php(368): CodeIgniter\CodeIgniter->handleRequest(null, Object(Config\Cache), false)
 4 FCPATH/index.php(67): CodeIgniter\CodeIgniter->run()
ERROR - 2024-11-11 07:49:15 --> ErrorException: pg_query(): Query failed: ERROR:  column &quot;id_jenis_produk&quot; does not exist
LINE 1: SELECT * from produk WHERE id_jenis_produk='3' 
                                   ^ in /var/www/html/SIMRSHEBAT/system/Database/Postgre/Connection.php:147
Stack trace:
#0 [internal function]: CodeIgniter\Debug\Exceptions->errorHandler()
#1 /var/www/html/SIMRSHEBAT/system/Database/Postgre/Connection.php(147): pg_query()
#2 /var/www/html/SIMRSHEBAT/system/Database/BaseConnection.php(691): CodeIgniter\Database\Postgre\Connection->execute()
#3 /var/www/html/SIMRSHEBAT/system/Database/BaseConnection.php(605): CodeIgniter\Database\BaseConnection->simpleQuery()
#4 /var/www/html/SIMRSHEBAT/app/Controllers/Lab.php(447): CodeIgniter\Database\BaseConnection->query()
#5 /var/www/html/SIMRSHEBAT/system/CodeIgniter.php(934): App\Controllers\Lab->produk()
#6 /var/www/html/SIMRSHEBAT/system/CodeIgniter.php(499): CodeIgniter\CodeIgniter->runController()
#7 /var/www/html/SIMRSHEBAT/system/CodeIgniter.php(368): CodeIgniter\CodeIgniter->handleRequest()
#8 /var/www/html/SIMRSHEBAT/index.php(67): CodeIgniter\CodeIgniter->run()
#9 {main}
CRITICAL - 2024-11-11 07:49:15 --> Call to a member function getResult() on bool
in APPPATH/Controllers/Lab.php on line 447.
 1 SYSTEMPATH/CodeIgniter.php(934): App\Controllers\Lab->produk()
 2 SYSTEMPATH/CodeIgniter.php(499): CodeIgniter\CodeIgniter->runController()
 3 SYSTEMPATH/CodeIgniter.php(368): CodeIgniter\CodeIgniter->handleRequest()
 4 FCPATH/index.php(67): CodeIgniter\CodeIgniter->run()
WARNING - 2024-11-11 07:49:15 --> [DEPRECATED] Creation of dynamic property App\Controllers\Lab::$db is deprecated in APPPATH/Controllers/Api.php on line 8.
 1 SYSTEMPATH/CodeIgniter.php(906): App\Controllers\Api->__construct()
 2 SYSTEMPATH/CodeIgniter.php(490): CodeIgniter\CodeIgniter->createController()
 3 SYSTEMPATH/CodeIgniter.php(368): CodeIgniter\CodeIgniter->handleRequest(null, Object(Config\Cache), false)
 4 FCPATH/index.php(67): CodeIgniter\CodeIgniter->run()
WARNING - 2024-11-11 07:49:15 --> [DEPRECATED] Creation of dynamic property App\Controllers\Lab::$db is deprecated in APPPATH/Controllers/Api.php on line 8.
 1 SYSTEMPATH/CodeIgniter.php(906): App\Controllers\Api->__construct()
 2 SYSTEMPATH/CodeIgniter.php(490): CodeIgniter\CodeIgniter->createController()
 3 SYSTEMPATH/CodeIgniter.php(368): CodeIgniter\CodeIgniter->handleRequest(null, Object(Config\Cache), false)
 4 FCPATH/index.php(67): CodeIgniter\CodeIgniter->run()
WARNING - 2024-11-11 07:49:15 --> [DEPRECATED] Creation of dynamic property App\Controllers\Lab::$simrs is deprecated in APPPATH/Controllers/Api.php on line 9.
 1 SYSTEMPATH/CodeIgniter.php(906): App\Controllers\Api->__construct()
 2 SYSTEMPATH/CodeIgniter.php(490): CodeIgniter\CodeIgniter->createController()
 3 SYSTEMPATH/CodeIgniter.php(368): CodeIgniter\CodeIgniter->handleRequest(null, Object(Config\Cache), false)
 4 FCPATH/index.php(67): CodeIgniter\CodeIgniter->run()
WARNING - 2024-11-11 07:49:15 --> [DEPRECATED] Creation of dynamic property App\Controllers\Lab::$simrs is deprecated in APPPATH/Controllers/Api.php on line 9.
 1 SYSTEMPATH/CodeIgniter.php(906): App\Controllers\Api->__construct()
 2 SYSTEMPATH/CodeIgniter.php(490): CodeIgniter\CodeIgniter->createController()
 3 SYSTEMPATH/CodeIgniter.php(368): CodeIgniter\CodeIgniter->handleRequest(null, Object(Config\Cache), false)
 4 FCPATH/index.php(67): CodeIgniter\CodeIgniter->run()
WARNING - 2024-11-11 07:49:15 --> [DEPRECATED] Creation of dynamic property App\Controllers\Lab::$db is deprecated in APPPATH/Controllers/Api.php on line 8.
 1 SYSTEMPATH/CodeIgniter.php(906): App\Controllers\Api->__construct()
 2 SYSTEMPATH/CodeIgniter.php(490): CodeIgniter\CodeIgniter->createController()
 3 SYSTEMPATH/CodeIgniter.php(368): CodeIgniter\CodeIgniter->handleRequest(null, Object(Config\Cache), false)
 4 FCPATH/index.php(67): CodeIgniter\CodeIgniter->run()
WARNING - 2024-11-11 07:49:15 --> [DEPRECATED] Creation of dynamic property App\Controllers\Lab::$simrs is deprecated in APPPATH/Controllers/Api.php on line 9.
 1 SYSTEMPATH/CodeIgniter.php(906): App\Controllers\Api->__construct()
 2 SYSTEMPATH/CodeIgniter.php(490): CodeIgniter\CodeIgniter->createController()
 3 SYSTEMPATH/CodeIgniter.php(368): CodeIgniter\CodeIgniter->handleRequest(null, Object(Config\Cache), false)
 4 FCPATH/index.php(67): CodeIgniter\CodeIgniter->run()
ERROR - 2024-11-11 07:49:15 --> ErrorException: pg_query(): Query failed: ERROR:  function left(integer, integer) does not exist
LINE 1: SELECT * from produk WHERE left(kd_produk,2)='XR' 
                                   ^
HINT:  No function matches the given name and argument types. You might need to add explicit type casts. in /var/www/html/SIMRSHEBAT/system/Database/Postgre/Connection.php:147
Stack trace:
#0 [internal function]: CodeIgniter\Debug\Exceptions->errorHandler()
#1 /var/www/html/SIMRSHEBAT/system/Database/Postgre/Connection.php(147): pg_query()
#2 /var/www/html/SIMRSHEBAT/system/Database/BaseConnection.php(691): CodeIgniter\Database\Postgre\Connection->execute()
#3 /var/www/html/SIMRSHEBAT/system/Database/BaseConnection.php(605): CodeIgniter\Database\BaseConnection->simpleQuery()
#4 /var/www/html/SIMRSHEBAT/app/Controllers/Lab.php(465): CodeIgniter\Database\BaseConnection->query()
#5 /var/www/html/SIMRSHEBAT/system/CodeIgniter.php(934): App\Controllers\Lab->produkRad()
#6 /var/www/html/SIMRSHEBAT/system/CodeIgniter.php(499): CodeIgniter\CodeIgniter->runController()
#7 /var/www/html/SIMRSHEBAT/system/CodeIgniter.php(368): CodeIgniter\CodeIgniter->handleRequest()
#8 /var/www/html/SIMRSHEBAT/index.php(67): CodeIgniter\CodeIgniter->run()
#9 {main}
CRITICAL - 2024-11-11 07:49:15 --> Call to a member function getResult() on bool
in APPPATH/Controllers/Lab.php on line 465.
 1 SYSTEMPATH/CodeIgniter.php(934): App\Controllers\Lab->produkRad()
 2 SYSTEMPATH/CodeIgniter.php(499): CodeIgniter\CodeIgniter->runController()
 3 SYSTEMPATH/CodeIgniter.php(368): CodeIgniter\CodeIgniter->handleRequest()
 4 FCPATH/index.php(67): CodeIgniter\CodeIgniter->run()
ERROR - 2024-11-11 07:49:15 --> ErrorException: pg_query(): Query failed: ERROR:  function left(integer, integer) does not exist
LINE 1: SELECT * from produk WHERE left(kd_produk,2)='CT' 
                                   ^
HINT:  No function matches the given name and argument types. You might need to add explicit type casts. in /var/www/html/SIMRSHEBAT/system/Database/Postgre/Connection.php:147
Stack trace:
#0 [internal function]: CodeIgniter\Debug\Exceptions->errorHandler()
#1 /var/www/html/SIMRSHEBAT/system/Database/Postgre/Connection.php(147): pg_query()
#2 /var/www/html/SIMRSHEBAT/system/Database/BaseConnection.php(691): CodeIgniter\Database\Postgre\Connection->execute()
#3 /var/www/html/SIMRSHEBAT/system/Database/BaseConnection.php(605): CodeIgniter\Database\BaseConnection->simpleQuery()
#4 /var/www/html/SIMRSHEBAT/app/Controllers/Lab.php(465): CodeIgniter\Database\BaseConnection->query()
#5 /var/www/html/SIMRSHEBAT/system/CodeIgniter.php(934): App\Controllers\Lab->produkRad()
#6 /var/www/html/SIMRSHEBAT/system/CodeIgniter.php(499): CodeIgniter\CodeIgniter->runController()
#7 /var/www/html/SIMRSHEBAT/system/CodeIgniter.php(368): CodeIgniter\CodeIgniter->handleRequest()
#8 /var/www/html/SIMRSHEBAT/index.php(67): CodeIgniter\CodeIgniter->run()
#9 {main}
CRITICAL - 2024-11-11 07:49:15 --> Call to a member function getResult() on bool
in APPPATH/Controllers/Lab.php on line 465.
 1 SYSTEMPATH/CodeIgniter.php(934): App\Controllers\Lab->produkRad()
 2 SYSTEMPATH/CodeIgniter.php(499): CodeIgniter\CodeIgniter->runController()
 3 SYSTEMPATH/CodeIgniter.php(368): CodeIgniter\CodeIgniter->handleRequest()
 4 FCPATH/index.php(67): CodeIgniter\CodeIgniter->run()
ERROR - 2024-11-11 07:49:15 --> ErrorException: pg_query(): Query failed: ERROR:  function left(integer, integer) does not exist
LINE 1: SELECT * from produk WHERE left(kd_produk,2)='UR' 
                                   ^
HINT:  No function matches the given name and argument types. You might need to add explicit type casts. in /var/www/html/SIMRSHEBAT/system/Database/Postgre/Connection.php:147
Stack trace:
#0 [internal function]: CodeIgniter\Debug\Exceptions->errorHandler()
#1 /var/www/html/SIMRSHEBAT/system/Database/Postgre/Connection.php(147): pg_query()
#2 /var/www/html/SIMRSHEBAT/system/Database/BaseConnection.php(691): CodeIgniter\Database\Postgre\Connection->execute()
#3 /var/www/html/SIMRSHEBAT/system/Database/BaseConnection.php(605): CodeIgniter\Database\BaseConnection->simpleQuery()
#4 /var/www/html/SIMRSHEBAT/app/Controllers/Lab.php(465): CodeIgniter\Database\BaseConnection->query()
#5 /var/www/html/SIMRSHEBAT/system/CodeIgniter.php(934): App\Controllers\Lab->produkRad()
#6 /var/www/html/SIMRSHEBAT/system/CodeIgniter.php(499): CodeIgniter\CodeIgniter->runController()
#7 /var/www/html/SIMRSHEBAT/system/CodeIgniter.php(368): CodeIgniter\CodeIgniter->handleRequest()
#8 /var/www/html/SIMRSHEBAT/index.php(67): CodeIgniter\CodeIgniter->run()
#9 {main}
CRITICAL - 2024-11-11 07:49:15 --> Call to a member function getResult() on bool
in APPPATH/Controllers/Lab.php on line 465.
 1 SYSTEMPATH/CodeIgniter.php(934): App\Controllers\Lab->produkRad()
 2 SYSTEMPATH/CodeIgniter.php(499): CodeIgniter\CodeIgniter->runController()
 3 SYSTEMPATH/CodeIgniter.php(368): CodeIgniter\CodeIgniter->handleRequest()
 4 FCPATH/index.php(67): CodeIgniter\CodeIgniter->run()
WARNING - 2024-11-11 07:49:15 --> [DEPRECATED] Creation of dynamic property App\Controllers\Kunjungan::$db is deprecated in APPPATH/Controllers/Api.php on line 8.
 1 SYSTEMPATH/CodeIgniter.php(906): App\Controllers\Api->__construct()
 2 SYSTEMPATH/CodeIgniter.php(490): CodeIgniter\CodeIgniter->createController()
 3 SYSTEMPATH/CodeIgniter.php(368): CodeIgniter\CodeIgniter->handleRequest(null, Object(Config\Cache), false)
 4 FCPATH/index.php(67): CodeIgniter\CodeIgniter->run()
WARNING - 2024-11-11 07:49:15 --> [DEPRECATED] Creation of dynamic property App\Controllers\Kunjungan::$simrs is deprecated in APPPATH/Controllers/Api.php on line 9.
 1 SYSTEMPATH/CodeIgniter.php(906): App\Controllers\Api->__construct()
 2 SYSTEMPATH/CodeIgniter.php(490): CodeIgniter\CodeIgniter->createController()
 3 SYSTEMPATH/CodeIgniter.php(368): CodeIgniter\CodeIgniter->handleRequest(null, Object(Config\Cache), false)
 4 FCPATH/index.php(67): CodeIgniter\CodeIgniter->run()
WARNING - 2024-11-11 07:49:15 --> [DEPRECATED] Creation of dynamic property App\Controllers\Rekammedisirna::$db is deprecated in APPPATH/Controllers/Api.php on line 8.
 1 SYSTEMPATH/CodeIgniter.php(906): App\Controllers\Api->__construct()
 2 SYSTEMPATH/CodeIgniter.php(490): CodeIgniter\CodeIgniter->createController()
 3 SYSTEMPATH/CodeIgniter.php(368): CodeIgniter\CodeIgniter->handleRequest(null, Object(Config\Cache), false)
 4 FCPATH/index.php(67): CodeIgniter\CodeIgniter->run()
WARNING - 2024-11-11 07:49:15 --> [DEPRECATED] Creation of dynamic property App\Controllers\Rekammedisirna::$simrs is deprecated in APPPATH/Controllers/Api.php on line 9.
 1 SYSTEMPATH/CodeIgniter.php(906): App\Controllers\Api->__construct()
 2 SYSTEMPATH/CodeIgniter.php(490): CodeIgniter\CodeIgniter->createController()
 3 SYSTEMPATH/CodeIgniter.php(368): CodeIgniter\CodeIgniter->handleRequest(null, Object(Config\Cache), false)
 4 FCPATH/index.php(67): CodeIgniter\CodeIgniter->run()
WARNING - 2024-11-11 07:49:15 --> [DEPRECATED] Creation of dynamic property App\Controllers\Kunjungan::$db is deprecated in APPPATH/Controllers/Api.php on line 8.
 1 SYSTEMPATH/CodeIgniter.php(906): App\Controllers\Api->__construct()
 2 SYSTEMPATH/CodeIgniter.php(490): CodeIgniter\CodeIgniter->createController()
 3 SYSTEMPATH/CodeIgniter.php(368): CodeIgniter\CodeIgniter->handleRequest(null, Object(Config\Cache), false)
 4 FCPATH/index.php(67): CodeIgniter\CodeIgniter->run()
WARNING - 2024-11-11 07:49:15 --> [DEPRECATED] Creation of dynamic property App\Controllers\Kunjungan::$simrs is deprecated in APPPATH/Controllers/Api.php on line 9.
 1 SYSTEMPATH/CodeIgniter.php(906): App\Controllers\Api->__construct()
 2 SYSTEMPATH/CodeIgniter.php(490): CodeIgniter\CodeIgniter->createController()
 3 SYSTEMPATH/CodeIgniter.php(368): CodeIgniter\CodeIgniter->handleRequest(null, Object(Config\Cache), false)
 4 FCPATH/index.php(67): CodeIgniter\CodeIgniter->run()
ERROR - 2024-11-11 07:49:15 --> ErrorException: pg_query(): Query failed: ERROR:  relation &quot;alergi&quot; does not exist
LINE 1: SELECT * from alergi where no_rm='6-56-26-73' 
                      ^ in /var/www/html/SIMRSHEBAT/system/Database/Postgre/Connection.php:147
Stack trace:
#0 [internal function]: CodeIgniter\Debug\Exceptions->errorHandler()
#1 /var/www/html/SIMRSHEBAT/system/Database/Postgre/Connection.php(147): pg_query()
#2 /var/www/html/SIMRSHEBAT/system/Database/BaseConnection.php(691): CodeIgniter\Database\Postgre\Connection->execute()
#3 /var/www/html/SIMRSHEBAT/app/Controllers/Kunjungan.php(632): CodeIgniter\Database\BaseConnection->simpleQuery()
#4 /var/www/html/SIMRSHEBAT/system/CodeIgniter.php(934): App\Controllers\Kunjungan->historialergi()
#5 /var/www/html/SIMRSHEBAT/system/CodeIgniter.php(499): CodeIgniter\CodeIgniter->runController()
#6 /var/www/html/SIMRSHEBAT/system/CodeIgniter.php(368): CodeIgniter\CodeIgniter->handleRequest()
#7 /var/www/html/SIMRSHEBAT/index.php(67): CodeIgniter\CodeIgniter->run()
#8 {main}
ERROR - 2024-11-11 07:49:15 --> ErrorException: pg_query(): Query failed: ERROR:  relation &quot;order_lab&quot; does not exist
LINE 2:         order_lab o inner join
                ^ in /var/www/html/SIMRSHEBAT/system/Database/Postgre/Connection.php:147
Stack trace:
#0 [internal function]: CodeIgniter\Debug\Exceptions->errorHandler()
#1 /var/www/html/SIMRSHEBAT/system/Database/Postgre/Connection.php(147): pg_query()
#2 /var/www/html/SIMRSHEBAT/system/Database/BaseConnection.php(691): CodeIgniter\Database\Postgre\Connection->execute()
#3 /var/www/html/SIMRSHEBAT/app/Controllers/Rekammedisirna.php(823): CodeIgniter\Database\BaseConnection->simpleQuery()
#4 /var/www/html/SIMRSHEBAT/system/CodeIgniter.php(934): App\Controllers\Rekammedisirna->datapenunjangpasienirna()
#5 /var/www/html/SIMRSHEBAT/system/CodeIgniter.php(499): CodeIgniter\CodeIgniter->runController()
#6 /var/www/html/SIMRSHEBAT/system/CodeIgniter.php(368): CodeIgniter\CodeIgniter->handleRequest()
#7 /var/www/html/SIMRSHEBAT/index.php(67): CodeIgniter\CodeIgniter->run()
#8 {main}
ERROR - 2024-11-11 07:49:15 --> ErrorException: pg_query(): Query failed: ERROR:  column &quot;id_penyakit&quot; specified in USING clause does not exist in left table in /var/www/html/SIMRSHEBAT/system/Database/Postgre/Connection.php:147
Stack trace:
#0 [internal function]: CodeIgniter\Debug\Exceptions->errorHandler()
#1 /var/www/html/SIMRSHEBAT/system/Database/Postgre/Connection.php(147): pg_query()
#2 /var/www/html/SIMRSHEBAT/system/Database/BaseConnection.php(691): CodeIgniter\Database\Postgre\Connection->execute()
#3 /var/www/html/SIMRSHEBAT/app/Controllers/Kunjungan.php(585): CodeIgniter\Database\BaseConnection->simpleQuery()
#4 /var/www/html/SIMRSHEBAT/system/CodeIgniter.php(934): App\Controllers\Kunjungan->historipenyakit()
#5 /var/www/html/SIMRSHEBAT/system/CodeIgniter.php(499): CodeIgniter\CodeIgniter->runController()
#6 /var/www/html/SIMRSHEBAT/system/CodeIgniter.php(368): CodeIgniter\CodeIgniter->handleRequest()
#7 /var/www/html/SIMRSHEBAT/index.php(67): CodeIgniter\CodeIgniter->run()
#8 {main}
WARNING - 2024-11-11 07:49:15 --> [DEPRECATED] Creation of dynamic property App\Controllers\Kunjungan::$db is deprecated in APPPATH/Controllers/Api.php on line 8.
 1 SYSTEMPATH/CodeIgniter.php(906): App\Controllers\Api->__construct()
 2 SYSTEMPATH/CodeIgniter.php(490): CodeIgniter\CodeIgniter->createController()
 3 SYSTEMPATH/CodeIgniter.php(368): CodeIgniter\CodeIgniter->handleRequest(null, Object(Config\Cache), false)
 4 FCPATH/index.php(67): CodeIgniter\CodeIgniter->run()
WARNING - 2024-11-11 07:49:15 --> [DEPRECATED] Creation of dynamic property App\Controllers\Kunjungan::$simrs is deprecated in APPPATH/Controllers/Api.php on line 9.
 1 SYSTEMPATH/CodeIgniter.php(906): App\Controllers\Api->__construct()
 2 SYSTEMPATH/CodeIgniter.php(490): CodeIgniter\CodeIgniter->createController()
 3 SYSTEMPATH/CodeIgniter.php(368): CodeIgniter\CodeIgniter->handleRequest(null, Object(Config\Cache), false)
 4 FCPATH/index.php(67): CodeIgniter\CodeIgniter->run()
WARNING - 2024-11-11 07:49:15 --> [DEPRECATED] Creation of dynamic property App\Controllers\Datasosial::$db is deprecated in APPPATH/Controllers/Api.php on line 8.
 1 SYSTEMPATH/CodeIgniter.php(906): App\Controllers\Api->__construct()
 2 SYSTEMPATH/CodeIgniter.php(490): CodeIgniter\CodeIgniter->createController()
 3 SYSTEMPATH/CodeIgniter.php(368): CodeIgniter\CodeIgniter->handleRequest(null, Object(Config\Cache), false)
 4 FCPATH/index.php(67): CodeIgniter\CodeIgniter->run()
WARNING - 2024-11-11 07:49:15 --> [DEPRECATED] Creation of dynamic property App\Controllers\Datasosial::$simrs is deprecated in APPPATH/Controllers/Api.php on line 9.
 1 SYSTEMPATH/CodeIgniter.php(906): App\Controllers\Api->__construct()
 2 SYSTEMPATH/CodeIgniter.php(490): CodeIgniter\CodeIgniter->createController()
 3 SYSTEMPATH/CodeIgniter.php(368): CodeIgniter\CodeIgniter->handleRequest(null, Object(Config\Cache), false)
 4 FCPATH/index.php(67): CodeIgniter\CodeIgniter->run()
ERROR - 2024-11-11 07:49:15 --> ErrorException: pg_query(): Query failed: ERROR:  column &quot;id_penyakit&quot; specified in USING clause does not exist in left table in /var/www/html/SIMRSHEBAT/system/Database/Postgre/Connection.php:147
Stack trace:
#0 [internal function]: CodeIgniter\Debug\Exceptions->errorHandler()
#1 /var/www/html/SIMRSHEBAT/system/Database/Postgre/Connection.php(147): pg_query()
#2 /var/www/html/SIMRSHEBAT/system/Database/BaseConnection.php(691): CodeIgniter\Database\Postgre\Connection->execute()
#3 /var/www/html/SIMRSHEBAT/app/Controllers/Kunjungan.php(617): CodeIgniter\Database\BaseConnection->simpleQuery()
#4 /var/www/html/SIMRSHEBAT/system/CodeIgniter.php(934): App\Controllers\Kunjungan->historipenyakitkeluarga()
#5 /var/www/html/SIMRSHEBAT/system/CodeIgniter.php(499): CodeIgniter\CodeIgniter->runController()
#6 /var/www/html/SIMRSHEBAT/system/CodeIgniter.php(368): CodeIgniter\CodeIgniter->handleRequest()
#7 /var/www/html/SIMRSHEBAT/index.php(67): CodeIgniter\CodeIgniter->run()
#8 {main}
WARNING - 2024-11-11 07:49:15 --> [DEPRECATED] Creation of dynamic property App\Controllers\Datasosial::$db is deprecated in APPPATH/Controllers/Api.php on line 8.
 1 SYSTEMPATH/CodeIgniter.php(906): App\Controllers\Api->__construct()
 2 SYSTEMPATH/CodeIgniter.php(490): CodeIgniter\CodeIgniter->createController()
 3 SYSTEMPATH/CodeIgniter.php(368): CodeIgniter\CodeIgniter->handleRequest(null, Object(Config\Cache), false)
 4 FCPATH/index.php(67): CodeIgniter\CodeIgniter->run()
WARNING - 2024-11-11 07:49:15 --> [DEPRECATED] Creation of dynamic property App\Controllers\Datasosial::$simrs is deprecated in APPPATH/Controllers/Api.php on line 9.
 1 SYSTEMPATH/CodeIgniter.php(906): App\Controllers\Api->__construct()
 2 SYSTEMPATH/CodeIgniter.php(490): CodeIgniter\CodeIgniter->createController()
 3 SYSTEMPATH/CodeIgniter.php(368): CodeIgniter\CodeIgniter->handleRequest(null, Object(Config\Cache), false)
 4 FCPATH/index.php(67): CodeIgniter\CodeIgniter->run()
WARNING - 2024-11-11 07:49:18 --> [DEPRECATED] Creation of dynamic property App\Controllers\Rekammedisirna::$db is deprecated in APPPATH/Controllers/Api.php on line 8.
 1 SYSTEMPATH/CodeIgniter.php(906): App\Controllers\Api->__construct()
 2 SYSTEMPATH/CodeIgniter.php(490): CodeIgniter\CodeIgniter->createController()
 3 SYSTEMPATH/CodeIgniter.php(368): CodeIgniter\CodeIgniter->handleRequest(null, Object(Config\Cache), false)
 4 FCPATH/index.php(67): CodeIgniter\CodeIgniter->run()
WARNING - 2024-11-11 07:49:18 --> [DEPRECATED] Creation of dynamic property App\Controllers\Rekammedisirna::$simrs is deprecated in APPPATH/Controllers/Api.php on line 9.
 1 SYSTEMPATH/CodeIgniter.php(906): App\Controllers\Api->__construct()
 2 SYSTEMPATH/CodeIgniter.php(490): CodeIgniter\CodeIgniter->createController()
 3 SYSTEMPATH/CodeIgniter.php(368): CodeIgniter\CodeIgniter->handleRequest(null, Object(Config\Cache), false)
 4 FCPATH/index.php(67): CodeIgniter\CodeIgniter->run()
WARNING - 2024-11-11 07:49:18 --> [DEPRECATED] Creation of dynamic property App\Controllers\Rekammedisirna::$db is deprecated in APPPATH/Controllers/Api.php on line 8.
 1 SYSTEMPATH/CodeIgniter.php(906): App\Controllers\Api->__construct()
 2 SYSTEMPATH/CodeIgniter.php(490): CodeIgniter\CodeIgniter->createController()
 3 SYSTEMPATH/CodeIgniter.php(368): CodeIgniter\CodeIgniter->handleRequest(null, Object(Config\Cache), false)
 4 FCPATH/index.php(67): CodeIgniter\CodeIgniter->run()
WARNING - 2024-11-11 07:49:18 --> [DEPRECATED] Creation of dynamic property App\Controllers\Rekammedisirna::$simrs is deprecated in APPPATH/Controllers/Api.php on line 9.
 1 SYSTEMPATH/CodeIgniter.php(906): App\Controllers\Api->__construct()
 2 SYSTEMPATH/CodeIgniter.php(490): CodeIgniter\CodeIgniter->createController()
 3 SYSTEMPATH/CodeIgniter.php(368): CodeIgniter\CodeIgniter->handleRequest(null, Object(Config\Cache), false)
 4 FCPATH/index.php(67): CodeIgniter\CodeIgniter->run()
INFO - 2024-11-11 08:05:10 --> Session: Class initialized using 'CodeIgniter\Session\Handlers\FileHandler' driver.
WARNING - 2024-11-11 08:11:22 --> [DEPRECATED] Creation of dynamic property App\Controllers\Laporan::$db is deprecated in APPPATH/Controllers/Api.php on line 8.
 1 SYSTEMPATH/CodeIgniter.php(906): App\Controllers\Api->__construct()
 2 SYSTEMPATH/CodeIgniter.php(490): CodeIgniter\CodeIgniter->createController()
 3 SYSTEMPATH/CodeIgniter.php(368): CodeIgniter\CodeIgniter->handleRequest(null, Object(Config\Cache), false)
 4 FCPATH/index.php(67): CodeIgniter\CodeIgniter->run()
WARNING - 2024-11-11 08:11:22 --> [DEPRECATED] Creation of dynamic property App\Controllers\Laporan::$simrs is deprecated in APPPATH/Controllers/Api.php on line 9.
 1 SYSTEMPATH/CodeIgniter.php(906): App\Controllers\Api->__construct()
 2 SYSTEMPATH/CodeIgniter.php(490): CodeIgniter\CodeIgniter->createController()
 3 SYSTEMPATH/CodeIgniter.php(368): CodeIgniter\CodeIgniter->handleRequest(null, Object(Config\Cache), false)
 4 FCPATH/index.php(67): CodeIgniter\CodeIgniter->run()
WARNING - 2024-11-11 08:11:22 --> [DEPRECATED] Creation of dynamic property App\Controllers\User::$db is deprecated in APPPATH/Controllers/Api.php on line 8.
 1 SYSTEMPATH/CodeIgniter.php(906): App\Controllers\Api->__construct()
 2 SYSTEMPATH/CodeIgniter.php(490): CodeIgniter\CodeIgniter->createController()
 3 SYSTEMPATH/CodeIgniter.php(368): CodeIgniter\CodeIgniter->handleRequest(null, Object(Config\Cache), false)
 4 FCPATH/index.php(67): CodeIgniter\CodeIgniter->run()
WARNING - 2024-11-11 08:11:22 --> [DEPRECATED] Creation of dynamic property App\Controllers\User::$simrs is deprecated in APPPATH/Controllers/Api.php on line 9.
 1 SYSTEMPATH/CodeIgniter.php(906): App\Controllers\Api->__construct()
 2 SYSTEMPATH/CodeIgniter.php(490): CodeIgniter\CodeIgniter->createController()
 3 SYSTEMPATH/CodeIgniter.php(368): CodeIgniter\CodeIgniter->handleRequest(null, Object(Config\Cache), false)
 4 FCPATH/index.php(67): CodeIgniter\CodeIgniter->run()
WARNING - 2024-11-11 08:11:26 --> [DEPRECATED] Creation of dynamic property App\Controllers\Rekammedisirna::$db is deprecated in APPPATH/Controllers/Api.php on line 8.
 1 SYSTEMPATH/CodeIgniter.php(906): App\Controllers\Api->__construct()
 2 SYSTEMPATH/CodeIgniter.php(490): CodeIgniter\CodeIgniter->createController()
 3 SYSTEMPATH/CodeIgniter.php(368): CodeIgniter\CodeIgniter->handleRequest(null, Object(Config\Cache), false)
 4 FCPATH/index.php(67): CodeIgniter\CodeIgniter->run()
WARNING - 2024-11-11 08:11:26 --> [DEPRECATED] Creation of dynamic property App\Controllers\Rekammedisirna::$simrs is deprecated in APPPATH/Controllers/Api.php on line 9.
 1 SYSTEMPATH/CodeIgniter.php(906): App\Controllers\Api->__construct()
 2 SYSTEMPATH/CodeIgniter.php(490): CodeIgniter\CodeIgniter->createController()
 3 SYSTEMPATH/CodeIgniter.php(368): CodeIgniter\CodeIgniter->handleRequest(null, Object(Config\Cache), false)
 4 FCPATH/index.php(67): CodeIgniter\CodeIgniter->run()
WARNING - 2024-11-11 08:11:26 --> [DEPRECATED] Creation of dynamic property App\Controllers\Rekammedisirna::$db is deprecated in APPPATH/Controllers/Api.php on line 8.
 1 SYSTEMPATH/CodeIgniter.php(906): App\Controllers\Api->__construct()
 2 SYSTEMPATH/CodeIgniter.php(490): CodeIgniter\CodeIgniter->createController()
 3 SYSTEMPATH/CodeIgniter.php(368): CodeIgniter\CodeIgniter->handleRequest(null, Object(Config\Cache), false)
 4 FCPATH/index.php(67): CodeIgniter\CodeIgniter->run()
WARNING - 2024-11-11 08:11:26 --> [DEPRECATED] Creation of dynamic property App\Controllers\Rekammedisirna::$simrs is deprecated in APPPATH/Controllers/Api.php on line 9.
 1 SYSTEMPATH/CodeIgniter.php(906): App\Controllers\Api->__construct()
 2 SYSTEMPATH/CodeIgniter.php(490): CodeIgniter\CodeIgniter->createController()
 3 SYSTEMPATH/CodeIgniter.php(368): CodeIgniter\CodeIgniter->handleRequest(null, Object(Config\Cache), false)
 4 FCPATH/index.php(67): CodeIgniter\CodeIgniter->run()
WARNING - 2024-11-11 08:11:26 --> [DEPRECATED] Creation of dynamic property App\Controllers\Rekammedisirna::$db is deprecated in APPPATH/Controllers/Api.php on line 8.
 1 SYSTEMPATH/CodeIgniter.php(906): App\Controllers\Api->__construct()
 2 SYSTEMPATH/CodeIgniter.php(490): CodeIgniter\CodeIgniter->createController()
 3 SYSTEMPATH/CodeIgniter.php(368): CodeIgniter\CodeIgniter->handleRequest(null, Object(Config\Cache), false)
 4 FCPATH/index.php(67): CodeIgniter\CodeIgniter->run()
WARNING - 2024-11-11 08:11:26 --> [DEPRECATED] Creation of dynamic property App\Controllers\Rekammedisirna::$simrs is deprecated in APPPATH/Controllers/Api.php on line 9.
 1 SYSTEMPATH/CodeIgniter.php(906): App\Controllers\Api->__construct()
 2 SYSTEMPATH/CodeIgniter.php(490): CodeIgniter\CodeIgniter->createController()
 3 SYSTEMPATH/CodeIgniter.php(368): CodeIgniter\CodeIgniter->handleRequest(null, Object(Config\Cache), false)
 4 FCPATH/index.php(67): CodeIgniter\CodeIgniter->run()
WARNING - 2024-11-11 08:11:28 --> [DEPRECATED] Creation of dynamic property App\Controllers\Rekammedisirja::$db is deprecated in APPPATH/Controllers/Api.php on line 8.
 1 SYSTEMPATH/CodeIgniter.php(906): App\Controllers\Api->__construct()
 2 SYSTEMPATH/CodeIgniter.php(490): CodeIgniter\CodeIgniter->createController()
 3 SYSTEMPATH/CodeIgniter.php(368): CodeIgniter\CodeIgniter->handleRequest(null, Object(Config\Cache), false)
 4 FCPATH/index.php(67): CodeIgniter\CodeIgniter->run()
WARNING - 2024-11-11 08:11:28 --> [DEPRECATED] Creation of dynamic property App\Controllers\Rekammedisirja::$simrs is deprecated in APPPATH/Controllers/Api.php on line 9.
 1 SYSTEMPATH/CodeIgniter.php(906): App\Controllers\Api->__construct()
 2 SYSTEMPATH/CodeIgniter.php(490): CodeIgniter\CodeIgniter->createController()
 3 SYSTEMPATH/CodeIgniter.php(368): CodeIgniter\CodeIgniter->handleRequest(null, Object(Config\Cache), false)
 4 FCPATH/index.php(67): CodeIgniter\CodeIgniter->run()
WARNING - 2024-11-11 08:11:28 --> [DEPRECATED] Creation of dynamic property App\Controllers\Rekammedisirja::$db is deprecated in APPPATH/Controllers/Api.php on line 8.
 1 SYSTEMPATH/CodeIgniter.php(906): App\Controllers\Api->__construct()
 2 SYSTEMPATH/CodeIgniter.php(490): CodeIgniter\CodeIgniter->createController()
 3 SYSTEMPATH/CodeIgniter.php(368): CodeIgniter\CodeIgniter->handleRequest(null, Object(Config\Cache), false)
 4 FCPATH/index.php(67): CodeIgniter\CodeIgniter->run()
WARNING - 2024-11-11 08:11:28 --> [DEPRECATED] Creation of dynamic property App\Controllers\Rekammedisirja::$simrs is deprecated in APPPATH/Controllers/Api.php on line 9.
 1 SYSTEMPATH/CodeIgniter.php(906): App\Controllers\Api->__construct()
 2 SYSTEMPATH/CodeIgniter.php(490): CodeIgniter\CodeIgniter->createController()
 3 SYSTEMPATH/CodeIgniter.php(368): CodeIgniter\CodeIgniter->handleRequest(null, Object(Config\Cache), false)
 4 FCPATH/index.php(67): CodeIgniter\CodeIgniter->run()
WARNING - 2024-11-11 08:11:28 --> [DEPRECATED] Creation of dynamic property App\Controllers\Rawatjalan::$db is deprecated in APPPATH/Controllers/Api.php on line 8.
 1 SYSTEMPATH/CodeIgniter.php(906): App\Controllers\Api->__construct()
 2 SYSTEMPATH/CodeIgniter.php(490): CodeIgniter\CodeIgniter->createController()
 3 SYSTEMPATH/CodeIgniter.php(368): CodeIgniter\CodeIgniter->handleRequest(null, Object(Config\Cache), false)
 4 FCPATH/index.php(67): CodeIgniter\CodeIgniter->run()
WARNING - 2024-11-11 08:11:28 --> [DEPRECATED] Creation of dynamic property App\Controllers\Rawatjalan::$simrs is deprecated in APPPATH/Controllers/Api.php on line 9.
 1 SYSTEMPATH/CodeIgniter.php(906): App\Controllers\Api->__construct()
 2 SYSTEMPATH/CodeIgniter.php(490): CodeIgniter\CodeIgniter->createController()
 3 SYSTEMPATH/CodeIgniter.php(368): CodeIgniter\CodeIgniter->handleRequest(null, Object(Config\Cache), false)
 4 FCPATH/index.php(67): CodeIgniter\CodeIgniter->run()
ERROR - 2024-11-11 08:11:28 --> ErrorException: pg_query(): Query failed: ERROR:  column &quot;id_kunjungan&quot; does not exist
LINE 2: ...mr_tindakan inner join icd_9 USING(kd_icd9) where id_kunjung...
                                                             ^ in /var/www/html/SIMRSHEBAT/system/Database/Postgre/Connection.php:147
Stack trace:
#0 [internal function]: CodeIgniter\Debug\Exceptions->errorHandler()
#1 /var/www/html/SIMRSHEBAT/system/Database/Postgre/Connection.php(147): pg_query()
#2 /var/www/html/SIMRSHEBAT/system/Database/BaseConnection.php(691): CodeIgniter\Database\Postgre\Connection->execute()
#3 /var/www/html/SIMRSHEBAT/app/Controllers/Rekammedisirja.php(411): CodeIgniter\Database\BaseConnection->simpleQuery()
#4 /var/www/html/SIMRSHEBAT/system/CodeIgniter.php(934): App\Controllers\Rekammedisirja->datamricd9irja()
#5 /var/www/html/SIMRSHEBAT/system/CodeIgniter.php(499): CodeIgniter\CodeIgniter->runController()
#6 /var/www/html/SIMRSHEBAT/system/CodeIgniter.php(368): CodeIgniter\CodeIgniter->handleRequest()
#7 /var/www/html/SIMRSHEBAT/index.php(67): CodeIgniter\CodeIgniter->run()
#8 {main}
ERROR - 2024-11-11 08:11:28 --> ErrorException: pg_query(): Query failed: ERROR:  column &quot;id_penyakit&quot; specified in USING clause does not exist in left table in /var/www/html/SIMRSHEBAT/system/Database/Postgre/Connection.php:147
Stack trace:
#0 [internal function]: CodeIgniter\Debug\Exceptions->errorHandler()
#1 /var/www/html/SIMRSHEBAT/system/Database/Postgre/Connection.php(147): pg_query()
#2 /var/www/html/SIMRSHEBAT/system/Database/BaseConnection.php(691): CodeIgniter\Database\Postgre\Connection->execute()
#3 /var/www/html/SIMRSHEBAT/app/Controllers/Rekammedisirja.php(453): CodeIgniter\Database\BaseConnection->simpleQuery()
#4 /var/www/html/SIMRSHEBAT/system/CodeIgniter.php(934): App\Controllers\Rekammedisirja->datamrpenyakitirja()
#5 /var/www/html/SIMRSHEBAT/system/CodeIgniter.php(499): CodeIgniter\CodeIgniter->runController()
#6 /var/www/html/SIMRSHEBAT/system/CodeIgniter.php(368): CodeIgniter\CodeIgniter->handleRequest()
#7 /var/www/html/SIMRSHEBAT/index.php(67): CodeIgniter\CodeIgniter->run()
#8 {main}
ERROR - 2024-11-11 08:11:28 --> ErrorException: pg_query(): Query failed: ERROR:  column &quot;jenis_pegawai&quot; does not exist
LINE 1: SELECT * FROM pegawai where jenis_pegawai='1'
                                    ^ in /var/www/html/SIMRSHEBAT/system/Database/Postgre/Connection.php:147
Stack trace:
#0 [internal function]: CodeIgniter\Debug\Exceptions->errorHandler()
#1 /var/www/html/SIMRSHEBAT/system/Database/Postgre/Connection.php(147): pg_query()
#2 /var/www/html/SIMRSHEBAT/system/Database/BaseConnection.php(691): CodeIgniter\Database\Postgre\Connection->execute()
#3 /var/www/html/SIMRSHEBAT/system/Database/BaseConnection.php(605): CodeIgniter\Database\BaseConnection->simpleQuery()
#4 /var/www/html/SIMRSHEBAT/app/Controllers/Rawatjalan.php(32): CodeIgniter\Database\BaseConnection->query()
#5 /var/www/html/SIMRSHEBAT/system/CodeIgniter.php(934): App\Controllers\Rawatjalan->pegawai()
#6 /var/www/html/SIMRSHEBAT/system/CodeIgniter.php(499): CodeIgniter\CodeIgniter->runController()
#7 /var/www/html/SIMRSHEBAT/system/CodeIgniter.php(368): CodeIgniter\CodeIgniter->handleRequest()
#8 /var/www/html/SIMRSHEBAT/index.php(67): CodeIgniter\CodeIgniter->run()
#9 {main}
CRITICAL - 2024-11-11 08:11:28 --> Call to a member function getResult() on bool
in APPPATH/Controllers/Rawatjalan.php on line 35.
 1 SYSTEMPATH/CodeIgniter.php(934): App\Controllers\Rawatjalan->pegawai()
 2 SYSTEMPATH/CodeIgniter.php(499): CodeIgniter\CodeIgniter->runController()
 3 SYSTEMPATH/CodeIgniter.php(368): CodeIgniter\CodeIgniter->handleRequest()
 4 FCPATH/index.php(67): CodeIgniter\CodeIgniter->run()
WARNING - 2024-11-11 08:11:28 --> [DEPRECATED] Creation of dynamic property App\Controllers\Lab::$db is deprecated in APPPATH/Controllers/Api.php on line 8.
 1 SYSTEMPATH/CodeIgniter.php(906): App\Controllers\Api->__construct()
 2 SYSTEMPATH/CodeIgniter.php(490): CodeIgniter\CodeIgniter->createController()
 3 SYSTEMPATH/CodeIgniter.php(368): CodeIgniter\CodeIgniter->handleRequest(null, Object(Config\Cache), false)
 4 FCPATH/index.php(67): CodeIgniter\CodeIgniter->run()
WARNING - 2024-11-11 08:11:28 --> [DEPRECATED] Creation of dynamic property App\Controllers\Lab::$simrs is deprecated in APPPATH/Controllers/Api.php on line 9.
 1 SYSTEMPATH/CodeIgniter.php(906): App\Controllers\Api->__construct()
 2 SYSTEMPATH/CodeIgniter.php(490): CodeIgniter\CodeIgniter->createController()
 3 SYSTEMPATH/CodeIgniter.php(368): CodeIgniter\CodeIgniter->handleRequest(null, Object(Config\Cache), false)
 4 FCPATH/index.php(67): CodeIgniter\CodeIgniter->run()
WARNING - 2024-11-11 08:11:28 --> [DEPRECATED] Creation of dynamic property App\Controllers\Lab::$db is deprecated in APPPATH/Controllers/Api.php on line 8.
 1 SYSTEMPATH/CodeIgniter.php(906): App\Controllers\Api->__construct()
 2 SYSTEMPATH/CodeIgniter.php(490): CodeIgniter\CodeIgniter->createController()
 3 SYSTEMPATH/CodeIgniter.php(368): CodeIgniter\CodeIgniter->handleRequest(null, Object(Config\Cache), false)
 4 FCPATH/index.php(67): CodeIgniter\CodeIgniter->run()
WARNING - 2024-11-11 08:11:28 --> [DEPRECATED] Creation of dynamic property App\Controllers\Lab::$simrs is deprecated in APPPATH/Controllers/Api.php on line 9.
 1 SYSTEMPATH/CodeIgniter.php(906): App\Controllers\Api->__construct()
 2 SYSTEMPATH/CodeIgniter.php(490): CodeIgniter\CodeIgniter->createController()
 3 SYSTEMPATH/CodeIgniter.php(368): CodeIgniter\CodeIgniter->handleRequest(null, Object(Config\Cache), false)
 4 FCPATH/index.php(67): CodeIgniter\CodeIgniter->run()
WARNING - 2024-11-11 08:11:28 --> [DEPRECATED] Creation of dynamic property App\Controllers\Lab::$db is deprecated in APPPATH/Controllers/Api.php on line 8.
 1 SYSTEMPATH/CodeIgniter.php(906): App\Controllers\Api->__construct()
 2 SYSTEMPATH/CodeIgniter.php(490): CodeIgniter\CodeIgniter->createController()
 3 SYSTEMPATH/CodeIgniter.php(368): CodeIgniter\CodeIgniter->handleRequest(null, Object(Config\Cache), false)
 4 FCPATH/index.php(67): CodeIgniter\CodeIgniter->run()
WARNING - 2024-11-11 08:11:28 --> [DEPRECATED] Creation of dynamic property App\Controllers\Lab::$simrs is deprecated in APPPATH/Controllers/Api.php on line 9.
 1 SYSTEMPATH/CodeIgniter.php(906): App\Controllers\Api->__construct()
 2 SYSTEMPATH/CodeIgniter.php(490): CodeIgniter\CodeIgniter->createController()
 3 SYSTEMPATH/CodeIgniter.php(368): CodeIgniter\CodeIgniter->handleRequest(null, Object(Config\Cache), false)
 4 FCPATH/index.php(67): CodeIgniter\CodeIgniter->run()
ERROR - 2024-11-11 08:11:28 --> ErrorException: pg_query(): Query failed: ERROR:  column &quot;id_jenis_produk&quot; does not exist
LINE 1: SELECT * from produk WHERE id_jenis_produk='3' 
                                   ^ in /var/www/html/SIMRSHEBAT/system/Database/Postgre/Connection.php:147
Stack trace:
#0 [internal function]: CodeIgniter\Debug\Exceptions->errorHandler()
#1 /var/www/html/SIMRSHEBAT/system/Database/Postgre/Connection.php(147): pg_query()
#2 /var/www/html/SIMRSHEBAT/system/Database/BaseConnection.php(691): CodeIgniter\Database\Postgre\Connection->execute()
#3 /var/www/html/SIMRSHEBAT/system/Database/BaseConnection.php(605): CodeIgniter\Database\BaseConnection->simpleQuery()
#4 /var/www/html/SIMRSHEBAT/app/Controllers/Lab.php(447): CodeIgniter\Database\BaseConnection->query()
#5 /var/www/html/SIMRSHEBAT/system/CodeIgniter.php(934): App\Controllers\Lab->produk()
#6 /var/www/html/SIMRSHEBAT/system/CodeIgniter.php(499): CodeIgniter\CodeIgniter->runController()
#7 /var/www/html/SIMRSHEBAT/system/CodeIgniter.php(368): CodeIgniter\CodeIgniter->handleRequest()
#8 /var/www/html/SIMRSHEBAT/index.php(67): CodeIgniter\CodeIgniter->run()
#9 {main}
ERROR - 2024-11-11 08:11:28 --> ErrorException: pg_query(): Query failed: ERROR:  function left(integer, integer) does not exist
LINE 1: SELECT * from produk WHERE left(kd_produk,2)='XR' 
                                   ^
HINT:  No function matches the given name and argument types. You might need to add explicit type casts. in /var/www/html/SIMRSHEBAT/system/Database/Postgre/Connection.php:147
Stack trace:
#0 [internal function]: CodeIgniter\Debug\Exceptions->errorHandler()
#1 /var/www/html/SIMRSHEBAT/system/Database/Postgre/Connection.php(147): pg_query()
#2 /var/www/html/SIMRSHEBAT/system/Database/BaseConnection.php(691): CodeIgniter\Database\Postgre\Connection->execute()
#3 /var/www/html/SIMRSHEBAT/system/Database/BaseConnection.php(605): CodeIgniter\Database\BaseConnection->simpleQuery()
#4 /var/www/html/SIMRSHEBAT/app/Controllers/Lab.php(465): CodeIgniter\Database\BaseConnection->query()
#5 /var/www/html/SIMRSHEBAT/system/CodeIgniter.php(934): App\Controllers\Lab->produkRad()
#6 /var/www/html/SIMRSHEBAT/system/CodeIgniter.php(499): CodeIgniter\CodeIgniter->runController()
#7 /var/www/html/SIMRSHEBAT/system/CodeIgniter.php(368): CodeIgniter\CodeIgniter->handleRequest()
#8 /var/www/html/SIMRSHEBAT/index.php(67): CodeIgniter\CodeIgniter->run()
#9 {main}
CRITICAL - 2024-11-11 08:11:28 --> Call to a member function getResult() on bool
in APPPATH/Controllers/Lab.php on line 447.
 1 SYSTEMPATH/CodeIgniter.php(934): App\Controllers\Lab->produk()
 2 SYSTEMPATH/CodeIgniter.php(499): CodeIgniter\CodeIgniter->runController()
 3 SYSTEMPATH/CodeIgniter.php(368): CodeIgniter\CodeIgniter->handleRequest()
 4 FCPATH/index.php(67): CodeIgniter\CodeIgniter->run()
CRITICAL - 2024-11-11 08:11:28 --> Call to a member function getResult() on bool
in APPPATH/Controllers/Lab.php on line 465.
 1 SYSTEMPATH/CodeIgniter.php(934): App\Controllers\Lab->produkRad()
 2 SYSTEMPATH/CodeIgniter.php(499): CodeIgniter\CodeIgniter->runController()
 3 SYSTEMPATH/CodeIgniter.php(368): CodeIgniter\CodeIgniter->handleRequest()
 4 FCPATH/index.php(67): CodeIgniter\CodeIgniter->run()
ERROR - 2024-11-11 08:11:28 --> ErrorException: pg_query(): Query failed: ERROR:  function left(integer, integer) does not exist
LINE 1: SELECT * from produk WHERE left(kd_produk,2)='CT' 
                                   ^
HINT:  No function matches the given name and argument types. You might need to add explicit type casts. in /var/www/html/SIMRSHEBAT/system/Database/Postgre/Connection.php:147
Stack trace:
#0 [internal function]: CodeIgniter\Debug\Exceptions->errorHandler()
#1 /var/www/html/SIMRSHEBAT/system/Database/Postgre/Connection.php(147): pg_query()
#2 /var/www/html/SIMRSHEBAT/system/Database/BaseConnection.php(691): CodeIgniter\Database\Postgre\Connection->execute()
#3 /var/www/html/SIMRSHEBAT/system/Database/BaseConnection.php(605): CodeIgniter\Database\BaseConnection->simpleQuery()
#4 /var/www/html/SIMRSHEBAT/app/Controllers/Lab.php(465): CodeIgniter\Database\BaseConnection->query()
#5 /var/www/html/SIMRSHEBAT/system/CodeIgniter.php(934): App\Controllers\Lab->produkRad()
#6 /var/www/html/SIMRSHEBAT/system/CodeIgniter.php(499): CodeIgniter\CodeIgniter->runController()
#7 /var/www/html/SIMRSHEBAT/system/CodeIgniter.php(368): CodeIgniter\CodeIgniter->handleRequest()
#8 /var/www/html/SIMRSHEBAT/index.php(67): CodeIgniter\CodeIgniter->run()
#9 {main}
CRITICAL - 2024-11-11 08:11:28 --> Call to a member function getResult() on bool
in APPPATH/Controllers/Lab.php on line 465.
 1 SYSTEMPATH/CodeIgniter.php(934): App\Controllers\Lab->produkRad()
 2 SYSTEMPATH/CodeIgniter.php(499): CodeIgniter\CodeIgniter->runController()
 3 SYSTEMPATH/CodeIgniter.php(368): CodeIgniter\CodeIgniter->handleRequest()
 4 FCPATH/index.php(67): CodeIgniter\CodeIgniter->run()
WARNING - 2024-11-11 08:11:28 --> [DEPRECATED] Creation of dynamic property App\Controllers\Lab::$db is deprecated in APPPATH/Controllers/Api.php on line 8.
 1 SYSTEMPATH/CodeIgniter.php(906): App\Controllers\Api->__construct()
 2 SYSTEMPATH/CodeIgniter.php(490): CodeIgniter\CodeIgniter->createController()
 3 SYSTEMPATH/CodeIgniter.php(368): CodeIgniter\CodeIgniter->handleRequest(null, Object(Config\Cache), false)
 4 FCPATH/index.php(67): CodeIgniter\CodeIgniter->run()
WARNING - 2024-11-11 08:11:28 --> [DEPRECATED] Creation of dynamic property App\Controllers\Lab::$simrs is deprecated in APPPATH/Controllers/Api.php on line 9.
 1 SYSTEMPATH/CodeIgniter.php(906): App\Controllers\Api->__construct()
 2 SYSTEMPATH/CodeIgniter.php(490): CodeIgniter\CodeIgniter->createController()
 3 SYSTEMPATH/CodeIgniter.php(368): CodeIgniter\CodeIgniter->handleRequest(null, Object(Config\Cache), false)
 4 FCPATH/index.php(67): CodeIgniter\CodeIgniter->run()
WARNING - 2024-11-11 08:11:28 --> [DEPRECATED] Creation of dynamic property App\Controllers\Rekammedisirna::$db is deprecated in APPPATH/Controllers/Api.php on line 8.
 1 SYSTEMPATH/CodeIgniter.php(906): App\Controllers\Api->__construct()
 2 SYSTEMPATH/CodeIgniter.php(490): CodeIgniter\CodeIgniter->createController()
 3 SYSTEMPATH/CodeIgniter.php(368): CodeIgniter\CodeIgniter->handleRequest(null, Object(Config\Cache), false)
 4 FCPATH/index.php(67): CodeIgniter\CodeIgniter->run()
WARNING - 2024-11-11 08:11:28 --> [DEPRECATED] Creation of dynamic property App\Controllers\Rekammedisirna::$simrs is deprecated in APPPATH/Controllers/Api.php on line 9.
 1 SYSTEMPATH/CodeIgniter.php(906): App\Controllers\Api->__construct()
 2 SYSTEMPATH/CodeIgniter.php(490): CodeIgniter\CodeIgniter->createController()
 3 SYSTEMPATH/CodeIgniter.php(368): CodeIgniter\CodeIgniter->handleRequest(null, Object(Config\Cache), false)
 4 FCPATH/index.php(67): CodeIgniter\CodeIgniter->run()
WARNING - 2024-11-11 08:11:28 --> [DEPRECATED] Creation of dynamic property App\Controllers\Kunjungan::$db is deprecated in APPPATH/Controllers/Api.php on line 8.
 1 SYSTEMPATH/CodeIgniter.php(906): App\Controllers\Api->__construct()
 2 SYSTEMPATH/CodeIgniter.php(490): CodeIgniter\CodeIgniter->createController()
 3 SYSTEMPATH/CodeIgniter.php(368): CodeIgniter\CodeIgniter->handleRequest(null, Object(Config\Cache), false)
 4 FCPATH/index.php(67): CodeIgniter\CodeIgniter->run()
WARNING - 2024-11-11 08:11:28 --> [DEPRECATED] Creation of dynamic property App\Controllers\Kunjungan::$simrs is deprecated in APPPATH/Controllers/Api.php on line 9.
 1 SYSTEMPATH/CodeIgniter.php(906): App\Controllers\Api->__construct()
 2 SYSTEMPATH/CodeIgniter.php(490): CodeIgniter\CodeIgniter->createController()
 3 SYSTEMPATH/CodeIgniter.php(368): CodeIgniter\CodeIgniter->handleRequest(null, Object(Config\Cache), false)
 4 FCPATH/index.php(67): CodeIgniter\CodeIgniter->run()
ERROR - 2024-11-11 08:11:28 --> ErrorException: pg_query(): Query failed: ERROR:  relation &quot;order_lab&quot; does not exist
LINE 2:         order_lab o inner join
                ^ in /var/www/html/SIMRSHEBAT/system/Database/Postgre/Connection.php:147
Stack trace:
#0 [internal function]: CodeIgniter\Debug\Exceptions->errorHandler()
#1 /var/www/html/SIMRSHEBAT/system/Database/Postgre/Connection.php(147): pg_query()
#2 /var/www/html/SIMRSHEBAT/system/Database/BaseConnection.php(691): CodeIgniter\Database\Postgre\Connection->execute()
#3 /var/www/html/SIMRSHEBAT/app/Controllers/Rekammedisirna.php(823): CodeIgniter\Database\BaseConnection->simpleQuery()
#4 /var/www/html/SIMRSHEBAT/system/CodeIgniter.php(934): App\Controllers\Rekammedisirna->datapenunjangpasienirna()
#5 /var/www/html/SIMRSHEBAT/system/CodeIgniter.php(499): CodeIgniter\CodeIgniter->runController()
#6 /var/www/html/SIMRSHEBAT/system/CodeIgniter.php(368): CodeIgniter\CodeIgniter->handleRequest()
#7 /var/www/html/SIMRSHEBAT/index.php(67): CodeIgniter\CodeIgniter->run()
#8 {main}
ERROR - 2024-11-11 08:11:28 --> ErrorException: pg_query(): Query failed: ERROR:  function left(integer, integer) does not exist
LINE 1: SELECT * from produk WHERE left(kd_produk,2)='UR' 
                                   ^
HINT:  No function matches the given name and argument types. You might need to add explicit type casts. in /var/www/html/SIMRSHEBAT/system/Database/Postgre/Connection.php:147
Stack trace:
#0 [internal function]: CodeIgniter\Debug\Exceptions->errorHandler()
#1 /var/www/html/SIMRSHEBAT/system/Database/Postgre/Connection.php(147): pg_query()
#2 /var/www/html/SIMRSHEBAT/system/Database/BaseConnection.php(691): CodeIgniter\Database\Postgre\Connection->execute()
#3 /var/www/html/SIMRSHEBAT/system/Database/BaseConnection.php(605): CodeIgniter\Database\BaseConnection->simpleQuery()
#4 /var/www/html/SIMRSHEBAT/app/Controllers/Lab.php(465): CodeIgniter\Database\BaseConnection->query()
#5 /var/www/html/SIMRSHEBAT/system/CodeIgniter.php(934): App\Controllers\Lab->produkRad()
#6 /var/www/html/SIMRSHEBAT/system/CodeIgniter.php(499): CodeIgniter\CodeIgniter->runController()
#7 /var/www/html/SIMRSHEBAT/system/CodeIgniter.php(368): CodeIgniter\CodeIgniter->handleRequest()
#8 /var/www/html/SIMRSHEBAT/index.php(67): CodeIgniter\CodeIgniter->run()
#9 {main}
CRITICAL - 2024-11-11 08:11:28 --> Call to a member function getResult() on bool
in APPPATH/Controllers/Lab.php on line 465.
 1 SYSTEMPATH/CodeIgniter.php(934): App\Controllers\Lab->produkRad()
 2 SYSTEMPATH/CodeIgniter.php(499): CodeIgniter\CodeIgniter->runController()
 3 SYSTEMPATH/CodeIgniter.php(368): CodeIgniter\CodeIgniter->handleRequest()
 4 FCPATH/index.php(67): CodeIgniter\CodeIgniter->run()
ERROR - 2024-11-11 08:11:28 --> ErrorException: pg_query(): Query failed: ERROR:  column &quot;id_penyakit&quot; specified in USING clause does not exist in left table in /var/www/html/SIMRSHEBAT/system/Database/Postgre/Connection.php:147
Stack trace:
#0 [internal function]: CodeIgniter\Debug\Exceptions->errorHandler()
#1 /var/www/html/SIMRSHEBAT/system/Database/Postgre/Connection.php(147): pg_query()
#2 /var/www/html/SIMRSHEBAT/system/Database/BaseConnection.php(691): CodeIgniter\Database\Postgre\Connection->execute()
#3 /var/www/html/SIMRSHEBAT/app/Controllers/Kunjungan.php(585): CodeIgniter\Database\BaseConnection->simpleQuery()
#4 /var/www/html/SIMRSHEBAT/system/CodeIgniter.php(934): App\Controllers\Kunjungan->historipenyakit()
#5 /var/www/html/SIMRSHEBAT/system/CodeIgniter.php(499): CodeIgniter\CodeIgniter->runController()
#6 /var/www/html/SIMRSHEBAT/system/CodeIgniter.php(368): CodeIgniter\CodeIgniter->handleRequest()
#7 /var/www/html/SIMRSHEBAT/index.php(67): CodeIgniter\CodeIgniter->run()
#8 {main}
WARNING - 2024-11-11 08:11:28 --> [DEPRECATED] Creation of dynamic property App\Controllers\Kunjungan::$db is deprecated in APPPATH/Controllers/Api.php on line 8.
 1 SYSTEMPATH/CodeIgniter.php(906): App\Controllers\Api->__construct()
 2 SYSTEMPATH/CodeIgniter.php(490): CodeIgniter\CodeIgniter->createController()
 3 SYSTEMPATH/CodeIgniter.php(368): CodeIgniter\CodeIgniter->handleRequest(null, Object(Config\Cache), false)
 4 FCPATH/index.php(67): CodeIgniter\CodeIgniter->run()
WARNING - 2024-11-11 08:11:28 --> [DEPRECATED] Creation of dynamic property App\Controllers\Kunjungan::$simrs is deprecated in APPPATH/Controllers/Api.php on line 9.
 1 SYSTEMPATH/CodeIgniter.php(906): App\Controllers\Api->__construct()
 2 SYSTEMPATH/CodeIgniter.php(490): CodeIgniter\CodeIgniter->createController()
 3 SYSTEMPATH/CodeIgniter.php(368): CodeIgniter\CodeIgniter->handleRequest(null, Object(Config\Cache), false)
 4 FCPATH/index.php(67): CodeIgniter\CodeIgniter->run()
WARNING - 2024-11-11 08:11:28 --> [DEPRECATED] Creation of dynamic property App\Controllers\Kunjungan::$db is deprecated in APPPATH/Controllers/Api.php on line 8.
 1 SYSTEMPATH/CodeIgniter.php(906): App\Controllers\Api->__construct()
 2 SYSTEMPATH/CodeIgniter.php(490): CodeIgniter\CodeIgniter->createController()
 3 SYSTEMPATH/CodeIgniter.php(368): CodeIgniter\CodeIgniter->handleRequest(null, Object(Config\Cache), false)
 4 FCPATH/index.php(67): CodeIgniter\CodeIgniter->run()
WARNING - 2024-11-11 08:11:28 --> [DEPRECATED] Creation of dynamic property App\Controllers\Kunjungan::$simrs is deprecated in APPPATH/Controllers/Api.php on line 9.
 1 SYSTEMPATH/CodeIgniter.php(906): App\Controllers\Api->__construct()
 2 SYSTEMPATH/CodeIgniter.php(490): CodeIgniter\CodeIgniter->createController()
 3 SYSTEMPATH/CodeIgniter.php(368): CodeIgniter\CodeIgniter->handleRequest(null, Object(Config\Cache), false)
 4 FCPATH/index.php(67): CodeIgniter\CodeIgniter->run()
WARNING - 2024-11-11 08:11:28 --> [DEPRECATED] Creation of dynamic property App\Controllers\Datasosial::$db is deprecated in APPPATH/Controllers/Api.php on line 8.
 1 SYSTEMPATH/CodeIgniter.php(906): App\Controllers\Api->__construct()
 2 SYSTEMPATH/CodeIgniter.php(490): CodeIgniter\CodeIgniter->createController()
 3 SYSTEMPATH/CodeIgniter.php(368): CodeIgniter\CodeIgniter->handleRequest(null, Object(Config\Cache), false)
 4 FCPATH/index.php(67): CodeIgniter\CodeIgniter->run()
WARNING - 2024-11-11 08:11:28 --> [DEPRECATED] Creation of dynamic property App\Controllers\Datasosial::$simrs is deprecated in APPPATH/Controllers/Api.php on line 9.
 1 SYSTEMPATH/CodeIgniter.php(906): App\Controllers\Api->__construct()
 2 SYSTEMPATH/CodeIgniter.php(490): CodeIgniter\CodeIgniter->createController()
 3 SYSTEMPATH/CodeIgniter.php(368): CodeIgniter\CodeIgniter->handleRequest(null, Object(Config\Cache), false)
 4 FCPATH/index.php(67): CodeIgniter\CodeIgniter->run()
ERROR - 2024-11-11 08:11:28 --> ErrorException: pg_query(): Query failed: ERROR:  relation &quot;alergi&quot; does not exist
LINE 1: SELECT * from alergi where no_rm='6-56-26-73' 
                      ^ in /var/www/html/SIMRSHEBAT/system/Database/Postgre/Connection.php:147
Stack trace:
#0 [internal function]: CodeIgniter\Debug\Exceptions->errorHandler()
#1 /var/www/html/SIMRSHEBAT/system/Database/Postgre/Connection.php(147): pg_query()
#2 /var/www/html/SIMRSHEBAT/system/Database/BaseConnection.php(691): CodeIgniter\Database\Postgre\Connection->execute()
#3 /var/www/html/SIMRSHEBAT/app/Controllers/Kunjungan.php(632): CodeIgniter\Database\BaseConnection->simpleQuery()
#4 /var/www/html/SIMRSHEBAT/system/CodeIgniter.php(934): App\Controllers\Kunjungan->historialergi()
#5 /var/www/html/SIMRSHEBAT/system/CodeIgniter.php(499): CodeIgniter\CodeIgniter->runController()
#6 /var/www/html/SIMRSHEBAT/system/CodeIgniter.php(368): CodeIgniter\CodeIgniter->handleRequest()
#7 /var/www/html/SIMRSHEBAT/index.php(67): CodeIgniter\CodeIgniter->run()
#8 {main}
ERROR - 2024-11-11 08:11:28 --> ErrorException: pg_query(): Query failed: ERROR:  column &quot;id_penyakit&quot; specified in USING clause does not exist in left table in /var/www/html/SIMRSHEBAT/system/Database/Postgre/Connection.php:147
Stack trace:
#0 [internal function]: CodeIgniter\Debug\Exceptions->errorHandler()
#1 /var/www/html/SIMRSHEBAT/system/Database/Postgre/Connection.php(147): pg_query()
#2 /var/www/html/SIMRSHEBAT/system/Database/BaseConnection.php(691): CodeIgniter\Database\Postgre\Connection->execute()
#3 /var/www/html/SIMRSHEBAT/app/Controllers/Kunjungan.php(617): CodeIgniter\Database\BaseConnection->simpleQuery()
#4 /var/www/html/SIMRSHEBAT/system/CodeIgniter.php(934): App\Controllers\Kunjungan->historipenyakitkeluarga()
#5 /var/www/html/SIMRSHEBAT/system/CodeIgniter.php(499): CodeIgniter\CodeIgniter->runController()
#6 /var/www/html/SIMRSHEBAT/system/CodeIgniter.php(368): CodeIgniter\CodeIgniter->handleRequest()
#7 /var/www/html/SIMRSHEBAT/index.php(67): CodeIgniter\CodeIgniter->run()
#8 {main}
WARNING - 2024-11-11 08:11:28 --> [DEPRECATED] Creation of dynamic property App\Controllers\Datasosial::$db is deprecated in APPPATH/Controllers/Api.php on line 8.
 1 SYSTEMPATH/CodeIgniter.php(906): App\Controllers\Api->__construct()
 2 SYSTEMPATH/CodeIgniter.php(490): CodeIgniter\CodeIgniter->createController()
 3 SYSTEMPATH/CodeIgniter.php(368): CodeIgniter\CodeIgniter->handleRequest(null, Object(Config\Cache), false)
 4 FCPATH/index.php(67): CodeIgniter\CodeIgniter->run()
WARNING - 2024-11-11 08:11:28 --> [DEPRECATED] Creation of dynamic property App\Controllers\Datasosial::$simrs is deprecated in APPPATH/Controllers/Api.php on line 9.
 1 SYSTEMPATH/CodeIgniter.php(906): App\Controllers\Api->__construct()
 2 SYSTEMPATH/CodeIgniter.php(490): CodeIgniter\CodeIgniter->createController()
 3 SYSTEMPATH/CodeIgniter.php(368): CodeIgniter\CodeIgniter->handleRequest(null, Object(Config\Cache), false)
 4 FCPATH/index.php(67): CodeIgniter\CodeIgniter->run()
WARNING - 2024-11-11 08:11:31 --> [DEPRECATED] Creation of dynamic property App\Controllers\Rekammedisirna::$db is deprecated in APPPATH/Controllers/Api.php on line 8.
 1 SYSTEMPATH/CodeIgniter.php(906): App\Controllers\Api->__construct()
 2 SYSTEMPATH/CodeIgniter.php(490): CodeIgniter\CodeIgniter->createController()
 3 SYSTEMPATH/CodeIgniter.php(368): CodeIgniter\CodeIgniter->handleRequest(null, Object(Config\Cache), false)
 4 FCPATH/index.php(67): CodeIgniter\CodeIgniter->run()
WARNING - 2024-11-11 08:11:31 --> [DEPRECATED] Creation of dynamic property App\Controllers\Rekammedisirna::$db is deprecated in APPPATH/Controllers/Api.php on line 8.
 1 SYSTEMPATH/CodeIgniter.php(906): App\Controllers\Api->__construct()
 2 SYSTEMPATH/CodeIgniter.php(490): CodeIgniter\CodeIgniter->createController()
 3 SYSTEMPATH/CodeIgniter.php(368): CodeIgniter\CodeIgniter->handleRequest(null, Object(Config\Cache), false)
 4 FCPATH/index.php(67): CodeIgniter\CodeIgniter->run()
WARNING - 2024-11-11 08:11:31 --> [DEPRECATED] Creation of dynamic property App\Controllers\Rekammedisirna::$simrs is deprecated in APPPATH/Controllers/Api.php on line 9.
 1 SYSTEMPATH/CodeIgniter.php(906): App\Controllers\Api->__construct()
 2 SYSTEMPATH/CodeIgniter.php(490): CodeIgniter\CodeIgniter->createController()
 3 SYSTEMPATH/CodeIgniter.php(368): CodeIgniter\CodeIgniter->handleRequest(null, Object(Config\Cache), false)
 4 FCPATH/index.php(67): CodeIgniter\CodeIgniter->run()
WARNING - 2024-11-11 08:11:31 --> [DEPRECATED] Creation of dynamic property App\Controllers\Rekammedisirna::$simrs is deprecated in APPPATH/Controllers/Api.php on line 9.
 1 SYSTEMPATH/CodeIgniter.php(906): App\Controllers\Api->__construct()
 2 SYSTEMPATH/CodeIgniter.php(490): CodeIgniter\CodeIgniter->createController()
 3 SYSTEMPATH/CodeIgniter.php(368): CodeIgniter\CodeIgniter->handleRequest(null, Object(Config\Cache), false)
 4 FCPATH/index.php(67): CodeIgniter\CodeIgniter->run()
WARNING - 2024-11-11 08:11:59 --> [DEPRECATED] Creation of dynamic property App\Controllers\Rekammedisirna::$db is deprecated in APPPATH/Controllers/Api.php on line 8.
 1 SYSTEMPATH/CodeIgniter.php(906): App\Controllers\Api->__construct()
 2 SYSTEMPATH/CodeIgniter.php(490): CodeIgniter\CodeIgniter->createController()
 3 SYSTEMPATH/CodeIgniter.php(368): CodeIgniter\CodeIgniter->handleRequest(null, Object(Config\Cache), false)
 4 FCPATH/index.php(67): CodeIgniter\CodeIgniter->run()
WARNING - 2024-11-11 08:11:59 --> [DEPRECATED] Creation of dynamic property App\Controllers\Rekammedisirna::$db is deprecated in APPPATH/Controllers/Api.php on line 8.
 1 SYSTEMPATH/CodeIgniter.php(906): App\Controllers\Api->__construct()
 2 SYSTEMPATH/CodeIgniter.php(490): CodeIgniter\CodeIgniter->createController()
 3 SYSTEMPATH/CodeIgniter.php(368): CodeIgniter\CodeIgniter->handleRequest(null, Object(Config\Cache), false)
 4 FCPATH/index.php(67): CodeIgniter\CodeIgniter->run()
WARNING - 2024-11-11 08:11:59 --> [DEPRECATED] Creation of dynamic property App\Controllers\Rekammedisirna::$simrs is deprecated in APPPATH/Controllers/Api.php on line 9.
 1 SYSTEMPATH/CodeIgniter.php(906): App\Controllers\Api->__construct()
 2 SYSTEMPATH/CodeIgniter.php(490): CodeIgniter\CodeIgniter->createController()
 3 SYSTEMPATH/CodeIgniter.php(368): CodeIgniter\CodeIgniter->handleRequest(null, Object(Config\Cache), false)
 4 FCPATH/index.php(67): CodeIgniter\CodeIgniter->run()
WARNING - 2024-11-11 08:11:59 --> [DEPRECATED] Creation of dynamic property App\Controllers\Rekammedisirna::$simrs is deprecated in APPPATH/Controllers/Api.php on line 9.
 1 SYSTEMPATH/CodeIgniter.php(906): App\Controllers\Api->__construct()
 2 SYSTEMPATH/CodeIgniter.php(490): CodeIgniter\CodeIgniter->createController()
 3 SYSTEMPATH/CodeIgniter.php(368): CodeIgniter\CodeIgniter->handleRequest(null, Object(Config\Cache), false)
 4 FCPATH/index.php(67): CodeIgniter\CodeIgniter->run()
WARNING - 2024-11-11 08:13:55 --> [DEPRECATED] Creation of dynamic property App\Controllers\Laporan::$db is deprecated in APPPATH/Controllers/Api.php on line 8.
 1 SYSTEMPATH/CodeIgniter.php(906): App\Controllers\Api->__construct()
 2 SYSTEMPATH/CodeIgniter.php(490): CodeIgniter\CodeIgniter->createController()
 3 SYSTEMPATH/CodeIgniter.php(368): CodeIgniter\CodeIgniter->handleRequest(null, Object(Config\Cache), false)
 4 FCPATH/index.php(67): CodeIgniter\CodeIgniter->run()
WARNING - 2024-11-11 08:13:55 --> [DEPRECATED] Creation of dynamic property App\Controllers\Laporan::$simrs is deprecated in APPPATH/Controllers/Api.php on line 9.
 1 SYSTEMPATH/CodeIgniter.php(906): App\Controllers\Api->__construct()
 2 SYSTEMPATH/CodeIgniter.php(490): CodeIgniter\CodeIgniter->createController()
 3 SYSTEMPATH/CodeIgniter.php(368): CodeIgniter\CodeIgniter->handleRequest(null, Object(Config\Cache), false)
 4 FCPATH/index.php(67): CodeIgniter\CodeIgniter->run()
WARNING - 2024-11-11 08:13:55 --> [DEPRECATED] Creation of dynamic property App\Controllers\User::$db is deprecated in APPPATH/Controllers/Api.php on line 8.
 1 SYSTEMPATH/CodeIgniter.php(906): App\Controllers\Api->__construct()
 2 SYSTEMPATH/CodeIgniter.php(490): CodeIgniter\CodeIgniter->createController()
 3 SYSTEMPATH/CodeIgniter.php(368): CodeIgniter\CodeIgniter->handleRequest(null, Object(Config\Cache), false)
 4 FCPATH/index.php(67): CodeIgniter\CodeIgniter->run()
WARNING - 2024-11-11 08:13:55 --> [DEPRECATED] Creation of dynamic property App\Controllers\User::$simrs is deprecated in APPPATH/Controllers/Api.php on line 9.
 1 SYSTEMPATH/CodeIgniter.php(906): App\Controllers\Api->__construct()
 2 SYSTEMPATH/CodeIgniter.php(490): CodeIgniter\CodeIgniter->createController()
 3 SYSTEMPATH/CodeIgniter.php(368): CodeIgniter\CodeIgniter->handleRequest(null, Object(Config\Cache), false)
 4 FCPATH/index.php(67): CodeIgniter\CodeIgniter->run()
WARNING - 2024-11-11 08:13:58 --> [DEPRECATED] Creation of dynamic property App\Controllers\Rekammedisirna::$db is deprecated in APPPATH/Controllers/Api.php on line 8.
 1 SYSTEMPATH/CodeIgniter.php(906): App\Controllers\Api->__construct()
 2 SYSTEMPATH/CodeIgniter.php(490): CodeIgniter\CodeIgniter->createController()
 3 SYSTEMPATH/CodeIgniter.php(368): CodeIgniter\CodeIgniter->handleRequest(null, Object(Config\Cache), false)
 4 FCPATH/index.php(67): CodeIgniter\CodeIgniter->run()
WARNING - 2024-11-11 08:13:58 --> [DEPRECATED] Creation of dynamic property App\Controllers\Rekammedisirna::$simrs is deprecated in APPPATH/Controllers/Api.php on line 9.
 1 SYSTEMPATH/CodeIgniter.php(906): App\Controllers\Api->__construct()
 2 SYSTEMPATH/CodeIgniter.php(490): CodeIgniter\CodeIgniter->createController()
 3 SYSTEMPATH/CodeIgniter.php(368): CodeIgniter\CodeIgniter->handleRequest(null, Object(Config\Cache), false)
 4 FCPATH/index.php(67): CodeIgniter\CodeIgniter->run()
WARNING - 2024-11-11 08:13:58 --> [DEPRECATED] Creation of dynamic property App\Controllers\Rekammedisirna::$db is deprecated in APPPATH/Controllers/Api.php on line 8.
 1 SYSTEMPATH/CodeIgniter.php(906): App\Controllers\Api->__construct()
 2 SYSTEMPATH/CodeIgniter.php(490): CodeIgniter\CodeIgniter->createController()
 3 SYSTEMPATH/CodeIgniter.php(368): CodeIgniter\CodeIgniter->handleRequest(null, Object(Config\Cache), false)
 4 FCPATH/index.php(67): CodeIgniter\CodeIgniter->run()
WARNING - 2024-11-11 08:13:58 --> [DEPRECATED] Creation of dynamic property App\Controllers\Rekammedisirna::$simrs is deprecated in APPPATH/Controllers/Api.php on line 9.
 1 SYSTEMPATH/CodeIgniter.php(906): App\Controllers\Api->__construct()
 2 SYSTEMPATH/CodeIgniter.php(490): CodeIgniter\CodeIgniter->createController()
 3 SYSTEMPATH/CodeIgniter.php(368): CodeIgniter\CodeIgniter->handleRequest(null, Object(Config\Cache), false)
 4 FCPATH/index.php(67): CodeIgniter\CodeIgniter->run()
WARNING - 2024-11-11 08:13:58 --> [DEPRECATED] Creation of dynamic property App\Controllers\Rekammedisirna::$db is deprecated in APPPATH/Controllers/Api.php on line 8.
 1 SYSTEMPATH/CodeIgniter.php(906): App\Controllers\Api->__construct()
 2 SYSTEMPATH/CodeIgniter.php(490): CodeIgniter\CodeIgniter->createController()
 3 SYSTEMPATH/CodeIgniter.php(368): CodeIgniter\CodeIgniter->handleRequest(null, Object(Config\Cache), false)
 4 FCPATH/index.php(67): CodeIgniter\CodeIgniter->run()
WARNING - 2024-11-11 08:13:58 --> [DEPRECATED] Creation of dynamic property App\Controllers\Rekammedisirna::$simrs is deprecated in APPPATH/Controllers/Api.php on line 9.
 1 SYSTEMPATH/CodeIgniter.php(906): App\Controllers\Api->__construct()
 2 SYSTEMPATH/CodeIgniter.php(490): CodeIgniter\CodeIgniter->createController()
 3 SYSTEMPATH/CodeIgniter.php(368): CodeIgniter\CodeIgniter->handleRequest(null, Object(Config\Cache), false)
 4 FCPATH/index.php(67): CodeIgniter\CodeIgniter->run()
WARNING - 2024-11-11 08:14:00 --> [DEPRECATED] Creation of dynamic property App\Controllers\Rekammedisirja::$db is deprecated in APPPATH/Controllers/Api.php on line 8.
 1 SYSTEMPATH/CodeIgniter.php(906): App\Controllers\Api->__construct()
 2 SYSTEMPATH/CodeIgniter.php(490): CodeIgniter\CodeIgniter->createController()
 3 SYSTEMPATH/CodeIgniter.php(368): CodeIgniter\CodeIgniter->handleRequest(null, Object(Config\Cache), false)
 4 FCPATH/index.php(67): CodeIgniter\CodeIgniter->run()
WARNING - 2024-11-11 08:14:00 --> [DEPRECATED] Creation of dynamic property App\Controllers\Rekammedisirja::$db is deprecated in APPPATH/Controllers/Api.php on line 8.
 1 SYSTEMPATH/CodeIgniter.php(906): App\Controllers\Api->__construct()
 2 SYSTEMPATH/CodeIgniter.php(490): CodeIgniter\CodeIgniter->createController()
 3 SYSTEMPATH/CodeIgniter.php(368): CodeIgniter\CodeIgniter->handleRequest(null, Object(Config\Cache), false)
 4 FCPATH/index.php(67): CodeIgniter\CodeIgniter->run()
WARNING - 2024-11-11 08:14:00 --> [DEPRECATED] Creation of dynamic property App\Controllers\Rekammedisirja::$simrs is deprecated in APPPATH/Controllers/Api.php on line 9.
 1 SYSTEMPATH/CodeIgniter.php(906): App\Controllers\Api->__construct()
 2 SYSTEMPATH/CodeIgniter.php(490): CodeIgniter\CodeIgniter->createController()
 3 SYSTEMPATH/CodeIgniter.php(368): CodeIgniter\CodeIgniter->handleRequest(null, Object(Config\Cache), false)
 4 FCPATH/index.php(67): CodeIgniter\CodeIgniter->run()
WARNING - 2024-11-11 08:14:00 --> [DEPRECATED] Creation of dynamic property App\Controllers\Rekammedisirja::$simrs is deprecated in APPPATH/Controllers/Api.php on line 9.
 1 SYSTEMPATH/CodeIgniter.php(906): App\Controllers\Api->__construct()
 2 SYSTEMPATH/CodeIgniter.php(490): CodeIgniter\CodeIgniter->createController()
 3 SYSTEMPATH/CodeIgniter.php(368): CodeIgniter\CodeIgniter->handleRequest(null, Object(Config\Cache), false)
 4 FCPATH/index.php(67): CodeIgniter\CodeIgniter->run()
WARNING - 2024-11-11 08:14:00 --> [DEPRECATED] Creation of dynamic property App\Controllers\Rawatjalan::$db is deprecated in APPPATH/Controllers/Api.php on line 8.
 1 SYSTEMPATH/CodeIgniter.php(906): App\Controllers\Api->__construct()
 2 SYSTEMPATH/CodeIgniter.php(490): CodeIgniter\CodeIgniter->createController()
 3 SYSTEMPATH/CodeIgniter.php(368): CodeIgniter\CodeIgniter->handleRequest(null, Object(Config\Cache), false)
 4 FCPATH/index.php(67): CodeIgniter\CodeIgniter->run()
WARNING - 2024-11-11 08:14:00 --> [DEPRECATED] Creation of dynamic property App\Controllers\Rawatjalan::$simrs is deprecated in APPPATH/Controllers/Api.php on line 9.
 1 SYSTEMPATH/CodeIgniter.php(906): App\Controllers\Api->__construct()
 2 SYSTEMPATH/CodeIgniter.php(490): CodeIgniter\CodeIgniter->createController()
 3 SYSTEMPATH/CodeIgniter.php(368): CodeIgniter\CodeIgniter->handleRequest(null, Object(Config\Cache), false)
 4 FCPATH/index.php(67): CodeIgniter\CodeIgniter->run()
ERROR - 2024-11-11 08:14:00 --> ErrorException: pg_query(): Query failed: ERROR:  column &quot;id_kunjungan&quot; does not exist
LINE 2: ...mr_tindakan inner join icd_9 USING(kd_icd9) where id_kunjung...
                                                             ^ in /var/www/html/SIMRSHEBAT/system/Database/Postgre/Connection.php:147
Stack trace:
#0 [internal function]: CodeIgniter\Debug\Exceptions->errorHandler()
#1 /var/www/html/SIMRSHEBAT/system/Database/Postgre/Connection.php(147): pg_query()
#2 /var/www/html/SIMRSHEBAT/system/Database/BaseConnection.php(691): CodeIgniter\Database\Postgre\Connection->execute()
#3 /var/www/html/SIMRSHEBAT/app/Controllers/Rekammedisirja.php(411): CodeIgniter\Database\BaseConnection->simpleQuery()
#4 /var/www/html/SIMRSHEBAT/system/CodeIgniter.php(934): App\Controllers\Rekammedisirja->datamricd9irja()
#5 /var/www/html/SIMRSHEBAT/system/CodeIgniter.php(499): CodeIgniter\CodeIgniter->runController()
#6 /var/www/html/SIMRSHEBAT/system/CodeIgniter.php(368): CodeIgniter\CodeIgniter->handleRequest()
#7 /var/www/html/SIMRSHEBAT/index.php(67): CodeIgniter\CodeIgniter->run()
#8 {main}
ERROR - 2024-11-11 08:14:00 --> ErrorException: pg_query(): Query failed: ERROR:  column &quot;jenis_pegawai&quot; does not exist
LINE 1: SELECT * FROM pegawai where jenis_pegawai='1'
                                    ^ in /var/www/html/SIMRSHEBAT/system/Database/Postgre/Connection.php:147
Stack trace:
#0 [internal function]: CodeIgniter\Debug\Exceptions->errorHandler()
#1 /var/www/html/SIMRSHEBAT/system/Database/Postgre/Connection.php(147): pg_query()
#2 /var/www/html/SIMRSHEBAT/system/Database/BaseConnection.php(691): CodeIgniter\Database\Postgre\Connection->execute()
#3 /var/www/html/SIMRSHEBAT/system/Database/BaseConnection.php(605): CodeIgniter\Database\BaseConnection->simpleQuery()
#4 /var/www/html/SIMRSHEBAT/app/Controllers/Rawatjalan.php(32): CodeIgniter\Database\BaseConnection->query()
#5 /var/www/html/SIMRSHEBAT/system/CodeIgniter.php(934): App\Controllers\Rawatjalan->pegawai()
#6 /var/www/html/SIMRSHEBAT/system/CodeIgniter.php(499): CodeIgniter\CodeIgniter->runController()
#7 /var/www/html/SIMRSHEBAT/system/CodeIgniter.php(368): CodeIgniter\CodeIgniter->handleRequest()
#8 /var/www/html/SIMRSHEBAT/index.php(67): CodeIgniter\CodeIgniter->run()
#9 {main}
CRITICAL - 2024-11-11 08:14:00 --> Call to a member function getResult() on bool
in APPPATH/Controllers/Rawatjalan.php on line 35.
 1 SYSTEMPATH/CodeIgniter.php(934): App\Controllers\Rawatjalan->pegawai()
 2 SYSTEMPATH/CodeIgniter.php(499): CodeIgniter\CodeIgniter->runController()
 3 SYSTEMPATH/CodeIgniter.php(368): CodeIgniter\CodeIgniter->handleRequest()
 4 FCPATH/index.php(67): CodeIgniter\CodeIgniter->run()
ERROR - 2024-11-11 08:14:00 --> ErrorException: pg_query(): Query failed: ERROR:  column &quot;id_penyakit&quot; specified in USING clause does not exist in left table in /var/www/html/SIMRSHEBAT/system/Database/Postgre/Connection.php:147
Stack trace:
#0 [internal function]: CodeIgniter\Debug\Exceptions->errorHandler()
#1 /var/www/html/SIMRSHEBAT/system/Database/Postgre/Connection.php(147): pg_query()
#2 /var/www/html/SIMRSHEBAT/system/Database/BaseConnection.php(691): CodeIgniter\Database\Postgre\Connection->execute()
#3 /var/www/html/SIMRSHEBAT/app/Controllers/Rekammedisirja.php(453): CodeIgniter\Database\BaseConnection->simpleQuery()
#4 /var/www/html/SIMRSHEBAT/system/CodeIgniter.php(934): App\Controllers\Rekammedisirja->datamrpenyakitirja()
#5 /var/www/html/SIMRSHEBAT/system/CodeIgniter.php(499): CodeIgniter\CodeIgniter->runController()
#6 /var/www/html/SIMRSHEBAT/system/CodeIgniter.php(368): CodeIgniter\CodeIgniter->handleRequest()
#7 /var/www/html/SIMRSHEBAT/index.php(67): CodeIgniter\CodeIgniter->run()
#8 {main}
WARNING - 2024-11-11 08:14:00 --> [DEPRECATED] Creation of dynamic property App\Controllers\Lab::$db is deprecated in APPPATH/Controllers/Api.php on line 8.
 1 SYSTEMPATH/CodeIgniter.php(906): App\Controllers\Api->__construct()
 2 SYSTEMPATH/CodeIgniter.php(490): CodeIgniter\CodeIgniter->createController()
 3 SYSTEMPATH/CodeIgniter.php(368): CodeIgniter\CodeIgniter->handleRequest(null, Object(Config\Cache), false)
 4 FCPATH/index.php(67): CodeIgniter\CodeIgniter->run()
WARNING - 2024-11-11 08:14:00 --> [DEPRECATED] Creation of dynamic property App\Controllers\Lab::$simrs is deprecated in APPPATH/Controllers/Api.php on line 9.
 1 SYSTEMPATH/CodeIgniter.php(906): App\Controllers\Api->__construct()
 2 SYSTEMPATH/CodeIgniter.php(490): CodeIgniter\CodeIgniter->createController()
 3 SYSTEMPATH/CodeIgniter.php(368): CodeIgniter\CodeIgniter->handleRequest(null, Object(Config\Cache), false)
 4 FCPATH/index.php(67): CodeIgniter\CodeIgniter->run()
WARNING - 2024-11-11 08:14:00 --> [DEPRECATED] Creation of dynamic property App\Controllers\Lab::$db is deprecated in APPPATH/Controllers/Api.php on line 8.
 1 SYSTEMPATH/CodeIgniter.php(906): App\Controllers\Api->__construct()
 2 SYSTEMPATH/CodeIgniter.php(490): CodeIgniter\CodeIgniter->createController()
 3 SYSTEMPATH/CodeIgniter.php(368): CodeIgniter\CodeIgniter->handleRequest(null, Object(Config\Cache), false)
 4 FCPATH/index.php(67): CodeIgniter\CodeIgniter->run()
WARNING - 2024-11-11 08:14:00 --> [DEPRECATED] Creation of dynamic property App\Controllers\Lab::$simrs is deprecated in APPPATH/Controllers/Api.php on line 9.
 1 SYSTEMPATH/CodeIgniter.php(906): App\Controllers\Api->__construct()
 2 SYSTEMPATH/CodeIgniter.php(490): CodeIgniter\CodeIgniter->createController()
 3 SYSTEMPATH/CodeIgniter.php(368): CodeIgniter\CodeIgniter->handleRequest(null, Object(Config\Cache), false)
 4 FCPATH/index.php(67): CodeIgniter\CodeIgniter->run()
WARNING - 2024-11-11 08:14:00 --> [DEPRECATED] Creation of dynamic property App\Controllers\Lab::$db is deprecated in APPPATH/Controllers/Api.php on line 8.
 1 SYSTEMPATH/CodeIgniter.php(906): App\Controllers\Api->__construct()
 2 SYSTEMPATH/CodeIgniter.php(490): CodeIgniter\CodeIgniter->createController()
 3 SYSTEMPATH/CodeIgniter.php(368): CodeIgniter\CodeIgniter->handleRequest(null, Object(Config\Cache), false)
 4 FCPATH/index.php(67): CodeIgniter\CodeIgniter->run()
WARNING - 2024-11-11 08:14:00 --> [DEPRECATED] Creation of dynamic property App\Controllers\Lab::$simrs is deprecated in APPPATH/Controllers/Api.php on line 9.
 1 SYSTEMPATH/CodeIgniter.php(906): App\Controllers\Api->__construct()
 2 SYSTEMPATH/CodeIgniter.php(490): CodeIgniter\CodeIgniter->createController()
 3 SYSTEMPATH/CodeIgniter.php(368): CodeIgniter\CodeIgniter->handleRequest(null, Object(Config\Cache), false)
 4 FCPATH/index.php(67): CodeIgniter\CodeIgniter->run()
ERROR - 2024-11-11 08:14:00 --> ErrorException: pg_query(): Query failed: ERROR:  column &quot;id_jenis_produk&quot; does not exist
LINE 1: SELECT * from produk WHERE id_jenis_produk='3' 
                                   ^ in /var/www/html/SIMRSHEBAT/system/Database/Postgre/Connection.php:147
Stack trace:
#0 [internal function]: CodeIgniter\Debug\Exceptions->errorHandler()
#1 /var/www/html/SIMRSHEBAT/system/Database/Postgre/Connection.php(147): pg_query()
#2 /var/www/html/SIMRSHEBAT/system/Database/BaseConnection.php(691): CodeIgniter\Database\Postgre\Connection->execute()
#3 /var/www/html/SIMRSHEBAT/system/Database/BaseConnection.php(605): CodeIgniter\Database\BaseConnection->simpleQuery()
#4 /var/www/html/SIMRSHEBAT/app/Controllers/Lab.php(447): CodeIgniter\Database\BaseConnection->query()
#5 /var/www/html/SIMRSHEBAT/system/CodeIgniter.php(934): App\Controllers\Lab->produk()
#6 /var/www/html/SIMRSHEBAT/system/CodeIgniter.php(499): CodeIgniter\CodeIgniter->runController()
#7 /var/www/html/SIMRSHEBAT/system/CodeIgniter.php(368): CodeIgniter\CodeIgniter->handleRequest()
#8 /var/www/html/SIMRSHEBAT/index.php(67): CodeIgniter\CodeIgniter->run()
#9 {main}
CRITICAL - 2024-11-11 08:14:00 --> Call to a member function getResult() on bool
in APPPATH/Controllers/Lab.php on line 447.
 1 SYSTEMPATH/CodeIgniter.php(934): App\Controllers\Lab->produk()
 2 SYSTEMPATH/CodeIgniter.php(499): CodeIgniter\CodeIgniter->runController()
 3 SYSTEMPATH/CodeIgniter.php(368): CodeIgniter\CodeIgniter->handleRequest()
 4 FCPATH/index.php(67): CodeIgniter\CodeIgniter->run()
ERROR - 2024-11-11 08:14:00 --> ErrorException: pg_query(): Query failed: ERROR:  function left(integer, integer) does not exist
LINE 1: SELECT * from produk WHERE left(kd_produk,2)='CT' 
                                   ^
HINT:  No function matches the given name and argument types. You might need to add explicit type casts. in /var/www/html/SIMRSHEBAT/system/Database/Postgre/Connection.php:147
Stack trace:
#0 [internal function]: CodeIgniter\Debug\Exceptions->errorHandler()
#1 /var/www/html/SIMRSHEBAT/system/Database/Postgre/Connection.php(147): pg_query()
#2 /var/www/html/SIMRSHEBAT/system/Database/BaseConnection.php(691): CodeIgniter\Database\Postgre\Connection->execute()
#3 /var/www/html/SIMRSHEBAT/system/Database/BaseConnection.php(605): CodeIgniter\Database\BaseConnection->simpleQuery()
#4 /var/www/html/SIMRSHEBAT/app/Controllers/Lab.php(465): CodeIgniter\Database\BaseConnection->query()
#5 /var/www/html/SIMRSHEBAT/system/CodeIgniter.php(934): App\Controllers\Lab->produkRad()
#6 /var/www/html/SIMRSHEBAT/system/CodeIgniter.php(499): CodeIgniter\CodeIgniter->runController()
#7 /var/www/html/SIMRSHEBAT/system/CodeIgniter.php(368): CodeIgniter\CodeIgniter->handleRequest()
#8 /var/www/html/SIMRSHEBAT/index.php(67): CodeIgniter\CodeIgniter->run()
#9 {main}
CRITICAL - 2024-11-11 08:14:00 --> Call to a member function getResult() on bool
in APPPATH/Controllers/Lab.php on line 465.
 1 SYSTEMPATH/CodeIgniter.php(934): App\Controllers\Lab->produkRad()
 2 SYSTEMPATH/CodeIgniter.php(499): CodeIgniter\CodeIgniter->runController()
 3 SYSTEMPATH/CodeIgniter.php(368): CodeIgniter\CodeIgniter->handleRequest()
 4 FCPATH/index.php(67): CodeIgniter\CodeIgniter->run()
ERROR - 2024-11-11 08:14:00 --> ErrorException: pg_query(): Query failed: ERROR:  function left(integer, integer) does not exist
LINE 1: SELECT * from produk WHERE left(kd_produk,2)='XR' 
                                   ^
HINT:  No function matches the given name and argument types. You might need to add explicit type casts. in /var/www/html/SIMRSHEBAT/system/Database/Postgre/Connection.php:147
Stack trace:
#0 [internal function]: CodeIgniter\Debug\Exceptions->errorHandler()
#1 /var/www/html/SIMRSHEBAT/system/Database/Postgre/Connection.php(147): pg_query()
#2 /var/www/html/SIMRSHEBAT/system/Database/BaseConnection.php(691): CodeIgniter\Database\Postgre\Connection->execute()
#3 /var/www/html/SIMRSHEBAT/system/Database/BaseConnection.php(605): CodeIgniter\Database\BaseConnection->simpleQuery()
#4 /var/www/html/SIMRSHEBAT/app/Controllers/Lab.php(465): CodeIgniter\Database\BaseConnection->query()
#5 /var/www/html/SIMRSHEBAT/system/CodeIgniter.php(934): App\Controllers\Lab->produkRad()
#6 /var/www/html/SIMRSHEBAT/system/CodeIgniter.php(499): CodeIgniter\CodeIgniter->runController()
#7 /var/www/html/SIMRSHEBAT/system/CodeIgniter.php(368): CodeIgniter\CodeIgniter->handleRequest()
#8 /var/www/html/SIMRSHEBAT/index.php(67): CodeIgniter\CodeIgniter->run()
#9 {main}
CRITICAL - 2024-11-11 08:14:00 --> Call to a member function getResult() on bool
in APPPATH/Controllers/Lab.php on line 465.
 1 SYSTEMPATH/CodeIgniter.php(934): App\Controllers\Lab->produkRad()
 2 SYSTEMPATH/CodeIgniter.php(499): CodeIgniter\CodeIgniter->runController()
 3 SYSTEMPATH/CodeIgniter.php(368): CodeIgniter\CodeIgniter->handleRequest()
 4 FCPATH/index.php(67): CodeIgniter\CodeIgniter->run()
WARNING - 2024-11-11 08:14:00 --> [DEPRECATED] Creation of dynamic property App\Controllers\Lab::$db is deprecated in APPPATH/Controllers/Api.php on line 8.
 1 SYSTEMPATH/CodeIgniter.php(906): App\Controllers\Api->__construct()
 2 SYSTEMPATH/CodeIgniter.php(490): CodeIgniter\CodeIgniter->createController()
 3 SYSTEMPATH/CodeIgniter.php(368): CodeIgniter\CodeIgniter->handleRequest(null, Object(Config\Cache), false)
 4 FCPATH/index.php(67): CodeIgniter\CodeIgniter->run()
WARNING - 2024-11-11 08:14:00 --> [DEPRECATED] Creation of dynamic property App\Controllers\Rekammedisirna::$db is deprecated in APPPATH/Controllers/Api.php on line 8.
 1 SYSTEMPATH/CodeIgniter.php(906): App\Controllers\Api->__construct()
 2 SYSTEMPATH/CodeIgniter.php(490): CodeIgniter\CodeIgniter->createController()
 3 SYSTEMPATH/CodeIgniter.php(368): CodeIgniter\CodeIgniter->handleRequest(null, Object(Config\Cache), false)
 4 FCPATH/index.php(67): CodeIgniter\CodeIgniter->run()
WARNING - 2024-11-11 08:14:00 --> [DEPRECATED] Creation of dynamic property App\Controllers\Lab::$simrs is deprecated in APPPATH/Controllers/Api.php on line 9.
 1 SYSTEMPATH/CodeIgniter.php(906): App\Controllers\Api->__construct()
 2 SYSTEMPATH/CodeIgniter.php(490): CodeIgniter\CodeIgniter->createController()
 3 SYSTEMPATH/CodeIgniter.php(368): CodeIgniter\CodeIgniter->handleRequest(null, Object(Config\Cache), false)
 4 FCPATH/index.php(67): CodeIgniter\CodeIgniter->run()
WARNING - 2024-11-11 08:14:00 --> [DEPRECATED] Creation of dynamic property App\Controllers\Rekammedisirna::$simrs is deprecated in APPPATH/Controllers/Api.php on line 9.
 1 SYSTEMPATH/CodeIgniter.php(906): App\Controllers\Api->__construct()
 2 SYSTEMPATH/CodeIgniter.php(490): CodeIgniter\CodeIgniter->createController()
 3 SYSTEMPATH/CodeIgniter.php(368): CodeIgniter\CodeIgniter->handleRequest(null, Object(Config\Cache), false)
 4 FCPATH/index.php(67): CodeIgniter\CodeIgniter->run()
WARNING - 2024-11-11 08:14:00 --> [DEPRECATED] Creation of dynamic property App\Controllers\Kunjungan::$db is deprecated in APPPATH/Controllers/Api.php on line 8.
 1 SYSTEMPATH/CodeIgniter.php(906): App\Controllers\Api->__construct()
 2 SYSTEMPATH/CodeIgniter.php(490): CodeIgniter\CodeIgniter->createController()
 3 SYSTEMPATH/CodeIgniter.php(368): CodeIgniter\CodeIgniter->handleRequest(null, Object(Config\Cache), false)
 4 FCPATH/index.php(67): CodeIgniter\CodeIgniter->run()
WARNING - 2024-11-11 08:14:00 --> [DEPRECATED] Creation of dynamic property App\Controllers\Kunjungan::$simrs is deprecated in APPPATH/Controllers/Api.php on line 9.
 1 SYSTEMPATH/CodeIgniter.php(906): App\Controllers\Api->__construct()
 2 SYSTEMPATH/CodeIgniter.php(490): CodeIgniter\CodeIgniter->createController()
 3 SYSTEMPATH/CodeIgniter.php(368): CodeIgniter\CodeIgniter->handleRequest(null, Object(Config\Cache), false)
 4 FCPATH/index.php(67): CodeIgniter\CodeIgniter->run()
ERROR - 2024-11-11 08:14:00 --> ErrorException: pg_query(): Query failed: ERROR:  relation &quot;order_lab&quot; does not exist
LINE 2:         order_lab o inner join
                ^ in /var/www/html/SIMRSHEBAT/system/Database/Postgre/Connection.php:147
Stack trace:
#0 [internal function]: CodeIgniter\Debug\Exceptions->errorHandler()
#1 /var/www/html/SIMRSHEBAT/system/Database/Postgre/Connection.php(147): pg_query()
#2 /var/www/html/SIMRSHEBAT/system/Database/BaseConnection.php(691): CodeIgniter\Database\Postgre\Connection->execute()
#3 /var/www/html/SIMRSHEBAT/app/Controllers/Rekammedisirna.php(823): CodeIgniter\Database\BaseConnection->simpleQuery()
#4 /var/www/html/SIMRSHEBAT/system/CodeIgniter.php(934): App\Controllers\Rekammedisirna->datapenunjangpasienirna()
#5 /var/www/html/SIMRSHEBAT/system/CodeIgniter.php(499): CodeIgniter\CodeIgniter->runController()
#6 /var/www/html/SIMRSHEBAT/system/CodeIgniter.php(368): CodeIgniter\CodeIgniter->handleRequest()
#7 /var/www/html/SIMRSHEBAT/index.php(67): CodeIgniter\CodeIgniter->run()
#8 {main}
ERROR - 2024-11-11 08:14:00 --> ErrorException: pg_query(): Query failed: ERROR:  function left(integer, integer) does not exist
LINE 1: SELECT * from produk WHERE left(kd_produk,2)='UR' 
                                   ^
HINT:  No function matches the given name and argument types. You might need to add explicit type casts. in /var/www/html/SIMRSHEBAT/system/Database/Postgre/Connection.php:147
Stack trace:
#0 [internal function]: CodeIgniter\Debug\Exceptions->errorHandler()
#1 /var/www/html/SIMRSHEBAT/system/Database/Postgre/Connection.php(147): pg_query()
#2 /var/www/html/SIMRSHEBAT/system/Database/BaseConnection.php(691): CodeIgniter\Database\Postgre\Connection->execute()
#3 /var/www/html/SIMRSHEBAT/system/Database/BaseConnection.php(605): CodeIgniter\Database\BaseConnection->simpleQuery()
#4 /var/www/html/SIMRSHEBAT/app/Controllers/Lab.php(465): CodeIgniter\Database\BaseConnection->query()
#5 /var/www/html/SIMRSHEBAT/system/CodeIgniter.php(934): App\Controllers\Lab->produkRad()
#6 /var/www/html/SIMRSHEBAT/system/CodeIgniter.php(499): CodeIgniter\CodeIgniter->runController()
#7 /var/www/html/SIMRSHEBAT/system/CodeIgniter.php(368): CodeIgniter\CodeIgniter->handleRequest()
#8 /var/www/html/SIMRSHEBAT/index.php(67): CodeIgniter\CodeIgniter->run()
#9 {main}
CRITICAL - 2024-11-11 08:14:00 --> Call to a member function getResult() on bool
in APPPATH/Controllers/Lab.php on line 465.
 1 SYSTEMPATH/CodeIgniter.php(934): App\Controllers\Lab->produkRad()
 2 SYSTEMPATH/CodeIgniter.php(499): CodeIgniter\CodeIgniter->runController()
 3 SYSTEMPATH/CodeIgniter.php(368): CodeIgniter\CodeIgniter->handleRequest()
 4 FCPATH/index.php(67): CodeIgniter\CodeIgniter->run()
ERROR - 2024-11-11 08:14:00 --> ErrorException: pg_query(): Query failed: ERROR:  column &quot;id_penyakit&quot; specified in USING clause does not exist in left table in /var/www/html/SIMRSHEBAT/system/Database/Postgre/Connection.php:147
Stack trace:
#0 [internal function]: CodeIgniter\Debug\Exceptions->errorHandler()
#1 /var/www/html/SIMRSHEBAT/system/Database/Postgre/Connection.php(147): pg_query()
#2 /var/www/html/SIMRSHEBAT/system/Database/BaseConnection.php(691): CodeIgniter\Database\Postgre\Connection->execute()
#3 /var/www/html/SIMRSHEBAT/app/Controllers/Kunjungan.php(585): CodeIgniter\Database\BaseConnection->simpleQuery()
#4 /var/www/html/SIMRSHEBAT/system/CodeIgniter.php(934): App\Controllers\Kunjungan->historipenyakit()
#5 /var/www/html/SIMRSHEBAT/system/CodeIgniter.php(499): CodeIgniter\CodeIgniter->runController()
#6 /var/www/html/SIMRSHEBAT/system/CodeIgniter.php(368): CodeIgniter\CodeIgniter->handleRequest()
#7 /var/www/html/SIMRSHEBAT/index.php(67): CodeIgniter\CodeIgniter->run()
#8 {main}
WARNING - 2024-11-11 08:14:00 --> [DEPRECATED] Creation of dynamic property App\Controllers\Kunjungan::$db is deprecated in APPPATH/Controllers/Api.php on line 8.
 1 SYSTEMPATH/CodeIgniter.php(906): App\Controllers\Api->__construct()
 2 SYSTEMPATH/CodeIgniter.php(490): CodeIgniter\CodeIgniter->createController()
 3 SYSTEMPATH/CodeIgniter.php(368): CodeIgniter\CodeIgniter->handleRequest(null, Object(Config\Cache), false)
 4 FCPATH/index.php(67): CodeIgniter\CodeIgniter->run()
WARNING - 2024-11-11 08:14:00 --> [DEPRECATED] Creation of dynamic property App\Controllers\Kunjungan::$simrs is deprecated in APPPATH/Controllers/Api.php on line 9.
 1 SYSTEMPATH/CodeIgniter.php(906): App\Controllers\Api->__construct()
 2 SYSTEMPATH/CodeIgniter.php(490): CodeIgniter\CodeIgniter->createController()
 3 SYSTEMPATH/CodeIgniter.php(368): CodeIgniter\CodeIgniter->handleRequest(null, Object(Config\Cache), false)
 4 FCPATH/index.php(67): CodeIgniter\CodeIgniter->run()
WARNING - 2024-11-11 08:14:00 --> [DEPRECATED] Creation of dynamic property App\Controllers\Kunjungan::$db is deprecated in APPPATH/Controllers/Api.php on line 8.
 1 SYSTEMPATH/CodeIgniter.php(906): App\Controllers\Api->__construct()
 2 SYSTEMPATH/CodeIgniter.php(490): CodeIgniter\CodeIgniter->createController()
 3 SYSTEMPATH/CodeIgniter.php(368): CodeIgniter\CodeIgniter->handleRequest(null, Object(Config\Cache), false)
 4 FCPATH/index.php(67): CodeIgniter\CodeIgniter->run()
WARNING - 2024-11-11 08:14:00 --> [DEPRECATED] Creation of dynamic property App\Controllers\Datasosial::$db is deprecated in APPPATH/Controllers/Api.php on line 8.
 1 SYSTEMPATH/CodeIgniter.php(906): App\Controllers\Api->__construct()
 2 SYSTEMPATH/CodeIgniter.php(490): CodeIgniter\CodeIgniter->createController()
 3 SYSTEMPATH/CodeIgniter.php(368): CodeIgniter\CodeIgniter->handleRequest(null, Object(Config\Cache), false)
 4 FCPATH/index.php(67): CodeIgniter\CodeIgniter->run()
WARNING - 2024-11-11 08:14:00 --> [DEPRECATED] Creation of dynamic property App\Controllers\Kunjungan::$simrs is deprecated in APPPATH/Controllers/Api.php on line 9.
 1 SYSTEMPATH/CodeIgniter.php(906): App\Controllers\Api->__construct()
 2 SYSTEMPATH/CodeIgniter.php(490): CodeIgniter\CodeIgniter->createController()
 3 SYSTEMPATH/CodeIgniter.php(368): CodeIgniter\CodeIgniter->handleRequest(null, Object(Config\Cache), false)
 4 FCPATH/index.php(67): CodeIgniter\CodeIgniter->run()
WARNING - 2024-11-11 08:14:00 --> [DEPRECATED] Creation of dynamic property App\Controllers\Datasosial::$simrs is deprecated in APPPATH/Controllers/Api.php on line 9.
 1 SYSTEMPATH/CodeIgniter.php(906): App\Controllers\Api->__construct()
 2 SYSTEMPATH/CodeIgniter.php(490): CodeIgniter\CodeIgniter->createController()
 3 SYSTEMPATH/CodeIgniter.php(368): CodeIgniter\CodeIgniter->handleRequest(null, Object(Config\Cache), false)
 4 FCPATH/index.php(67): CodeIgniter\CodeIgniter->run()
ERROR - 2024-11-11 08:14:00 --> ErrorException: pg_query(): Query failed: ERROR:  column &quot;id_penyakit&quot; specified in USING clause does not exist in left table in /var/www/html/SIMRSHEBAT/system/Database/Postgre/Connection.php:147
Stack trace:
#0 [internal function]: CodeIgniter\Debug\Exceptions->errorHandler()
#1 /var/www/html/SIMRSHEBAT/system/Database/Postgre/Connection.php(147): pg_query()
#2 /var/www/html/SIMRSHEBAT/system/Database/BaseConnection.php(691): CodeIgniter\Database\Postgre\Connection->execute()
#3 /var/www/html/SIMRSHEBAT/app/Controllers/Kunjungan.php(617): CodeIgniter\Database\BaseConnection->simpleQuery()
#4 /var/www/html/SIMRSHEBAT/system/CodeIgniter.php(934): App\Controllers\Kunjungan->historipenyakitkeluarga()
#5 /var/www/html/SIMRSHEBAT/system/CodeIgniter.php(499): CodeIgniter\CodeIgniter->runController()
#6 /var/www/html/SIMRSHEBAT/system/CodeIgniter.php(368): CodeIgniter\CodeIgniter->handleRequest()
#7 /var/www/html/SIMRSHEBAT/index.php(67): CodeIgniter\CodeIgniter->run()
#8 {main}
ERROR - 2024-11-11 08:14:00 --> ErrorException: pg_query(): Query failed: ERROR:  relation &quot;alergi&quot; does not exist
LINE 1: SELECT * from alergi where no_rm='6-56-26-73' 
                      ^ in /var/www/html/SIMRSHEBAT/system/Database/Postgre/Connection.php:147
Stack trace:
#0 [internal function]: CodeIgniter\Debug\Exceptions->errorHandler()
#1 /var/www/html/SIMRSHEBAT/system/Database/Postgre/Connection.php(147): pg_query()
#2 /var/www/html/SIMRSHEBAT/system/Database/BaseConnection.php(691): CodeIgniter\Database\Postgre\Connection->execute()
#3 /var/www/html/SIMRSHEBAT/app/Controllers/Kunjungan.php(632): CodeIgniter\Database\BaseConnection->simpleQuery()
#4 /var/www/html/SIMRSHEBAT/system/CodeIgniter.php(934): App\Controllers\Kunjungan->historialergi()
#5 /var/www/html/SIMRSHEBAT/system/CodeIgniter.php(499): CodeIgniter\CodeIgniter->runController()
#6 /var/www/html/SIMRSHEBAT/system/CodeIgniter.php(368): CodeIgniter\CodeIgniter->handleRequest()
#7 /var/www/html/SIMRSHEBAT/index.php(67): CodeIgniter\CodeIgniter->run()
#8 {main}
WARNING - 2024-11-11 08:14:00 --> [DEPRECATED] Creation of dynamic property App\Controllers\Datasosial::$db is deprecated in APPPATH/Controllers/Api.php on line 8.
 1 SYSTEMPATH/CodeIgniter.php(906): App\Controllers\Api->__construct()
 2 SYSTEMPATH/CodeIgniter.php(490): CodeIgniter\CodeIgniter->createController()
 3 SYSTEMPATH/CodeIgniter.php(368): CodeIgniter\CodeIgniter->handleRequest(null, Object(Config\Cache), false)
 4 FCPATH/index.php(67): CodeIgniter\CodeIgniter->run()
WARNING - 2024-11-11 08:14:00 --> [DEPRECATED] Creation of dynamic property App\Controllers\Datasosial::$simrs is deprecated in APPPATH/Controllers/Api.php on line 9.
 1 SYSTEMPATH/CodeIgniter.php(906): App\Controllers\Api->__construct()
 2 SYSTEMPATH/CodeIgniter.php(490): CodeIgniter\CodeIgniter->createController()
 3 SYSTEMPATH/CodeIgniter.php(368): CodeIgniter\CodeIgniter->handleRequest(null, Object(Config\Cache), false)
 4 FCPATH/index.php(67): CodeIgniter\CodeIgniter->run()
WARNING - 2024-11-11 08:14:03 --> [DEPRECATED] Creation of dynamic property App\Controllers\Rekammedisirna::$db is deprecated in APPPATH/Controllers/Api.php on line 8.
 1 SYSTEMPATH/CodeIgniter.php(906): App\Controllers\Api->__construct()
 2 SYSTEMPATH/CodeIgniter.php(490): CodeIgniter\CodeIgniter->createController()
 3 SYSTEMPATH/CodeIgniter.php(368): CodeIgniter\CodeIgniter->handleRequest(null, Object(Config\Cache), false)
 4 FCPATH/index.php(67): CodeIgniter\CodeIgniter->run()
WARNING - 2024-11-11 08:14:03 --> [DEPRECATED] Creation of dynamic property App\Controllers\Rekammedisirna::$db is deprecated in APPPATH/Controllers/Api.php on line 8.
 1 SYSTEMPATH/CodeIgniter.php(906): App\Controllers\Api->__construct()
 2 SYSTEMPATH/CodeIgniter.php(490): CodeIgniter\CodeIgniter->createController()
 3 SYSTEMPATH/CodeIgniter.php(368): CodeIgniter\CodeIgniter->handleRequest(null, Object(Config\Cache), false)
 4 FCPATH/index.php(67): CodeIgniter\CodeIgniter->run()
WARNING - 2024-11-11 08:14:03 --> [DEPRECATED] Creation of dynamic property App\Controllers\Rekammedisirna::$simrs is deprecated in APPPATH/Controllers/Api.php on line 9.
 1 SYSTEMPATH/CodeIgniter.php(906): App\Controllers\Api->__construct()
 2 SYSTEMPATH/CodeIgniter.php(490): CodeIgniter\CodeIgniter->createController()
 3 SYSTEMPATH/CodeIgniter.php(368): CodeIgniter\CodeIgniter->handleRequest(null, Object(Config\Cache), false)
 4 FCPATH/index.php(67): CodeIgniter\CodeIgniter->run()
WARNING - 2024-11-11 08:14:03 --> [DEPRECATED] Creation of dynamic property App\Controllers\Rekammedisirna::$simrs is deprecated in APPPATH/Controllers/Api.php on line 9.
 1 SYSTEMPATH/CodeIgniter.php(906): App\Controllers\Api->__construct()
 2 SYSTEMPATH/CodeIgniter.php(490): CodeIgniter\CodeIgniter->createController()
 3 SYSTEMPATH/CodeIgniter.php(368): CodeIgniter\CodeIgniter->handleRequest(null, Object(Config\Cache), false)
 4 FCPATH/index.php(67): CodeIgniter\CodeIgniter->run()
WARNING - 2024-11-11 08:19:22 --> [DEPRECATED] Creation of dynamic property App\Controllers\Laporan::$db is deprecated in APPPATH/Controllers/Api.php on line 8.
 1 SYSTEMPATH/CodeIgniter.php(906): App\Controllers\Api->__construct()
 2 SYSTEMPATH/CodeIgniter.php(490): CodeIgniter\CodeIgniter->createController()
 3 SYSTEMPATH/CodeIgniter.php(368): CodeIgniter\CodeIgniter->handleRequest(null, Object(Config\Cache), false)
 4 FCPATH/index.php(67): CodeIgniter\CodeIgniter->run()
WARNING - 2024-11-11 08:19:22 --> [DEPRECATED] Creation of dynamic property App\Controllers\Laporan::$simrs is deprecated in APPPATH/Controllers/Api.php on line 9.
 1 SYSTEMPATH/CodeIgniter.php(906): App\Controllers\Api->__construct()
 2 SYSTEMPATH/CodeIgniter.php(490): CodeIgniter\CodeIgniter->createController()
 3 SYSTEMPATH/CodeIgniter.php(368): CodeIgniter\CodeIgniter->handleRequest(null, Object(Config\Cache), false)
 4 FCPATH/index.php(67): CodeIgniter\CodeIgniter->run()
WARNING - 2024-11-11 08:19:22 --> [DEPRECATED] Creation of dynamic property App\Controllers\User::$db is deprecated in APPPATH/Controllers/Api.php on line 8.
 1 SYSTEMPATH/CodeIgniter.php(906): App\Controllers\Api->__construct()
 2 SYSTEMPATH/CodeIgniter.php(490): CodeIgniter\CodeIgniter->createController()
 3 SYSTEMPATH/CodeIgniter.php(368): CodeIgniter\CodeIgniter->handleRequest(null, Object(Config\Cache), false)
 4 FCPATH/index.php(67): CodeIgniter\CodeIgniter->run()
WARNING - 2024-11-11 08:19:22 --> [DEPRECATED] Creation of dynamic property App\Controllers\User::$simrs is deprecated in APPPATH/Controllers/Api.php on line 9.
 1 SYSTEMPATH/CodeIgniter.php(906): App\Controllers\Api->__construct()
 2 SYSTEMPATH/CodeIgniter.php(490): CodeIgniter\CodeIgniter->createController()
 3 SYSTEMPATH/CodeIgniter.php(368): CodeIgniter\CodeIgniter->handleRequest(null, Object(Config\Cache), false)
 4 FCPATH/index.php(67): CodeIgniter\CodeIgniter->run()
WARNING - 2024-11-11 08:19:26 --> [DEPRECATED] Creation of dynamic property App\Controllers\Rekammedisirna::$db is deprecated in APPPATH/Controllers/Api.php on line 8.
 1 SYSTEMPATH/CodeIgniter.php(906): App\Controllers\Api->__construct()
 2 SYSTEMPATH/CodeIgniter.php(490): CodeIgniter\CodeIgniter->createController()
 3 SYSTEMPATH/CodeIgniter.php(368): CodeIgniter\CodeIgniter->handleRequest(null, Object(Config\Cache), false)
 4 FCPATH/index.php(67): CodeIgniter\CodeIgniter->run()
WARNING - 2024-11-11 08:19:26 --> [DEPRECATED] Creation of dynamic property App\Controllers\Rekammedisirna::$simrs is deprecated in APPPATH/Controllers/Api.php on line 9.
 1 SYSTEMPATH/CodeIgniter.php(906): App\Controllers\Api->__construct()
 2 SYSTEMPATH/CodeIgniter.php(490): CodeIgniter\CodeIgniter->createController()
 3 SYSTEMPATH/CodeIgniter.php(368): CodeIgniter\CodeIgniter->handleRequest(null, Object(Config\Cache), false)
 4 FCPATH/index.php(67): CodeIgniter\CodeIgniter->run()
WARNING - 2024-11-11 08:19:26 --> [DEPRECATED] Creation of dynamic property App\Controllers\Rekammedisirna::$db is deprecated in APPPATH/Controllers/Api.php on line 8.
 1 SYSTEMPATH/CodeIgniter.php(906): App\Controllers\Api->__construct()
 2 SYSTEMPATH/CodeIgniter.php(490): CodeIgniter\CodeIgniter->createController()
 3 SYSTEMPATH/CodeIgniter.php(368): CodeIgniter\CodeIgniter->handleRequest(null, Object(Config\Cache), false)
 4 FCPATH/index.php(67): CodeIgniter\CodeIgniter->run()
WARNING - 2024-11-11 08:19:26 --> [DEPRECATED] Creation of dynamic property App\Controllers\Rekammedisirna::$simrs is deprecated in APPPATH/Controllers/Api.php on line 9.
 1 SYSTEMPATH/CodeIgniter.php(906): App\Controllers\Api->__construct()
 2 SYSTEMPATH/CodeIgniter.php(490): CodeIgniter\CodeIgniter->createController()
 3 SYSTEMPATH/CodeIgniter.php(368): CodeIgniter\CodeIgniter->handleRequest(null, Object(Config\Cache), false)
 4 FCPATH/index.php(67): CodeIgniter\CodeIgniter->run()
WARNING - 2024-11-11 08:19:26 --> [DEPRECATED] Creation of dynamic property App\Controllers\Rekammedisirna::$db is deprecated in APPPATH/Controllers/Api.php on line 8.
 1 SYSTEMPATH/CodeIgniter.php(906): App\Controllers\Api->__construct()
 2 SYSTEMPATH/CodeIgniter.php(490): CodeIgniter\CodeIgniter->createController()
 3 SYSTEMPATH/CodeIgniter.php(368): CodeIgniter\CodeIgniter->handleRequest(null, Object(Config\Cache), false)
 4 FCPATH/index.php(67): CodeIgniter\CodeIgniter->run()
WARNING - 2024-11-11 08:19:26 --> [DEPRECATED] Creation of dynamic property App\Controllers\Rekammedisirna::$simrs is deprecated in APPPATH/Controllers/Api.php on line 9.
 1 SYSTEMPATH/CodeIgniter.php(906): App\Controllers\Api->__construct()
 2 SYSTEMPATH/CodeIgniter.php(490): CodeIgniter\CodeIgniter->createController()
 3 SYSTEMPATH/CodeIgniter.php(368): CodeIgniter\CodeIgniter->handleRequest(null, Object(Config\Cache), false)
 4 FCPATH/index.php(67): CodeIgniter\CodeIgniter->run()
WARNING - 2024-11-11 08:19:29 --> [DEPRECATED] Creation of dynamic property App\Controllers\Rekammedisirja::$db is deprecated in APPPATH/Controllers/Api.php on line 8.
 1 SYSTEMPATH/CodeIgniter.php(906): App\Controllers\Api->__construct()
 2 SYSTEMPATH/CodeIgniter.php(490): CodeIgniter\CodeIgniter->createController()
 3 SYSTEMPATH/CodeIgniter.php(368): CodeIgniter\CodeIgniter->handleRequest(null, Object(Config\Cache), false)
 4 FCPATH/index.php(67): CodeIgniter\CodeIgniter->run()
WARNING - 2024-11-11 08:19:29 --> [DEPRECATED] Creation of dynamic property App\Controllers\Rekammedisirja::$db is deprecated in APPPATH/Controllers/Api.php on line 8.
 1 SYSTEMPATH/CodeIgniter.php(906): App\Controllers\Api->__construct()
 2 SYSTEMPATH/CodeIgniter.php(490): CodeIgniter\CodeIgniter->createController()
 3 SYSTEMPATH/CodeIgniter.php(368): CodeIgniter\CodeIgniter->handleRequest(null, Object(Config\Cache), false)
 4 FCPATH/index.php(67): CodeIgniter\CodeIgniter->run()
WARNING - 2024-11-11 08:19:29 --> [DEPRECATED] Creation of dynamic property App\Controllers\Rekammedisirja::$simrs is deprecated in APPPATH/Controllers/Api.php on line 9.
 1 SYSTEMPATH/CodeIgniter.php(906): App\Controllers\Api->__construct()
 2 SYSTEMPATH/CodeIgniter.php(490): CodeIgniter\CodeIgniter->createController()
 3 SYSTEMPATH/CodeIgniter.php(368): CodeIgniter\CodeIgniter->handleRequest(null, Object(Config\Cache), false)
 4 FCPATH/index.php(67): CodeIgniter\CodeIgniter->run()
WARNING - 2024-11-11 08:19:29 --> [DEPRECATED] Creation of dynamic property App\Controllers\Rekammedisirja::$simrs is deprecated in APPPATH/Controllers/Api.php on line 9.
 1 SYSTEMPATH/CodeIgniter.php(906): App\Controllers\Api->__construct()
 2 SYSTEMPATH/CodeIgniter.php(490): CodeIgniter\CodeIgniter->createController()
 3 SYSTEMPATH/CodeIgniter.php(368): CodeIgniter\CodeIgniter->handleRequest(null, Object(Config\Cache), false)
 4 FCPATH/index.php(67): CodeIgniter\CodeIgniter->run()
WARNING - 2024-11-11 08:19:29 --> [DEPRECATED] Creation of dynamic property App\Controllers\Rawatjalan::$db is deprecated in APPPATH/Controllers/Api.php on line 8.
 1 SYSTEMPATH/CodeIgniter.php(906): App\Controllers\Api->__construct()
 2 SYSTEMPATH/CodeIgniter.php(490): CodeIgniter\CodeIgniter->createController()
 3 SYSTEMPATH/CodeIgniter.php(368): CodeIgniter\CodeIgniter->handleRequest(null, Object(Config\Cache), false)
 4 FCPATH/index.php(67): CodeIgniter\CodeIgniter->run()
WARNING - 2024-11-11 08:19:29 --> [DEPRECATED] Creation of dynamic property App\Controllers\Rawatjalan::$simrs is deprecated in APPPATH/Controllers/Api.php on line 9.
 1 SYSTEMPATH/CodeIgniter.php(906): App\Controllers\Api->__construct()
 2 SYSTEMPATH/CodeIgniter.php(490): CodeIgniter\CodeIgniter->createController()
 3 SYSTEMPATH/CodeIgniter.php(368): CodeIgniter\CodeIgniter->handleRequest(null, Object(Config\Cache), false)
 4 FCPATH/index.php(67): CodeIgniter\CodeIgniter->run()
ERROR - 2024-11-11 08:19:29 --> ErrorException: pg_query(): Query failed: ERROR:  column &quot;id_penyakit&quot; specified in USING clause does not exist in left table in /var/www/html/SIMRSHEBAT/system/Database/Postgre/Connection.php:147
Stack trace:
#0 [internal function]: CodeIgniter\Debug\Exceptions->errorHandler()
#1 /var/www/html/SIMRSHEBAT/system/Database/Postgre/Connection.php(147): pg_query()
#2 /var/www/html/SIMRSHEBAT/system/Database/BaseConnection.php(691): CodeIgniter\Database\Postgre\Connection->execute()
#3 /var/www/html/SIMRSHEBAT/app/Controllers/Rekammedisirja.php(453): CodeIgniter\Database\BaseConnection->simpleQuery()
#4 /var/www/html/SIMRSHEBAT/system/CodeIgniter.php(934): App\Controllers\Rekammedisirja->datamrpenyakitirja()
#5 /var/www/html/SIMRSHEBAT/system/CodeIgniter.php(499): CodeIgniter\CodeIgniter->runController()
#6 /var/www/html/SIMRSHEBAT/system/CodeIgniter.php(368): CodeIgniter\CodeIgniter->handleRequest()
#7 /var/www/html/SIMRSHEBAT/index.php(67): CodeIgniter\CodeIgniter->run()
#8 {main}
ERROR - 2024-11-11 08:19:29 --> ErrorException: pg_query(): Query failed: ERROR:  column &quot;jenis_pegawai&quot; does not exist
LINE 1: SELECT * FROM pegawai where jenis_pegawai='1'
                                    ^ in /var/www/html/SIMRSHEBAT/system/Database/Postgre/Connection.php:147
Stack trace:
#0 [internal function]: CodeIgniter\Debug\Exceptions->errorHandler()
#1 /var/www/html/SIMRSHEBAT/system/Database/Postgre/Connection.php(147): pg_query()
#2 /var/www/html/SIMRSHEBAT/system/Database/BaseConnection.php(691): CodeIgniter\Database\Postgre\Connection->execute()
#3 /var/www/html/SIMRSHEBAT/system/Database/BaseConnection.php(605): CodeIgniter\Database\BaseConnection->simpleQuery()
#4 /var/www/html/SIMRSHEBAT/app/Controllers/Rawatjalan.php(32): CodeIgniter\Database\BaseConnection->query()
#5 /var/www/html/SIMRSHEBAT/system/CodeIgniter.php(934): App\Controllers\Rawatjalan->pegawai()
#6 /var/www/html/SIMRSHEBAT/system/CodeIgniter.php(499): CodeIgniter\CodeIgniter->runController()
#7 /var/www/html/SIMRSHEBAT/system/CodeIgniter.php(368): CodeIgniter\CodeIgniter->handleRequest()
#8 /var/www/html/SIMRSHEBAT/index.php(67): CodeIgniter\CodeIgniter->run()
#9 {main}
CRITICAL - 2024-11-11 08:19:29 --> Call to a member function getResult() on bool
in APPPATH/Controllers/Rawatjalan.php on line 35.
 1 SYSTEMPATH/CodeIgniter.php(934): App\Controllers\Rawatjalan->pegawai()
 2 SYSTEMPATH/CodeIgniter.php(499): CodeIgniter\CodeIgniter->runController()
 3 SYSTEMPATH/CodeIgniter.php(368): CodeIgniter\CodeIgniter->handleRequest()
 4 FCPATH/index.php(67): CodeIgniter\CodeIgniter->run()
ERROR - 2024-11-11 08:19:29 --> ErrorException: pg_query(): Query failed: ERROR:  column &quot;id_kunjungan&quot; does not exist
LINE 2: ...mr_tindakan inner join icd_9 USING(kd_icd9) where id_kunjung...
                                                             ^ in /var/www/html/SIMRSHEBAT/system/Database/Postgre/Connection.php:147
Stack trace:
#0 [internal function]: CodeIgniter\Debug\Exceptions->errorHandler()
#1 /var/www/html/SIMRSHEBAT/system/Database/Postgre/Connection.php(147): pg_query()
#2 /var/www/html/SIMRSHEBAT/system/Database/BaseConnection.php(691): CodeIgniter\Database\Postgre\Connection->execute()
#3 /var/www/html/SIMRSHEBAT/app/Controllers/Rekammedisirja.php(411): CodeIgniter\Database\BaseConnection->simpleQuery()
#4 /var/www/html/SIMRSHEBAT/system/CodeIgniter.php(934): App\Controllers\Rekammedisirja->datamricd9irja()
#5 /var/www/html/SIMRSHEBAT/system/CodeIgniter.php(499): CodeIgniter\CodeIgniter->runController()
#6 /var/www/html/SIMRSHEBAT/system/CodeIgniter.php(368): CodeIgniter\CodeIgniter->handleRequest()
#7 /var/www/html/SIMRSHEBAT/index.php(67): CodeIgniter\CodeIgniter->run()
#8 {main}
WARNING - 2024-11-11 08:19:29 --> [DEPRECATED] Creation of dynamic property App\Controllers\Lab::$db is deprecated in APPPATH/Controllers/Api.php on line 8.
 1 SYSTEMPATH/CodeIgniter.php(906): App\Controllers\Api->__construct()
 2 SYSTEMPATH/CodeIgniter.php(490): CodeIgniter\CodeIgniter->createController()
 3 SYSTEMPATH/CodeIgniter.php(368): CodeIgniter\CodeIgniter->handleRequest(null, Object(Config\Cache), false)
 4 FCPATH/index.php(67): CodeIgniter\CodeIgniter->run()
WARNING - 2024-11-11 08:19:29 --> [DEPRECATED] Creation of dynamic property App\Controllers\Lab::$simrs is deprecated in APPPATH/Controllers/Api.php on line 9.
 1 SYSTEMPATH/CodeIgniter.php(906): App\Controllers\Api->__construct()
 2 SYSTEMPATH/CodeIgniter.php(490): CodeIgniter\CodeIgniter->createController()
 3 SYSTEMPATH/CodeIgniter.php(368): CodeIgniter\CodeIgniter->handleRequest(null, Object(Config\Cache), false)
 4 FCPATH/index.php(67): CodeIgniter\CodeIgniter->run()
WARNING - 2024-11-11 08:19:29 --> [DEPRECATED] Creation of dynamic property App\Controllers\Lab::$db is deprecated in APPPATH/Controllers/Api.php on line 8.
 1 SYSTEMPATH/CodeIgniter.php(906): App\Controllers\Api->__construct()
 2 SYSTEMPATH/CodeIgniter.php(490): CodeIgniter\CodeIgniter->createController()
 3 SYSTEMPATH/CodeIgniter.php(368): CodeIgniter\CodeIgniter->handleRequest(null, Object(Config\Cache), false)
 4 FCPATH/index.php(67): CodeIgniter\CodeIgniter->run()
WARNING - 2024-11-11 08:19:29 --> [DEPRECATED] Creation of dynamic property App\Controllers\Lab::$simrs is deprecated in APPPATH/Controllers/Api.php on line 9.
 1 SYSTEMPATH/CodeIgniter.php(906): App\Controllers\Api->__construct()
 2 SYSTEMPATH/CodeIgniter.php(490): CodeIgniter\CodeIgniter->createController()
 3 SYSTEMPATH/CodeIgniter.php(368): CodeIgniter\CodeIgniter->handleRequest(null, Object(Config\Cache), false)
 4 FCPATH/index.php(67): CodeIgniter\CodeIgniter->run()
WARNING - 2024-11-11 08:19:29 --> [DEPRECATED] Creation of dynamic property App\Controllers\Lab::$db is deprecated in APPPATH/Controllers/Api.php on line 8.
 1 SYSTEMPATH/CodeIgniter.php(906): App\Controllers\Api->__construct()
 2 SYSTEMPATH/CodeIgniter.php(490): CodeIgniter\CodeIgniter->createController()
 3 SYSTEMPATH/CodeIgniter.php(368): CodeIgniter\CodeIgniter->handleRequest(null, Object(Config\Cache), false)
 4 FCPATH/index.php(67): CodeIgniter\CodeIgniter->run()
WARNING - 2024-11-11 08:19:29 --> [DEPRECATED] Creation of dynamic property App\Controllers\Lab::$simrs is deprecated in APPPATH/Controllers/Api.php on line 9.
 1 SYSTEMPATH/CodeIgniter.php(906): App\Controllers\Api->__construct()
 2 SYSTEMPATH/CodeIgniter.php(490): CodeIgniter\CodeIgniter->createController()
 3 SYSTEMPATH/CodeIgniter.php(368): CodeIgniter\CodeIgniter->handleRequest(null, Object(Config\Cache), false)
 4 FCPATH/index.php(67): CodeIgniter\CodeIgniter->run()
ERROR - 2024-11-11 08:19:29 --> ErrorException: pg_query(): Query failed: ERROR:  function left(integer, integer) does not exist
LINE 1: SELECT * from produk WHERE left(kd_produk,2)='CT' 
                                   ^
HINT:  No function matches the given name and argument types. You might need to add explicit type casts. in /var/www/html/SIMRSHEBAT/system/Database/Postgre/Connection.php:147
Stack trace:
#0 [internal function]: CodeIgniter\Debug\Exceptions->errorHandler()
#1 /var/www/html/SIMRSHEBAT/system/Database/Postgre/Connection.php(147): pg_query()
#2 /var/www/html/SIMRSHEBAT/system/Database/BaseConnection.php(691): CodeIgniter\Database\Postgre\Connection->execute()
#3 /var/www/html/SIMRSHEBAT/system/Database/BaseConnection.php(605): CodeIgniter\Database\BaseConnection->simpleQuery()
#4 /var/www/html/SIMRSHEBAT/app/Controllers/Lab.php(465): CodeIgniter\Database\BaseConnection->query()
#5 /var/www/html/SIMRSHEBAT/system/CodeIgniter.php(934): App\Controllers\Lab->produkRad()
#6 /var/www/html/SIMRSHEBAT/system/CodeIgniter.php(499): CodeIgniter\CodeIgniter->runController()
#7 /var/www/html/SIMRSHEBAT/system/CodeIgniter.php(368): CodeIgniter\CodeIgniter->handleRequest()
#8 /var/www/html/SIMRSHEBAT/index.php(67): CodeIgniter\CodeIgniter->run()
#9 {main}
CRITICAL - 2024-11-11 08:19:29 --> Call to a member function getResult() on bool
in APPPATH/Controllers/Lab.php on line 465.
 1 SYSTEMPATH/CodeIgniter.php(934): App\Controllers\Lab->produkRad()
 2 SYSTEMPATH/CodeIgniter.php(499): CodeIgniter\CodeIgniter->runController()
 3 SYSTEMPATH/CodeIgniter.php(368): CodeIgniter\CodeIgniter->handleRequest()
 4 FCPATH/index.php(67): CodeIgniter\CodeIgniter->run()
ERROR - 2024-11-11 08:19:29 --> ErrorException: pg_query(): Query failed: ERROR:  column &quot;id_jenis_produk&quot; does not exist
LINE 1: SELECT * from produk WHERE id_jenis_produk='3' 
                                   ^ in /var/www/html/SIMRSHEBAT/system/Database/Postgre/Connection.php:147
Stack trace:
#0 [internal function]: CodeIgniter\Debug\Exceptions->errorHandler()
#1 /var/www/html/SIMRSHEBAT/system/Database/Postgre/Connection.php(147): pg_query()
#2 /var/www/html/SIMRSHEBAT/system/Database/BaseConnection.php(691): CodeIgniter\Database\Postgre\Connection->execute()
#3 /var/www/html/SIMRSHEBAT/system/Database/BaseConnection.php(605): CodeIgniter\Database\BaseConnection->simpleQuery()
#4 /var/www/html/SIMRSHEBAT/app/Controllers/Lab.php(447): CodeIgniter\Database\BaseConnection->query()
#5 /var/www/html/SIMRSHEBAT/system/CodeIgniter.php(934): App\Controllers\Lab->produk()
#6 /var/www/html/SIMRSHEBAT/system/CodeIgniter.php(499): CodeIgniter\CodeIgniter->runController()
#7 /var/www/html/SIMRSHEBAT/system/CodeIgniter.php(368): CodeIgniter\CodeIgniter->handleRequest()
#8 /var/www/html/SIMRSHEBAT/index.php(67): CodeIgniter\CodeIgniter->run()
#9 {main}
CRITICAL - 2024-11-11 08:19:29 --> Call to a member function getResult() on bool
in APPPATH/Controllers/Lab.php on line 447.
 1 SYSTEMPATH/CodeIgniter.php(934): App\Controllers\Lab->produk()
 2 SYSTEMPATH/CodeIgniter.php(499): CodeIgniter\CodeIgniter->runController()
 3 SYSTEMPATH/CodeIgniter.php(368): CodeIgniter\CodeIgniter->handleRequest()
 4 FCPATH/index.php(67): CodeIgniter\CodeIgniter->run()
ERROR - 2024-11-11 08:19:29 --> ErrorException: pg_query(): Query failed: ERROR:  function left(integer, integer) does not exist
LINE 1: SELECT * from produk WHERE left(kd_produk,2)='XR' 
                                   ^
HINT:  No function matches the given name and argument types. You might need to add explicit type casts. in /var/www/html/SIMRSHEBAT/system/Database/Postgre/Connection.php:147
Stack trace:
#0 [internal function]: CodeIgniter\Debug\Exceptions->errorHandler()
#1 /var/www/html/SIMRSHEBAT/system/Database/Postgre/Connection.php(147): pg_query()
#2 /var/www/html/SIMRSHEBAT/system/Database/BaseConnection.php(691): CodeIgniter\Database\Postgre\Connection->execute()
#3 /var/www/html/SIMRSHEBAT/system/Database/BaseConnection.php(605): CodeIgniter\Database\BaseConnection->simpleQuery()
#4 /var/www/html/SIMRSHEBAT/app/Controllers/Lab.php(465): CodeIgniter\Database\BaseConnection->query()
#5 /var/www/html/SIMRSHEBAT/system/CodeIgniter.php(934): App\Controllers\Lab->produkRad()
#6 /var/www/html/SIMRSHEBAT/system/CodeIgniter.php(499): CodeIgniter\CodeIgniter->runController()
#7 /var/www/html/SIMRSHEBAT/system/CodeIgniter.php(368): CodeIgniter\CodeIgniter->handleRequest()
#8 /var/www/html/SIMRSHEBAT/index.php(67): CodeIgniter\CodeIgniter->run()
#9 {main}
CRITICAL - 2024-11-11 08:19:29 --> Call to a member function getResult() on bool
in APPPATH/Controllers/Lab.php on line 465.
 1 SYSTEMPATH/CodeIgniter.php(934): App\Controllers\Lab->produkRad()
 2 SYSTEMPATH/CodeIgniter.php(499): CodeIgniter\CodeIgniter->runController()
 3 SYSTEMPATH/CodeIgniter.php(368): CodeIgniter\CodeIgniter->handleRequest()
 4 FCPATH/index.php(67): CodeIgniter\CodeIgniter->run()
WARNING - 2024-11-11 08:19:29 --> [DEPRECATED] Creation of dynamic property App\Controllers\Lab::$db is deprecated in APPPATH/Controllers/Api.php on line 8.
 1 SYSTEMPATH/CodeIgniter.php(906): App\Controllers\Api->__construct()
 2 SYSTEMPATH/CodeIgniter.php(490): CodeIgniter\CodeIgniter->createController()
 3 SYSTEMPATH/CodeIgniter.php(368): CodeIgniter\CodeIgniter->handleRequest(null, Object(Config\Cache), false)
 4 FCPATH/index.php(67): CodeIgniter\CodeIgniter->run()
WARNING - 2024-11-11 08:19:29 --> [DEPRECATED] Creation of dynamic property App\Controllers\Lab::$simrs is deprecated in APPPATH/Controllers/Api.php on line 9.
 1 SYSTEMPATH/CodeIgniter.php(906): App\Controllers\Api->__construct()
 2 SYSTEMPATH/CodeIgniter.php(490): CodeIgniter\CodeIgniter->createController()
 3 SYSTEMPATH/CodeIgniter.php(368): CodeIgniter\CodeIgniter->handleRequest(null, Object(Config\Cache), false)
 4 FCPATH/index.php(67): CodeIgniter\CodeIgniter->run()
WARNING - 2024-11-11 08:19:29 --> [DEPRECATED] Creation of dynamic property App\Controllers\Rekammedisirna::$db is deprecated in APPPATH/Controllers/Api.php on line 8.
 1 SYSTEMPATH/CodeIgniter.php(906): App\Controllers\Api->__construct()
 2 SYSTEMPATH/CodeIgniter.php(490): CodeIgniter\CodeIgniter->createController()
 3 SYSTEMPATH/CodeIgniter.php(368): CodeIgniter\CodeIgniter->handleRequest(null, Object(Config\Cache), false)
 4 FCPATH/index.php(67): CodeIgniter\CodeIgniter->run()
WARNING - 2024-11-11 08:19:29 --> [DEPRECATED] Creation of dynamic property App\Controllers\Rekammedisirna::$simrs is deprecated in APPPATH/Controllers/Api.php on line 9.
 1 SYSTEMPATH/CodeIgniter.php(906): App\Controllers\Api->__construct()
 2 SYSTEMPATH/CodeIgniter.php(490): CodeIgniter\CodeIgniter->createController()
 3 SYSTEMPATH/CodeIgniter.php(368): CodeIgniter\CodeIgniter->handleRequest(null, Object(Config\Cache), false)
 4 FCPATH/index.php(67): CodeIgniter\CodeIgniter->run()
WARNING - 2024-11-11 08:19:29 --> [DEPRECATED] Creation of dynamic property App\Controllers\Kunjungan::$db is deprecated in APPPATH/Controllers/Api.php on line 8.
 1 SYSTEMPATH/CodeIgniter.php(906): App\Controllers\Api->__construct()
 2 SYSTEMPATH/CodeIgniter.php(490): CodeIgniter\CodeIgniter->createController()
 3 SYSTEMPATH/CodeIgniter.php(368): CodeIgniter\CodeIgniter->handleRequest(null, Object(Config\Cache), false)
 4 FCPATH/index.php(67): CodeIgniter\CodeIgniter->run()
WARNING - 2024-11-11 08:19:29 --> [DEPRECATED] Creation of dynamic property App\Controllers\Kunjungan::$simrs is deprecated in APPPATH/Controllers/Api.php on line 9.
 1 SYSTEMPATH/CodeIgniter.php(906): App\Controllers\Api->__construct()
 2 SYSTEMPATH/CodeIgniter.php(490): CodeIgniter\CodeIgniter->createController()
 3 SYSTEMPATH/CodeIgniter.php(368): CodeIgniter\CodeIgniter->handleRequest(null, Object(Config\Cache), false)
 4 FCPATH/index.php(67): CodeIgniter\CodeIgniter->run()
ERROR - 2024-11-11 08:19:29 --> ErrorException: pg_query(): Query failed: ERROR:  function left(integer, integer) does not exist
LINE 1: SELECT * from produk WHERE left(kd_produk,2)='UR' 
                                   ^
HINT:  No function matches the given name and argument types. You might need to add explicit type casts. in /var/www/html/SIMRSHEBAT/system/Database/Postgre/Connection.php:147
Stack trace:
#0 [internal function]: CodeIgniter\Debug\Exceptions->errorHandler()
#1 /var/www/html/SIMRSHEBAT/system/Database/Postgre/Connection.php(147): pg_query()
#2 /var/www/html/SIMRSHEBAT/system/Database/BaseConnection.php(691): CodeIgniter\Database\Postgre\Connection->execute()
#3 /var/www/html/SIMRSHEBAT/system/Database/BaseConnection.php(605): CodeIgniter\Database\BaseConnection->simpleQuery()
#4 /var/www/html/SIMRSHEBAT/app/Controllers/Lab.php(465): CodeIgniter\Database\BaseConnection->query()
#5 /var/www/html/SIMRSHEBAT/system/CodeIgniter.php(934): App\Controllers\Lab->produkRad()
#6 /var/www/html/SIMRSHEBAT/system/CodeIgniter.php(499): CodeIgniter\CodeIgniter->runController()
#7 /var/www/html/SIMRSHEBAT/system/CodeIgniter.php(368): CodeIgniter\CodeIgniter->handleRequest()
#8 /var/www/html/SIMRSHEBAT/index.php(67): CodeIgniter\CodeIgniter->run()
#9 {main}
CRITICAL - 2024-11-11 08:19:29 --> Call to a member function getResult() on bool
in APPPATH/Controllers/Lab.php on line 465.
 1 SYSTEMPATH/CodeIgniter.php(934): App\Controllers\Lab->produkRad()
 2 SYSTEMPATH/CodeIgniter.php(499): CodeIgniter\CodeIgniter->runController()
 3 SYSTEMPATH/CodeIgniter.php(368): CodeIgniter\CodeIgniter->handleRequest()
 4 FCPATH/index.php(67): CodeIgniter\CodeIgniter->run()
ERROR - 2024-11-11 08:19:29 --> ErrorException: pg_query(): Query failed: ERROR:  relation &quot;order_lab&quot; does not exist
LINE 2:         order_lab o inner join
                ^ in /var/www/html/SIMRSHEBAT/system/Database/Postgre/Connection.php:147
Stack trace:
#0 [internal function]: CodeIgniter\Debug\Exceptions->errorHandler()
#1 /var/www/html/SIMRSHEBAT/system/Database/Postgre/Connection.php(147): pg_query()
#2 /var/www/html/SIMRSHEBAT/system/Database/BaseConnection.php(691): CodeIgniter\Database\Postgre\Connection->execute()
#3 /var/www/html/SIMRSHEBAT/app/Controllers/Rekammedisirna.php(823): CodeIgniter\Database\BaseConnection->simpleQuery()
#4 /var/www/html/SIMRSHEBAT/system/CodeIgniter.php(934): App\Controllers\Rekammedisirna->datapenunjangpasienirna()
#5 /var/www/html/SIMRSHEBAT/system/CodeIgniter.php(499): CodeIgniter\CodeIgniter->runController()
#6 /var/www/html/SIMRSHEBAT/system/CodeIgniter.php(368): CodeIgniter\CodeIgniter->handleRequest()
#7 /var/www/html/SIMRSHEBAT/index.php(67): CodeIgniter\CodeIgniter->run()
#8 {main}
ERROR - 2024-11-11 08:19:29 --> ErrorException: pg_query(): Query failed: ERROR:  column &quot;id_penyakit&quot; specified in USING clause does not exist in left table in /var/www/html/SIMRSHEBAT/system/Database/Postgre/Connection.php:147
Stack trace:
#0 [internal function]: CodeIgniter\Debug\Exceptions->errorHandler()
#1 /var/www/html/SIMRSHEBAT/system/Database/Postgre/Connection.php(147): pg_query()
#2 /var/www/html/SIMRSHEBAT/system/Database/BaseConnection.php(691): CodeIgniter\Database\Postgre\Connection->execute()
#3 /var/www/html/SIMRSHEBAT/app/Controllers/Kunjungan.php(585): CodeIgniter\Database\BaseConnection->simpleQuery()
#4 /var/www/html/SIMRSHEBAT/system/CodeIgniter.php(934): App\Controllers\Kunjungan->historipenyakit()
#5 /var/www/html/SIMRSHEBAT/system/CodeIgniter.php(499): CodeIgniter\CodeIgniter->runController()
#6 /var/www/html/SIMRSHEBAT/system/CodeIgniter.php(368): CodeIgniter\CodeIgniter->handleRequest()
#7 /var/www/html/SIMRSHEBAT/index.php(67): CodeIgniter\CodeIgniter->run()
#8 {main}
WARNING - 2024-11-11 08:19:29 --> [DEPRECATED] Creation of dynamic property App\Controllers\Kunjungan::$db is deprecated in APPPATH/Controllers/Api.php on line 8.
 1 SYSTEMPATH/CodeIgniter.php(906): App\Controllers\Api->__construct()
 2 SYSTEMPATH/CodeIgniter.php(490): CodeIgniter\CodeIgniter->createController()
 3 SYSTEMPATH/CodeIgniter.php(368): CodeIgniter\CodeIgniter->handleRequest(null, Object(Config\Cache), false)
 4 FCPATH/index.php(67): CodeIgniter\CodeIgniter->run()
WARNING - 2024-11-11 08:19:29 --> [DEPRECATED] Creation of dynamic property App\Controllers\Kunjungan::$simrs is deprecated in APPPATH/Controllers/Api.php on line 9.
 1 SYSTEMPATH/CodeIgniter.php(906): App\Controllers\Api->__construct()
 2 SYSTEMPATH/CodeIgniter.php(490): CodeIgniter\CodeIgniter->createController()
 3 SYSTEMPATH/CodeIgniter.php(368): CodeIgniter\CodeIgniter->handleRequest(null, Object(Config\Cache), false)
 4 FCPATH/index.php(67): CodeIgniter\CodeIgniter->run()
WARNING - 2024-11-11 08:19:29 --> [DEPRECATED] Creation of dynamic property App\Controllers\Kunjungan::$db is deprecated in APPPATH/Controllers/Api.php on line 8.
 1 SYSTEMPATH/CodeIgniter.php(906): App\Controllers\Api->__construct()
 2 SYSTEMPATH/CodeIgniter.php(490): CodeIgniter\CodeIgniter->createController()
 3 SYSTEMPATH/CodeIgniter.php(368): CodeIgniter\CodeIgniter->handleRequest(null, Object(Config\Cache), false)
 4 FCPATH/index.php(67): CodeIgniter\CodeIgniter->run()
WARNING - 2024-11-11 08:19:29 --> [DEPRECATED] Creation of dynamic property App\Controllers\Kunjungan::$simrs is deprecated in APPPATH/Controllers/Api.php on line 9.
 1 SYSTEMPATH/CodeIgniter.php(906): App\Controllers\Api->__construct()
 2 SYSTEMPATH/CodeIgniter.php(490): CodeIgniter\CodeIgniter->createController()
 3 SYSTEMPATH/CodeIgniter.php(368): CodeIgniter\CodeIgniter->handleRequest(null, Object(Config\Cache), false)
 4 FCPATH/index.php(67): CodeIgniter\CodeIgniter->run()
WARNING - 2024-11-11 08:19:29 --> [DEPRECATED] Creation of dynamic property App\Controllers\Datasosial::$db is deprecated in APPPATH/Controllers/Api.php on line 8.
 1 SYSTEMPATH/CodeIgniter.php(906): App\Controllers\Api->__construct()
 2 SYSTEMPATH/CodeIgniter.php(490): CodeIgniter\CodeIgniter->createController()
 3 SYSTEMPATH/CodeIgniter.php(368): CodeIgniter\CodeIgniter->handleRequest(null, Object(Config\Cache), false)
 4 FCPATH/index.php(67): CodeIgniter\CodeIgniter->run()
WARNING - 2024-11-11 08:19:29 --> [DEPRECATED] Creation of dynamic property App\Controllers\Datasosial::$simrs is deprecated in APPPATH/Controllers/Api.php on line 9.
 1 SYSTEMPATH/CodeIgniter.php(906): App\Controllers\Api->__construct()
 2 SYSTEMPATH/CodeIgniter.php(490): CodeIgniter\CodeIgniter->createController()
 3 SYSTEMPATH/CodeIgniter.php(368): CodeIgniter\CodeIgniter->handleRequest(null, Object(Config\Cache), false)
 4 FCPATH/index.php(67): CodeIgniter\CodeIgniter->run()
ERROR - 2024-11-11 08:19:29 --> ErrorException: pg_query(): Query failed: ERROR:  relation &quot;alergi&quot; does not exist
LINE 1: SELECT * from alergi where no_rm='6-56-26-73' 
                      ^ in /var/www/html/SIMRSHEBAT/system/Database/Postgre/Connection.php:147
Stack trace:
#0 [internal function]: CodeIgniter\Debug\Exceptions->errorHandler()
#1 /var/www/html/SIMRSHEBAT/system/Database/Postgre/Connection.php(147): pg_query()
#2 /var/www/html/SIMRSHEBAT/system/Database/BaseConnection.php(691): CodeIgniter\Database\Postgre\Connection->execute()
#3 /var/www/html/SIMRSHEBAT/app/Controllers/Kunjungan.php(632): CodeIgniter\Database\BaseConnection->simpleQuery()
#4 /var/www/html/SIMRSHEBAT/system/CodeIgniter.php(934): App\Controllers\Kunjungan->historialergi()
#5 /var/www/html/SIMRSHEBAT/system/CodeIgniter.php(499): CodeIgniter\CodeIgniter->runController()
#6 /var/www/html/SIMRSHEBAT/system/CodeIgniter.php(368): CodeIgniter\CodeIgniter->handleRequest()
#7 /var/www/html/SIMRSHEBAT/index.php(67): CodeIgniter\CodeIgniter->run()
#8 {main}
ERROR - 2024-11-11 08:19:29 --> ErrorException: pg_query(): Query failed: ERROR:  column &quot;id_penyakit&quot; specified in USING clause does not exist in left table in /var/www/html/SIMRSHEBAT/system/Database/Postgre/Connection.php:147
Stack trace:
#0 [internal function]: CodeIgniter\Debug\Exceptions->errorHandler()
#1 /var/www/html/SIMRSHEBAT/system/Database/Postgre/Connection.php(147): pg_query()
#2 /var/www/html/SIMRSHEBAT/system/Database/BaseConnection.php(691): CodeIgniter\Database\Postgre\Connection->execute()
#3 /var/www/html/SIMRSHEBAT/app/Controllers/Kunjungan.php(617): CodeIgniter\Database\BaseConnection->simpleQuery()
#4 /var/www/html/SIMRSHEBAT/system/CodeIgniter.php(934): App\Controllers\Kunjungan->historipenyakitkeluarga()
#5 /var/www/html/SIMRSHEBAT/system/CodeIgniter.php(499): CodeIgniter\CodeIgniter->runController()
#6 /var/www/html/SIMRSHEBAT/system/CodeIgniter.php(368): CodeIgniter\CodeIgniter->handleRequest()
#7 /var/www/html/SIMRSHEBAT/index.php(67): CodeIgniter\CodeIgniter->run()
#8 {main}
WARNING - 2024-11-11 08:19:29 --> [DEPRECATED] Creation of dynamic property App\Controllers\Datasosial::$db is deprecated in APPPATH/Controllers/Api.php on line 8.
 1 SYSTEMPATH/CodeIgniter.php(906): App\Controllers\Api->__construct()
 2 SYSTEMPATH/CodeIgniter.php(490): CodeIgniter\CodeIgniter->createController()
 3 SYSTEMPATH/CodeIgniter.php(368): CodeIgniter\CodeIgniter->handleRequest(null, Object(Config\Cache), false)
 4 FCPATH/index.php(67): CodeIgniter\CodeIgniter->run()
WARNING - 2024-11-11 08:19:29 --> [DEPRECATED] Creation of dynamic property App\Controllers\Datasosial::$simrs is deprecated in APPPATH/Controllers/Api.php on line 9.
 1 SYSTEMPATH/CodeIgniter.php(906): App\Controllers\Api->__construct()
 2 SYSTEMPATH/CodeIgniter.php(490): CodeIgniter\CodeIgniter->createController()
 3 SYSTEMPATH/CodeIgniter.php(368): CodeIgniter\CodeIgniter->handleRequest(null, Object(Config\Cache), false)
 4 FCPATH/index.php(67): CodeIgniter\CodeIgniter->run()
WARNING - 2024-11-11 08:19:31 --> [DEPRECATED] Creation of dynamic property App\Controllers\Rekammedisirna::$db is deprecated in APPPATH/Controllers/Api.php on line 8.
 1 SYSTEMPATH/CodeIgniter.php(906): App\Controllers\Api->__construct()
 2 SYSTEMPATH/CodeIgniter.php(490): CodeIgniter\CodeIgniter->createController()
 3 SYSTEMPATH/CodeIgniter.php(368): CodeIgniter\CodeIgniter->handleRequest(null, Object(Config\Cache), false)
 4 FCPATH/index.php(67): CodeIgniter\CodeIgniter->run()
WARNING - 2024-11-11 08:19:31 --> [DEPRECATED] Creation of dynamic property App\Controllers\Rekammedisirna::$simrs is deprecated in APPPATH/Controllers/Api.php on line 9.
 1 SYSTEMPATH/CodeIgniter.php(906): App\Controllers\Api->__construct()
 2 SYSTEMPATH/CodeIgniter.php(490): CodeIgniter\CodeIgniter->createController()
 3 SYSTEMPATH/CodeIgniter.php(368): CodeIgniter\CodeIgniter->handleRequest(null, Object(Config\Cache), false)
 4 FCPATH/index.php(67): CodeIgniter\CodeIgniter->run()
WARNING - 2024-11-11 08:19:31 --> [DEPRECATED] Creation of dynamic property App\Controllers\Rekammedisirna::$db is deprecated in APPPATH/Controllers/Api.php on line 8.
 1 SYSTEMPATH/CodeIgniter.php(906): App\Controllers\Api->__construct()
 2 SYSTEMPATH/CodeIgniter.php(490): CodeIgniter\CodeIgniter->createController()
 3 SYSTEMPATH/CodeIgniter.php(368): CodeIgniter\CodeIgniter->handleRequest(null, Object(Config\Cache), false)
 4 FCPATH/index.php(67): CodeIgniter\CodeIgniter->run()
WARNING - 2024-11-11 08:19:31 --> [DEPRECATED] Creation of dynamic property App\Controllers\Rekammedisirna::$simrs is deprecated in APPPATH/Controllers/Api.php on line 9.
 1 SYSTEMPATH/CodeIgniter.php(906): App\Controllers\Api->__construct()
 2 SYSTEMPATH/CodeIgniter.php(490): CodeIgniter\CodeIgniter->createController()
 3 SYSTEMPATH/CodeIgniter.php(368): CodeIgniter\CodeIgniter->handleRequest(null, Object(Config\Cache), false)
 4 FCPATH/index.php(67): CodeIgniter\CodeIgniter->run()
WARNING - 2024-11-11 08:19:35 --> [DEPRECATED] Creation of dynamic property App\Controllers\Rekammedisirna::$db is deprecated in APPPATH/Controllers/Api.php on line 8.
 1 SYSTEMPATH/CodeIgniter.php(906): App\Controllers\Api->__construct()
 2 SYSTEMPATH/CodeIgniter.php(490): CodeIgniter\CodeIgniter->createController()
 3 SYSTEMPATH/CodeIgniter.php(368): CodeIgniter\CodeIgniter->handleRequest(null, Object(Config\Cache), false)
 4 FCPATH/index.php(67): CodeIgniter\CodeIgniter->run()
WARNING - 2024-11-11 08:19:35 --> [DEPRECATED] Creation of dynamic property App\Controllers\Rekammedisirna::$db is deprecated in APPPATH/Controllers/Api.php on line 8.
 1 SYSTEMPATH/CodeIgniter.php(906): App\Controllers\Api->__construct()
 2 SYSTEMPATH/CodeIgniter.php(490): CodeIgniter\CodeIgniter->createController()
 3 SYSTEMPATH/CodeIgniter.php(368): CodeIgniter\CodeIgniter->handleRequest(null, Object(Config\Cache), false)
 4 FCPATH/index.php(67): CodeIgniter\CodeIgniter->run()
WARNING - 2024-11-11 08:19:35 --> [DEPRECATED] Creation of dynamic property App\Controllers\Rekammedisirna::$simrs is deprecated in APPPATH/Controllers/Api.php on line 9.
 1 SYSTEMPATH/CodeIgniter.php(906): App\Controllers\Api->__construct()
 2 SYSTEMPATH/CodeIgniter.php(490): CodeIgniter\CodeIgniter->createController()
 3 SYSTEMPATH/CodeIgniter.php(368): CodeIgniter\CodeIgniter->handleRequest(null, Object(Config\Cache), false)
 4 FCPATH/index.php(67): CodeIgniter\CodeIgniter->run()
WARNING - 2024-11-11 08:19:35 --> [DEPRECATED] Creation of dynamic property App\Controllers\Rekammedisirna::$simrs is deprecated in APPPATH/Controllers/Api.php on line 9.
 1 SYSTEMPATH/CodeIgniter.php(906): App\Controllers\Api->__construct()
 2 SYSTEMPATH/CodeIgniter.php(490): CodeIgniter\CodeIgniter->createController()
 3 SYSTEMPATH/CodeIgniter.php(368): CodeIgniter\CodeIgniter->handleRequest(null, Object(Config\Cache), false)
 4 FCPATH/index.php(67): CodeIgniter\CodeIgniter->run()
WARNING - 2024-11-11 08:19:53 --> [DEPRECATED] Creation of dynamic property App\Controllers\Laporan::$db is deprecated in APPPATH/Controllers/Api.php on line 8.
 1 SYSTEMPATH/CodeIgniter.php(906): App\Controllers\Api->__construct()
 2 SYSTEMPATH/CodeIgniter.php(490): CodeIgniter\CodeIgniter->createController()
 3 SYSTEMPATH/CodeIgniter.php(368): CodeIgniter\CodeIgniter->handleRequest(null, Object(Config\Cache), false)
 4 FCPATH/index.php(67): CodeIgniter\CodeIgniter->run()
WARNING - 2024-11-11 08:19:53 --> [DEPRECATED] Creation of dynamic property App\Controllers\Laporan::$simrs is deprecated in APPPATH/Controllers/Api.php on line 9.
 1 SYSTEMPATH/CodeIgniter.php(906): App\Controllers\Api->__construct()
 2 SYSTEMPATH/CodeIgniter.php(490): CodeIgniter\CodeIgniter->createController()
 3 SYSTEMPATH/CodeIgniter.php(368): CodeIgniter\CodeIgniter->handleRequest(null, Object(Config\Cache), false)
 4 FCPATH/index.php(67): CodeIgniter\CodeIgniter->run()
WARNING - 2024-11-11 08:19:53 --> [DEPRECATED] Creation of dynamic property App\Controllers\User::$db is deprecated in APPPATH/Controllers/Api.php on line 8.
 1 SYSTEMPATH/CodeIgniter.php(906): App\Controllers\Api->__construct()
 2 SYSTEMPATH/CodeIgniter.php(490): CodeIgniter\CodeIgniter->createController()
 3 SYSTEMPATH/CodeIgniter.php(368): CodeIgniter\CodeIgniter->handleRequest(null, Object(Config\Cache), false)
 4 FCPATH/index.php(67): CodeIgniter\CodeIgniter->run()
WARNING - 2024-11-11 08:19:53 --> [DEPRECATED] Creation of dynamic property App\Controllers\User::$simrs is deprecated in APPPATH/Controllers/Api.php on line 9.
 1 SYSTEMPATH/CodeIgniter.php(906): App\Controllers\Api->__construct()
 2 SYSTEMPATH/CodeIgniter.php(490): CodeIgniter\CodeIgniter->createController()
 3 SYSTEMPATH/CodeIgniter.php(368): CodeIgniter\CodeIgniter->handleRequest(null, Object(Config\Cache), false)
 4 FCPATH/index.php(67): CodeIgniter\CodeIgniter->run()
WARNING - 2024-11-11 08:19:57 --> [DEPRECATED] Creation of dynamic property App\Controllers\Rekammedisirna::$db is deprecated in APPPATH/Controllers/Api.php on line 8.
 1 SYSTEMPATH/CodeIgniter.php(906): App\Controllers\Api->__construct()
 2 SYSTEMPATH/CodeIgniter.php(490): CodeIgniter\CodeIgniter->createController()
 3 SYSTEMPATH/CodeIgniter.php(368): CodeIgniter\CodeIgniter->handleRequest(null, Object(Config\Cache), false)
 4 FCPATH/index.php(67): CodeIgniter\CodeIgniter->run()
WARNING - 2024-11-11 08:19:57 --> [DEPRECATED] Creation of dynamic property App\Controllers\Rekammedisirna::$simrs is deprecated in APPPATH/Controllers/Api.php on line 9.
 1 SYSTEMPATH/CodeIgniter.php(906): App\Controllers\Api->__construct()
 2 SYSTEMPATH/CodeIgniter.php(490): CodeIgniter\CodeIgniter->createController()
 3 SYSTEMPATH/CodeIgniter.php(368): CodeIgniter\CodeIgniter->handleRequest(null, Object(Config\Cache), false)
 4 FCPATH/index.php(67): CodeIgniter\CodeIgniter->run()
WARNING - 2024-11-11 08:19:57 --> [DEPRECATED] Creation of dynamic property App\Controllers\Rekammedisirna::$db is deprecated in APPPATH/Controllers/Api.php on line 8.
 1 SYSTEMPATH/CodeIgniter.php(906): App\Controllers\Api->__construct()
 2 SYSTEMPATH/CodeIgniter.php(490): CodeIgniter\CodeIgniter->createController()
 3 SYSTEMPATH/CodeIgniter.php(368): CodeIgniter\CodeIgniter->handleRequest(null, Object(Config\Cache), false)
 4 FCPATH/index.php(67): CodeIgniter\CodeIgniter->run()
WARNING - 2024-11-11 08:19:57 --> [DEPRECATED] Creation of dynamic property App\Controllers\Rekammedisirna::$db is deprecated in APPPATH/Controllers/Api.php on line 8.
 1 SYSTEMPATH/CodeIgniter.php(906): App\Controllers\Api->__construct()
 2 SYSTEMPATH/CodeIgniter.php(490): CodeIgniter\CodeIgniter->createController()
 3 SYSTEMPATH/CodeIgniter.php(368): CodeIgniter\CodeIgniter->handleRequest(null, Object(Config\Cache), false)
 4 FCPATH/index.php(67): CodeIgniter\CodeIgniter->run()
WARNING - 2024-11-11 08:19:57 --> [DEPRECATED] Creation of dynamic property App\Controllers\Rekammedisirna::$simrs is deprecated in APPPATH/Controllers/Api.php on line 9.
 1 SYSTEMPATH/CodeIgniter.php(906): App\Controllers\Api->__construct()
 2 SYSTEMPATH/CodeIgniter.php(490): CodeIgniter\CodeIgniter->createController()
 3 SYSTEMPATH/CodeIgniter.php(368): CodeIgniter\CodeIgniter->handleRequest(null, Object(Config\Cache), false)
 4 FCPATH/index.php(67): CodeIgniter\CodeIgniter->run()
WARNING - 2024-11-11 08:19:57 --> [DEPRECATED] Creation of dynamic property App\Controllers\Rekammedisirna::$simrs is deprecated in APPPATH/Controllers/Api.php on line 9.
 1 SYSTEMPATH/CodeIgniter.php(906): App\Controllers\Api->__construct()
 2 SYSTEMPATH/CodeIgniter.php(490): CodeIgniter\CodeIgniter->createController()
 3 SYSTEMPATH/CodeIgniter.php(368): CodeIgniter\CodeIgniter->handleRequest(null, Object(Config\Cache), false)
 4 FCPATH/index.php(67): CodeIgniter\CodeIgniter->run()
WARNING - 2024-11-11 08:19:58 --> [DEPRECATED] Creation of dynamic property App\Controllers\Rekammedisirja::$db is deprecated in APPPATH/Controllers/Api.php on line 8.
 1 SYSTEMPATH/CodeIgniter.php(906): App\Controllers\Api->__construct()
 2 SYSTEMPATH/CodeIgniter.php(490): CodeIgniter\CodeIgniter->createController()
 3 SYSTEMPATH/CodeIgniter.php(368): CodeIgniter\CodeIgniter->handleRequest(null, Object(Config\Cache), false)
 4 FCPATH/index.php(67): CodeIgniter\CodeIgniter->run()
WARNING - 2024-11-11 08:19:58 --> [DEPRECATED] Creation of dynamic property App\Controllers\Rekammedisirja::$simrs is deprecated in APPPATH/Controllers/Api.php on line 9.
 1 SYSTEMPATH/CodeIgniter.php(906): App\Controllers\Api->__construct()
 2 SYSTEMPATH/CodeIgniter.php(490): CodeIgniter\CodeIgniter->createController()
 3 SYSTEMPATH/CodeIgniter.php(368): CodeIgniter\CodeIgniter->handleRequest(null, Object(Config\Cache), false)
 4 FCPATH/index.php(67): CodeIgniter\CodeIgniter->run()
WARNING - 2024-11-11 08:19:58 --> [DEPRECATED] Creation of dynamic property App\Controllers\Rekammedisirja::$db is deprecated in APPPATH/Controllers/Api.php on line 8.
 1 SYSTEMPATH/CodeIgniter.php(906): App\Controllers\Api->__construct()
 2 SYSTEMPATH/CodeIgniter.php(490): CodeIgniter\CodeIgniter->createController()
 3 SYSTEMPATH/CodeIgniter.php(368): CodeIgniter\CodeIgniter->handleRequest(null, Object(Config\Cache), false)
 4 FCPATH/index.php(67): CodeIgniter\CodeIgniter->run()
WARNING - 2024-11-11 08:19:58 --> [DEPRECATED] Creation of dynamic property App\Controllers\Rekammedisirja::$simrs is deprecated in APPPATH/Controllers/Api.php on line 9.
 1 SYSTEMPATH/CodeIgniter.php(906): App\Controllers\Api->__construct()
 2 SYSTEMPATH/CodeIgniter.php(490): CodeIgniter\CodeIgniter->createController()
 3 SYSTEMPATH/CodeIgniter.php(368): CodeIgniter\CodeIgniter->handleRequest(null, Object(Config\Cache), false)
 4 FCPATH/index.php(67): CodeIgniter\CodeIgniter->run()
WARNING - 2024-11-11 08:19:58 --> [DEPRECATED] Creation of dynamic property App\Controllers\Rawatjalan::$db is deprecated in APPPATH/Controllers/Api.php on line 8.
 1 SYSTEMPATH/CodeIgniter.php(906): App\Controllers\Api->__construct()
 2 SYSTEMPATH/CodeIgniter.php(490): CodeIgniter\CodeIgniter->createController()
 3 SYSTEMPATH/CodeIgniter.php(368): CodeIgniter\CodeIgniter->handleRequest(null, Object(Config\Cache), false)
 4 FCPATH/index.php(67): CodeIgniter\CodeIgniter->run()
WARNING - 2024-11-11 08:19:58 --> [DEPRECATED] Creation of dynamic property App\Controllers\Rawatjalan::$simrs is deprecated in APPPATH/Controllers/Api.php on line 9.
 1 SYSTEMPATH/CodeIgniter.php(906): App\Controllers\Api->__construct()
 2 SYSTEMPATH/CodeIgniter.php(490): CodeIgniter\CodeIgniter->createController()
 3 SYSTEMPATH/CodeIgniter.php(368): CodeIgniter\CodeIgniter->handleRequest(null, Object(Config\Cache), false)
 4 FCPATH/index.php(67): CodeIgniter\CodeIgniter->run()
ERROR - 2024-11-11 08:19:58 --> ErrorException: pg_query(): Query failed: ERROR:  column &quot;id_penyakit&quot; specified in USING clause does not exist in left table in /var/www/html/SIMRSHEBAT/system/Database/Postgre/Connection.php:147
Stack trace:
#0 [internal function]: CodeIgniter\Debug\Exceptions->errorHandler()
#1 /var/www/html/SIMRSHEBAT/system/Database/Postgre/Connection.php(147): pg_query()
#2 /var/www/html/SIMRSHEBAT/system/Database/BaseConnection.php(691): CodeIgniter\Database\Postgre\Connection->execute()
#3 /var/www/html/SIMRSHEBAT/app/Controllers/Rekammedisirja.php(453): CodeIgniter\Database\BaseConnection->simpleQuery()
#4 /var/www/html/SIMRSHEBAT/system/CodeIgniter.php(934): App\Controllers\Rekammedisirja->datamrpenyakitirja()
#5 /var/www/html/SIMRSHEBAT/system/CodeIgniter.php(499): CodeIgniter\CodeIgniter->runController()
#6 /var/www/html/SIMRSHEBAT/system/CodeIgniter.php(368): CodeIgniter\CodeIgniter->handleRequest()
#7 /var/www/html/SIMRSHEBAT/index.php(67): CodeIgniter\CodeIgniter->run()
#8 {main}
ERROR - 2024-11-11 08:19:58 --> ErrorException: pg_query(): Query failed: ERROR:  column &quot;jenis_pegawai&quot; does not exist
LINE 1: SELECT * FROM pegawai where jenis_pegawai='1'
                                    ^ in /var/www/html/SIMRSHEBAT/system/Database/Postgre/Connection.php:147
Stack trace:
#0 [internal function]: CodeIgniter\Debug\Exceptions->errorHandler()
#1 /var/www/html/SIMRSHEBAT/system/Database/Postgre/Connection.php(147): pg_query()
#2 /var/www/html/SIMRSHEBAT/system/Database/BaseConnection.php(691): CodeIgniter\Database\Postgre\Connection->execute()
#3 /var/www/html/SIMRSHEBAT/system/Database/BaseConnection.php(605): CodeIgniter\Database\BaseConnection->simpleQuery()
#4 /var/www/html/SIMRSHEBAT/app/Controllers/Rawatjalan.php(32): CodeIgniter\Database\BaseConnection->query()
#5 /var/www/html/SIMRSHEBAT/system/CodeIgniter.php(934): App\Controllers\Rawatjalan->pegawai()
#6 /var/www/html/SIMRSHEBAT/system/CodeIgniter.php(499): CodeIgniter\CodeIgniter->runController()
#7 /var/www/html/SIMRSHEBAT/system/CodeIgniter.php(368): CodeIgniter\CodeIgniter->handleRequest()
#8 /var/www/html/SIMRSHEBAT/index.php(67): CodeIgniter\CodeIgniter->run()
#9 {main}
ERROR - 2024-11-11 08:19:58 --> ErrorException: pg_query(): Query failed: ERROR:  column &quot;id_kunjungan&quot; does not exist
LINE 2: ...mr_tindakan inner join icd_9 USING(kd_icd9) where id_kunjung...
                                                             ^ in /var/www/html/SIMRSHEBAT/system/Database/Postgre/Connection.php:147
Stack trace:
#0 [internal function]: CodeIgniter\Debug\Exceptions->errorHandler()
#1 /var/www/html/SIMRSHEBAT/system/Database/Postgre/Connection.php(147): pg_query()
#2 /var/www/html/SIMRSHEBAT/system/Database/BaseConnection.php(691): CodeIgniter\Database\Postgre\Connection->execute()
#3 /var/www/html/SIMRSHEBAT/app/Controllers/Rekammedisirja.php(411): CodeIgniter\Database\BaseConnection->simpleQuery()
#4 /var/www/html/SIMRSHEBAT/system/CodeIgniter.php(934): App\Controllers\Rekammedisirja->datamricd9irja()
#5 /var/www/html/SIMRSHEBAT/system/CodeIgniter.php(499): CodeIgniter\CodeIgniter->runController()
#6 /var/www/html/SIMRSHEBAT/system/CodeIgniter.php(368): CodeIgniter\CodeIgniter->handleRequest()
#7 /var/www/html/SIMRSHEBAT/index.php(67): CodeIgniter\CodeIgniter->run()
#8 {main}
CRITICAL - 2024-11-11 08:19:58 --> Call to a member function getResult() on bool
in APPPATH/Controllers/Rawatjalan.php on line 35.
 1 SYSTEMPATH/CodeIgniter.php(934): App\Controllers\Rawatjalan->pegawai()
 2 SYSTEMPATH/CodeIgniter.php(499): CodeIgniter\CodeIgniter->runController()
 3 SYSTEMPATH/CodeIgniter.php(368): CodeIgniter\CodeIgniter->handleRequest()
 4 FCPATH/index.php(67): CodeIgniter\CodeIgniter->run()
WARNING - 2024-11-11 08:19:58 --> [DEPRECATED] Creation of dynamic property App\Controllers\Lab::$db is deprecated in APPPATH/Controllers/Api.php on line 8.
 1 SYSTEMPATH/CodeIgniter.php(906): App\Controllers\Api->__construct()
 2 SYSTEMPATH/CodeIgniter.php(490): CodeIgniter\CodeIgniter->createController()
 3 SYSTEMPATH/CodeIgniter.php(368): CodeIgniter\CodeIgniter->handleRequest(null, Object(Config\Cache), false)
 4 FCPATH/index.php(67): CodeIgniter\CodeIgniter->run()
WARNING - 2024-11-11 08:19:58 --> [DEPRECATED] Creation of dynamic property App\Controllers\Lab::$simrs is deprecated in APPPATH/Controllers/Api.php on line 9.
 1 SYSTEMPATH/CodeIgniter.php(906): App\Controllers\Api->__construct()
 2 SYSTEMPATH/CodeIgniter.php(490): CodeIgniter\CodeIgniter->createController()
 3 SYSTEMPATH/CodeIgniter.php(368): CodeIgniter\CodeIgniter->handleRequest(null, Object(Config\Cache), false)
 4 FCPATH/index.php(67): CodeIgniter\CodeIgniter->run()
WARNING - 2024-11-11 08:19:58 --> [DEPRECATED] Creation of dynamic property App\Controllers\Lab::$db is deprecated in APPPATH/Controllers/Api.php on line 8.
 1 SYSTEMPATH/CodeIgniter.php(906): App\Controllers\Api->__construct()
 2 SYSTEMPATH/CodeIgniter.php(490): CodeIgniter\CodeIgniter->createController()
 3 SYSTEMPATH/CodeIgniter.php(368): CodeIgniter\CodeIgniter->handleRequest(null, Object(Config\Cache), false)
 4 FCPATH/index.php(67): CodeIgniter\CodeIgniter->run()
WARNING - 2024-11-11 08:19:58 --> [DEPRECATED] Creation of dynamic property App\Controllers\Lab::$db is deprecated in APPPATH/Controllers/Api.php on line 8.
 1 SYSTEMPATH/CodeIgniter.php(906): App\Controllers\Api->__construct()
 2 SYSTEMPATH/CodeIgniter.php(490): CodeIgniter\CodeIgniter->createController()
 3 SYSTEMPATH/CodeIgniter.php(368): CodeIgniter\CodeIgniter->handleRequest(null, Object(Config\Cache), false)
 4 FCPATH/index.php(67): CodeIgniter\CodeIgniter->run()
WARNING - 2024-11-11 08:19:58 --> [DEPRECATED] Creation of dynamic property App\Controllers\Lab::$simrs is deprecated in APPPATH/Controllers/Api.php on line 9.
 1 SYSTEMPATH/CodeIgniter.php(906): App\Controllers\Api->__construct()
 2 SYSTEMPATH/CodeIgniter.php(490): CodeIgniter\CodeIgniter->createController()
 3 SYSTEMPATH/CodeIgniter.php(368): CodeIgniter\CodeIgniter->handleRequest(null, Object(Config\Cache), false)
 4 FCPATH/index.php(67): CodeIgniter\CodeIgniter->run()
WARNING - 2024-11-11 08:19:58 --> [DEPRECATED] Creation of dynamic property App\Controllers\Lab::$simrs is deprecated in APPPATH/Controllers/Api.php on line 9.
 1 SYSTEMPATH/CodeIgniter.php(906): App\Controllers\Api->__construct()
 2 SYSTEMPATH/CodeIgniter.php(490): CodeIgniter\CodeIgniter->createController()
 3 SYSTEMPATH/CodeIgniter.php(368): CodeIgniter\CodeIgniter->handleRequest(null, Object(Config\Cache), false)
 4 FCPATH/index.php(67): CodeIgniter\CodeIgniter->run()
ERROR - 2024-11-11 08:19:58 --> ErrorException: pg_query(): Query failed: ERROR:  column &quot;id_jenis_produk&quot; does not exist
LINE 1: SELECT * from produk WHERE id_jenis_produk='3' 
                                   ^ in /var/www/html/SIMRSHEBAT/system/Database/Postgre/Connection.php:147
Stack trace:
#0 [internal function]: CodeIgniter\Debug\Exceptions->errorHandler()
#1 /var/www/html/SIMRSHEBAT/system/Database/Postgre/Connection.php(147): pg_query()
#2 /var/www/html/SIMRSHEBAT/system/Database/BaseConnection.php(691): CodeIgniter\Database\Postgre\Connection->execute()
#3 /var/www/html/SIMRSHEBAT/system/Database/BaseConnection.php(605): CodeIgniter\Database\BaseConnection->simpleQuery()
#4 /var/www/html/SIMRSHEBAT/app/Controllers/Lab.php(447): CodeIgniter\Database\BaseConnection->query()
#5 /var/www/html/SIMRSHEBAT/system/CodeIgniter.php(934): App\Controllers\Lab->produk()
#6 /var/www/html/SIMRSHEBAT/system/CodeIgniter.php(499): CodeIgniter\CodeIgniter->runController()
#7 /var/www/html/SIMRSHEBAT/system/CodeIgniter.php(368): CodeIgniter\CodeIgniter->handleRequest()
#8 /var/www/html/SIMRSHEBAT/index.php(67): CodeIgniter\CodeIgniter->run()
#9 {main}
CRITICAL - 2024-11-11 08:19:58 --> Call to a member function getResult() on bool
in APPPATH/Controllers/Lab.php on line 447.
 1 SYSTEMPATH/CodeIgniter.php(934): App\Controllers\Lab->produk()
 2 SYSTEMPATH/CodeIgniter.php(499): CodeIgniter\CodeIgniter->runController()
 3 SYSTEMPATH/CodeIgniter.php(368): CodeIgniter\CodeIgniter->handleRequest()
 4 FCPATH/index.php(67): CodeIgniter\CodeIgniter->run()
ERROR - 2024-11-11 08:19:58 --> ErrorException: pg_query(): Query failed: ERROR:  function left(integer, integer) does not exist
LINE 1: SELECT * from produk WHERE left(kd_produk,2)='CT' 
                                   ^
HINT:  No function matches the given name and argument types. You might need to add explicit type casts. in /var/www/html/SIMRSHEBAT/system/Database/Postgre/Connection.php:147
Stack trace:
#0 [internal function]: CodeIgniter\Debug\Exceptions->errorHandler()
#1 /var/www/html/SIMRSHEBAT/system/Database/Postgre/Connection.php(147): pg_query()
#2 /var/www/html/SIMRSHEBAT/system/Database/BaseConnection.php(691): CodeIgniter\Database\Postgre\Connection->execute()
#3 /var/www/html/SIMRSHEBAT/system/Database/BaseConnection.php(605): CodeIgniter\Database\BaseConnection->simpleQuery()
#4 /var/www/html/SIMRSHEBAT/app/Controllers/Lab.php(465): CodeIgniter\Database\BaseConnection->query()
#5 /var/www/html/SIMRSHEBAT/system/CodeIgniter.php(934): App\Controllers\Lab->produkRad()
#6 /var/www/html/SIMRSHEBAT/system/CodeIgniter.php(499): CodeIgniter\CodeIgniter->runController()
#7 /var/www/html/SIMRSHEBAT/system/CodeIgniter.php(368): CodeIgniter\CodeIgniter->handleRequest()
#8 /var/www/html/SIMRSHEBAT/index.php(67): CodeIgniter\CodeIgniter->run()
#9 {main}
CRITICAL - 2024-11-11 08:19:58 --> Call to a member function getResult() on bool
in APPPATH/Controllers/Lab.php on line 465.
 1 SYSTEMPATH/CodeIgniter.php(934): App\Controllers\Lab->produkRad()
 2 SYSTEMPATH/CodeIgniter.php(499): CodeIgniter\CodeIgniter->runController()
 3 SYSTEMPATH/CodeIgniter.php(368): CodeIgniter\CodeIgniter->handleRequest()
 4 FCPATH/index.php(67): CodeIgniter\CodeIgniter->run()
ERROR - 2024-11-11 08:19:58 --> ErrorException: pg_query(): Query failed: ERROR:  function left(integer, integer) does not exist
LINE 1: SELECT * from produk WHERE left(kd_produk,2)='XR' 
                                   ^
HINT:  No function matches the given name and argument types. You might need to add explicit type casts. in /var/www/html/SIMRSHEBAT/system/Database/Postgre/Connection.php:147
Stack trace:
#0 [internal function]: CodeIgniter\Debug\Exceptions->errorHandler()
#1 /var/www/html/SIMRSHEBAT/system/Database/Postgre/Connection.php(147): pg_query()
#2 /var/www/html/SIMRSHEBAT/system/Database/BaseConnection.php(691): CodeIgniter\Database\Postgre\Connection->execute()
#3 /var/www/html/SIMRSHEBAT/system/Database/BaseConnection.php(605): CodeIgniter\Database\BaseConnection->simpleQuery()
#4 /var/www/html/SIMRSHEBAT/app/Controllers/Lab.php(465): CodeIgniter\Database\BaseConnection->query()
#5 /var/www/html/SIMRSHEBAT/system/CodeIgniter.php(934): App\Controllers\Lab->produkRad()
#6 /var/www/html/SIMRSHEBAT/system/CodeIgniter.php(499): CodeIgniter\CodeIgniter->runController()
#7 /var/www/html/SIMRSHEBAT/system/CodeIgniter.php(368): CodeIgniter\CodeIgniter->handleRequest()
#8 /var/www/html/SIMRSHEBAT/index.php(67): CodeIgniter\CodeIgniter->run()
#9 {main}
CRITICAL - 2024-11-11 08:19:58 --> Call to a member function getResult() on bool
in APPPATH/Controllers/Lab.php on line 465.
 1 SYSTEMPATH/CodeIgniter.php(934): App\Controllers\Lab->produkRad()
 2 SYSTEMPATH/CodeIgniter.php(499): CodeIgniter\CodeIgniter->runController()
 3 SYSTEMPATH/CodeIgniter.php(368): CodeIgniter\CodeIgniter->handleRequest()
 4 FCPATH/index.php(67): CodeIgniter\CodeIgniter->run()
WARNING - 2024-11-11 08:19:58 --> [DEPRECATED] Creation of dynamic property App\Controllers\Lab::$db is deprecated in APPPATH/Controllers/Api.php on line 8.
 1 SYSTEMPATH/CodeIgniter.php(906): App\Controllers\Api->__construct()
 2 SYSTEMPATH/CodeIgniter.php(490): CodeIgniter\CodeIgniter->createController()
 3 SYSTEMPATH/CodeIgniter.php(368): CodeIgniter\CodeIgniter->handleRequest(null, Object(Config\Cache), false)
 4 FCPATH/index.php(67): CodeIgniter\CodeIgniter->run()
WARNING - 2024-11-11 08:19:58 --> [DEPRECATED] Creation of dynamic property App\Controllers\Lab::$simrs is deprecated in APPPATH/Controllers/Api.php on line 9.
 1 SYSTEMPATH/CodeIgniter.php(906): App\Controllers\Api->__construct()
 2 SYSTEMPATH/CodeIgniter.php(490): CodeIgniter\CodeIgniter->createController()
 3 SYSTEMPATH/CodeIgniter.php(368): CodeIgniter\CodeIgniter->handleRequest(null, Object(Config\Cache), false)
 4 FCPATH/index.php(67): CodeIgniter\CodeIgniter->run()
WARNING - 2024-11-11 08:19:58 --> [DEPRECATED] Creation of dynamic property App\Controllers\Rekammedisirna::$db is deprecated in APPPATH/Controllers/Api.php on line 8.
 1 SYSTEMPATH/CodeIgniter.php(906): App\Controllers\Api->__construct()
 2 SYSTEMPATH/CodeIgniter.php(490): CodeIgniter\CodeIgniter->createController()
 3 SYSTEMPATH/CodeIgniter.php(368): CodeIgniter\CodeIgniter->handleRequest(null, Object(Config\Cache), false)
 4 FCPATH/index.php(67): CodeIgniter\CodeIgniter->run()
WARNING - 2024-11-11 08:19:58 --> [DEPRECATED] Creation of dynamic property App\Controllers\Rekammedisirna::$simrs is deprecated in APPPATH/Controllers/Api.php on line 9.
 1 SYSTEMPATH/CodeIgniter.php(906): App\Controllers\Api->__construct()
 2 SYSTEMPATH/CodeIgniter.php(490): CodeIgniter\CodeIgniter->createController()
 3 SYSTEMPATH/CodeIgniter.php(368): CodeIgniter\CodeIgniter->handleRequest(null, Object(Config\Cache), false)
 4 FCPATH/index.php(67): CodeIgniter\CodeIgniter->run()
WARNING - 2024-11-11 08:19:58 --> [DEPRECATED] Creation of dynamic property App\Controllers\Kunjungan::$db is deprecated in APPPATH/Controllers/Api.php on line 8.
 1 SYSTEMPATH/CodeIgniter.php(906): App\Controllers\Api->__construct()
 2 SYSTEMPATH/CodeIgniter.php(490): CodeIgniter\CodeIgniter->createController()
 3 SYSTEMPATH/CodeIgniter.php(368): CodeIgniter\CodeIgniter->handleRequest(null, Object(Config\Cache), false)
 4 FCPATH/index.php(67): CodeIgniter\CodeIgniter->run()
WARNING - 2024-11-11 08:19:58 --> [DEPRECATED] Creation of dynamic property App\Controllers\Kunjungan::$simrs is deprecated in APPPATH/Controllers/Api.php on line 9.
 1 SYSTEMPATH/CodeIgniter.php(906): App\Controllers\Api->__construct()
 2 SYSTEMPATH/CodeIgniter.php(490): CodeIgniter\CodeIgniter->createController()
 3 SYSTEMPATH/CodeIgniter.php(368): CodeIgniter\CodeIgniter->handleRequest(null, Object(Config\Cache), false)
 4 FCPATH/index.php(67): CodeIgniter\CodeIgniter->run()
ERROR - 2024-11-11 08:19:58 --> ErrorException: pg_query(): Query failed: ERROR:  function left(integer, integer) does not exist
LINE 1: SELECT * from produk WHERE left(kd_produk,2)='UR' 
                                   ^
HINT:  No function matches the given name and argument types. You might need to add explicit type casts. in /var/www/html/SIMRSHEBAT/system/Database/Postgre/Connection.php:147
Stack trace:
#0 [internal function]: CodeIgniter\Debug\Exceptions->errorHandler()
#1 /var/www/html/SIMRSHEBAT/system/Database/Postgre/Connection.php(147): pg_query()
#2 /var/www/html/SIMRSHEBAT/system/Database/BaseConnection.php(691): CodeIgniter\Database\Postgre\Connection->execute()
#3 /var/www/html/SIMRSHEBAT/system/Database/BaseConnection.php(605): CodeIgniter\Database\BaseConnection->simpleQuery()
#4 /var/www/html/SIMRSHEBAT/app/Controllers/Lab.php(465): CodeIgniter\Database\BaseConnection->query()
#5 /var/www/html/SIMRSHEBAT/system/CodeIgniter.php(934): App\Controllers\Lab->produkRad()
#6 /var/www/html/SIMRSHEBAT/system/CodeIgniter.php(499): CodeIgniter\CodeIgniter->runController()
#7 /var/www/html/SIMRSHEBAT/system/CodeIgniter.php(368): CodeIgniter\CodeIgniter->handleRequest()
#8 /var/www/html/SIMRSHEBAT/index.php(67): CodeIgniter\CodeIgniter->run()
#9 {main}
CRITICAL - 2024-11-11 08:19:58 --> Call to a member function getResult() on bool
in APPPATH/Controllers/Lab.php on line 465.
 1 SYSTEMPATH/CodeIgniter.php(934): App\Controllers\Lab->produkRad()
 2 SYSTEMPATH/CodeIgniter.php(499): CodeIgniter\CodeIgniter->runController()
 3 SYSTEMPATH/CodeIgniter.php(368): CodeIgniter\CodeIgniter->handleRequest()
 4 FCPATH/index.php(67): CodeIgniter\CodeIgniter->run()
ERROR - 2024-11-11 08:19:58 --> ErrorException: pg_query(): Query failed: ERROR:  relation &quot;order_lab&quot; does not exist
LINE 2:         order_lab o inner join
                ^ in /var/www/html/SIMRSHEBAT/system/Database/Postgre/Connection.php:147
Stack trace:
#0 [internal function]: CodeIgniter\Debug\Exceptions->errorHandler()
#1 /var/www/html/SIMRSHEBAT/system/Database/Postgre/Connection.php(147): pg_query()
#2 /var/www/html/SIMRSHEBAT/system/Database/BaseConnection.php(691): CodeIgniter\Database\Postgre\Connection->execute()
#3 /var/www/html/SIMRSHEBAT/app/Controllers/Rekammedisirna.php(823): CodeIgniter\Database\BaseConnection->simpleQuery()
#4 /var/www/html/SIMRSHEBAT/system/CodeIgniter.php(934): App\Controllers\Rekammedisirna->datapenunjangpasienirna()
#5 /var/www/html/SIMRSHEBAT/system/CodeIgniter.php(499): CodeIgniter\CodeIgniter->runController()
#6 /var/www/html/SIMRSHEBAT/system/CodeIgniter.php(368): CodeIgniter\CodeIgniter->handleRequest()
#7 /var/www/html/SIMRSHEBAT/index.php(67): CodeIgniter\CodeIgniter->run()
#8 {main}
ERROR - 2024-11-11 08:19:58 --> ErrorException: pg_query(): Query failed: ERROR:  column &quot;id_penyakit&quot; specified in USING clause does not exist in left table in /var/www/html/SIMRSHEBAT/system/Database/Postgre/Connection.php:147
Stack trace:
#0 [internal function]: CodeIgniter\Debug\Exceptions->errorHandler()
#1 /var/www/html/SIMRSHEBAT/system/Database/Postgre/Connection.php(147): pg_query()
#2 /var/www/html/SIMRSHEBAT/system/Database/BaseConnection.php(691): CodeIgniter\Database\Postgre\Connection->execute()
#3 /var/www/html/SIMRSHEBAT/app/Controllers/Kunjungan.php(585): CodeIgniter\Database\BaseConnection->simpleQuery()
#4 /var/www/html/SIMRSHEBAT/system/CodeIgniter.php(934): App\Controllers\Kunjungan->historipenyakit()
#5 /var/www/html/SIMRSHEBAT/system/CodeIgniter.php(499): CodeIgniter\CodeIgniter->runController()
#6 /var/www/html/SIMRSHEBAT/system/CodeIgniter.php(368): CodeIgniter\CodeIgniter->handleRequest()
#7 /var/www/html/SIMRSHEBAT/index.php(67): CodeIgniter\CodeIgniter->run()
#8 {main}
WARNING - 2024-11-11 08:19:58 --> [DEPRECATED] Creation of dynamic property App\Controllers\Kunjungan::$db is deprecated in APPPATH/Controllers/Api.php on line 8.
 1 SYSTEMPATH/CodeIgniter.php(906): App\Controllers\Api->__construct()
 2 SYSTEMPATH/CodeIgniter.php(490): CodeIgniter\CodeIgniter->createController()
 3 SYSTEMPATH/CodeIgniter.php(368): CodeIgniter\CodeIgniter->handleRequest(null, Object(Config\Cache), false)
 4 FCPATH/index.php(67): CodeIgniter\CodeIgniter->run()
WARNING - 2024-11-11 08:19:58 --> [DEPRECATED] Creation of dynamic property App\Controllers\Kunjungan::$simrs is deprecated in APPPATH/Controllers/Api.php on line 9.
 1 SYSTEMPATH/CodeIgniter.php(906): App\Controllers\Api->__construct()
 2 SYSTEMPATH/CodeIgniter.php(490): CodeIgniter\CodeIgniter->createController()
 3 SYSTEMPATH/CodeIgniter.php(368): CodeIgniter\CodeIgniter->handleRequest(null, Object(Config\Cache), false)
 4 FCPATH/index.php(67): CodeIgniter\CodeIgniter->run()
WARNING - 2024-11-11 08:19:58 --> [DEPRECATED] Creation of dynamic property App\Controllers\Kunjungan::$db is deprecated in APPPATH/Controllers/Api.php on line 8.
 1 SYSTEMPATH/CodeIgniter.php(906): App\Controllers\Api->__construct()
 2 SYSTEMPATH/CodeIgniter.php(490): CodeIgniter\CodeIgniter->createController()
 3 SYSTEMPATH/CodeIgniter.php(368): CodeIgniter\CodeIgniter->handleRequest(null, Object(Config\Cache), false)
 4 FCPATH/index.php(67): CodeIgniter\CodeIgniter->run()
WARNING - 2024-11-11 08:19:58 --> [DEPRECATED] Creation of dynamic property App\Controllers\Kunjungan::$simrs is deprecated in APPPATH/Controllers/Api.php on line 9.
 1 SYSTEMPATH/CodeIgniter.php(906): App\Controllers\Api->__construct()
 2 SYSTEMPATH/CodeIgniter.php(490): CodeIgniter\CodeIgniter->createController()
 3 SYSTEMPATH/CodeIgniter.php(368): CodeIgniter\CodeIgniter->handleRequest(null, Object(Config\Cache), false)
 4 FCPATH/index.php(67): CodeIgniter\CodeIgniter->run()
WARNING - 2024-11-11 08:19:58 --> [DEPRECATED] Creation of dynamic property App\Controllers\Datasosial::$db is deprecated in APPPATH/Controllers/Api.php on line 8.
 1 SYSTEMPATH/CodeIgniter.php(906): App\Controllers\Api->__construct()
 2 SYSTEMPATH/CodeIgniter.php(490): CodeIgniter\CodeIgniter->createController()
 3 SYSTEMPATH/CodeIgniter.php(368): CodeIgniter\CodeIgniter->handleRequest(null, Object(Config\Cache), false)
 4 FCPATH/index.php(67): CodeIgniter\CodeIgniter->run()
WARNING - 2024-11-11 08:19:58 --> [DEPRECATED] Creation of dynamic property App\Controllers\Datasosial::$simrs is deprecated in APPPATH/Controllers/Api.php on line 9.
 1 SYSTEMPATH/CodeIgniter.php(906): App\Controllers\Api->__construct()
 2 SYSTEMPATH/CodeIgniter.php(490): CodeIgniter\CodeIgniter->createController()
 3 SYSTEMPATH/CodeIgniter.php(368): CodeIgniter\CodeIgniter->handleRequest(null, Object(Config\Cache), false)
 4 FCPATH/index.php(67): CodeIgniter\CodeIgniter->run()
ERROR - 2024-11-11 08:19:58 --> ErrorException: pg_query(): Query failed: ERROR:  relation &quot;alergi&quot; does not exist
LINE 1: SELECT * from alergi where no_rm='6-56-26-73' 
                      ^ in /var/www/html/SIMRSHEBAT/system/Database/Postgre/Connection.php:147
Stack trace:
#0 [internal function]: CodeIgniter\Debug\Exceptions->errorHandler()
#1 /var/www/html/SIMRSHEBAT/system/Database/Postgre/Connection.php(147): pg_query()
#2 /var/www/html/SIMRSHEBAT/system/Database/BaseConnection.php(691): CodeIgniter\Database\Postgre\Connection->execute()
#3 /var/www/html/SIMRSHEBAT/app/Controllers/Kunjungan.php(632): CodeIgniter\Database\BaseConnection->simpleQuery()
#4 /var/www/html/SIMRSHEBAT/system/CodeIgniter.php(934): App\Controllers\Kunjungan->historialergi()
#5 /var/www/html/SIMRSHEBAT/system/CodeIgniter.php(499): CodeIgniter\CodeIgniter->runController()
#6 /var/www/html/SIMRSHEBAT/system/CodeIgniter.php(368): CodeIgniter\CodeIgniter->handleRequest()
#7 /var/www/html/SIMRSHEBAT/index.php(67): CodeIgniter\CodeIgniter->run()
#8 {main}
ERROR - 2024-11-11 08:19:59 --> ErrorException: pg_query(): Query failed: ERROR:  column &quot;id_penyakit&quot; specified in USING clause does not exist in left table in /var/www/html/SIMRSHEBAT/system/Database/Postgre/Connection.php:147
Stack trace:
#0 [internal function]: CodeIgniter\Debug\Exceptions->errorHandler()
#1 /var/www/html/SIMRSHEBAT/system/Database/Postgre/Connection.php(147): pg_query()
#2 /var/www/html/SIMRSHEBAT/system/Database/BaseConnection.php(691): CodeIgniter\Database\Postgre\Connection->execute()
#3 /var/www/html/SIMRSHEBAT/app/Controllers/Kunjungan.php(617): CodeIgniter\Database\BaseConnection->simpleQuery()
#4 /var/www/html/SIMRSHEBAT/system/CodeIgniter.php(934): App\Controllers\Kunjungan->historipenyakitkeluarga()
#5 /var/www/html/SIMRSHEBAT/system/CodeIgniter.php(499): CodeIgniter\CodeIgniter->runController()
#6 /var/www/html/SIMRSHEBAT/system/CodeIgniter.php(368): CodeIgniter\CodeIgniter->handleRequest()
#7 /var/www/html/SIMRSHEBAT/index.php(67): CodeIgniter\CodeIgniter->run()
#8 {main}
WARNING - 2024-11-11 08:19:59 --> [DEPRECATED] Creation of dynamic property App\Controllers\Datasosial::$db is deprecated in APPPATH/Controllers/Api.php on line 8.
 1 SYSTEMPATH/CodeIgniter.php(906): App\Controllers\Api->__construct()
 2 SYSTEMPATH/CodeIgniter.php(490): CodeIgniter\CodeIgniter->createController()
 3 SYSTEMPATH/CodeIgniter.php(368): CodeIgniter\CodeIgniter->handleRequest(null, Object(Config\Cache), false)
 4 FCPATH/index.php(67): CodeIgniter\CodeIgniter->run()
WARNING - 2024-11-11 08:19:59 --> [DEPRECATED] Creation of dynamic property App\Controllers\Datasosial::$simrs is deprecated in APPPATH/Controllers/Api.php on line 9.
 1 SYSTEMPATH/CodeIgniter.php(906): App\Controllers\Api->__construct()
 2 SYSTEMPATH/CodeIgniter.php(490): CodeIgniter\CodeIgniter->createController()
 3 SYSTEMPATH/CodeIgniter.php(368): CodeIgniter\CodeIgniter->handleRequest(null, Object(Config\Cache), false)
 4 FCPATH/index.php(67): CodeIgniter\CodeIgniter->run()
WARNING - 2024-11-11 08:20:02 --> [DEPRECATED] Creation of dynamic property App\Controllers\Rekammedisirna::$db is deprecated in APPPATH/Controllers/Api.php on line 8.
 1 SYSTEMPATH/CodeIgniter.php(906): App\Controllers\Api->__construct()
 2 SYSTEMPATH/CodeIgniter.php(490): CodeIgniter\CodeIgniter->createController()
 3 SYSTEMPATH/CodeIgniter.php(368): CodeIgniter\CodeIgniter->handleRequest(null, Object(Config\Cache), false)
 4 FCPATH/index.php(67): CodeIgniter\CodeIgniter->run()
WARNING - 2024-11-11 08:20:02 --> [DEPRECATED] Creation of dynamic property App\Controllers\Rekammedisirna::$db is deprecated in APPPATH/Controllers/Api.php on line 8.
 1 SYSTEMPATH/CodeIgniter.php(906): App\Controllers\Api->__construct()
 2 SYSTEMPATH/CodeIgniter.php(490): CodeIgniter\CodeIgniter->createController()
 3 SYSTEMPATH/CodeIgniter.php(368): CodeIgniter\CodeIgniter->handleRequest(null, Object(Config\Cache), false)
 4 FCPATH/index.php(67): CodeIgniter\CodeIgniter->run()
WARNING - 2024-11-11 08:20:02 --> [DEPRECATED] Creation of dynamic property App\Controllers\Rekammedisirna::$simrs is deprecated in APPPATH/Controllers/Api.php on line 9.
 1 SYSTEMPATH/CodeIgniter.php(906): App\Controllers\Api->__construct()
 2 SYSTEMPATH/CodeIgniter.php(490): CodeIgniter\CodeIgniter->createController()
 3 SYSTEMPATH/CodeIgniter.php(368): CodeIgniter\CodeIgniter->handleRequest(null, Object(Config\Cache), false)
 4 FCPATH/index.php(67): CodeIgniter\CodeIgniter->run()
WARNING - 2024-11-11 08:20:02 --> [DEPRECATED] Creation of dynamic property App\Controllers\Rekammedisirna::$simrs is deprecated in APPPATH/Controllers/Api.php on line 9.
 1 SYSTEMPATH/CodeIgniter.php(906): App\Controllers\Api->__construct()
 2 SYSTEMPATH/CodeIgniter.php(490): CodeIgniter\CodeIgniter->createController()
 3 SYSTEMPATH/CodeIgniter.php(368): CodeIgniter\CodeIgniter->handleRequest(null, Object(Config\Cache), false)
 4 FCPATH/index.php(67): CodeIgniter\CodeIgniter->run()
WARNING - 2024-11-11 08:22:34 --> [DEPRECATED] Creation of dynamic property App\Controllers\Laporan::$db is deprecated in APPPATH/Controllers/Api.php on line 8.
 1 SYSTEMPATH/CodeIgniter.php(906): App\Controllers\Api->__construct()
 2 SYSTEMPATH/CodeIgniter.php(490): CodeIgniter\CodeIgniter->createController()
 3 SYSTEMPATH/CodeIgniter.php(368): CodeIgniter\CodeIgniter->handleRequest(null, Object(Config\Cache), false)
 4 FCPATH/index.php(67): CodeIgniter\CodeIgniter->run()
WARNING - 2024-11-11 08:22:34 --> [DEPRECATED] Creation of dynamic property App\Controllers\Laporan::$simrs is deprecated in APPPATH/Controllers/Api.php on line 9.
 1 SYSTEMPATH/CodeIgniter.php(906): App\Controllers\Api->__construct()
 2 SYSTEMPATH/CodeIgniter.php(490): CodeIgniter\CodeIgniter->createController()
 3 SYSTEMPATH/CodeIgniter.php(368): CodeIgniter\CodeIgniter->handleRequest(null, Object(Config\Cache), false)
 4 FCPATH/index.php(67): CodeIgniter\CodeIgniter->run()
WARNING - 2024-11-11 08:22:34 --> [DEPRECATED] Creation of dynamic property App\Controllers\User::$db is deprecated in APPPATH/Controllers/Api.php on line 8.
 1 SYSTEMPATH/CodeIgniter.php(906): App\Controllers\Api->__construct()
 2 SYSTEMPATH/CodeIgniter.php(490): CodeIgniter\CodeIgniter->createController()
 3 SYSTEMPATH/CodeIgniter.php(368): CodeIgniter\CodeIgniter->handleRequest(null, Object(Config\Cache), false)
 4 FCPATH/index.php(67): CodeIgniter\CodeIgniter->run()
WARNING - 2024-11-11 08:22:34 --> [DEPRECATED] Creation of dynamic property App\Controllers\User::$simrs is deprecated in APPPATH/Controllers/Api.php on line 9.
 1 SYSTEMPATH/CodeIgniter.php(906): App\Controllers\Api->__construct()
 2 SYSTEMPATH/CodeIgniter.php(490): CodeIgniter\CodeIgniter->createController()
 3 SYSTEMPATH/CodeIgniter.php(368): CodeIgniter\CodeIgniter->handleRequest(null, Object(Config\Cache), false)
 4 FCPATH/index.php(67): CodeIgniter\CodeIgniter->run()
WARNING - 2024-11-11 08:22:39 --> [DEPRECATED] Creation of dynamic property App\Controllers\Rekammedisirna::$db is deprecated in APPPATH/Controllers/Api.php on line 8.
 1 SYSTEMPATH/CodeIgniter.php(906): App\Controllers\Api->__construct()
 2 SYSTEMPATH/CodeIgniter.php(490): CodeIgniter\CodeIgniter->createController()
 3 SYSTEMPATH/CodeIgniter.php(368): CodeIgniter\CodeIgniter->handleRequest(null, Object(Config\Cache), false)
 4 FCPATH/index.php(67): CodeIgniter\CodeIgniter->run()
WARNING - 2024-11-11 08:22:39 --> [DEPRECATED] Creation of dynamic property App\Controllers\Rekammedisirna::$simrs is deprecated in APPPATH/Controllers/Api.php on line 9.
 1 SYSTEMPATH/CodeIgniter.php(906): App\Controllers\Api->__construct()
 2 SYSTEMPATH/CodeIgniter.php(490): CodeIgniter\CodeIgniter->createController()
 3 SYSTEMPATH/CodeIgniter.php(368): CodeIgniter\CodeIgniter->handleRequest(null, Object(Config\Cache), false)
 4 FCPATH/index.php(67): CodeIgniter\CodeIgniter->run()
WARNING - 2024-11-11 08:22:39 --> [DEPRECATED] Creation of dynamic property App\Controllers\Rekammedisirna::$db is deprecated in APPPATH/Controllers/Api.php on line 8.
 1 SYSTEMPATH/CodeIgniter.php(906): App\Controllers\Api->__construct()
 2 SYSTEMPATH/CodeIgniter.php(490): CodeIgniter\CodeIgniter->createController()
 3 SYSTEMPATH/CodeIgniter.php(368): CodeIgniter\CodeIgniter->handleRequest(null, Object(Config\Cache), false)
 4 FCPATH/index.php(67): CodeIgniter\CodeIgniter->run()
WARNING - 2024-11-11 08:22:39 --> [DEPRECATED] Creation of dynamic property App\Controllers\Rekammedisirna::$simrs is deprecated in APPPATH/Controllers/Api.php on line 9.
 1 SYSTEMPATH/CodeIgniter.php(906): App\Controllers\Api->__construct()
 2 SYSTEMPATH/CodeIgniter.php(490): CodeIgniter\CodeIgniter->createController()
 3 SYSTEMPATH/CodeIgniter.php(368): CodeIgniter\CodeIgniter->handleRequest(null, Object(Config\Cache), false)
 4 FCPATH/index.php(67): CodeIgniter\CodeIgniter->run()
WARNING - 2024-11-11 08:22:39 --> [DEPRECATED] Creation of dynamic property App\Controllers\Rekammedisirna::$db is deprecated in APPPATH/Controllers/Api.php on line 8.
 1 SYSTEMPATH/CodeIgniter.php(906): App\Controllers\Api->__construct()
 2 SYSTEMPATH/CodeIgniter.php(490): CodeIgniter\CodeIgniter->createController()
 3 SYSTEMPATH/CodeIgniter.php(368): CodeIgniter\CodeIgniter->handleRequest(null, Object(Config\Cache), false)
 4 FCPATH/index.php(67): CodeIgniter\CodeIgniter->run()
WARNING - 2024-11-11 08:22:39 --> [DEPRECATED] Creation of dynamic property App\Controllers\Rekammedisirna::$simrs is deprecated in APPPATH/Controllers/Api.php on line 9.
 1 SYSTEMPATH/CodeIgniter.php(906): App\Controllers\Api->__construct()
 2 SYSTEMPATH/CodeIgniter.php(490): CodeIgniter\CodeIgniter->createController()
 3 SYSTEMPATH/CodeIgniter.php(368): CodeIgniter\CodeIgniter->handleRequest(null, Object(Config\Cache), false)
 4 FCPATH/index.php(67): CodeIgniter\CodeIgniter->run()
WARNING - 2024-11-11 08:22:40 --> [DEPRECATED] Creation of dynamic property App\Controllers\Rekammedisirja::$db is deprecated in APPPATH/Controllers/Api.php on line 8.
 1 SYSTEMPATH/CodeIgniter.php(906): App\Controllers\Api->__construct()
 2 SYSTEMPATH/CodeIgniter.php(490): CodeIgniter\CodeIgniter->createController()
 3 SYSTEMPATH/CodeIgniter.php(368): CodeIgniter\CodeIgniter->handleRequest(null, Object(Config\Cache), false)
 4 FCPATH/index.php(67): CodeIgniter\CodeIgniter->run()
WARNING - 2024-11-11 08:22:40 --> [DEPRECATED] Creation of dynamic property App\Controllers\Rekammedisirja::$simrs is deprecated in APPPATH/Controllers/Api.php on line 9.
 1 SYSTEMPATH/CodeIgniter.php(906): App\Controllers\Api->__construct()
 2 SYSTEMPATH/CodeIgniter.php(490): CodeIgniter\CodeIgniter->createController()
 3 SYSTEMPATH/CodeIgniter.php(368): CodeIgniter\CodeIgniter->handleRequest(null, Object(Config\Cache), false)
 4 FCPATH/index.php(67): CodeIgniter\CodeIgniter->run()
WARNING - 2024-11-11 08:22:40 --> [DEPRECATED] Creation of dynamic property App\Controllers\Rekammedisirja::$db is deprecated in APPPATH/Controllers/Api.php on line 8.
 1 SYSTEMPATH/CodeIgniter.php(906): App\Controllers\Api->__construct()
 2 SYSTEMPATH/CodeIgniter.php(490): CodeIgniter\CodeIgniter->createController()
 3 SYSTEMPATH/CodeIgniter.php(368): CodeIgniter\CodeIgniter->handleRequest(null, Object(Config\Cache), false)
 4 FCPATH/index.php(67): CodeIgniter\CodeIgniter->run()
WARNING - 2024-11-11 08:22:40 --> [DEPRECATED] Creation of dynamic property App\Controllers\Rekammedisirja::$simrs is deprecated in APPPATH/Controllers/Api.php on line 9.
 1 SYSTEMPATH/CodeIgniter.php(906): App\Controllers\Api->__construct()
 2 SYSTEMPATH/CodeIgniter.php(490): CodeIgniter\CodeIgniter->createController()
 3 SYSTEMPATH/CodeIgniter.php(368): CodeIgniter\CodeIgniter->handleRequest(null, Object(Config\Cache), false)
 4 FCPATH/index.php(67): CodeIgniter\CodeIgniter->run()
WARNING - 2024-11-11 08:22:40 --> [DEPRECATED] Creation of dynamic property App\Controllers\Rawatjalan::$db is deprecated in APPPATH/Controllers/Api.php on line 8.
 1 SYSTEMPATH/CodeIgniter.php(906): App\Controllers\Api->__construct()
 2 SYSTEMPATH/CodeIgniter.php(490): CodeIgniter\CodeIgniter->createController()
 3 SYSTEMPATH/CodeIgniter.php(368): CodeIgniter\CodeIgniter->handleRequest(null, Object(Config\Cache), false)
 4 FCPATH/index.php(67): CodeIgniter\CodeIgniter->run()
WARNING - 2024-11-11 08:22:40 --> [DEPRECATED] Creation of dynamic property App\Controllers\Rawatjalan::$simrs is deprecated in APPPATH/Controllers/Api.php on line 9.
 1 SYSTEMPATH/CodeIgniter.php(906): App\Controllers\Api->__construct()
 2 SYSTEMPATH/CodeIgniter.php(490): CodeIgniter\CodeIgniter->createController()
 3 SYSTEMPATH/CodeIgniter.php(368): CodeIgniter\CodeIgniter->handleRequest(null, Object(Config\Cache), false)
 4 FCPATH/index.php(67): CodeIgniter\CodeIgniter->run()
ERROR - 2024-11-11 08:22:40 --> ErrorException: pg_query(): Query failed: ERROR:  column &quot;id_penyakit&quot; specified in USING clause does not exist in left table in /var/www/html/SIMRSHEBAT/system/Database/Postgre/Connection.php:147
Stack trace:
#0 [internal function]: CodeIgniter\Debug\Exceptions->errorHandler()
#1 /var/www/html/SIMRSHEBAT/system/Database/Postgre/Connection.php(147): pg_query()
#2 /var/www/html/SIMRSHEBAT/system/Database/BaseConnection.php(691): CodeIgniter\Database\Postgre\Connection->execute()
#3 /var/www/html/SIMRSHEBAT/app/Controllers/Rekammedisirja.php(453): CodeIgniter\Database\BaseConnection->simpleQuery()
#4 /var/www/html/SIMRSHEBAT/system/CodeIgniter.php(934): App\Controllers\Rekammedisirja->datamrpenyakitirja()
#5 /var/www/html/SIMRSHEBAT/system/CodeIgniter.php(499): CodeIgniter\CodeIgniter->runController()
#6 /var/www/html/SIMRSHEBAT/system/CodeIgniter.php(368): CodeIgniter\CodeIgniter->handleRequest()
#7 /var/www/html/SIMRSHEBAT/index.php(67): CodeIgniter\CodeIgniter->run()
#8 {main}
ERROR - 2024-11-11 08:22:40 --> ErrorException: pg_query(): Query failed: ERROR:  column &quot;jenis_pegawai&quot; does not exist
LINE 1: SELECT * FROM pegawai where jenis_pegawai='1'
                                    ^ in /var/www/html/SIMRSHEBAT/system/Database/Postgre/Connection.php:147
Stack trace:
#0 [internal function]: CodeIgniter\Debug\Exceptions->errorHandler()
#1 /var/www/html/SIMRSHEBAT/system/Database/Postgre/Connection.php(147): pg_query()
#2 /var/www/html/SIMRSHEBAT/system/Database/BaseConnection.php(691): CodeIgniter\Database\Postgre\Connection->execute()
#3 /var/www/html/SIMRSHEBAT/system/Database/BaseConnection.php(605): CodeIgniter\Database\BaseConnection->simpleQuery()
#4 /var/www/html/SIMRSHEBAT/app/Controllers/Rawatjalan.php(32): CodeIgniter\Database\BaseConnection->query()
#5 /var/www/html/SIMRSHEBAT/system/CodeIgniter.php(934): App\Controllers\Rawatjalan->pegawai()
#6 /var/www/html/SIMRSHEBAT/system/CodeIgniter.php(499): CodeIgniter\CodeIgniter->runController()
#7 /var/www/html/SIMRSHEBAT/system/CodeIgniter.php(368): CodeIgniter\CodeIgniter->handleRequest()
#8 /var/www/html/SIMRSHEBAT/index.php(67): CodeIgniter\CodeIgniter->run()
#9 {main}
CRITICAL - 2024-11-11 08:22:40 --> Call to a member function getResult() on bool
in APPPATH/Controllers/Rawatjalan.php on line 35.
 1 SYSTEMPATH/CodeIgniter.php(934): App\Controllers\Rawatjalan->pegawai()
 2 SYSTEMPATH/CodeIgniter.php(499): CodeIgniter\CodeIgniter->runController()
 3 SYSTEMPATH/CodeIgniter.php(368): CodeIgniter\CodeIgniter->handleRequest()
 4 FCPATH/index.php(67): CodeIgniter\CodeIgniter->run()
ERROR - 2024-11-11 08:22:40 --> ErrorException: pg_query(): Query failed: ERROR:  column &quot;id_kunjungan&quot; does not exist
LINE 2: ...mr_tindakan inner join icd_9 USING(kd_icd9) where id_kunjung...
                                                             ^ in /var/www/html/SIMRSHEBAT/system/Database/Postgre/Connection.php:147
Stack trace:
#0 [internal function]: CodeIgniter\Debug\Exceptions->errorHandler()
#1 /var/www/html/SIMRSHEBAT/system/Database/Postgre/Connection.php(147): pg_query()
#2 /var/www/html/SIMRSHEBAT/system/Database/BaseConnection.php(691): CodeIgniter\Database\Postgre\Connection->execute()
#3 /var/www/html/SIMRSHEBAT/app/Controllers/Rekammedisirja.php(411): CodeIgniter\Database\BaseConnection->simpleQuery()
#4 /var/www/html/SIMRSHEBAT/system/CodeIgniter.php(934): App\Controllers\Rekammedisirja->datamricd9irja()
#5 /var/www/html/SIMRSHEBAT/system/CodeIgniter.php(499): CodeIgniter\CodeIgniter->runController()
#6 /var/www/html/SIMRSHEBAT/system/CodeIgniter.php(368): CodeIgniter\CodeIgniter->handleRequest()
#7 /var/www/html/SIMRSHEBAT/index.php(67): CodeIgniter\CodeIgniter->run()
#8 {main}
WARNING - 2024-11-11 08:22:40 --> [DEPRECATED] Creation of dynamic property App\Controllers\Lab::$db is deprecated in APPPATH/Controllers/Api.php on line 8.
 1 SYSTEMPATH/CodeIgniter.php(906): App\Controllers\Api->__construct()
 2 SYSTEMPATH/CodeIgniter.php(490): CodeIgniter\CodeIgniter->createController()
 3 SYSTEMPATH/CodeIgniter.php(368): CodeIgniter\CodeIgniter->handleRequest(null, Object(Config\Cache), false)
 4 FCPATH/index.php(67): CodeIgniter\CodeIgniter->run()
WARNING - 2024-11-11 08:22:40 --> [DEPRECATED] Creation of dynamic property App\Controllers\Lab::$simrs is deprecated in APPPATH/Controllers/Api.php on line 9.
 1 SYSTEMPATH/CodeIgniter.php(906): App\Controllers\Api->__construct()
 2 SYSTEMPATH/CodeIgniter.php(490): CodeIgniter\CodeIgniter->createController()
 3 SYSTEMPATH/CodeIgniter.php(368): CodeIgniter\CodeIgniter->handleRequest(null, Object(Config\Cache), false)
 4 FCPATH/index.php(67): CodeIgniter\CodeIgniter->run()
WARNING - 2024-11-11 08:22:40 --> [DEPRECATED] Creation of dynamic property App\Controllers\Lab::$db is deprecated in APPPATH/Controllers/Api.php on line 8.
 1 SYSTEMPATH/CodeIgniter.php(906): App\Controllers\Api->__construct()
 2 SYSTEMPATH/CodeIgniter.php(490): CodeIgniter\CodeIgniter->createController()
 3 SYSTEMPATH/CodeIgniter.php(368): CodeIgniter\CodeIgniter->handleRequest(null, Object(Config\Cache), false)
 4 FCPATH/index.php(67): CodeIgniter\CodeIgniter->run()
WARNING - 2024-11-11 08:22:40 --> [DEPRECATED] Creation of dynamic property App\Controllers\Lab::$simrs is deprecated in APPPATH/Controllers/Api.php on line 9.
 1 SYSTEMPATH/CodeIgniter.php(906): App\Controllers\Api->__construct()
 2 SYSTEMPATH/CodeIgniter.php(490): CodeIgniter\CodeIgniter->createController()
 3 SYSTEMPATH/CodeIgniter.php(368): CodeIgniter\CodeIgniter->handleRequest(null, Object(Config\Cache), false)
 4 FCPATH/index.php(67): CodeIgniter\CodeIgniter->run()
WARNING - 2024-11-11 08:22:40 --> [DEPRECATED] Creation of dynamic property App\Controllers\Lab::$db is deprecated in APPPATH/Controllers/Api.php on line 8.
 1 SYSTEMPATH/CodeIgniter.php(906): App\Controllers\Api->__construct()
 2 SYSTEMPATH/CodeIgniter.php(490): CodeIgniter\CodeIgniter->createController()
 3 SYSTEMPATH/CodeIgniter.php(368): CodeIgniter\CodeIgniter->handleRequest(null, Object(Config\Cache), false)
 4 FCPATH/index.php(67): CodeIgniter\CodeIgniter->run()
WARNING - 2024-11-11 08:22:40 --> [DEPRECATED] Creation of dynamic property App\Controllers\Lab::$simrs is deprecated in APPPATH/Controllers/Api.php on line 9.
 1 SYSTEMPATH/CodeIgniter.php(906): App\Controllers\Api->__construct()
 2 SYSTEMPATH/CodeIgniter.php(490): CodeIgniter\CodeIgniter->createController()
 3 SYSTEMPATH/CodeIgniter.php(368): CodeIgniter\CodeIgniter->handleRequest(null, Object(Config\Cache), false)
 4 FCPATH/index.php(67): CodeIgniter\CodeIgniter->run()
ERROR - 2024-11-11 08:22:40 --> ErrorException: pg_query(): Query failed: ERROR:  column &quot;id_jenis_produk&quot; does not exist
LINE 1: SELECT * from produk WHERE id_jenis_produk='3' 
                                   ^ in /var/www/html/SIMRSHEBAT/system/Database/Postgre/Connection.php:147
Stack trace:
#0 [internal function]: CodeIgniter\Debug\Exceptions->errorHandler()
#1 /var/www/html/SIMRSHEBAT/system/Database/Postgre/Connection.php(147): pg_query()
#2 /var/www/html/SIMRSHEBAT/system/Database/BaseConnection.php(691): CodeIgniter\Database\Postgre\Connection->execute()
#3 /var/www/html/SIMRSHEBAT/system/Database/BaseConnection.php(605): CodeIgniter\Database\BaseConnection->simpleQuery()
#4 /var/www/html/SIMRSHEBAT/app/Controllers/Lab.php(447): CodeIgniter\Database\BaseConnection->query()
#5 /var/www/html/SIMRSHEBAT/system/CodeIgniter.php(934): App\Controllers\Lab->produk()
#6 /var/www/html/SIMRSHEBAT/system/CodeIgniter.php(499): CodeIgniter\CodeIgniter->runController()
#7 /var/www/html/SIMRSHEBAT/system/CodeIgniter.php(368): CodeIgniter\CodeIgniter->handleRequest()
#8 /var/www/html/SIMRSHEBAT/index.php(67): CodeIgniter\CodeIgniter->run()
#9 {main}
ERROR - 2024-11-11 08:22:40 --> ErrorException: pg_query(): Query failed: ERROR:  function left(integer, integer) does not exist
LINE 1: SELECT * from produk WHERE left(kd_produk,2)='XR' 
                                   ^
HINT:  No function matches the given name and argument types. You might need to add explicit type casts. in /var/www/html/SIMRSHEBAT/system/Database/Postgre/Connection.php:147
Stack trace:
#0 [internal function]: CodeIgniter\Debug\Exceptions->errorHandler()
#1 /var/www/html/SIMRSHEBAT/system/Database/Postgre/Connection.php(147): pg_query()
#2 /var/www/html/SIMRSHEBAT/system/Database/BaseConnection.php(691): CodeIgniter\Database\Postgre\Connection->execute()
#3 /var/www/html/SIMRSHEBAT/system/Database/BaseConnection.php(605): CodeIgniter\Database\BaseConnection->simpleQuery()
#4 /var/www/html/SIMRSHEBAT/app/Controllers/Lab.php(465): CodeIgniter\Database\BaseConnection->query()
#5 /var/www/html/SIMRSHEBAT/system/CodeIgniter.php(934): App\Controllers\Lab->produkRad()
#6 /var/www/html/SIMRSHEBAT/system/CodeIgniter.php(499): CodeIgniter\CodeIgniter->runController()
#7 /var/www/html/SIMRSHEBAT/system/CodeIgniter.php(368): CodeIgniter\CodeIgniter->handleRequest()
#8 /var/www/html/SIMRSHEBAT/index.php(67): CodeIgniter\CodeIgniter->run()
#9 {main}
CRITICAL - 2024-11-11 08:22:40 --> Call to a member function getResult() on bool
in APPPATH/Controllers/Lab.php on line 447.
 1 SYSTEMPATH/CodeIgniter.php(934): App\Controllers\Lab->produk()
 2 SYSTEMPATH/CodeIgniter.php(499): CodeIgniter\CodeIgniter->runController()
 3 SYSTEMPATH/CodeIgniter.php(368): CodeIgniter\CodeIgniter->handleRequest()
 4 FCPATH/index.php(67): CodeIgniter\CodeIgniter->run()
CRITICAL - 2024-11-11 08:22:40 --> Call to a member function getResult() on bool
in APPPATH/Controllers/Lab.php on line 465.
 1 SYSTEMPATH/CodeIgniter.php(934): App\Controllers\Lab->produkRad()
 2 SYSTEMPATH/CodeIgniter.php(499): CodeIgniter\CodeIgniter->runController()
 3 SYSTEMPATH/CodeIgniter.php(368): CodeIgniter\CodeIgniter->handleRequest()
 4 FCPATH/index.php(67): CodeIgniter\CodeIgniter->run()
ERROR - 2024-11-11 08:22:40 --> ErrorException: pg_query(): Query failed: ERROR:  function left(integer, integer) does not exist
LINE 1: SELECT * from produk WHERE left(kd_produk,2)='CT' 
                                   ^
HINT:  No function matches the given name and argument types. You might need to add explicit type casts. in /var/www/html/SIMRSHEBAT/system/Database/Postgre/Connection.php:147
Stack trace:
#0 [internal function]: CodeIgniter\Debug\Exceptions->errorHandler()
#1 /var/www/html/SIMRSHEBAT/system/Database/Postgre/Connection.php(147): pg_query()
#2 /var/www/html/SIMRSHEBAT/system/Database/BaseConnection.php(691): CodeIgniter\Database\Postgre\Connection->execute()
#3 /var/www/html/SIMRSHEBAT/system/Database/BaseConnection.php(605): CodeIgniter\Database\BaseConnection->simpleQuery()
#4 /var/www/html/SIMRSHEBAT/app/Controllers/Lab.php(465): CodeIgniter\Database\BaseConnection->query()
#5 /var/www/html/SIMRSHEBAT/system/CodeIgniter.php(934): App\Controllers\Lab->produkRad()
#6 /var/www/html/SIMRSHEBAT/system/CodeIgniter.php(499): CodeIgniter\CodeIgniter->runController()
#7 /var/www/html/SIMRSHEBAT/system/CodeIgniter.php(368): CodeIgniter\CodeIgniter->handleRequest()
#8 /var/www/html/SIMRSHEBAT/index.php(67): CodeIgniter\CodeIgniter->run()
#9 {main}
CRITICAL - 2024-11-11 08:22:40 --> Call to a member function getResult() on bool
in APPPATH/Controllers/Lab.php on line 465.
 1 SYSTEMPATH/CodeIgniter.php(934): App\Controllers\Lab->produkRad()
 2 SYSTEMPATH/CodeIgniter.php(499): CodeIgniter\CodeIgniter->runController()
 3 SYSTEMPATH/CodeIgniter.php(368): CodeIgniter\CodeIgniter->handleRequest()
 4 FCPATH/index.php(67): CodeIgniter\CodeIgniter->run()
WARNING - 2024-11-11 08:22:40 --> [DEPRECATED] Creation of dynamic property App\Controllers\Lab::$db is deprecated in APPPATH/Controllers/Api.php on line 8.
 1 SYSTEMPATH/CodeIgniter.php(906): App\Controllers\Api->__construct()
 2 SYSTEMPATH/CodeIgniter.php(490): CodeIgniter\CodeIgniter->createController()
 3 SYSTEMPATH/CodeIgniter.php(368): CodeIgniter\CodeIgniter->handleRequest(null, Object(Config\Cache), false)
 4 FCPATH/index.php(67): CodeIgniter\CodeIgniter->run()
WARNING - 2024-11-11 08:22:40 --> [DEPRECATED] Creation of dynamic property App\Controllers\Lab::$simrs is deprecated in APPPATH/Controllers/Api.php on line 9.
 1 SYSTEMPATH/CodeIgniter.php(906): App\Controllers\Api->__construct()
 2 SYSTEMPATH/CodeIgniter.php(490): CodeIgniter\CodeIgniter->createController()
 3 SYSTEMPATH/CodeIgniter.php(368): CodeIgniter\CodeIgniter->handleRequest(null, Object(Config\Cache), false)
 4 FCPATH/index.php(67): CodeIgniter\CodeIgniter->run()
WARNING - 2024-11-11 08:22:40 --> [DEPRECATED] Creation of dynamic property App\Controllers\Rekammedisirna::$db is deprecated in APPPATH/Controllers/Api.php on line 8.
 1 SYSTEMPATH/CodeIgniter.php(906): App\Controllers\Api->__construct()
 2 SYSTEMPATH/CodeIgniter.php(490): CodeIgniter\CodeIgniter->createController()
 3 SYSTEMPATH/CodeIgniter.php(368): CodeIgniter\CodeIgniter->handleRequest(null, Object(Config\Cache), false)
 4 FCPATH/index.php(67): CodeIgniter\CodeIgniter->run()
WARNING - 2024-11-11 08:22:40 --> [DEPRECATED] Creation of dynamic property App\Controllers\Rekammedisirna::$simrs is deprecated in APPPATH/Controllers/Api.php on line 9.
 1 SYSTEMPATH/CodeIgniter.php(906): App\Controllers\Api->__construct()
 2 SYSTEMPATH/CodeIgniter.php(490): CodeIgniter\CodeIgniter->createController()
 3 SYSTEMPATH/CodeIgniter.php(368): CodeIgniter\CodeIgniter->handleRequest(null, Object(Config\Cache), false)
 4 FCPATH/index.php(67): CodeIgniter\CodeIgniter->run()
WARNING - 2024-11-11 08:22:40 --> [DEPRECATED] Creation of dynamic property App\Controllers\Kunjungan::$db is deprecated in APPPATH/Controllers/Api.php on line 8.
 1 SYSTEMPATH/CodeIgniter.php(906): App\Controllers\Api->__construct()
 2 SYSTEMPATH/CodeIgniter.php(490): CodeIgniter\CodeIgniter->createController()
 3 SYSTEMPATH/CodeIgniter.php(368): CodeIgniter\CodeIgniter->handleRequest(null, Object(Config\Cache), false)
 4 FCPATH/index.php(67): CodeIgniter\CodeIgniter->run()
WARNING - 2024-11-11 08:22:40 --> [DEPRECATED] Creation of dynamic property App\Controllers\Kunjungan::$simrs is deprecated in APPPATH/Controllers/Api.php on line 9.
 1 SYSTEMPATH/CodeIgniter.php(906): App\Controllers\Api->__construct()
 2 SYSTEMPATH/CodeIgniter.php(490): CodeIgniter\CodeIgniter->createController()
 3 SYSTEMPATH/CodeIgniter.php(368): CodeIgniter\CodeIgniter->handleRequest(null, Object(Config\Cache), false)
 4 FCPATH/index.php(67): CodeIgniter\CodeIgniter->run()
ERROR - 2024-11-11 08:22:40 --> ErrorException: pg_query(): Query failed: ERROR:  function left(integer, integer) does not exist
LINE 1: SELECT * from produk WHERE left(kd_produk,2)='UR' 
                                   ^
HINT:  No function matches the given name and argument types. You might need to add explicit type casts. in /var/www/html/SIMRSHEBAT/system/Database/Postgre/Connection.php:147
Stack trace:
#0 [internal function]: CodeIgniter\Debug\Exceptions->errorHandler()
#1 /var/www/html/SIMRSHEBAT/system/Database/Postgre/Connection.php(147): pg_query()
#2 /var/www/html/SIMRSHEBAT/system/Database/BaseConnection.php(691): CodeIgniter\Database\Postgre\Connection->execute()
#3 /var/www/html/SIMRSHEBAT/system/Database/BaseConnection.php(605): CodeIgniter\Database\BaseConnection->simpleQuery()
#4 /var/www/html/SIMRSHEBAT/app/Controllers/Lab.php(465): CodeIgniter\Database\BaseConnection->query()
#5 /var/www/html/SIMRSHEBAT/system/CodeIgniter.php(934): App\Controllers\Lab->produkRad()
#6 /var/www/html/SIMRSHEBAT/system/CodeIgniter.php(499): CodeIgniter\CodeIgniter->runController()
#7 /var/www/html/SIMRSHEBAT/system/CodeIgniter.php(368): CodeIgniter\CodeIgniter->handleRequest()
#8 /var/www/html/SIMRSHEBAT/index.php(67): CodeIgniter\CodeIgniter->run()
#9 {main}
CRITICAL - 2024-11-11 08:22:40 --> Call to a member function getResult() on bool
in APPPATH/Controllers/Lab.php on line 465.
 1 SYSTEMPATH/CodeIgniter.php(934): App\Controllers\Lab->produkRad()
 2 SYSTEMPATH/CodeIgniter.php(499): CodeIgniter\CodeIgniter->runController()
 3 SYSTEMPATH/CodeIgniter.php(368): CodeIgniter\CodeIgniter->handleRequest()
 4 FCPATH/index.php(67): CodeIgniter\CodeIgniter->run()
ERROR - 2024-11-11 08:22:40 --> ErrorException: pg_query(): Query failed: ERROR:  relation &quot;order_lab&quot; does not exist
LINE 2:         order_lab o inner join
                ^ in /var/www/html/SIMRSHEBAT/system/Database/Postgre/Connection.php:147
Stack trace:
#0 [internal function]: CodeIgniter\Debug\Exceptions->errorHandler()
#1 /var/www/html/SIMRSHEBAT/system/Database/Postgre/Connection.php(147): pg_query()
#2 /var/www/html/SIMRSHEBAT/system/Database/BaseConnection.php(691): CodeIgniter\Database\Postgre\Connection->execute()
#3 /var/www/html/SIMRSHEBAT/app/Controllers/Rekammedisirna.php(823): CodeIgniter\Database\BaseConnection->simpleQuery()
#4 /var/www/html/SIMRSHEBAT/system/CodeIgniter.php(934): App\Controllers\Rekammedisirna->datapenunjangpasienirna()
#5 /var/www/html/SIMRSHEBAT/system/CodeIgniter.php(499): CodeIgniter\CodeIgniter->runController()
#6 /var/www/html/SIMRSHEBAT/system/CodeIgniter.php(368): CodeIgniter\CodeIgniter->handleRequest()
#7 /var/www/html/SIMRSHEBAT/index.php(67): CodeIgniter\CodeIgniter->run()
#8 {main}
ERROR - 2024-11-11 08:22:40 --> ErrorException: pg_query(): Query failed: ERROR:  column &quot;id_penyakit&quot; specified in USING clause does not exist in left table in /var/www/html/SIMRSHEBAT/system/Database/Postgre/Connection.php:147
Stack trace:
#0 [internal function]: CodeIgniter\Debug\Exceptions->errorHandler()
#1 /var/www/html/SIMRSHEBAT/system/Database/Postgre/Connection.php(147): pg_query()
#2 /var/www/html/SIMRSHEBAT/system/Database/BaseConnection.php(691): CodeIgniter\Database\Postgre\Connection->execute()
#3 /var/www/html/SIMRSHEBAT/app/Controllers/Kunjungan.php(585): CodeIgniter\Database\BaseConnection->simpleQuery()
#4 /var/www/html/SIMRSHEBAT/system/CodeIgniter.php(934): App\Controllers\Kunjungan->historipenyakit()
#5 /var/www/html/SIMRSHEBAT/system/CodeIgniter.php(499): CodeIgniter\CodeIgniter->runController()
#6 /var/www/html/SIMRSHEBAT/system/CodeIgniter.php(368): CodeIgniter\CodeIgniter->handleRequest()
#7 /var/www/html/SIMRSHEBAT/index.php(67): CodeIgniter\CodeIgniter->run()
#8 {main}
WARNING - 2024-11-11 08:22:40 --> [DEPRECATED] Creation of dynamic property App\Controllers\Kunjungan::$db is deprecated in APPPATH/Controllers/Api.php on line 8.
 1 SYSTEMPATH/CodeIgniter.php(906): App\Controllers\Api->__construct()
 2 SYSTEMPATH/CodeIgniter.php(490): CodeIgniter\CodeIgniter->createController()
 3 SYSTEMPATH/CodeIgniter.php(368): CodeIgniter\CodeIgniter->handleRequest(null, Object(Config\Cache), false)
 4 FCPATH/index.php(67): CodeIgniter\CodeIgniter->run()
WARNING - 2024-11-11 08:22:40 --> [DEPRECATED] Creation of dynamic property App\Controllers\Kunjungan::$simrs is deprecated in APPPATH/Controllers/Api.php on line 9.
 1 SYSTEMPATH/CodeIgniter.php(906): App\Controllers\Api->__construct()
 2 SYSTEMPATH/CodeIgniter.php(490): CodeIgniter\CodeIgniter->createController()
 3 SYSTEMPATH/CodeIgniter.php(368): CodeIgniter\CodeIgniter->handleRequest(null, Object(Config\Cache), false)
 4 FCPATH/index.php(67): CodeIgniter\CodeIgniter->run()
WARNING - 2024-11-11 08:22:40 --> [DEPRECATED] Creation of dynamic property App\Controllers\Kunjungan::$db is deprecated in APPPATH/Controllers/Api.php on line 8.
 1 SYSTEMPATH/CodeIgniter.php(906): App\Controllers\Api->__construct()
 2 SYSTEMPATH/CodeIgniter.php(490): CodeIgniter\CodeIgniter->createController()
 3 SYSTEMPATH/CodeIgniter.php(368): CodeIgniter\CodeIgniter->handleRequest(null, Object(Config\Cache), false)
 4 FCPATH/index.php(67): CodeIgniter\CodeIgniter->run()
WARNING - 2024-11-11 08:22:40 --> [DEPRECATED] Creation of dynamic property App\Controllers\Kunjungan::$simrs is deprecated in APPPATH/Controllers/Api.php on line 9.
 1 SYSTEMPATH/CodeIgniter.php(906): App\Controllers\Api->__construct()
 2 SYSTEMPATH/CodeIgniter.php(490): CodeIgniter\CodeIgniter->createController()
 3 SYSTEMPATH/CodeIgniter.php(368): CodeIgniter\CodeIgniter->handleRequest(null, Object(Config\Cache), false)
 4 FCPATH/index.php(67): CodeIgniter\CodeIgniter->run()
WARNING - 2024-11-11 08:22:40 --> [DEPRECATED] Creation of dynamic property App\Controllers\Datasosial::$db is deprecated in APPPATH/Controllers/Api.php on line 8.
 1 SYSTEMPATH/CodeIgniter.php(906): App\Controllers\Api->__construct()
 2 SYSTEMPATH/CodeIgniter.php(490): CodeIgniter\CodeIgniter->createController()
 3 SYSTEMPATH/CodeIgniter.php(368): CodeIgniter\CodeIgniter->handleRequest(null, Object(Config\Cache), false)
 4 FCPATH/index.php(67): CodeIgniter\CodeIgniter->run()
WARNING - 2024-11-11 08:22:40 --> [DEPRECATED] Creation of dynamic property App\Controllers\Datasosial::$simrs is deprecated in APPPATH/Controllers/Api.php on line 9.
 1 SYSTEMPATH/CodeIgniter.php(906): App\Controllers\Api->__construct()
 2 SYSTEMPATH/CodeIgniter.php(490): CodeIgniter\CodeIgniter->createController()
 3 SYSTEMPATH/CodeIgniter.php(368): CodeIgniter\CodeIgniter->handleRequest(null, Object(Config\Cache), false)
 4 FCPATH/index.php(67): CodeIgniter\CodeIgniter->run()
ERROR - 2024-11-11 08:22:40 --> ErrorException: pg_query(): Query failed: ERROR:  relation &quot;alergi&quot; does not exist
LINE 1: SELECT * from alergi where no_rm='6-56-26-73' 
                      ^ in /var/www/html/SIMRSHEBAT/system/Database/Postgre/Connection.php:147
Stack trace:
#0 [internal function]: CodeIgniter\Debug\Exceptions->errorHandler()
#1 /var/www/html/SIMRSHEBAT/system/Database/Postgre/Connection.php(147): pg_query()
#2 /var/www/html/SIMRSHEBAT/system/Database/BaseConnection.php(691): CodeIgniter\Database\Postgre\Connection->execute()
#3 /var/www/html/SIMRSHEBAT/app/Controllers/Kunjungan.php(632): CodeIgniter\Database\BaseConnection->simpleQuery()
#4 /var/www/html/SIMRSHEBAT/system/CodeIgniter.php(934): App\Controllers\Kunjungan->historialergi()
#5 /var/www/html/SIMRSHEBAT/system/CodeIgniter.php(499): CodeIgniter\CodeIgniter->runController()
#6 /var/www/html/SIMRSHEBAT/system/CodeIgniter.php(368): CodeIgniter\CodeIgniter->handleRequest()
#7 /var/www/html/SIMRSHEBAT/index.php(67): CodeIgniter\CodeIgniter->run()
#8 {main}
ERROR - 2024-11-11 08:22:40 --> ErrorException: pg_query(): Query failed: ERROR:  column &quot;id_penyakit&quot; specified in USING clause does not exist in left table in /var/www/html/SIMRSHEBAT/system/Database/Postgre/Connection.php:147
Stack trace:
#0 [internal function]: CodeIgniter\Debug\Exceptions->errorHandler()
#1 /var/www/html/SIMRSHEBAT/system/Database/Postgre/Connection.php(147): pg_query()
#2 /var/www/html/SIMRSHEBAT/system/Database/BaseConnection.php(691): CodeIgniter\Database\Postgre\Connection->execute()
#3 /var/www/html/SIMRSHEBAT/app/Controllers/Kunjungan.php(617): CodeIgniter\Database\BaseConnection->simpleQuery()
#4 /var/www/html/SIMRSHEBAT/system/CodeIgniter.php(934): App\Controllers\Kunjungan->historipenyakitkeluarga()
#5 /var/www/html/SIMRSHEBAT/system/CodeIgniter.php(499): CodeIgniter\CodeIgniter->runController()
#6 /var/www/html/SIMRSHEBAT/system/CodeIgniter.php(368): CodeIgniter\CodeIgniter->handleRequest()
#7 /var/www/html/SIMRSHEBAT/index.php(67): CodeIgniter\CodeIgniter->run()
#8 {main}
WARNING - 2024-11-11 08:22:40 --> [DEPRECATED] Creation of dynamic property App\Controllers\Datasosial::$db is deprecated in APPPATH/Controllers/Api.php on line 8.
 1 SYSTEMPATH/CodeIgniter.php(906): App\Controllers\Api->__construct()
 2 SYSTEMPATH/CodeIgniter.php(490): CodeIgniter\CodeIgniter->createController()
 3 SYSTEMPATH/CodeIgniter.php(368): CodeIgniter\CodeIgniter->handleRequest(null, Object(Config\Cache), false)
 4 FCPATH/index.php(67): CodeIgniter\CodeIgniter->run()
WARNING - 2024-11-11 08:22:40 --> [DEPRECATED] Creation of dynamic property App\Controllers\Datasosial::$simrs is deprecated in APPPATH/Controllers/Api.php on line 9.
 1 SYSTEMPATH/CodeIgniter.php(906): App\Controllers\Api->__construct()
 2 SYSTEMPATH/CodeIgniter.php(490): CodeIgniter\CodeIgniter->createController()
 3 SYSTEMPATH/CodeIgniter.php(368): CodeIgniter\CodeIgniter->handleRequest(null, Object(Config\Cache), false)
 4 FCPATH/index.php(67): CodeIgniter\CodeIgniter->run()
WARNING - 2024-11-11 08:22:43 --> [DEPRECATED] Creation of dynamic property App\Controllers\Rekammedisirna::$db is deprecated in APPPATH/Controllers/Api.php on line 8.
 1 SYSTEMPATH/CodeIgniter.php(906): App\Controllers\Api->__construct()
 2 SYSTEMPATH/CodeIgniter.php(490): CodeIgniter\CodeIgniter->createController()
 3 SYSTEMPATH/CodeIgniter.php(368): CodeIgniter\CodeIgniter->handleRequest(null, Object(Config\Cache), false)
 4 FCPATH/index.php(67): CodeIgniter\CodeIgniter->run()
WARNING - 2024-11-11 08:22:43 --> [DEPRECATED] Creation of dynamic property App\Controllers\Rekammedisirna::$db is deprecated in APPPATH/Controllers/Api.php on line 8.
 1 SYSTEMPATH/CodeIgniter.php(906): App\Controllers\Api->__construct()
 2 SYSTEMPATH/CodeIgniter.php(490): CodeIgniter\CodeIgniter->createController()
 3 SYSTEMPATH/CodeIgniter.php(368): CodeIgniter\CodeIgniter->handleRequest(null, Object(Config\Cache), false)
 4 FCPATH/index.php(67): CodeIgniter\CodeIgniter->run()
WARNING - 2024-11-11 08:22:43 --> [DEPRECATED] Creation of dynamic property App\Controllers\Rekammedisirna::$simrs is deprecated in APPPATH/Controllers/Api.php on line 9.
 1 SYSTEMPATH/CodeIgniter.php(906): App\Controllers\Api->__construct()
 2 SYSTEMPATH/CodeIgniter.php(490): CodeIgniter\CodeIgniter->createController()
 3 SYSTEMPATH/CodeIgniter.php(368): CodeIgniter\CodeIgniter->handleRequest(null, Object(Config\Cache), false)
 4 FCPATH/index.php(67): CodeIgniter\CodeIgniter->run()
WARNING - 2024-11-11 08:22:43 --> [DEPRECATED] Creation of dynamic property App\Controllers\Rekammedisirna::$simrs is deprecated in APPPATH/Controllers/Api.php on line 9.
 1 SYSTEMPATH/CodeIgniter.php(906): App\Controllers\Api->__construct()
 2 SYSTEMPATH/CodeIgniter.php(490): CodeIgniter\CodeIgniter->createController()
 3 SYSTEMPATH/CodeIgniter.php(368): CodeIgniter\CodeIgniter->handleRequest(null, Object(Config\Cache), false)
 4 FCPATH/index.php(67): CodeIgniter\CodeIgniter->run()
WARNING - 2024-11-11 08:22:54 --> [DEPRECATED] Creation of dynamic property App\Controllers\Rekammedisirna::$db is deprecated in APPPATH/Controllers/Api.php on line 8.
 1 SYSTEMPATH/CodeIgniter.php(906): App\Controllers\Api->__construct()
 2 SYSTEMPATH/CodeIgniter.php(490): CodeIgniter\CodeIgniter->createController()
 3 SYSTEMPATH/CodeIgniter.php(368): CodeIgniter\CodeIgniter->handleRequest(null, Object(Config\Cache), false)
 4 FCPATH/index.php(67): CodeIgniter\CodeIgniter->run()
WARNING - 2024-11-11 08:22:54 --> [DEPRECATED] Creation of dynamic property App\Controllers\Rekammedisirna::$simrs is deprecated in APPPATH/Controllers/Api.php on line 9.
 1 SYSTEMPATH/CodeIgniter.php(906): App\Controllers\Api->__construct()
 2 SYSTEMPATH/CodeIgniter.php(490): CodeIgniter\CodeIgniter->createController()
 3 SYSTEMPATH/CodeIgniter.php(368): CodeIgniter\CodeIgniter->handleRequest(null, Object(Config\Cache), false)
 4 FCPATH/index.php(67): CodeIgniter\CodeIgniter->run()
CRITICAL - 2024-11-11 08:22:54 --> Attempt to read property "rm" on null
in APPPATH/Views/view/modal/rm_irna/Rencanapulang.php on line 3.
 1 APPPATH/Views/view/modal/rm_irna/Rencanapulang.php(3): CodeIgniter\Debug\Exceptions->errorHandler()
 2 SYSTEMPATH/View/View.php(213): include('APPPATH/Views/view/modal/rm_irna/Rencanapulang.php')
 3 SYSTEMPATH/View/View.php(216): CodeIgniter\View\View->CodeIgniter\View\{closure}()
 4 SYSTEMPATH/Common.php(1184): CodeIgniter\View\View->render()
 5 APPPATH/Controllers/Rekammedisirna.php(7240): view()
 6 SYSTEMPATH/CodeIgniter.php(934): App\Controllers\Rekammedisirna->viewRencanaPemulanganPasien()
 7 SYSTEMPATH/CodeIgniter.php(499): CodeIgniter\CodeIgniter->runController()
 8 SYSTEMPATH/CodeIgniter.php(368): CodeIgniter\CodeIgniter->handleRequest()
 9 FCPATH/index.php(67): CodeIgniter\CodeIgniter->run()
WARNING - 2024-11-11 08:22:57 --> [DEPRECATED] Creation of dynamic property App\Controllers\Rekammedisirna::$db is deprecated in APPPATH/Controllers/Api.php on line 8.
 1 SYSTEMPATH/CodeIgniter.php(906): App\Controllers\Api->__construct()
 2 SYSTEMPATH/CodeIgniter.php(490): CodeIgniter\CodeIgniter->createController()
 3 SYSTEMPATH/CodeIgniter.php(368): CodeIgniter\CodeIgniter->handleRequest(null, Object(Config\Cache), false)
 4 FCPATH/index.php(67): CodeIgniter\CodeIgniter->run()
WARNING - 2024-11-11 08:22:57 --> [DEPRECATED] Creation of dynamic property App\Controllers\Rekammedisirna::$simrs is deprecated in APPPATH/Controllers/Api.php on line 9.
 1 SYSTEMPATH/CodeIgniter.php(906): App\Controllers\Api->__construct()
 2 SYSTEMPATH/CodeIgniter.php(490): CodeIgniter\CodeIgniter->createController()
 3 SYSTEMPATH/CodeIgniter.php(368): CodeIgniter\CodeIgniter->handleRequest(null, Object(Config\Cache), false)
 4 FCPATH/index.php(67): CodeIgniter\CodeIgniter->run()
WARNING - 2024-11-11 08:22:57 --> [DEPRECATED] Creation of dynamic property App\Controllers\Rekammedisirna::$db is deprecated in APPPATH/Controllers/Api.php on line 8.
 1 SYSTEMPATH/CodeIgniter.php(906): App\Controllers\Api->__construct()
 2 SYSTEMPATH/CodeIgniter.php(490): CodeIgniter\CodeIgniter->createController()
 3 SYSTEMPATH/CodeIgniter.php(368): CodeIgniter\CodeIgniter->handleRequest(null, Object(Config\Cache), false)
 4 FCPATH/index.php(67): CodeIgniter\CodeIgniter->run()
WARNING - 2024-11-11 08:22:57 --> [DEPRECATED] Creation of dynamic property App\Controllers\Rekammedisirna::$simrs is deprecated in APPPATH/Controllers/Api.php on line 9.
 1 SYSTEMPATH/CodeIgniter.php(906): App\Controllers\Api->__construct()
 2 SYSTEMPATH/CodeIgniter.php(490): CodeIgniter\CodeIgniter->createController()
 3 SYSTEMPATH/CodeIgniter.php(368): CodeIgniter\CodeIgniter->handleRequest(null, Object(Config\Cache), false)
 4 FCPATH/index.php(67): CodeIgniter\CodeIgniter->run()
WARNING - 2024-11-11 08:25:04 --> [DEPRECATED] Creation of dynamic property App\Controllers\Rekammedisirna::$db is deprecated in APPPATH/Controllers/Api.php on line 8.
 1 SYSTEMPATH/CodeIgniter.php(906): App\Controllers\Api->__construct()
 2 SYSTEMPATH/CodeIgniter.php(490): CodeIgniter\CodeIgniter->createController()
 3 SYSTEMPATH/CodeIgniter.php(368): CodeIgniter\CodeIgniter->handleRequest(null, Object(Config\Cache), false)
 4 FCPATH/index.php(67): CodeIgniter\CodeIgniter->run()
WARNING - 2024-11-11 08:25:04 --> [DEPRECATED] Creation of dynamic property App\Controllers\Rekammedisirna::$simrs is deprecated in APPPATH/Controllers/Api.php on line 9.
 1 SYSTEMPATH/CodeIgniter.php(906): App\Controllers\Api->__construct()
 2 SYSTEMPATH/CodeIgniter.php(490): CodeIgniter\CodeIgniter->createController()
 3 SYSTEMPATH/CodeIgniter.php(368): CodeIgniter\CodeIgniter->handleRequest(null, Object(Config\Cache), false)
 4 FCPATH/index.php(67): CodeIgniter\CodeIgniter->run()
CRITICAL - 2024-11-11 08:25:04 --> Undefined property: stdClass::$norm
in APPPATH/Controllers/Rekammedisirna.php on line 980.
 1 APPPATH/Controllers/Rekammedisirna.php(980): CodeIgniter\Debug\Exceptions->errorHandler()
 2 SYSTEMPATH/CodeIgniter.php(934): App\Controllers\Rekammedisirna->viewtandavital()
 3 SYSTEMPATH/CodeIgniter.php(499): CodeIgniter\CodeIgniter->runController()
 4 SYSTEMPATH/CodeIgniter.php(368): CodeIgniter\CodeIgniter->handleRequest()
 5 FCPATH/index.php(67): CodeIgniter\CodeIgniter->run()
WARNING - 2024-11-11 08:57:50 --> [DEPRECATED] Creation of dynamic property App\Controllers\Rekammedisirna::$db is deprecated in APPPATH/Controllers/Api.php on line 8.
 1 SYSTEMPATH/CodeIgniter.php(906): App\Controllers\Api->__construct()
 2 SYSTEMPATH/CodeIgniter.php(490): CodeIgniter\CodeIgniter->createController()
 3 SYSTEMPATH/CodeIgniter.php(368): CodeIgniter\CodeIgniter->handleRequest(null, Object(Config\Cache), false)
 4 FCPATH/index.php(67): CodeIgniter\CodeIgniter->run()
WARNING - 2024-11-11 08:57:50 --> [DEPRECATED] Creation of dynamic property App\Controllers\Rekammedisirna::$simrs is deprecated in APPPATH/Controllers/Api.php on line 9.
 1 SYSTEMPATH/CodeIgniter.php(906): App\Controllers\Api->__construct()
 2 SYSTEMPATH/CodeIgniter.php(490): CodeIgniter\CodeIgniter->createController()
 3 SYSTEMPATH/CodeIgniter.php(368): CodeIgniter\CodeIgniter->handleRequest(null, Object(Config\Cache), false)
 4 FCPATH/index.php(67): CodeIgniter\CodeIgniter->run()
INFO - 2024-11-11 08:57:51 --> Session: Class initialized using 'CodeIgniter\Session\Handlers\FileHandler' driver.
WARNING - 2024-11-11 08:57:53 --> [DEPRECATED] Creation of dynamic property App\Controllers\User::$db is deprecated in APPPATH/Controllers/Api.php on line 8.
 1 SYSTEMPATH/CodeIgniter.php(906): App\Controllers\Api->__construct()
 2 SYSTEMPATH/CodeIgniter.php(490): CodeIgniter\CodeIgniter->createController()
 3 SYSTEMPATH/CodeIgniter.php(368): CodeIgniter\CodeIgniter->handleRequest(null, Object(Config\Cache), false)
 4 FCPATH/index.php(67): CodeIgniter\CodeIgniter->run()
WARNING - 2024-11-11 08:57:53 --> [DEPRECATED] Creation of dynamic property App\Controllers\User::$simrs is deprecated in APPPATH/Controllers/Api.php on line 9.
 1 SYSTEMPATH/CodeIgniter.php(906): App\Controllers\Api->__construct()
 2 SYSTEMPATH/CodeIgniter.php(490): CodeIgniter\CodeIgniter->createController()
 3 SYSTEMPATH/CodeIgniter.php(368): CodeIgniter\CodeIgniter->handleRequest(null, Object(Config\Cache), false)
 4 FCPATH/index.php(67): CodeIgniter\CodeIgniter->run()
WARNING - 2024-11-11 08:57:54 --> [DEPRECATED] Creation of dynamic property App\Controllers\Laporan::$db is deprecated in APPPATH/Controllers/Api.php on line 8.
 1 SYSTEMPATH/CodeIgniter.php(906): App\Controllers\Api->__construct()
 2 SYSTEMPATH/CodeIgniter.php(490): CodeIgniter\CodeIgniter->createController()
 3 SYSTEMPATH/CodeIgniter.php(368): CodeIgniter\CodeIgniter->handleRequest(null, Object(Config\Cache), false)
 4 FCPATH/index.php(67): CodeIgniter\CodeIgniter->run()
WARNING - 2024-11-11 08:57:54 --> [DEPRECATED] Creation of dynamic property App\Controllers\Laporan::$simrs is deprecated in APPPATH/Controllers/Api.php on line 9.
 1 SYSTEMPATH/CodeIgniter.php(906): App\Controllers\Api->__construct()
 2 SYSTEMPATH/CodeIgniter.php(490): CodeIgniter\CodeIgniter->createController()
 3 SYSTEMPATH/CodeIgniter.php(368): CodeIgniter\CodeIgniter->handleRequest(null, Object(Config\Cache), false)
 4 FCPATH/index.php(67): CodeIgniter\CodeIgniter->run()
WARNING - 2024-11-11 08:57:54 --> [DEPRECATED] Creation of dynamic property App\Controllers\User::$db is deprecated in APPPATH/Controllers/Api.php on line 8.
 1 SYSTEMPATH/CodeIgniter.php(906): App\Controllers\Api->__construct()
 2 SYSTEMPATH/CodeIgniter.php(490): CodeIgniter\CodeIgniter->createController()
 3 SYSTEMPATH/CodeIgniter.php(368): CodeIgniter\CodeIgniter->handleRequest(null, Object(Config\Cache), false)
 4 FCPATH/index.php(67): CodeIgniter\CodeIgniter->run()
WARNING - 2024-11-11 08:57:54 --> [DEPRECATED] Creation of dynamic property App\Controllers\User::$simrs is deprecated in APPPATH/Controllers/Api.php on line 9.
 1 SYSTEMPATH/CodeIgniter.php(906): App\Controllers\Api->__construct()
 2 SYSTEMPATH/CodeIgniter.php(490): CodeIgniter\CodeIgniter->createController()
 3 SYSTEMPATH/CodeIgniter.php(368): CodeIgniter\CodeIgniter->handleRequest(null, Object(Config\Cache), false)
 4 FCPATH/index.php(67): CodeIgniter\CodeIgniter->run()
WARNING - 2024-11-11 08:57:58 --> [DEPRECATED] Creation of dynamic property App\Controllers\Rekammedisirna::$db is deprecated in APPPATH/Controllers/Api.php on line 8.
 1 SYSTEMPATH/CodeIgniter.php(906): App\Controllers\Api->__construct()
 2 SYSTEMPATH/CodeIgniter.php(490): CodeIgniter\CodeIgniter->createController()
 3 SYSTEMPATH/CodeIgniter.php(368): CodeIgniter\CodeIgniter->handleRequest(null, Object(Config\Cache), false)
 4 FCPATH/index.php(67): CodeIgniter\CodeIgniter->run()
WARNING - 2024-11-11 08:57:58 --> [DEPRECATED] Creation of dynamic property App\Controllers\Rekammedisirna::$simrs is deprecated in APPPATH/Controllers/Api.php on line 9.
 1 SYSTEMPATH/CodeIgniter.php(906): App\Controllers\Api->__construct()
 2 SYSTEMPATH/CodeIgniter.php(490): CodeIgniter\CodeIgniter->createController()
 3 SYSTEMPATH/CodeIgniter.php(368): CodeIgniter\CodeIgniter->handleRequest(null, Object(Config\Cache), false)
 4 FCPATH/index.php(67): CodeIgniter\CodeIgniter->run()
WARNING - 2024-11-11 08:57:58 --> [DEPRECATED] Creation of dynamic property App\Controllers\Rekammedisirna::$db is deprecated in APPPATH/Controllers/Api.php on line 8.
 1 SYSTEMPATH/CodeIgniter.php(906): App\Controllers\Api->__construct()
 2 SYSTEMPATH/CodeIgniter.php(490): CodeIgniter\CodeIgniter->createController()
 3 SYSTEMPATH/CodeIgniter.php(368): CodeIgniter\CodeIgniter->handleRequest(null, Object(Config\Cache), false)
 4 FCPATH/index.php(67): CodeIgniter\CodeIgniter->run()
WARNING - 2024-11-11 08:57:58 --> [DEPRECATED] Creation of dynamic property App\Controllers\Rekammedisirna::$simrs is deprecated in APPPATH/Controllers/Api.php on line 9.
 1 SYSTEMPATH/CodeIgniter.php(906): App\Controllers\Api->__construct()
 2 SYSTEMPATH/CodeIgniter.php(490): CodeIgniter\CodeIgniter->createController()
 3 SYSTEMPATH/CodeIgniter.php(368): CodeIgniter\CodeIgniter->handleRequest(null, Object(Config\Cache), false)
 4 FCPATH/index.php(67): CodeIgniter\CodeIgniter->run()
WARNING - 2024-11-11 08:57:58 --> [DEPRECATED] Creation of dynamic property App\Controllers\Rekammedisirna::$db is deprecated in APPPATH/Controllers/Api.php on line 8.
 1 SYSTEMPATH/CodeIgniter.php(906): App\Controllers\Api->__construct()
 2 SYSTEMPATH/CodeIgniter.php(490): CodeIgniter\CodeIgniter->createController()
 3 SYSTEMPATH/CodeIgniter.php(368): CodeIgniter\CodeIgniter->handleRequest(null, Object(Config\Cache), false)
 4 FCPATH/index.php(67): CodeIgniter\CodeIgniter->run()
WARNING - 2024-11-11 08:57:58 --> [DEPRECATED] Creation of dynamic property App\Controllers\Rekammedisirna::$simrs is deprecated in APPPATH/Controllers/Api.php on line 9.
 1 SYSTEMPATH/CodeIgniter.php(906): App\Controllers\Api->__construct()
 2 SYSTEMPATH/CodeIgniter.php(490): CodeIgniter\CodeIgniter->createController()
 3 SYSTEMPATH/CodeIgniter.php(368): CodeIgniter\CodeIgniter->handleRequest(null, Object(Config\Cache), false)
 4 FCPATH/index.php(67): CodeIgniter\CodeIgniter->run()
WARNING - 2024-11-11 08:57:59 --> [DEPRECATED] Creation of dynamic property App\Controllers\Rekammedisirja::$db is deprecated in APPPATH/Controllers/Api.php on line 8.
 1 SYSTEMPATH/CodeIgniter.php(906): App\Controllers\Api->__construct()
 2 SYSTEMPATH/CodeIgniter.php(490): CodeIgniter\CodeIgniter->createController()
 3 SYSTEMPATH/CodeIgniter.php(368): CodeIgniter\CodeIgniter->handleRequest(null, Object(Config\Cache), false)
 4 FCPATH/index.php(67): CodeIgniter\CodeIgniter->run()
WARNING - 2024-11-11 08:57:59 --> [DEPRECATED] Creation of dynamic property App\Controllers\Rekammedisirja::$simrs is deprecated in APPPATH/Controllers/Api.php on line 9.
 1 SYSTEMPATH/CodeIgniter.php(906): App\Controllers\Api->__construct()
 2 SYSTEMPATH/CodeIgniter.php(490): CodeIgniter\CodeIgniter->createController()
 3 SYSTEMPATH/CodeIgniter.php(368): CodeIgniter\CodeIgniter->handleRequest(null, Object(Config\Cache), false)
 4 FCPATH/index.php(67): CodeIgniter\CodeIgniter->run()
WARNING - 2024-11-11 08:57:59 --> [DEPRECATED] Creation of dynamic property App\Controllers\Rekammedisirja::$db is deprecated in APPPATH/Controllers/Api.php on line 8.
 1 SYSTEMPATH/CodeIgniter.php(906): App\Controllers\Api->__construct()
 2 SYSTEMPATH/CodeIgniter.php(490): CodeIgniter\CodeIgniter->createController()
 3 SYSTEMPATH/CodeIgniter.php(368): CodeIgniter\CodeIgniter->handleRequest(null, Object(Config\Cache), false)
 4 FCPATH/index.php(67): CodeIgniter\CodeIgniter->run()
WARNING - 2024-11-11 08:57:59 --> [DEPRECATED] Creation of dynamic property App\Controllers\Rekammedisirja::$simrs is deprecated in APPPATH/Controllers/Api.php on line 9.
 1 SYSTEMPATH/CodeIgniter.php(906): App\Controllers\Api->__construct()
 2 SYSTEMPATH/CodeIgniter.php(490): CodeIgniter\CodeIgniter->createController()
 3 SYSTEMPATH/CodeIgniter.php(368): CodeIgniter\CodeIgniter->handleRequest(null, Object(Config\Cache), false)
 4 FCPATH/index.php(67): CodeIgniter\CodeIgniter->run()
WARNING - 2024-11-11 08:57:59 --> [DEPRECATED] Creation of dynamic property App\Controllers\Rawatjalan::$db is deprecated in APPPATH/Controllers/Api.php on line 8.
 1 SYSTEMPATH/CodeIgniter.php(906): App\Controllers\Api->__construct()
 2 SYSTEMPATH/CodeIgniter.php(490): CodeIgniter\CodeIgniter->createController()
 3 SYSTEMPATH/CodeIgniter.php(368): CodeIgniter\CodeIgniter->handleRequest(null, Object(Config\Cache), false)
 4 FCPATH/index.php(67): CodeIgniter\CodeIgniter->run()
WARNING - 2024-11-11 08:57:59 --> [DEPRECATED] Creation of dynamic property App\Controllers\Rawatjalan::$simrs is deprecated in APPPATH/Controllers/Api.php on line 9.
 1 SYSTEMPATH/CodeIgniter.php(906): App\Controllers\Api->__construct()
 2 SYSTEMPATH/CodeIgniter.php(490): CodeIgniter\CodeIgniter->createController()
 3 SYSTEMPATH/CodeIgniter.php(368): CodeIgniter\CodeIgniter->handleRequest(null, Object(Config\Cache), false)
 4 FCPATH/index.php(67): CodeIgniter\CodeIgniter->run()
ERROR - 2024-11-11 08:57:59 --> ErrorException: pg_query(): Query failed: ERROR:  column &quot;id_kunjungan&quot; does not exist
LINE 2: ...mr_tindakan inner join icd_9 USING(kd_icd9) where id_kunjung...
                                                             ^ in /var/www/html/SIMRSHEBAT/system/Database/Postgre/Connection.php:147
Stack trace:
#0 [internal function]: CodeIgniter\Debug\Exceptions->errorHandler()
#1 /var/www/html/SIMRSHEBAT/system/Database/Postgre/Connection.php(147): pg_query()
#2 /var/www/html/SIMRSHEBAT/system/Database/BaseConnection.php(691): CodeIgniter\Database\Postgre\Connection->execute()
#3 /var/www/html/SIMRSHEBAT/app/Controllers/Rekammedisirja.php(411): CodeIgniter\Database\BaseConnection->simpleQuery()
#4 /var/www/html/SIMRSHEBAT/system/CodeIgniter.php(934): App\Controllers\Rekammedisirja->datamricd9irja()
#5 /var/www/html/SIMRSHEBAT/system/CodeIgniter.php(499): CodeIgniter\CodeIgniter->runController()
#6 /var/www/html/SIMRSHEBAT/system/CodeIgniter.php(368): CodeIgniter\CodeIgniter->handleRequest()
#7 /var/www/html/SIMRSHEBAT/index.php(67): CodeIgniter\CodeIgniter->run()
#8 {main}
ERROR - 2024-11-11 08:57:59 --> ErrorException: pg_query(): Query failed: ERROR:  column &quot;jenis_pegawai&quot; does not exist
LINE 1: SELECT * FROM pegawai where jenis_pegawai='1'
                                    ^ in /var/www/html/SIMRSHEBAT/system/Database/Postgre/Connection.php:147
Stack trace:
#0 [internal function]: CodeIgniter\Debug\Exceptions->errorHandler()
#1 /var/www/html/SIMRSHEBAT/system/Database/Postgre/Connection.php(147): pg_query()
#2 /var/www/html/SIMRSHEBAT/system/Database/BaseConnection.php(691): CodeIgniter\Database\Postgre\Connection->execute()
#3 /var/www/html/SIMRSHEBAT/system/Database/BaseConnection.php(605): CodeIgniter\Database\BaseConnection->simpleQuery()
#4 /var/www/html/SIMRSHEBAT/app/Controllers/Rawatjalan.php(32): CodeIgniter\Database\BaseConnection->query()
#5 /var/www/html/SIMRSHEBAT/system/CodeIgniter.php(934): App\Controllers\Rawatjalan->pegawai()
#6 /var/www/html/SIMRSHEBAT/system/CodeIgniter.php(499): CodeIgniter\CodeIgniter->runController()
#7 /var/www/html/SIMRSHEBAT/system/CodeIgniter.php(368): CodeIgniter\CodeIgniter->handleRequest()
#8 /var/www/html/SIMRSHEBAT/index.php(67): CodeIgniter\CodeIgniter->run()
#9 {main}
CRITICAL - 2024-11-11 08:57:59 --> Call to a member function getResult() on bool
in APPPATH/Controllers/Rawatjalan.php on line 35.
 1 SYSTEMPATH/CodeIgniter.php(934): App\Controllers\Rawatjalan->pegawai()
 2 SYSTEMPATH/CodeIgniter.php(499): CodeIgniter\CodeIgniter->runController()
 3 SYSTEMPATH/CodeIgniter.php(368): CodeIgniter\CodeIgniter->handleRequest()
 4 FCPATH/index.php(67): CodeIgniter\CodeIgniter->run()
ERROR - 2024-11-11 08:57:59 --> ErrorException: pg_query(): Query failed: ERROR:  column &quot;id_penyakit&quot; specified in USING clause does not exist in left table in /var/www/html/SIMRSHEBAT/system/Database/Postgre/Connection.php:147
Stack trace:
#0 [internal function]: CodeIgniter\Debug\Exceptions->errorHandler()
#1 /var/www/html/SIMRSHEBAT/system/Database/Postgre/Connection.php(147): pg_query()
#2 /var/www/html/SIMRSHEBAT/system/Database/BaseConnection.php(691): CodeIgniter\Database\Postgre\Connection->execute()
#3 /var/www/html/SIMRSHEBAT/app/Controllers/Rekammedisirja.php(453): CodeIgniter\Database\BaseConnection->simpleQuery()
#4 /var/www/html/SIMRSHEBAT/system/CodeIgniter.php(934): App\Controllers\Rekammedisirja->datamrpenyakitirja()
#5 /var/www/html/SIMRSHEBAT/system/CodeIgniter.php(499): CodeIgniter\CodeIgniter->runController()
#6 /var/www/html/SIMRSHEBAT/system/CodeIgniter.php(368): CodeIgniter\CodeIgniter->handleRequest()
#7 /var/www/html/SIMRSHEBAT/index.php(67): CodeIgniter\CodeIgniter->run()
#8 {main}
WARNING - 2024-11-11 08:57:59 --> [DEPRECATED] Creation of dynamic property App\Controllers\Lab::$db is deprecated in APPPATH/Controllers/Api.php on line 8.
 1 SYSTEMPATH/CodeIgniter.php(906): App\Controllers\Api->__construct()
 2 SYSTEMPATH/CodeIgniter.php(490): CodeIgniter\CodeIgniter->createController()
 3 SYSTEMPATH/CodeIgniter.php(368): CodeIgniter\CodeIgniter->handleRequest(null, Object(Config\Cache), false)
 4 FCPATH/index.php(67): CodeIgniter\CodeIgniter->run()
WARNING - 2024-11-11 08:57:59 --> [DEPRECATED] Creation of dynamic property App\Controllers\Lab::$simrs is deprecated in APPPATH/Controllers/Api.php on line 9.
 1 SYSTEMPATH/CodeIgniter.php(906): App\Controllers\Api->__construct()
 2 SYSTEMPATH/CodeIgniter.php(490): CodeIgniter\CodeIgniter->createController()
 3 SYSTEMPATH/CodeIgniter.php(368): CodeIgniter\CodeIgniter->handleRequest(null, Object(Config\Cache), false)
 4 FCPATH/index.php(67): CodeIgniter\CodeIgniter->run()
WARNING - 2024-11-11 08:57:59 --> [DEPRECATED] Creation of dynamic property App\Controllers\Lab::$db is deprecated in APPPATH/Controllers/Api.php on line 8.
 1 SYSTEMPATH/CodeIgniter.php(906): App\Controllers\Api->__construct()
 2 SYSTEMPATH/CodeIgniter.php(490): CodeIgniter\CodeIgniter->createController()
 3 SYSTEMPATH/CodeIgniter.php(368): CodeIgniter\CodeIgniter->handleRequest(null, Object(Config\Cache), false)
 4 FCPATH/index.php(67): CodeIgniter\CodeIgniter->run()
WARNING - 2024-11-11 08:57:59 --> [DEPRECATED] Creation of dynamic property App\Controllers\Lab::$simrs is deprecated in APPPATH/Controllers/Api.php on line 9.
 1 SYSTEMPATH/CodeIgniter.php(906): App\Controllers\Api->__construct()
 2 SYSTEMPATH/CodeIgniter.php(490): CodeIgniter\CodeIgniter->createController()
 3 SYSTEMPATH/CodeIgniter.php(368): CodeIgniter\CodeIgniter->handleRequest(null, Object(Config\Cache), false)
 4 FCPATH/index.php(67): CodeIgniter\CodeIgniter->run()
WARNING - 2024-11-11 08:57:59 --> [DEPRECATED] Creation of dynamic property App\Controllers\Lab::$db is deprecated in APPPATH/Controllers/Api.php on line 8.
 1 SYSTEMPATH/CodeIgniter.php(906): App\Controllers\Api->__construct()
 2 SYSTEMPATH/CodeIgniter.php(490): CodeIgniter\CodeIgniter->createController()
 3 SYSTEMPATH/CodeIgniter.php(368): CodeIgniter\CodeIgniter->handleRequest(null, Object(Config\Cache), false)
 4 FCPATH/index.php(67): CodeIgniter\CodeIgniter->run()
WARNING - 2024-11-11 08:57:59 --> [DEPRECATED] Creation of dynamic property App\Controllers\Lab::$simrs is deprecated in APPPATH/Controllers/Api.php on line 9.
 1 SYSTEMPATH/CodeIgniter.php(906): App\Controllers\Api->__construct()
 2 SYSTEMPATH/CodeIgniter.php(490): CodeIgniter\CodeIgniter->createController()
 3 SYSTEMPATH/CodeIgniter.php(368): CodeIgniter\CodeIgniter->handleRequest(null, Object(Config\Cache), false)
 4 FCPATH/index.php(67): CodeIgniter\CodeIgniter->run()
ERROR - 2024-11-11 08:57:59 --> ErrorException: pg_query(): Query failed: ERROR:  column &quot;id_jenis_produk&quot; does not exist
LINE 1: SELECT * from produk WHERE id_jenis_produk='3' 
                                   ^ in /var/www/html/SIMRSHEBAT/system/Database/Postgre/Connection.php:147
Stack trace:
#0 [internal function]: CodeIgniter\Debug\Exceptions->errorHandler()
#1 /var/www/html/SIMRSHEBAT/system/Database/Postgre/Connection.php(147): pg_query()
#2 /var/www/html/SIMRSHEBAT/system/Database/BaseConnection.php(691): CodeIgniter\Database\Postgre\Connection->execute()
#3 /var/www/html/SIMRSHEBAT/system/Database/BaseConnection.php(605): CodeIgniter\Database\BaseConnection->simpleQuery()
#4 /var/www/html/SIMRSHEBAT/app/Controllers/Lab.php(447): CodeIgniter\Database\BaseConnection->query()
#5 /var/www/html/SIMRSHEBAT/system/CodeIgniter.php(934): App\Controllers\Lab->produk()
#6 /var/www/html/SIMRSHEBAT/system/CodeIgniter.php(499): CodeIgniter\CodeIgniter->runController()
#7 /var/www/html/SIMRSHEBAT/system/CodeIgniter.php(368): CodeIgniter\CodeIgniter->handleRequest()
#8 /var/www/html/SIMRSHEBAT/index.php(67): CodeIgniter\CodeIgniter->run()
#9 {main}
CRITICAL - 2024-11-11 08:57:59 --> Call to a member function getResult() on bool
in APPPATH/Controllers/Lab.php on line 447.
 1 SYSTEMPATH/CodeIgniter.php(934): App\Controllers\Lab->produk()
 2 SYSTEMPATH/CodeIgniter.php(499): CodeIgniter\CodeIgniter->runController()
 3 SYSTEMPATH/CodeIgniter.php(368): CodeIgniter\CodeIgniter->handleRequest()
 4 FCPATH/index.php(67): CodeIgniter\CodeIgniter->run()
ERROR - 2024-11-11 08:57:59 --> ErrorException: pg_query(): Query failed: ERROR:  function left(integer, integer) does not exist
LINE 1: SELECT * from produk WHERE left(kd_produk,2)='CT' 
                                   ^
HINT:  No function matches the given name and argument types. You might need to add explicit type casts. in /var/www/html/SIMRSHEBAT/system/Database/Postgre/Connection.php:147
Stack trace:
#0 [internal function]: CodeIgniter\Debug\Exceptions->errorHandler()
#1 /var/www/html/SIMRSHEBAT/system/Database/Postgre/Connection.php(147): pg_query()
#2 /var/www/html/SIMRSHEBAT/system/Database/BaseConnection.php(691): CodeIgniter\Database\Postgre\Connection->execute()
#3 /var/www/html/SIMRSHEBAT/system/Database/BaseConnection.php(605): CodeIgniter\Database\BaseConnection->simpleQuery()
#4 /var/www/html/SIMRSHEBAT/app/Controllers/Lab.php(465): CodeIgniter\Database\BaseConnection->query()
#5 /var/www/html/SIMRSHEBAT/system/CodeIgniter.php(934): App\Controllers\Lab->produkRad()
#6 /var/www/html/SIMRSHEBAT/system/CodeIgniter.php(499): CodeIgniter\CodeIgniter->runController()
#7 /var/www/html/SIMRSHEBAT/system/CodeIgniter.php(368): CodeIgniter\CodeIgniter->handleRequest()
#8 /var/www/html/SIMRSHEBAT/index.php(67): CodeIgniter\CodeIgniter->run()
#9 {main}
CRITICAL - 2024-11-11 08:57:59 --> Call to a member function getResult() on bool
in APPPATH/Controllers/Lab.php on line 465.
 1 SYSTEMPATH/CodeIgniter.php(934): App\Controllers\Lab->produkRad()
 2 SYSTEMPATH/CodeIgniter.php(499): CodeIgniter\CodeIgniter->runController()
 3 SYSTEMPATH/CodeIgniter.php(368): CodeIgniter\CodeIgniter->handleRequest()
 4 FCPATH/index.php(67): CodeIgniter\CodeIgniter->run()
ERROR - 2024-11-11 08:57:59 --> ErrorException: pg_query(): Query failed: ERROR:  function left(integer, integer) does not exist
LINE 1: SELECT * from produk WHERE left(kd_produk,2)='XR' 
                                   ^
HINT:  No function matches the given name and argument types. You might need to add explicit type casts. in /var/www/html/SIMRSHEBAT/system/Database/Postgre/Connection.php:147
Stack trace:
#0 [internal function]: CodeIgniter\Debug\Exceptions->errorHandler()
#1 /var/www/html/SIMRSHEBAT/system/Database/Postgre/Connection.php(147): pg_query()
#2 /var/www/html/SIMRSHEBAT/system/Database/BaseConnection.php(691): CodeIgniter\Database\Postgre\Connection->execute()
#3 /var/www/html/SIMRSHEBAT/system/Database/BaseConnection.php(605): CodeIgniter\Database\BaseConnection->simpleQuery()
#4 /var/www/html/SIMRSHEBAT/app/Controllers/Lab.php(465): CodeIgniter\Database\BaseConnection->query()
#5 /var/www/html/SIMRSHEBAT/system/CodeIgniter.php(934): App\Controllers\Lab->produkRad()
#6 /var/www/html/SIMRSHEBAT/system/CodeIgniter.php(499): CodeIgniter\CodeIgniter->runController()
#7 /var/www/html/SIMRSHEBAT/system/CodeIgniter.php(368): CodeIgniter\CodeIgniter->handleRequest()
#8 /var/www/html/SIMRSHEBAT/index.php(67): CodeIgniter\CodeIgniter->run()
#9 {main}
CRITICAL - 2024-11-11 08:57:59 --> Call to a member function getResult() on bool
in APPPATH/Controllers/Lab.php on line 465.
 1 SYSTEMPATH/CodeIgniter.php(934): App\Controllers\Lab->produkRad()
 2 SYSTEMPATH/CodeIgniter.php(499): CodeIgniter\CodeIgniter->runController()
 3 SYSTEMPATH/CodeIgniter.php(368): CodeIgniter\CodeIgniter->handleRequest()
 4 FCPATH/index.php(67): CodeIgniter\CodeIgniter->run()
WARNING - 2024-11-11 08:57:59 --> [DEPRECATED] Creation of dynamic property App\Controllers\Lab::$db is deprecated in APPPATH/Controllers/Api.php on line 8.
 1 SYSTEMPATH/CodeIgniter.php(906): App\Controllers\Api->__construct()
 2 SYSTEMPATH/CodeIgniter.php(490): CodeIgniter\CodeIgniter->createController()
 3 SYSTEMPATH/CodeIgniter.php(368): CodeIgniter\CodeIgniter->handleRequest(null, Object(Config\Cache), false)
 4 FCPATH/index.php(67): CodeIgniter\CodeIgniter->run()
WARNING - 2024-11-11 08:57:59 --> [DEPRECATED] Creation of dynamic property App\Controllers\Lab::$simrs is deprecated in APPPATH/Controllers/Api.php on line 9.
 1 SYSTEMPATH/CodeIgniter.php(906): App\Controllers\Api->__construct()
 2 SYSTEMPATH/CodeIgniter.php(490): CodeIgniter\CodeIgniter->createController()
 3 SYSTEMPATH/CodeIgniter.php(368): CodeIgniter\CodeIgniter->handleRequest(null, Object(Config\Cache), false)
 4 FCPATH/index.php(67): CodeIgniter\CodeIgniter->run()
ERROR - 2024-11-11 08:57:59 --> ErrorException: pg_query(): Query failed: ERROR:  function left(integer, integer) does not exist
LINE 1: SELECT * from produk WHERE left(kd_produk,2)='UR' 
                                   ^
HINT:  No function matches the given name and argument types. You might need to add explicit type casts. in /var/www/html/SIMRSHEBAT/system/Database/Postgre/Connection.php:147
Stack trace:
#0 [internal function]: CodeIgniter\Debug\Exceptions->errorHandler()
#1 /var/www/html/SIMRSHEBAT/system/Database/Postgre/Connection.php(147): pg_query()
#2 /var/www/html/SIMRSHEBAT/system/Database/BaseConnection.php(691): CodeIgniter\Database\Postgre\Connection->execute()
#3 /var/www/html/SIMRSHEBAT/system/Database/BaseConnection.php(605): CodeIgniter\Database\BaseConnection->simpleQuery()
#4 /var/www/html/SIMRSHEBAT/app/Controllers/Lab.php(465): CodeIgniter\Database\BaseConnection->query()
#5 /var/www/html/SIMRSHEBAT/system/CodeIgniter.php(934): App\Controllers\Lab->produkRad()
#6 /var/www/html/SIMRSHEBAT/system/CodeIgniter.php(499): CodeIgniter\CodeIgniter->runController()
#7 /var/www/html/SIMRSHEBAT/system/CodeIgniter.php(368): CodeIgniter\CodeIgniter->handleRequest()
#8 /var/www/html/SIMRSHEBAT/index.php(67): CodeIgniter\CodeIgniter->run()
#9 {main}
CRITICAL - 2024-11-11 08:57:59 --> Call to a member function getResult() on bool
in APPPATH/Controllers/Lab.php on line 465.
 1 SYSTEMPATH/CodeIgniter.php(934): App\Controllers\Lab->produkRad()
 2 SYSTEMPATH/CodeIgniter.php(499): CodeIgniter\CodeIgniter->runController()
 3 SYSTEMPATH/CodeIgniter.php(368): CodeIgniter\CodeIgniter->handleRequest()
 4 FCPATH/index.php(67): CodeIgniter\CodeIgniter->run()
WARNING - 2024-11-11 08:57:59 --> [DEPRECATED] Creation of dynamic property App\Controllers\Rekammedisirna::$db is deprecated in APPPATH/Controllers/Api.php on line 8.
 1 SYSTEMPATH/CodeIgniter.php(906): App\Controllers\Api->__construct()
 2 SYSTEMPATH/CodeIgniter.php(490): CodeIgniter\CodeIgniter->createController()
 3 SYSTEMPATH/CodeIgniter.php(368): CodeIgniter\CodeIgniter->handleRequest(null, Object(Config\Cache), false)
 4 FCPATH/index.php(67): CodeIgniter\CodeIgniter->run()
WARNING - 2024-11-11 08:57:59 --> [DEPRECATED] Creation of dynamic property App\Controllers\Rekammedisirna::$simrs is deprecated in APPPATH/Controllers/Api.php on line 9.
 1 SYSTEMPATH/CodeIgniter.php(906): App\Controllers\Api->__construct()
 2 SYSTEMPATH/CodeIgniter.php(490): CodeIgniter\CodeIgniter->createController()
 3 SYSTEMPATH/CodeIgniter.php(368): CodeIgniter\CodeIgniter->handleRequest(null, Object(Config\Cache), false)
 4 FCPATH/index.php(67): CodeIgniter\CodeIgniter->run()
ERROR - 2024-11-11 08:57:59 --> ErrorException: pg_query(): Query failed: ERROR:  relation &quot;order_lab&quot; does not exist
LINE 2:         order_lab o inner join
                ^ in /var/www/html/SIMRSHEBAT/system/Database/Postgre/Connection.php:147
Stack trace:
#0 [internal function]: CodeIgniter\Debug\Exceptions->errorHandler()
#1 /var/www/html/SIMRSHEBAT/system/Database/Postgre/Connection.php(147): pg_query()
#2 /var/www/html/SIMRSHEBAT/system/Database/BaseConnection.php(691): CodeIgniter\Database\Postgre\Connection->execute()
#3 /var/www/html/SIMRSHEBAT/app/Controllers/Rekammedisirna.php(823): CodeIgniter\Database\BaseConnection->simpleQuery()
#4 /var/www/html/SIMRSHEBAT/system/CodeIgniter.php(934): App\Controllers\Rekammedisirna->datapenunjangpasienirna()
#5 /var/www/html/SIMRSHEBAT/system/CodeIgniter.php(499): CodeIgniter\CodeIgniter->runController()
#6 /var/www/html/SIMRSHEBAT/system/CodeIgniter.php(368): CodeIgniter\CodeIgniter->handleRequest()
#7 /var/www/html/SIMRSHEBAT/index.php(67): CodeIgniter\CodeIgniter->run()
#8 {main}
WARNING - 2024-11-11 08:57:59 --> [DEPRECATED] Creation of dynamic property App\Controllers\Kunjungan::$db is deprecated in APPPATH/Controllers/Api.php on line 8.
 1 SYSTEMPATH/CodeIgniter.php(906): App\Controllers\Api->__construct()
 2 SYSTEMPATH/CodeIgniter.php(490): CodeIgniter\CodeIgniter->createController()
 3 SYSTEMPATH/CodeIgniter.php(368): CodeIgniter\CodeIgniter->handleRequest(null, Object(Config\Cache), false)
 4 FCPATH/index.php(67): CodeIgniter\CodeIgniter->run()
WARNING - 2024-11-11 08:57:59 --> [DEPRECATED] Creation of dynamic property App\Controllers\Kunjungan::$simrs is deprecated in APPPATH/Controllers/Api.php on line 9.
 1 SYSTEMPATH/CodeIgniter.php(906): App\Controllers\Api->__construct()
 2 SYSTEMPATH/CodeIgniter.php(490): CodeIgniter\CodeIgniter->createController()
 3 SYSTEMPATH/CodeIgniter.php(368): CodeIgniter\CodeIgniter->handleRequest(null, Object(Config\Cache), false)
 4 FCPATH/index.php(67): CodeIgniter\CodeIgniter->run()
WARNING - 2024-11-11 08:57:59 --> [DEPRECATED] Creation of dynamic property App\Controllers\Kunjungan::$db is deprecated in APPPATH/Controllers/Api.php on line 8.
 1 SYSTEMPATH/CodeIgniter.php(906): App\Controllers\Api->__construct()
 2 SYSTEMPATH/CodeIgniter.php(490): CodeIgniter\CodeIgniter->createController()
 3 SYSTEMPATH/CodeIgniter.php(368): CodeIgniter\CodeIgniter->handleRequest(null, Object(Config\Cache), false)
 4 FCPATH/index.php(67): CodeIgniter\CodeIgniter->run()
WARNING - 2024-11-11 08:57:59 --> [DEPRECATED] Creation of dynamic property App\Controllers\Kunjungan::$simrs is deprecated in APPPATH/Controllers/Api.php on line 9.
 1 SYSTEMPATH/CodeIgniter.php(906): App\Controllers\Api->__construct()
 2 SYSTEMPATH/CodeIgniter.php(490): CodeIgniter\CodeIgniter->createController()
 3 SYSTEMPATH/CodeIgniter.php(368): CodeIgniter\CodeIgniter->handleRequest(null, Object(Config\Cache), false)
 4 FCPATH/index.php(67): CodeIgniter\CodeIgniter->run()
WARNING - 2024-11-11 08:57:59 --> [DEPRECATED] Creation of dynamic property App\Controllers\Kunjungan::$db is deprecated in APPPATH/Controllers/Api.php on line 8.
 1 SYSTEMPATH/CodeIgniter.php(906): App\Controllers\Api->__construct()
 2 SYSTEMPATH/CodeIgniter.php(490): CodeIgniter\CodeIgniter->createController()
 3 SYSTEMPATH/CodeIgniter.php(368): CodeIgniter\CodeIgniter->handleRequest(null, Object(Config\Cache), false)
 4 FCPATH/index.php(67): CodeIgniter\CodeIgniter->run()
WARNING - 2024-11-11 08:57:59 --> [DEPRECATED] Creation of dynamic property App\Controllers\Kunjungan::$simrs is deprecated in APPPATH/Controllers/Api.php on line 9.
 1 SYSTEMPATH/CodeIgniter.php(906): App\Controllers\Api->__construct()
 2 SYSTEMPATH/CodeIgniter.php(490): CodeIgniter\CodeIgniter->createController()
 3 SYSTEMPATH/CodeIgniter.php(368): CodeIgniter\CodeIgniter->handleRequest(null, Object(Config\Cache), false)
 4 FCPATH/index.php(67): CodeIgniter\CodeIgniter->run()
ERROR - 2024-11-11 08:57:59 --> ErrorException: pg_query(): Query failed: ERROR:  column &quot;id_penyakit&quot; specified in USING clause does not exist in left table in /var/www/html/SIMRSHEBAT/system/Database/Postgre/Connection.php:147
Stack trace:
#0 [internal function]: CodeIgniter\Debug\Exceptions->errorHandler()
#1 /var/www/html/SIMRSHEBAT/system/Database/Postgre/Connection.php(147): pg_query()
#2 /var/www/html/SIMRSHEBAT/system/Database/BaseConnection.php(691): CodeIgniter\Database\Postgre\Connection->execute()
#3 /var/www/html/SIMRSHEBAT/app/Controllers/Kunjungan.php(585): CodeIgniter\Database\BaseConnection->simpleQuery()
#4 /var/www/html/SIMRSHEBAT/system/CodeIgniter.php(934): App\Controllers\Kunjungan->historipenyakit()
#5 /var/www/html/SIMRSHEBAT/system/CodeIgniter.php(499): CodeIgniter\CodeIgniter->runController()
#6 /var/www/html/SIMRSHEBAT/system/CodeIgniter.php(368): CodeIgniter\CodeIgniter->handleRequest()
#7 /var/www/html/SIMRSHEBAT/index.php(67): CodeIgniter\CodeIgniter->run()
#8 {main}
ERROR - 2024-11-11 08:57:59 --> ErrorException: pg_query(): Query failed: ERROR:  relation &quot;alergi&quot; does not exist
LINE 1: SELECT * from alergi where no_rm='6-56-26-73' 
                      ^ in /var/www/html/SIMRSHEBAT/system/Database/Postgre/Connection.php:147
Stack trace:
#0 [internal function]: CodeIgniter\Debug\Exceptions->errorHandler()
#1 /var/www/html/SIMRSHEBAT/system/Database/Postgre/Connection.php(147): pg_query()
#2 /var/www/html/SIMRSHEBAT/system/Database/BaseConnection.php(691): CodeIgniter\Database\Postgre\Connection->execute()
#3 /var/www/html/SIMRSHEBAT/app/Controllers/Kunjungan.php(632): CodeIgniter\Database\BaseConnection->simpleQuery()
#4 /var/www/html/SIMRSHEBAT/system/CodeIgniter.php(934): App\Controllers\Kunjungan->historialergi()
#5 /var/www/html/SIMRSHEBAT/system/CodeIgniter.php(499): CodeIgniter\CodeIgniter->runController()
#6 /var/www/html/SIMRSHEBAT/system/CodeIgniter.php(368): CodeIgniter\CodeIgniter->handleRequest()
#7 /var/www/html/SIMRSHEBAT/index.php(67): CodeIgniter\CodeIgniter->run()
#8 {main}
ERROR - 2024-11-11 08:57:59 --> ErrorException: pg_query(): Query failed: ERROR:  column &quot;id_penyakit&quot; specified in USING clause does not exist in left table in /var/www/html/SIMRSHEBAT/system/Database/Postgre/Connection.php:147
Stack trace:
#0 [internal function]: CodeIgniter\Debug\Exceptions->errorHandler()
#1 /var/www/html/SIMRSHEBAT/system/Database/Postgre/Connection.php(147): pg_query()
#2 /var/www/html/SIMRSHEBAT/system/Database/BaseConnection.php(691): CodeIgniter\Database\Postgre\Connection->execute()
#3 /var/www/html/SIMRSHEBAT/app/Controllers/Kunjungan.php(617): CodeIgniter\Database\BaseConnection->simpleQuery()
#4 /var/www/html/SIMRSHEBAT/system/CodeIgniter.php(934): App\Controllers\Kunjungan->historipenyakitkeluarga()
#5 /var/www/html/SIMRSHEBAT/system/CodeIgniter.php(499): CodeIgniter\CodeIgniter->runController()
#6 /var/www/html/SIMRSHEBAT/system/CodeIgniter.php(368): CodeIgniter\CodeIgniter->handleRequest()
#7 /var/www/html/SIMRSHEBAT/index.php(67): CodeIgniter\CodeIgniter->run()
#8 {main}
WARNING - 2024-11-11 08:57:59 --> [DEPRECATED] Creation of dynamic property App\Controllers\Datasosial::$db is deprecated in APPPATH/Controllers/Api.php on line 8.
 1 SYSTEMPATH/CodeIgniter.php(906): App\Controllers\Api->__construct()
 2 SYSTEMPATH/CodeIgniter.php(490): CodeIgniter\CodeIgniter->createController()
 3 SYSTEMPATH/CodeIgniter.php(368): CodeIgniter\CodeIgniter->handleRequest(null, Object(Config\Cache), false)
 4 FCPATH/index.php(67): CodeIgniter\CodeIgniter->run()
WARNING - 2024-11-11 08:57:59 --> [DEPRECATED] Creation of dynamic property App\Controllers\Datasosial::$simrs is deprecated in APPPATH/Controllers/Api.php on line 9.
 1 SYSTEMPATH/CodeIgniter.php(906): App\Controllers\Api->__construct()
 2 SYSTEMPATH/CodeIgniter.php(490): CodeIgniter\CodeIgniter->createController()
 3 SYSTEMPATH/CodeIgniter.php(368): CodeIgniter\CodeIgniter->handleRequest(null, Object(Config\Cache), false)
 4 FCPATH/index.php(67): CodeIgniter\CodeIgniter->run()
WARNING - 2024-11-11 08:57:59 --> [DEPRECATED] Creation of dynamic property App\Controllers\Datasosial::$db is deprecated in APPPATH/Controllers/Api.php on line 8.
 1 SYSTEMPATH/CodeIgniter.php(906): App\Controllers\Api->__construct()
 2 SYSTEMPATH/CodeIgniter.php(490): CodeIgniter\CodeIgniter->createController()
 3 SYSTEMPATH/CodeIgniter.php(368): CodeIgniter\CodeIgniter->handleRequest(null, Object(Config\Cache), false)
 4 FCPATH/index.php(67): CodeIgniter\CodeIgniter->run()
WARNING - 2024-11-11 08:57:59 --> [DEPRECATED] Creation of dynamic property App\Controllers\Datasosial::$simrs is deprecated in APPPATH/Controllers/Api.php on line 9.
 1 SYSTEMPATH/CodeIgniter.php(906): App\Controllers\Api->__construct()
 2 SYSTEMPATH/CodeIgniter.php(490): CodeIgniter\CodeIgniter->createController()
 3 SYSTEMPATH/CodeIgniter.php(368): CodeIgniter\CodeIgniter->handleRequest(null, Object(Config\Cache), false)
 4 FCPATH/index.php(67): CodeIgniter\CodeIgniter->run()
WARNING - 2024-11-11 08:58:02 --> [DEPRECATED] Creation of dynamic property App\Controllers\Rekammedisirna::$db is deprecated in APPPATH/Controllers/Api.php on line 8.
 1 SYSTEMPATH/CodeIgniter.php(906): App\Controllers\Api->__construct()
 2 SYSTEMPATH/CodeIgniter.php(490): CodeIgniter\CodeIgniter->createController()
 3 SYSTEMPATH/CodeIgniter.php(368): CodeIgniter\CodeIgniter->handleRequest(null, Object(Config\Cache), false)
 4 FCPATH/index.php(67): CodeIgniter\CodeIgniter->run()
WARNING - 2024-11-11 08:58:02 --> [DEPRECATED] Creation of dynamic property App\Controllers\Rekammedisirna::$db is deprecated in APPPATH/Controllers/Api.php on line 8.
 1 SYSTEMPATH/CodeIgniter.php(906): App\Controllers\Api->__construct()
 2 SYSTEMPATH/CodeIgniter.php(490): CodeIgniter\CodeIgniter->createController()
 3 SYSTEMPATH/CodeIgniter.php(368): CodeIgniter\CodeIgniter->handleRequest(null, Object(Config\Cache), false)
 4 FCPATH/index.php(67): CodeIgniter\CodeIgniter->run()
WARNING - 2024-11-11 08:58:02 --> [DEPRECATED] Creation of dynamic property App\Controllers\Rekammedisirna::$simrs is deprecated in APPPATH/Controllers/Api.php on line 9.
 1 SYSTEMPATH/CodeIgniter.php(906): App\Controllers\Api->__construct()
 2 SYSTEMPATH/CodeIgniter.php(490): CodeIgniter\CodeIgniter->createController()
 3 SYSTEMPATH/CodeIgniter.php(368): CodeIgniter\CodeIgniter->handleRequest(null, Object(Config\Cache), false)
 4 FCPATH/index.php(67): CodeIgniter\CodeIgniter->run()
WARNING - 2024-11-11 08:58:02 --> [DEPRECATED] Creation of dynamic property App\Controllers\Rekammedisirna::$simrs is deprecated in APPPATH/Controllers/Api.php on line 9.
 1 SYSTEMPATH/CodeIgniter.php(906): App\Controllers\Api->__construct()
 2 SYSTEMPATH/CodeIgniter.php(490): CodeIgniter\CodeIgniter->createController()
 3 SYSTEMPATH/CodeIgniter.php(368): CodeIgniter\CodeIgniter->handleRequest(null, Object(Config\Cache), false)
 4 FCPATH/index.php(67): CodeIgniter\CodeIgniter->run()
INFO - 2024-11-11 09:45:21 --> Session: Class initialized using 'CodeIgniter\Session\Handlers\FileHandler' driver.
WARNING - 2024-11-11 09:45:22 --> [DEPRECATED] Creation of dynamic property App\Controllers\User::$db is deprecated in APPPATH/Controllers/Api.php on line 8.
 1 SYSTEMPATH/CodeIgniter.php(906): App\Controllers\Api->__construct()
 2 SYSTEMPATH/CodeIgniter.php(490): CodeIgniter\CodeIgniter->createController()
 3 SYSTEMPATH/CodeIgniter.php(368): CodeIgniter\CodeIgniter->handleRequest(null, Object(Config\Cache), false)
 4 FCPATH/index.php(67): CodeIgniter\CodeIgniter->run()
WARNING - 2024-11-11 09:45:22 --> [DEPRECATED] Creation of dynamic property App\Controllers\User::$simrs is deprecated in APPPATH/Controllers/Api.php on line 9.
 1 SYSTEMPATH/CodeIgniter.php(906): App\Controllers\Api->__construct()
 2 SYSTEMPATH/CodeIgniter.php(490): CodeIgniter\CodeIgniter->createController()
 3 SYSTEMPATH/CodeIgniter.php(368): CodeIgniter\CodeIgniter->handleRequest(null, Object(Config\Cache), false)
 4 FCPATH/index.php(67): CodeIgniter\CodeIgniter->run()
WARNING - 2024-11-11 09:45:23 --> [DEPRECATED] Creation of dynamic property App\Controllers\Laporan::$db is deprecated in APPPATH/Controllers/Api.php on line 8.
 1 SYSTEMPATH/CodeIgniter.php(906): App\Controllers\Api->__construct()
 2 SYSTEMPATH/CodeIgniter.php(490): CodeIgniter\CodeIgniter->createController()
 3 SYSTEMPATH/CodeIgniter.php(368): CodeIgniter\CodeIgniter->handleRequest(null, Object(Config\Cache), false)
 4 FCPATH/index.php(67): CodeIgniter\CodeIgniter->run()
WARNING - 2024-11-11 09:45:23 --> [DEPRECATED] Creation of dynamic property App\Controllers\Laporan::$simrs is deprecated in APPPATH/Controllers/Api.php on line 9.
 1 SYSTEMPATH/CodeIgniter.php(906): App\Controllers\Api->__construct()
 2 SYSTEMPATH/CodeIgniter.php(490): CodeIgniter\CodeIgniter->createController()
 3 SYSTEMPATH/CodeIgniter.php(368): CodeIgniter\CodeIgniter->handleRequest(null, Object(Config\Cache), false)
 4 FCPATH/index.php(67): CodeIgniter\CodeIgniter->run()
WARNING - 2024-11-11 09:45:23 --> [DEPRECATED] Creation of dynamic property App\Controllers\User::$db is deprecated in APPPATH/Controllers/Api.php on line 8.
 1 SYSTEMPATH/CodeIgniter.php(906): App\Controllers\Api->__construct()
 2 SYSTEMPATH/CodeIgniter.php(490): CodeIgniter\CodeIgniter->createController()
 3 SYSTEMPATH/CodeIgniter.php(368): CodeIgniter\CodeIgniter->handleRequest(null, Object(Config\Cache), false)
 4 FCPATH/index.php(67): CodeIgniter\CodeIgniter->run()
WARNING - 2024-11-11 09:45:23 --> [DEPRECATED] Creation of dynamic property App\Controllers\User::$simrs is deprecated in APPPATH/Controllers/Api.php on line 9.
 1 SYSTEMPATH/CodeIgniter.php(906): App\Controllers\Api->__construct()
 2 SYSTEMPATH/CodeIgniter.php(490): CodeIgniter\CodeIgniter->createController()
 3 SYSTEMPATH/CodeIgniter.php(368): CodeIgniter\CodeIgniter->handleRequest(null, Object(Config\Cache), false)
 4 FCPATH/index.php(67): CodeIgniter\CodeIgniter->run()
INFO - 2024-11-11 10:45:24 --> Session: Class initialized using 'CodeIgniter\Session\Handlers\FileHandler' driver.
WARNING - 2024-11-11 10:54:59 --> [DEPRECATED] Creation of dynamic property App\Controllers\User::$db is deprecated in APPPATH/Controllers/Api.php on line 8.
 1 SYSTEMPATH/CodeIgniter.php(906): App\Controllers\Api->__construct()
 2 SYSTEMPATH/CodeIgniter.php(490): CodeIgniter\CodeIgniter->createController()
 3 SYSTEMPATH/CodeIgniter.php(368): CodeIgniter\CodeIgniter->handleRequest(null, Object(Config\Cache), false)
 4 FCPATH/index.php(67): CodeIgniter\CodeIgniter->run()
WARNING - 2024-11-11 10:54:59 --> [DEPRECATED] Creation of dynamic property App\Controllers\User::$simrs is deprecated in APPPATH/Controllers/Api.php on line 9.
 1 SYSTEMPATH/CodeIgniter.php(906): App\Controllers\Api->__construct()
 2 SYSTEMPATH/CodeIgniter.php(490): CodeIgniter\CodeIgniter->createController()
 3 SYSTEMPATH/CodeIgniter.php(368): CodeIgniter\CodeIgniter->handleRequest(null, Object(Config\Cache), false)
 4 FCPATH/index.php(67): CodeIgniter\CodeIgniter->run()
WARNING - 2024-11-11 10:54:59 --> [DEPRECATED] Creation of dynamic property App\Controllers\Laporan::$db is deprecated in APPPATH/Controllers/Api.php on line 8.
 1 SYSTEMPATH/CodeIgniter.php(906): App\Controllers\Api->__construct()
 2 SYSTEMPATH/CodeIgniter.php(490): CodeIgniter\CodeIgniter->createController()
 3 SYSTEMPATH/CodeIgniter.php(368): CodeIgniter\CodeIgniter->handleRequest(null, Object(Config\Cache), false)
 4 FCPATH/index.php(67): CodeIgniter\CodeIgniter->run()
WARNING - 2024-11-11 10:54:59 --> [DEPRECATED] Creation of dynamic property App\Controllers\Laporan::$simrs is deprecated in APPPATH/Controllers/Api.php on line 9.
 1 SYSTEMPATH/CodeIgniter.php(906): App\Controllers\Api->__construct()
 2 SYSTEMPATH/CodeIgniter.php(490): CodeIgniter\CodeIgniter->createController()
 3 SYSTEMPATH/CodeIgniter.php(368): CodeIgniter\CodeIgniter->handleRequest(null, Object(Config\Cache), false)
 4 FCPATH/index.php(67): CodeIgniter\CodeIgniter->run()
WARNING - 2024-11-11 10:54:59 --> [DEPRECATED] Creation of dynamic property App\Controllers\User::$db is deprecated in APPPATH/Controllers/Api.php on line 8.
 1 SYSTEMPATH/CodeIgniter.php(906): App\Controllers\Api->__construct()
 2 SYSTEMPATH/CodeIgniter.php(490): CodeIgniter\CodeIgniter->createController()
 3 SYSTEMPATH/CodeIgniter.php(368): CodeIgniter\CodeIgniter->handleRequest(null, Object(Config\Cache), false)
 4 FCPATH/index.php(67): CodeIgniter\CodeIgniter->run()
WARNING - 2024-11-11 10:54:59 --> [DEPRECATED] Creation of dynamic property App\Controllers\User::$simrs is deprecated in APPPATH/Controllers/Api.php on line 9.
 1 SYSTEMPATH/CodeIgniter.php(906): App\Controllers\Api->__construct()
 2 SYSTEMPATH/CodeIgniter.php(490): CodeIgniter\CodeIgniter->createController()
 3 SYSTEMPATH/CodeIgniter.php(368): CodeIgniter\CodeIgniter->handleRequest(null, Object(Config\Cache), false)
 4 FCPATH/index.php(67): CodeIgniter\CodeIgniter->run()
WARNING - 2024-11-11 10:54:59 --> [DEPRECATED] Creation of dynamic property App\Controllers\User::$db is deprecated in APPPATH/Controllers/Api.php on line 8.
 1 SYSTEMPATH/CodeIgniter.php(906): App\Controllers\Api->__construct()
 2 SYSTEMPATH/CodeIgniter.php(490): CodeIgniter\CodeIgniter->createController()
 3 SYSTEMPATH/CodeIgniter.php(368): CodeIgniter\CodeIgniter->handleRequest(null, Object(Config\Cache), false)
 4 FCPATH/index.php(67): CodeIgniter\CodeIgniter->run()
WARNING - 2024-11-11 10:54:59 --> [DEPRECATED] Creation of dynamic property App\Controllers\User::$simrs is deprecated in APPPATH/Controllers/Api.php on line 9.
 1 SYSTEMPATH/CodeIgniter.php(906): App\Controllers\Api->__construct()
 2 SYSTEMPATH/CodeIgniter.php(490): CodeIgniter\CodeIgniter->createController()
 3 SYSTEMPATH/CodeIgniter.php(368): CodeIgniter\CodeIgniter->handleRequest(null, Object(Config\Cache), false)
 4 FCPATH/index.php(67): CodeIgniter\CodeIgniter->run()
WARNING - 2024-11-11 10:55:05 --> [DEPRECATED] Creation of dynamic property App\Controllers\Rekammedisirna::$db is deprecated in APPPATH/Controllers/Api.php on line 8.
 1 SYSTEMPATH/CodeIgniter.php(906): App\Controllers\Api->__construct()
 2 SYSTEMPATH/CodeIgniter.php(490): CodeIgniter\CodeIgniter->createController()
 3 SYSTEMPATH/CodeIgniter.php(368): CodeIgniter\CodeIgniter->handleRequest(null, Object(Config\Cache), false)
 4 FCPATH/index.php(67): CodeIgniter\CodeIgniter->run()
WARNING - 2024-11-11 10:55:05 --> [DEPRECATED] Creation of dynamic property App\Controllers\Rekammedisirna::$simrs is deprecated in APPPATH/Controllers/Api.php on line 9.
 1 SYSTEMPATH/CodeIgniter.php(906): App\Controllers\Api->__construct()
 2 SYSTEMPATH/CodeIgniter.php(490): CodeIgniter\CodeIgniter->createController()
 3 SYSTEMPATH/CodeIgniter.php(368): CodeIgniter\CodeIgniter->handleRequest(null, Object(Config\Cache), false)
 4 FCPATH/index.php(67): CodeIgniter\CodeIgniter->run()
WARNING - 2024-11-11 10:55:05 --> [DEPRECATED] Creation of dynamic property App\Controllers\Rekammedisirna::$db is deprecated in APPPATH/Controllers/Api.php on line 8.
 1 SYSTEMPATH/CodeIgniter.php(906): App\Controllers\Api->__construct()
 2 SYSTEMPATH/CodeIgniter.php(490): CodeIgniter\CodeIgniter->createController()
 3 SYSTEMPATH/CodeIgniter.php(368): CodeIgniter\CodeIgniter->handleRequest(null, Object(Config\Cache), false)
 4 FCPATH/index.php(67): CodeIgniter\CodeIgniter->run()
WARNING - 2024-11-11 10:55:05 --> [DEPRECATED] Creation of dynamic property App\Controllers\Rekammedisirna::$db is deprecated in APPPATH/Controllers/Api.php on line 8.
 1 SYSTEMPATH/CodeIgniter.php(906): App\Controllers\Api->__construct()
 2 SYSTEMPATH/CodeIgniter.php(490): CodeIgniter\CodeIgniter->createController()
 3 SYSTEMPATH/CodeIgniter.php(368): CodeIgniter\CodeIgniter->handleRequest(null, Object(Config\Cache), false)
 4 FCPATH/index.php(67): CodeIgniter\CodeIgniter->run()
WARNING - 2024-11-11 10:55:05 --> [DEPRECATED] Creation of dynamic property App\Controllers\Rekammedisirna::$simrs is deprecated in APPPATH/Controllers/Api.php on line 9.
 1 SYSTEMPATH/CodeIgniter.php(906): App\Controllers\Api->__construct()
 2 SYSTEMPATH/CodeIgniter.php(490): CodeIgniter\CodeIgniter->createController()
 3 SYSTEMPATH/CodeIgniter.php(368): CodeIgniter\CodeIgniter->handleRequest(null, Object(Config\Cache), false)
 4 FCPATH/index.php(67): CodeIgniter\CodeIgniter->run()
WARNING - 2024-11-11 10:55:05 --> [DEPRECATED] Creation of dynamic property App\Controllers\Rekammedisirna::$simrs is deprecated in APPPATH/Controllers/Api.php on line 9.
 1 SYSTEMPATH/CodeIgniter.php(906): App\Controllers\Api->__construct()
 2 SYSTEMPATH/CodeIgniter.php(490): CodeIgniter\CodeIgniter->createController()
 3 SYSTEMPATH/CodeIgniter.php(368): CodeIgniter\CodeIgniter->handleRequest(null, Object(Config\Cache), false)
 4 FCPATH/index.php(67): CodeIgniter\CodeIgniter->run()
INFO - 2024-11-11 11:55:01 --> Session: Class initialized using 'CodeIgniter\Session\Handlers\FileHandler' driver.
WARNING - 2024-11-11 13:28:42 --> [DEPRECATED] Creation of dynamic property App\Controllers\User::$db is deprecated in APPPATH/Controllers/Api.php on line 8.
 1 SYSTEMPATH/CodeIgniter.php(906): App\Controllers\Api->__construct()
 2 SYSTEMPATH/CodeIgniter.php(490): CodeIgniter\CodeIgniter->createController()
 3 SYSTEMPATH/CodeIgniter.php(368): CodeIgniter\CodeIgniter->handleRequest(null, Object(Config\Cache), false)
 4 FCPATH/index.php(67): CodeIgniter\CodeIgniter->run()
WARNING - 2024-11-11 13:28:42 --> [DEPRECATED] Creation of dynamic property App\Controllers\User::$simrs is deprecated in APPPATH/Controllers/Api.php on line 9.
 1 SYSTEMPATH/CodeIgniter.php(906): App\Controllers\Api->__construct()
 2 SYSTEMPATH/CodeIgniter.php(490): CodeIgniter\CodeIgniter->createController()
 3 SYSTEMPATH/CodeIgniter.php(368): CodeIgniter\CodeIgniter->handleRequest(null, Object(Config\Cache), false)
 4 FCPATH/index.php(67): CodeIgniter\CodeIgniter->run()
WARNING - 2024-11-11 13:28:42 --> [DEPRECATED] Creation of dynamic property App\Controllers\Laporan::$db is deprecated in APPPATH/Controllers/Api.php on line 8.
 1 SYSTEMPATH/CodeIgniter.php(906): App\Controllers\Api->__construct()
 2 SYSTEMPATH/CodeIgniter.php(490): CodeIgniter\CodeIgniter->createController()
 3 SYSTEMPATH/CodeIgniter.php(368): CodeIgniter\CodeIgniter->handleRequest(null, Object(Config\Cache), false)
 4 FCPATH/index.php(67): CodeIgniter\CodeIgniter->run()
WARNING - 2024-11-11 13:28:42 --> [DEPRECATED] Creation of dynamic property App\Controllers\Laporan::$simrs is deprecated in APPPATH/Controllers/Api.php on line 9.
 1 SYSTEMPATH/CodeIgniter.php(906): App\Controllers\Api->__construct()
 2 SYSTEMPATH/CodeIgniter.php(490): CodeIgniter\CodeIgniter->createController()
 3 SYSTEMPATH/CodeIgniter.php(368): CodeIgniter\CodeIgniter->handleRequest(null, Object(Config\Cache), false)
 4 FCPATH/index.php(67): CodeIgniter\CodeIgniter->run()
WARNING - 2024-11-11 13:28:42 --> [DEPRECATED] Creation of dynamic property App\Controllers\User::$db is deprecated in APPPATH/Controllers/Api.php on line 8.
 1 SYSTEMPATH/CodeIgniter.php(906): App\Controllers\Api->__construct()
 2 SYSTEMPATH/CodeIgniter.php(490): CodeIgniter\CodeIgniter->createController()
 3 SYSTEMPATH/CodeIgniter.php(368): CodeIgniter\CodeIgniter->handleRequest(null, Object(Config\Cache), false)
 4 FCPATH/index.php(67): CodeIgniter\CodeIgniter->run()
WARNING - 2024-11-11 13:28:42 --> [DEPRECATED] Creation of dynamic property App\Controllers\User::$simrs is deprecated in APPPATH/Controllers/Api.php on line 9.
 1 SYSTEMPATH/CodeIgniter.php(906): App\Controllers\Api->__construct()
 2 SYSTEMPATH/CodeIgniter.php(490): CodeIgniter\CodeIgniter->createController()
 3 SYSTEMPATH/CodeIgniter.php(368): CodeIgniter\CodeIgniter->handleRequest(null, Object(Config\Cache), false)
 4 FCPATH/index.php(67): CodeIgniter\CodeIgniter->run()
WARNING - 2024-11-11 13:28:42 --> [DEPRECATED] Creation of dynamic property App\Controllers\User::$db is deprecated in APPPATH/Controllers/Api.php on line 8.
 1 SYSTEMPATH/CodeIgniter.php(906): App\Controllers\Api->__construct()
 2 SYSTEMPATH/CodeIgniter.php(490): CodeIgniter\CodeIgniter->createController()
 3 SYSTEMPATH/CodeIgniter.php(368): CodeIgniter\CodeIgniter->handleRequest(null, Object(Config\Cache), false)
 4 FCPATH/index.php(67): CodeIgniter\CodeIgniter->run()
WARNING - 2024-11-11 13:28:42 --> [DEPRECATED] Creation of dynamic property App\Controllers\User::$simrs is deprecated in APPPATH/Controllers/Api.php on line 9.
 1 SYSTEMPATH/CodeIgniter.php(906): App\Controllers\Api->__construct()
 2 SYSTEMPATH/CodeIgniter.php(490): CodeIgniter\CodeIgniter->createController()
 3 SYSTEMPATH/CodeIgniter.php(368): CodeIgniter\CodeIgniter->handleRequest(null, Object(Config\Cache), false)
 4 FCPATH/index.php(67): CodeIgniter\CodeIgniter->run()
WARNING - 2024-11-11 13:28:47 --> [DEPRECATED] Creation of dynamic property App\Controllers\Rekammedisirna::$db is deprecated in APPPATH/Controllers/Api.php on line 8.
 1 SYSTEMPATH/CodeIgniter.php(906): App\Controllers\Api->__construct()
 2 SYSTEMPATH/CodeIgniter.php(490): CodeIgniter\CodeIgniter->createController()
 3 SYSTEMPATH/CodeIgniter.php(368): CodeIgniter\CodeIgniter->handleRequest(null, Object(Config\Cache), false)
 4 FCPATH/index.php(67): CodeIgniter\CodeIgniter->run()
WARNING - 2024-11-11 13:28:47 --> [DEPRECATED] Creation of dynamic property App\Controllers\Rekammedisirna::$simrs is deprecated in APPPATH/Controllers/Api.php on line 9.
 1 SYSTEMPATH/CodeIgniter.php(906): App\Controllers\Api->__construct()
 2 SYSTEMPATH/CodeIgniter.php(490): CodeIgniter\CodeIgniter->createController()
 3 SYSTEMPATH/CodeIgniter.php(368): CodeIgniter\CodeIgniter->handleRequest(null, Object(Config\Cache), false)
 4 FCPATH/index.php(67): CodeIgniter\CodeIgniter->run()
WARNING - 2024-11-11 13:28:47 --> [DEPRECATED] Creation of dynamic property App\Controllers\Rekammedisirna::$db is deprecated in APPPATH/Controllers/Api.php on line 8.
 1 SYSTEMPATH/CodeIgniter.php(906): App\Controllers\Api->__construct()
 2 SYSTEMPATH/CodeIgniter.php(490): CodeIgniter\CodeIgniter->createController()
 3 SYSTEMPATH/CodeIgniter.php(368): CodeIgniter\CodeIgniter->handleRequest(null, Object(Config\Cache), false)
 4 FCPATH/index.php(67): CodeIgniter\CodeIgniter->run()
WARNING - 2024-11-11 13:28:47 --> [DEPRECATED] Creation of dynamic property App\Controllers\Rekammedisirna::$db is deprecated in APPPATH/Controllers/Api.php on line 8.
 1 SYSTEMPATH/CodeIgniter.php(906): App\Controllers\Api->__construct()
 2 SYSTEMPATH/CodeIgniter.php(490): CodeIgniter\CodeIgniter->createController()
 3 SYSTEMPATH/CodeIgniter.php(368): CodeIgniter\CodeIgniter->handleRequest(null, Object(Config\Cache), false)
 4 FCPATH/index.php(67): CodeIgniter\CodeIgniter->run()
WARNING - 2024-11-11 13:28:47 --> [DEPRECATED] Creation of dynamic property App\Controllers\Rekammedisirna::$simrs is deprecated in APPPATH/Controllers/Api.php on line 9.
 1 SYSTEMPATH/CodeIgniter.php(906): App\Controllers\Api->__construct()
 2 SYSTEMPATH/CodeIgniter.php(490): CodeIgniter\CodeIgniter->createController()
 3 SYSTEMPATH/CodeIgniter.php(368): CodeIgniter\CodeIgniter->handleRequest(null, Object(Config\Cache), false)
 4 FCPATH/index.php(67): CodeIgniter\CodeIgniter->run()
WARNING - 2024-11-11 13:28:47 --> [DEPRECATED] Creation of dynamic property App\Controllers\Rekammedisirna::$simrs is deprecated in APPPATH/Controllers/Api.php on line 9.
 1 SYSTEMPATH/CodeIgniter.php(906): App\Controllers\Api->__construct()
 2 SYSTEMPATH/CodeIgniter.php(490): CodeIgniter\CodeIgniter->createController()
 3 SYSTEMPATH/CodeIgniter.php(368): CodeIgniter\CodeIgniter->handleRequest(null, Object(Config\Cache), false)
 4 FCPATH/index.php(67): CodeIgniter\CodeIgniter->run()
WARNING - 2024-11-11 13:28:49 --> [DEPRECATED] Creation of dynamic property App\Controllers\Rekammedisirja::$db is deprecated in APPPATH/Controllers/Api.php on line 8.
 1 SYSTEMPATH/CodeIgniter.php(906): App\Controllers\Api->__construct()
 2 SYSTEMPATH/CodeIgniter.php(490): CodeIgniter\CodeIgniter->createController()
 3 SYSTEMPATH/CodeIgniter.php(368): CodeIgniter\CodeIgniter->handleRequest(null, Object(Config\Cache), false)
 4 FCPATH/index.php(67): CodeIgniter\CodeIgniter->run()
WARNING - 2024-11-11 13:28:49 --> [DEPRECATED] Creation of dynamic property App\Controllers\Rekammedisirja::$db is deprecated in APPPATH/Controllers/Api.php on line 8.
 1 SYSTEMPATH/CodeIgniter.php(906): App\Controllers\Api->__construct()
 2 SYSTEMPATH/CodeIgniter.php(490): CodeIgniter\CodeIgniter->createController()
 3 SYSTEMPATH/CodeIgniter.php(368): CodeIgniter\CodeIgniter->handleRequest(null, Object(Config\Cache), false)
 4 FCPATH/index.php(67): CodeIgniter\CodeIgniter->run()
WARNING - 2024-11-11 13:28:49 --> [DEPRECATED] Creation of dynamic property App\Controllers\Rekammedisirja::$simrs is deprecated in APPPATH/Controllers/Api.php on line 9.
 1 SYSTEMPATH/CodeIgniter.php(906): App\Controllers\Api->__construct()
 2 SYSTEMPATH/CodeIgniter.php(490): CodeIgniter\CodeIgniter->createController()
 3 SYSTEMPATH/CodeIgniter.php(368): CodeIgniter\CodeIgniter->handleRequest(null, Object(Config\Cache), false)
 4 FCPATH/index.php(67): CodeIgniter\CodeIgniter->run()
WARNING - 2024-11-11 13:28:49 --> [DEPRECATED] Creation of dynamic property App\Controllers\Rekammedisirja::$simrs is deprecated in APPPATH/Controllers/Api.php on line 9.
 1 SYSTEMPATH/CodeIgniter.php(906): App\Controllers\Api->__construct()
 2 SYSTEMPATH/CodeIgniter.php(490): CodeIgniter\CodeIgniter->createController()
 3 SYSTEMPATH/CodeIgniter.php(368): CodeIgniter\CodeIgniter->handleRequest(null, Object(Config\Cache), false)
 4 FCPATH/index.php(67): CodeIgniter\CodeIgniter->run()
WARNING - 2024-11-11 13:28:49 --> [DEPRECATED] Creation of dynamic property App\Controllers\Rawatjalan::$db is deprecated in APPPATH/Controllers/Api.php on line 8.
 1 SYSTEMPATH/CodeIgniter.php(906): App\Controllers\Api->__construct()
 2 SYSTEMPATH/CodeIgniter.php(490): CodeIgniter\CodeIgniter->createController()
 3 SYSTEMPATH/CodeIgniter.php(368): CodeIgniter\CodeIgniter->handleRequest(null, Object(Config\Cache), false)
 4 FCPATH/index.php(67): CodeIgniter\CodeIgniter->run()
WARNING - 2024-11-11 13:28:49 --> [DEPRECATED] Creation of dynamic property App\Controllers\Rawatjalan::$simrs is deprecated in APPPATH/Controllers/Api.php on line 9.
 1 SYSTEMPATH/CodeIgniter.php(906): App\Controllers\Api->__construct()
 2 SYSTEMPATH/CodeIgniter.php(490): CodeIgniter\CodeIgniter->createController()
 3 SYSTEMPATH/CodeIgniter.php(368): CodeIgniter\CodeIgniter->handleRequest(null, Object(Config\Cache), false)
 4 FCPATH/index.php(67): CodeIgniter\CodeIgniter->run()
ERROR - 2024-11-11 13:28:49 --> ErrorException: pg_query(): Query failed: ERROR:  column &quot;jenis_pegawai&quot; does not exist
LINE 1: SELECT * FROM pegawai where jenis_pegawai='1'
                                    ^ in /var/www/html/SIMRSHEBAT/system/Database/Postgre/Connection.php:147
Stack trace:
#0 [internal function]: CodeIgniter\Debug\Exceptions->errorHandler()
#1 /var/www/html/SIMRSHEBAT/system/Database/Postgre/Connection.php(147): pg_query()
#2 /var/www/html/SIMRSHEBAT/system/Database/BaseConnection.php(691): CodeIgniter\Database\Postgre\Connection->execute()
#3 /var/www/html/SIMRSHEBAT/system/Database/BaseConnection.php(605): CodeIgniter\Database\BaseConnection->simpleQuery()
#4 /var/www/html/SIMRSHEBAT/app/Controllers/Rawatjalan.php(32): CodeIgniter\Database\BaseConnection->query()
#5 /var/www/html/SIMRSHEBAT/system/CodeIgniter.php(934): App\Controllers\Rawatjalan->pegawai()
#6 /var/www/html/SIMRSHEBAT/system/CodeIgniter.php(499): CodeIgniter\CodeIgniter->runController()
#7 /var/www/html/SIMRSHEBAT/system/CodeIgniter.php(368): CodeIgniter\CodeIgniter->handleRequest()
#8 /var/www/html/SIMRSHEBAT/index.php(67): CodeIgniter\CodeIgniter->run()
#9 {main}
CRITICAL - 2024-11-11 13:28:49 --> Call to a member function getResult() on bool
in APPPATH/Controllers/Rawatjalan.php on line 35.
 1 SYSTEMPATH/CodeIgniter.php(934): App\Controllers\Rawatjalan->pegawai()
 2 SYSTEMPATH/CodeIgniter.php(499): CodeIgniter\CodeIgniter->runController()
 3 SYSTEMPATH/CodeIgniter.php(368): CodeIgniter\CodeIgniter->handleRequest()
 4 FCPATH/index.php(67): CodeIgniter\CodeIgniter->run()
ERROR - 2024-11-11 13:28:49 --> ErrorException: pg_query(): Query failed: ERROR:  column &quot;id_penyakit&quot; specified in USING clause does not exist in left table in /var/www/html/SIMRSHEBAT/system/Database/Postgre/Connection.php:147
Stack trace:
#0 [internal function]: CodeIgniter\Debug\Exceptions->errorHandler()
#1 /var/www/html/SIMRSHEBAT/system/Database/Postgre/Connection.php(147): pg_query()
#2 /var/www/html/SIMRSHEBAT/system/Database/BaseConnection.php(691): CodeIgniter\Database\Postgre\Connection->execute()
#3 /var/www/html/SIMRSHEBAT/app/Controllers/Rekammedisirja.php(453): CodeIgniter\Database\BaseConnection->simpleQuery()
#4 /var/www/html/SIMRSHEBAT/system/CodeIgniter.php(934): App\Controllers\Rekammedisirja->datamrpenyakitirja()
#5 /var/www/html/SIMRSHEBAT/system/CodeIgniter.php(499): CodeIgniter\CodeIgniter->runController()
#6 /var/www/html/SIMRSHEBAT/system/CodeIgniter.php(368): CodeIgniter\CodeIgniter->handleRequest()
#7 /var/www/html/SIMRSHEBAT/index.php(67): CodeIgniter\CodeIgniter->run()
#8 {main}
ERROR - 2024-11-11 13:28:49 --> ErrorException: pg_query(): Query failed: ERROR:  column &quot;id_kunjungan&quot; does not exist
LINE 2: ...mr_tindakan inner join icd_9 USING(kd_icd9) where id_kunjung...
                                                             ^ in /var/www/html/SIMRSHEBAT/system/Database/Postgre/Connection.php:147
Stack trace:
#0 [internal function]: CodeIgniter\Debug\Exceptions->errorHandler()
#1 /var/www/html/SIMRSHEBAT/system/Database/Postgre/Connection.php(147): pg_query()
#2 /var/www/html/SIMRSHEBAT/system/Database/BaseConnection.php(691): CodeIgniter\Database\Postgre\Connection->execute()
#3 /var/www/html/SIMRSHEBAT/app/Controllers/Rekammedisirja.php(411): CodeIgniter\Database\BaseConnection->simpleQuery()
#4 /var/www/html/SIMRSHEBAT/system/CodeIgniter.php(934): App\Controllers\Rekammedisirja->datamricd9irja()
#5 /var/www/html/SIMRSHEBAT/system/CodeIgniter.php(499): CodeIgniter\CodeIgniter->runController()
#6 /var/www/html/SIMRSHEBAT/system/CodeIgniter.php(368): CodeIgniter\CodeIgniter->handleRequest()
#7 /var/www/html/SIMRSHEBAT/index.php(67): CodeIgniter\CodeIgniter->run()
#8 {main}
WARNING - 2024-11-11 13:28:49 --> [DEPRECATED] Creation of dynamic property App\Controllers\Lab::$db is deprecated in APPPATH/Controllers/Api.php on line 8.
 1 SYSTEMPATH/CodeIgniter.php(906): App\Controllers\Api->__construct()
 2 SYSTEMPATH/CodeIgniter.php(490): CodeIgniter\CodeIgniter->createController()
 3 SYSTEMPATH/CodeIgniter.php(368): CodeIgniter\CodeIgniter->handleRequest(null, Object(Config\Cache), false)
 4 FCPATH/index.php(67): CodeIgniter\CodeIgniter->run()
WARNING - 2024-11-11 13:28:49 --> [DEPRECATED] Creation of dynamic property App\Controllers\Lab::$simrs is deprecated in APPPATH/Controllers/Api.php on line 9.
 1 SYSTEMPATH/CodeIgniter.php(906): App\Controllers\Api->__construct()
 2 SYSTEMPATH/CodeIgniter.php(490): CodeIgniter\CodeIgniter->createController()
 3 SYSTEMPATH/CodeIgniter.php(368): CodeIgniter\CodeIgniter->handleRequest(null, Object(Config\Cache), false)
 4 FCPATH/index.php(67): CodeIgniter\CodeIgniter->run()
WARNING - 2024-11-11 13:28:49 --> [DEPRECATED] Creation of dynamic property App\Controllers\Lab::$db is deprecated in APPPATH/Controllers/Api.php on line 8.
 1 SYSTEMPATH/CodeIgniter.php(906): App\Controllers\Api->__construct()
 2 SYSTEMPATH/CodeIgniter.php(490): CodeIgniter\CodeIgniter->createController()
 3 SYSTEMPATH/CodeIgniter.php(368): CodeIgniter\CodeIgniter->handleRequest(null, Object(Config\Cache), false)
 4 FCPATH/index.php(67): CodeIgniter\CodeIgniter->run()
WARNING - 2024-11-11 13:28:49 --> [DEPRECATED] Creation of dynamic property App\Controllers\Lab::$simrs is deprecated in APPPATH/Controllers/Api.php on line 9.
 1 SYSTEMPATH/CodeIgniter.php(906): App\Controllers\Api->__construct()
 2 SYSTEMPATH/CodeIgniter.php(490): CodeIgniter\CodeIgniter->createController()
 3 SYSTEMPATH/CodeIgniter.php(368): CodeIgniter\CodeIgniter->handleRequest(null, Object(Config\Cache), false)
 4 FCPATH/index.php(67): CodeIgniter\CodeIgniter->run()
WARNING - 2024-11-11 13:28:49 --> [DEPRECATED] Creation of dynamic property App\Controllers\Lab::$db is deprecated in APPPATH/Controllers/Api.php on line 8.
 1 SYSTEMPATH/CodeIgniter.php(906): App\Controllers\Api->__construct()
 2 SYSTEMPATH/CodeIgniter.php(490): CodeIgniter\CodeIgniter->createController()
 3 SYSTEMPATH/CodeIgniter.php(368): CodeIgniter\CodeIgniter->handleRequest(null, Object(Config\Cache), false)
 4 FCPATH/index.php(67): CodeIgniter\CodeIgniter->run()
WARNING - 2024-11-11 13:28:49 --> [DEPRECATED] Creation of dynamic property App\Controllers\Lab::$simrs is deprecated in APPPATH/Controllers/Api.php on line 9.
 1 SYSTEMPATH/CodeIgniter.php(906): App\Controllers\Api->__construct()
 2 SYSTEMPATH/CodeIgniter.php(490): CodeIgniter\CodeIgniter->createController()
 3 SYSTEMPATH/CodeIgniter.php(368): CodeIgniter\CodeIgniter->handleRequest(null, Object(Config\Cache), false)
 4 FCPATH/index.php(67): CodeIgniter\CodeIgniter->run()
ERROR - 2024-11-11 13:28:49 --> ErrorException: pg_query(): Query failed: ERROR:  column &quot;id_jenis_produk&quot; does not exist
LINE 1: SELECT * from produk WHERE id_jenis_produk='3' 
                                   ^ in /var/www/html/SIMRSHEBAT/system/Database/Postgre/Connection.php:147
Stack trace:
#0 [internal function]: CodeIgniter\Debug\Exceptions->errorHandler()
#1 /var/www/html/SIMRSHEBAT/system/Database/Postgre/Connection.php(147): pg_query()
#2 /var/www/html/SIMRSHEBAT/system/Database/BaseConnection.php(691): CodeIgniter\Database\Postgre\Connection->execute()
#3 /var/www/html/SIMRSHEBAT/system/Database/BaseConnection.php(605): CodeIgniter\Database\BaseConnection->simpleQuery()
#4 /var/www/html/SIMRSHEBAT/app/Controllers/Lab.php(447): CodeIgniter\Database\BaseConnection->query()
#5 /var/www/html/SIMRSHEBAT/system/CodeIgniter.php(934): App\Controllers\Lab->produk()
#6 /var/www/html/SIMRSHEBAT/system/CodeIgniter.php(499): CodeIgniter\CodeIgniter->runController()
#7 /var/www/html/SIMRSHEBAT/system/CodeIgniter.php(368): CodeIgniter\CodeIgniter->handleRequest()
#8 /var/www/html/SIMRSHEBAT/index.php(67): CodeIgniter\CodeIgniter->run()
#9 {main}
CRITICAL - 2024-11-11 13:28:49 --> Call to a member function getResult() on bool
in APPPATH/Controllers/Lab.php on line 447.
 1 SYSTEMPATH/CodeIgniter.php(934): App\Controllers\Lab->produk()
 2 SYSTEMPATH/CodeIgniter.php(499): CodeIgniter\CodeIgniter->runController()
 3 SYSTEMPATH/CodeIgniter.php(368): CodeIgniter\CodeIgniter->handleRequest()
 4 FCPATH/index.php(67): CodeIgniter\CodeIgniter->run()
ERROR - 2024-11-11 13:28:49 --> ErrorException: pg_query(): Query failed: ERROR:  function left(integer, integer) does not exist
LINE 1: SELECT * from produk WHERE left(kd_produk,2)='XR' 
                                   ^
HINT:  No function matches the given name and argument types. You might need to add explicit type casts. in /var/www/html/SIMRSHEBAT/system/Database/Postgre/Connection.php:147
Stack trace:
#0 [internal function]: CodeIgniter\Debug\Exceptions->errorHandler()
#1 /var/www/html/SIMRSHEBAT/system/Database/Postgre/Connection.php(147): pg_query()
#2 /var/www/html/SIMRSHEBAT/system/Database/BaseConnection.php(691): CodeIgniter\Database\Postgre\Connection->execute()
#3 /var/www/html/SIMRSHEBAT/system/Database/BaseConnection.php(605): CodeIgniter\Database\BaseConnection->simpleQuery()
#4 /var/www/html/SIMRSHEBAT/app/Controllers/Lab.php(465): CodeIgniter\Database\BaseConnection->query()
#5 /var/www/html/SIMRSHEBAT/system/CodeIgniter.php(934): App\Controllers\Lab->produkRad()
#6 /var/www/html/SIMRSHEBAT/system/CodeIgniter.php(499): CodeIgniter\CodeIgniter->runController()
#7 /var/www/html/SIMRSHEBAT/system/CodeIgniter.php(368): CodeIgniter\CodeIgniter->handleRequest()
#8 /var/www/html/SIMRSHEBAT/index.php(67): CodeIgniter\CodeIgniter->run()
#9 {main}
CRITICAL - 2024-11-11 13:28:49 --> Call to a member function getResult() on bool
in APPPATH/Controllers/Lab.php on line 465.
 1 SYSTEMPATH/CodeIgniter.php(934): App\Controllers\Lab->produkRad()
 2 SYSTEMPATH/CodeIgniter.php(499): CodeIgniter\CodeIgniter->runController()
 3 SYSTEMPATH/CodeIgniter.php(368): CodeIgniter\CodeIgniter->handleRequest()
 4 FCPATH/index.php(67): CodeIgniter\CodeIgniter->run()
ERROR - 2024-11-11 13:28:49 --> ErrorException: pg_query(): Query failed: ERROR:  function left(integer, integer) does not exist
LINE 1: SELECT * from produk WHERE left(kd_produk,2)='CT' 
                                   ^
HINT:  No function matches the given name and argument types. You might need to add explicit type casts. in /var/www/html/SIMRSHEBAT/system/Database/Postgre/Connection.php:147
Stack trace:
#0 [internal function]: CodeIgniter\Debug\Exceptions->errorHandler()
#1 /var/www/html/SIMRSHEBAT/system/Database/Postgre/Connection.php(147): pg_query()
#2 /var/www/html/SIMRSHEBAT/system/Database/BaseConnection.php(691): CodeIgniter\Database\Postgre\Connection->execute()
#3 /var/www/html/SIMRSHEBAT/system/Database/BaseConnection.php(605): CodeIgniter\Database\BaseConnection->simpleQuery()
#4 /var/www/html/SIMRSHEBAT/app/Controllers/Lab.php(465): CodeIgniter\Database\BaseConnection->query()
#5 /var/www/html/SIMRSHEBAT/system/CodeIgniter.php(934): App\Controllers\Lab->produkRad()
#6 /var/www/html/SIMRSHEBAT/system/CodeIgniter.php(499): CodeIgniter\CodeIgniter->runController()
#7 /var/www/html/SIMRSHEBAT/system/CodeIgniter.php(368): CodeIgniter\CodeIgniter->handleRequest()
#8 /var/www/html/SIMRSHEBAT/index.php(67): CodeIgniter\CodeIgniter->run()
#9 {main}
CRITICAL - 2024-11-11 13:28:49 --> Call to a member function getResult() on bool
in APPPATH/Controllers/Lab.php on line 465.
 1 SYSTEMPATH/CodeIgniter.php(934): App\Controllers\Lab->produkRad()
 2 SYSTEMPATH/CodeIgniter.php(499): CodeIgniter\CodeIgniter->runController()
 3 SYSTEMPATH/CodeIgniter.php(368): CodeIgniter\CodeIgniter->handleRequest()
 4 FCPATH/index.php(67): CodeIgniter\CodeIgniter->run()
WARNING - 2024-11-11 13:28:49 --> [DEPRECATED] Creation of dynamic property App\Controllers\Rekammedisirna::$db is deprecated in APPPATH/Controllers/Api.php on line 8.
 1 SYSTEMPATH/CodeIgniter.php(906): App\Controllers\Api->__construct()
 2 SYSTEMPATH/CodeIgniter.php(490): CodeIgniter\CodeIgniter->createController()
 3 SYSTEMPATH/CodeIgniter.php(368): CodeIgniter\CodeIgniter->handleRequest(null, Object(Config\Cache), false)
 4 FCPATH/index.php(67): CodeIgniter\CodeIgniter->run()
WARNING - 2024-11-11 13:28:49 --> [DEPRECATED] Creation of dynamic property App\Controllers\Lab::$db is deprecated in APPPATH/Controllers/Api.php on line 8.
 1 SYSTEMPATH/CodeIgniter.php(906): App\Controllers\Api->__construct()
 2 SYSTEMPATH/CodeIgniter.php(490): CodeIgniter\CodeIgniter->createController()
 3 SYSTEMPATH/CodeIgniter.php(368): CodeIgniter\CodeIgniter->handleRequest(null, Object(Config\Cache), false)
 4 FCPATH/index.php(67): CodeIgniter\CodeIgniter->run()
WARNING - 2024-11-11 13:28:49 --> [DEPRECATED] Creation of dynamic property App\Controllers\Rekammedisirna::$simrs is deprecated in APPPATH/Controllers/Api.php on line 9.
 1 SYSTEMPATH/CodeIgniter.php(906): App\Controllers\Api->__construct()
 2 SYSTEMPATH/CodeIgniter.php(490): CodeIgniter\CodeIgniter->createController()
 3 SYSTEMPATH/CodeIgniter.php(368): CodeIgniter\CodeIgniter->handleRequest(null, Object(Config\Cache), false)
 4 FCPATH/index.php(67): CodeIgniter\CodeIgniter->run()
WARNING - 2024-11-11 13:28:49 --> [DEPRECATED] Creation of dynamic property App\Controllers\Lab::$simrs is deprecated in APPPATH/Controllers/Api.php on line 9.
 1 SYSTEMPATH/CodeIgniter.php(906): App\Controllers\Api->__construct()
 2 SYSTEMPATH/CodeIgniter.php(490): CodeIgniter\CodeIgniter->createController()
 3 SYSTEMPATH/CodeIgniter.php(368): CodeIgniter\CodeIgniter->handleRequest(null, Object(Config\Cache), false)
 4 FCPATH/index.php(67): CodeIgniter\CodeIgniter->run()
WARNING - 2024-11-11 13:28:49 --> [DEPRECATED] Creation of dynamic property App\Controllers\Kunjungan::$db is deprecated in APPPATH/Controllers/Api.php on line 8.
 1 SYSTEMPATH/CodeIgniter.php(906): App\Controllers\Api->__construct()
 2 SYSTEMPATH/CodeIgniter.php(490): CodeIgniter\CodeIgniter->createController()
 3 SYSTEMPATH/CodeIgniter.php(368): CodeIgniter\CodeIgniter->handleRequest(null, Object(Config\Cache), false)
 4 FCPATH/index.php(67): CodeIgniter\CodeIgniter->run()
WARNING - 2024-11-11 13:28:49 --> [DEPRECATED] Creation of dynamic property App\Controllers\Kunjungan::$simrs is deprecated in APPPATH/Controllers/Api.php on line 9.
 1 SYSTEMPATH/CodeIgniter.php(906): App\Controllers\Api->__construct()
 2 SYSTEMPATH/CodeIgniter.php(490): CodeIgniter\CodeIgniter->createController()
 3 SYSTEMPATH/CodeIgniter.php(368): CodeIgniter\CodeIgniter->handleRequest(null, Object(Config\Cache), false)
 4 FCPATH/index.php(67): CodeIgniter\CodeIgniter->run()
ERROR - 2024-11-11 13:28:49 --> ErrorException: pg_query(): Query failed: ERROR:  relation &quot;order_lab&quot; does not exist
LINE 2:         order_lab o inner join
                ^ in /var/www/html/SIMRSHEBAT/system/Database/Postgre/Connection.php:147
Stack trace:
#0 [internal function]: CodeIgniter\Debug\Exceptions->errorHandler()
#1 /var/www/html/SIMRSHEBAT/system/Database/Postgre/Connection.php(147): pg_query()
#2 /var/www/html/SIMRSHEBAT/system/Database/BaseConnection.php(691): CodeIgniter\Database\Postgre\Connection->execute()
#3 /var/www/html/SIMRSHEBAT/app/Controllers/Rekammedisirna.php(823): CodeIgniter\Database\BaseConnection->simpleQuery()
#4 /var/www/html/SIMRSHEBAT/system/CodeIgniter.php(934): App\Controllers\Rekammedisirna->datapenunjangpasienirna()
#5 /var/www/html/SIMRSHEBAT/system/CodeIgniter.php(499): CodeIgniter\CodeIgniter->runController()
#6 /var/www/html/SIMRSHEBAT/system/CodeIgniter.php(368): CodeIgniter\CodeIgniter->handleRequest()
#7 /var/www/html/SIMRSHEBAT/index.php(67): CodeIgniter\CodeIgniter->run()
#8 {main}
ERROR - 2024-11-11 13:28:49 --> ErrorException: pg_query(): Query failed: ERROR:  function left(integer, integer) does not exist
LINE 1: SELECT * from produk WHERE left(kd_produk,2)='UR' 
                                   ^
HINT:  No function matches the given name and argument types. You might need to add explicit type casts. in /var/www/html/SIMRSHEBAT/system/Database/Postgre/Connection.php:147
Stack trace:
#0 [internal function]: CodeIgniter\Debug\Exceptions->errorHandler()
#1 /var/www/html/SIMRSHEBAT/system/Database/Postgre/Connection.php(147): pg_query()
#2 /var/www/html/SIMRSHEBAT/system/Database/BaseConnection.php(691): CodeIgniter\Database\Postgre\Connection->execute()
#3 /var/www/html/SIMRSHEBAT/system/Database/BaseConnection.php(605): CodeIgniter\Database\BaseConnection->simpleQuery()
#4 /var/www/html/SIMRSHEBAT/app/Controllers/Lab.php(465): CodeIgniter\Database\BaseConnection->query()
#5 /var/www/html/SIMRSHEBAT/system/CodeIgniter.php(934): App\Controllers\Lab->produkRad()
#6 /var/www/html/SIMRSHEBAT/system/CodeIgniter.php(499): CodeIgniter\CodeIgniter->runController()
#7 /var/www/html/SIMRSHEBAT/system/CodeIgniter.php(368): CodeIgniter\CodeIgniter->handleRequest()
#8 /var/www/html/SIMRSHEBAT/index.php(67): CodeIgniter\CodeIgniter->run()
#9 {main}
CRITICAL - 2024-11-11 13:28:49 --> Call to a member function getResult() on bool
in APPPATH/Controllers/Lab.php on line 465.
 1 SYSTEMPATH/CodeIgniter.php(934): App\Controllers\Lab->produkRad()
 2 SYSTEMPATH/CodeIgniter.php(499): CodeIgniter\CodeIgniter->runController()
 3 SYSTEMPATH/CodeIgniter.php(368): CodeIgniter\CodeIgniter->handleRequest()
 4 FCPATH/index.php(67): CodeIgniter\CodeIgniter->run()
ERROR - 2024-11-11 13:28:49 --> ErrorException: pg_query(): Query failed: ERROR:  column &quot;id_penyakit&quot; specified in USING clause does not exist in left table in /var/www/html/SIMRSHEBAT/system/Database/Postgre/Connection.php:147
Stack trace:
#0 [internal function]: CodeIgniter\Debug\Exceptions->errorHandler()
#1 /var/www/html/SIMRSHEBAT/system/Database/Postgre/Connection.php(147): pg_query()
#2 /var/www/html/SIMRSHEBAT/system/Database/BaseConnection.php(691): CodeIgniter\Database\Postgre\Connection->execute()
#3 /var/www/html/SIMRSHEBAT/app/Controllers/Kunjungan.php(585): CodeIgniter\Database\BaseConnection->simpleQuery()
#4 /var/www/html/SIMRSHEBAT/system/CodeIgniter.php(934): App\Controllers\Kunjungan->historipenyakit()
#5 /var/www/html/SIMRSHEBAT/system/CodeIgniter.php(499): CodeIgniter\CodeIgniter->runController()
#6 /var/www/html/SIMRSHEBAT/system/CodeIgniter.php(368): CodeIgniter\CodeIgniter->handleRequest()
#7 /var/www/html/SIMRSHEBAT/index.php(67): CodeIgniter\CodeIgniter->run()
#8 {main}
WARNING - 2024-11-11 13:28:49 --> [DEPRECATED] Creation of dynamic property App\Controllers\Kunjungan::$db is deprecated in APPPATH/Controllers/Api.php on line 8.
 1 SYSTEMPATH/CodeIgniter.php(906): App\Controllers\Api->__construct()
 2 SYSTEMPATH/CodeIgniter.php(490): CodeIgniter\CodeIgniter->createController()
 3 SYSTEMPATH/CodeIgniter.php(368): CodeIgniter\CodeIgniter->handleRequest(null, Object(Config\Cache), false)
 4 FCPATH/index.php(67): CodeIgniter\CodeIgniter->run()
WARNING - 2024-11-11 13:28:49 --> [DEPRECATED] Creation of dynamic property App\Controllers\Kunjungan::$simrs is deprecated in APPPATH/Controllers/Api.php on line 9.
 1 SYSTEMPATH/CodeIgniter.php(906): App\Controllers\Api->__construct()
 2 SYSTEMPATH/CodeIgniter.php(490): CodeIgniter\CodeIgniter->createController()
 3 SYSTEMPATH/CodeIgniter.php(368): CodeIgniter\CodeIgniter->handleRequest(null, Object(Config\Cache), false)
 4 FCPATH/index.php(67): CodeIgniter\CodeIgniter->run()
WARNING - 2024-11-11 13:28:49 --> [DEPRECATED] Creation of dynamic property App\Controllers\Kunjungan::$db is deprecated in APPPATH/Controllers/Api.php on line 8.
 1 SYSTEMPATH/CodeIgniter.php(906): App\Controllers\Api->__construct()
 2 SYSTEMPATH/CodeIgniter.php(490): CodeIgniter\CodeIgniter->createController()
 3 SYSTEMPATH/CodeIgniter.php(368): CodeIgniter\CodeIgniter->handleRequest(null, Object(Config\Cache), false)
 4 FCPATH/index.php(67): CodeIgniter\CodeIgniter->run()
WARNING - 2024-11-11 13:28:49 --> [DEPRECATED] Creation of dynamic property App\Controllers\Kunjungan::$simrs is deprecated in APPPATH/Controllers/Api.php on line 9.
 1 SYSTEMPATH/CodeIgniter.php(906): App\Controllers\Api->__construct()
 2 SYSTEMPATH/CodeIgniter.php(490): CodeIgniter\CodeIgniter->createController()
 3 SYSTEMPATH/CodeIgniter.php(368): CodeIgniter\CodeIgniter->handleRequest(null, Object(Config\Cache), false)
 4 FCPATH/index.php(67): CodeIgniter\CodeIgniter->run()
WARNING - 2024-11-11 13:28:49 --> [DEPRECATED] Creation of dynamic property App\Controllers\Datasosial::$db is deprecated in APPPATH/Controllers/Api.php on line 8.
 1 SYSTEMPATH/CodeIgniter.php(906): App\Controllers\Api->__construct()
 2 SYSTEMPATH/CodeIgniter.php(490): CodeIgniter\CodeIgniter->createController()
 3 SYSTEMPATH/CodeIgniter.php(368): CodeIgniter\CodeIgniter->handleRequest(null, Object(Config\Cache), false)
 4 FCPATH/index.php(67): CodeIgniter\CodeIgniter->run()
WARNING - 2024-11-11 13:28:49 --> [DEPRECATED] Creation of dynamic property App\Controllers\Datasosial::$simrs is deprecated in APPPATH/Controllers/Api.php on line 9.
 1 SYSTEMPATH/CodeIgniter.php(906): App\Controllers\Api->__construct()
 2 SYSTEMPATH/CodeIgniter.php(490): CodeIgniter\CodeIgniter->createController()
 3 SYSTEMPATH/CodeIgniter.php(368): CodeIgniter\CodeIgniter->handleRequest(null, Object(Config\Cache), false)
 4 FCPATH/index.php(67): CodeIgniter\CodeIgniter->run()
ERROR - 2024-11-11 13:28:49 --> ErrorException: pg_query(): Query failed: ERROR:  relation &quot;alergi&quot; does not exist
LINE 1: SELECT * from alergi where no_rm='6-34-87-73' 
                      ^ in /var/www/html/SIMRSHEBAT/system/Database/Postgre/Connection.php:147
Stack trace:
#0 [internal function]: CodeIgniter\Debug\Exceptions->errorHandler()
#1 /var/www/html/SIMRSHEBAT/system/Database/Postgre/Connection.php(147): pg_query()
#2 /var/www/html/SIMRSHEBAT/system/Database/BaseConnection.php(691): CodeIgniter\Database\Postgre\Connection->execute()
#3 /var/www/html/SIMRSHEBAT/app/Controllers/Kunjungan.php(632): CodeIgniter\Database\BaseConnection->simpleQuery()
#4 /var/www/html/SIMRSHEBAT/system/CodeIgniter.php(934): App\Controllers\Kunjungan->historialergi()
#5 /var/www/html/SIMRSHEBAT/system/CodeIgniter.php(499): CodeIgniter\CodeIgniter->runController()
#6 /var/www/html/SIMRSHEBAT/system/CodeIgniter.php(368): CodeIgniter\CodeIgniter->handleRequest()
#7 /var/www/html/SIMRSHEBAT/index.php(67): CodeIgniter\CodeIgniter->run()
#8 {main}
ERROR - 2024-11-11 13:28:49 --> ErrorException: pg_query(): Query failed: ERROR:  column &quot;id_penyakit&quot; specified in USING clause does not exist in left table in /var/www/html/SIMRSHEBAT/system/Database/Postgre/Connection.php:147
Stack trace:
#0 [internal function]: CodeIgniter\Debug\Exceptions->errorHandler()
#1 /var/www/html/SIMRSHEBAT/system/Database/Postgre/Connection.php(147): pg_query()
#2 /var/www/html/SIMRSHEBAT/system/Database/BaseConnection.php(691): CodeIgniter\Database\Postgre\Connection->execute()
#3 /var/www/html/SIMRSHEBAT/app/Controllers/Kunjungan.php(617): CodeIgniter\Database\BaseConnection->simpleQuery()
#4 /var/www/html/SIMRSHEBAT/system/CodeIgniter.php(934): App\Controllers\Kunjungan->historipenyakitkeluarga()
#5 /var/www/html/SIMRSHEBAT/system/CodeIgniter.php(499): CodeIgniter\CodeIgniter->runController()
#6 /var/www/html/SIMRSHEBAT/system/CodeIgniter.php(368): CodeIgniter\CodeIgniter->handleRequest()
#7 /var/www/html/SIMRSHEBAT/index.php(67): CodeIgniter\CodeIgniter->run()
#8 {main}
WARNING - 2024-11-11 13:28:49 --> [DEPRECATED] Creation of dynamic property App\Controllers\Datasosial::$db is deprecated in APPPATH/Controllers/Api.php on line 8.
 1 SYSTEMPATH/CodeIgniter.php(906): App\Controllers\Api->__construct()
 2 SYSTEMPATH/CodeIgniter.php(490): CodeIgniter\CodeIgniter->createController()
 3 SYSTEMPATH/CodeIgniter.php(368): CodeIgniter\CodeIgniter->handleRequest(null, Object(Config\Cache), false)
 4 FCPATH/index.php(67): CodeIgniter\CodeIgniter->run()
WARNING - 2024-11-11 13:28:49 --> [DEPRECATED] Creation of dynamic property App\Controllers\Datasosial::$simrs is deprecated in APPPATH/Controllers/Api.php on line 9.
 1 SYSTEMPATH/CodeIgniter.php(906): App\Controllers\Api->__construct()
 2 SYSTEMPATH/CodeIgniter.php(490): CodeIgniter\CodeIgniter->createController()
 3 SYSTEMPATH/CodeIgniter.php(368): CodeIgniter\CodeIgniter->handleRequest(null, Object(Config\Cache), false)
 4 FCPATH/index.php(67): CodeIgniter\CodeIgniter->run()
WARNING - 2024-11-11 13:28:55 --> [DEPRECATED] Creation of dynamic property App\Controllers\Rekammedisirna::$db is deprecated in APPPATH/Controllers/Api.php on line 8.
 1 SYSTEMPATH/CodeIgniter.php(906): App\Controllers\Api->__construct()
 2 SYSTEMPATH/CodeIgniter.php(490): CodeIgniter\CodeIgniter->createController()
 3 SYSTEMPATH/CodeIgniter.php(368): CodeIgniter\CodeIgniter->handleRequest(null, Object(Config\Cache), false)
 4 FCPATH/index.php(67): CodeIgniter\CodeIgniter->run()
WARNING - 2024-11-11 13:28:55 --> [DEPRECATED] Creation of dynamic property App\Controllers\Rekammedisirna::$db is deprecated in APPPATH/Controllers/Api.php on line 8.
 1 SYSTEMPATH/CodeIgniter.php(906): App\Controllers\Api->__construct()
 2 SYSTEMPATH/CodeIgniter.php(490): CodeIgniter\CodeIgniter->createController()
 3 SYSTEMPATH/CodeIgniter.php(368): CodeIgniter\CodeIgniter->handleRequest(null, Object(Config\Cache), false)
 4 FCPATH/index.php(67): CodeIgniter\CodeIgniter->run()
WARNING - 2024-11-11 13:28:55 --> [DEPRECATED] Creation of dynamic property App\Controllers\Rekammedisirna::$simrs is deprecated in APPPATH/Controllers/Api.php on line 9.
 1 SYSTEMPATH/CodeIgniter.php(906): App\Controllers\Api->__construct()
 2 SYSTEMPATH/CodeIgniter.php(490): CodeIgniter\CodeIgniter->createController()
 3 SYSTEMPATH/CodeIgniter.php(368): CodeIgniter\CodeIgniter->handleRequest(null, Object(Config\Cache), false)
 4 FCPATH/index.php(67): CodeIgniter\CodeIgniter->run()
WARNING - 2024-11-11 13:28:55 --> [DEPRECATED] Creation of dynamic property App\Controllers\Rekammedisirna::$simrs is deprecated in APPPATH/Controllers/Api.php on line 9.
 1 SYSTEMPATH/CodeIgniter.php(906): App\Controllers\Api->__construct()
 2 SYSTEMPATH/CodeIgniter.php(490): CodeIgniter\CodeIgniter->createController()
 3 SYSTEMPATH/CodeIgniter.php(368): CodeIgniter\CodeIgniter->handleRequest(null, Object(Config\Cache), false)
 4 FCPATH/index.php(67): CodeIgniter\CodeIgniter->run()
ERROR - 2024-11-11 13:28:55 --> ErrorException: pg_query(): Query failed: ERROR:  invalid input syntax for type integer: &quot;6-34-87-73&quot;
LINE 1: SELECT * FROM edukasi WHERE id_transaksi = '6-34-87-73' AND ...
                                                   ^ in /var/www/html/SIMRSHEBAT/system/Database/Postgre/Connection.php:147
Stack trace:
#0 [internal function]: CodeIgniter\Debug\Exceptions->errorHandler()
#1 /var/www/html/SIMRSHEBAT/system/Database/Postgre/Connection.php(147): pg_query()
#2 /var/www/html/SIMRSHEBAT/system/Database/BaseConnection.php(691): CodeIgniter\Database\Postgre\Connection->execute()
#3 /var/www/html/SIMRSHEBAT/system/Database/BaseConnection.php(605): CodeIgniter\Database\BaseConnection->simpleQuery()
#4 /var/www/html/SIMRSHEBAT/app/Controllers/Rekammedisirna.php(3013): CodeIgniter\Database\BaseConnection->query()
#5 /var/www/html/SIMRSHEBAT/system/CodeIgniter.php(934): App\Controllers\Rekammedisirna->load_edukasiirnautama()
#6 /var/www/html/SIMRSHEBAT/system/CodeIgniter.php(499): CodeIgniter\CodeIgniter->runController()
#7 /var/www/html/SIMRSHEBAT/system/CodeIgniter.php(368): CodeIgniter\CodeIgniter->handleRequest()
#8 /var/www/html/SIMRSHEBAT/index.php(67): CodeIgniter\CodeIgniter->run()
#9 {main}
ERROR - 2024-11-11 13:28:55 --> ErrorException: pg_query(): Query failed: ERROR:  column &quot;id_pegawai&quot; specified in USING clause does not exist in right table in /var/www/html/SIMRSHEBAT/system/Database/Postgre/Connection.php:147
Stack trace:
#0 [internal function]: CodeIgniter\Debug\Exceptions->errorHandler()
#1 /var/www/html/SIMRSHEBAT/system/Database/Postgre/Connection.php(147): pg_query()
#2 /var/www/html/SIMRSHEBAT/system/Database/BaseConnection.php(691): CodeIgniter\Database\Postgre\Connection->execute()
#3 /var/www/html/SIMRSHEBAT/system/Database/BaseConnection.php(605): CodeIgniter\Database\BaseConnection->simpleQuery()
#4 /var/www/html/SIMRSHEBAT/app/Controllers/Rekammedisirna.php(3015): CodeIgniter\Database\BaseConnection->query()
#5 /var/www/html/SIMRSHEBAT/system/CodeIgniter.php(934): App\Controllers\Rekammedisirna->load_edukasiirnautama()
#6 /var/www/html/SIMRSHEBAT/system/CodeIgniter.php(499): CodeIgniter\CodeIgniter->runController()
#7 /var/www/html/SIMRSHEBAT/system/CodeIgniter.php(368): CodeIgniter\CodeIgniter->handleRequest()
#8 /var/www/html/SIMRSHEBAT/index.php(67): CodeIgniter\CodeIgniter->run()
#9 {main}
CRITICAL - 2024-11-11 13:28:55 --> Call to a member function getNumRows() on bool
in APPPATH/Controllers/Rekammedisirna.php on line 3018.
 1 SYSTEMPATH/CodeIgniter.php(934): App\Controllers\Rekammedisirna->load_edukasiirnautama()
 2 SYSTEMPATH/CodeIgniter.php(499): CodeIgniter\CodeIgniter->runController()
 3 SYSTEMPATH/CodeIgniter.php(368): CodeIgniter\CodeIgniter->handleRequest()
 4 FCPATH/index.php(67): CodeIgniter\CodeIgniter->run()
WARNING - 2024-11-11 13:31:52 --> [DEPRECATED] Creation of dynamic property App\Controllers\Laporan::$db is deprecated in APPPATH/Controllers/Api.php on line 8.
 1 SYSTEMPATH/CodeIgniter.php(906): App\Controllers\Api->__construct()
 2 SYSTEMPATH/CodeIgniter.php(490): CodeIgniter\CodeIgniter->createController()
 3 SYSTEMPATH/CodeIgniter.php(368): CodeIgniter\CodeIgniter->handleRequest(null, Object(Config\Cache), false)
 4 FCPATH/index.php(67): CodeIgniter\CodeIgniter->run()
WARNING - 2024-11-11 13:31:52 --> [DEPRECATED] Creation of dynamic property App\Controllers\Laporan::$simrs is deprecated in APPPATH/Controllers/Api.php on line 9.
 1 SYSTEMPATH/CodeIgniter.php(906): App\Controllers\Api->__construct()
 2 SYSTEMPATH/CodeIgniter.php(490): CodeIgniter\CodeIgniter->createController()
 3 SYSTEMPATH/CodeIgniter.php(368): CodeIgniter\CodeIgniter->handleRequest(null, Object(Config\Cache), false)
 4 FCPATH/index.php(67): CodeIgniter\CodeIgniter->run()
WARNING - 2024-11-11 13:31:52 --> [DEPRECATED] Creation of dynamic property App\Controllers\User::$db is deprecated in APPPATH/Controllers/Api.php on line 8.
 1 SYSTEMPATH/CodeIgniter.php(906): App\Controllers\Api->__construct()
 2 SYSTEMPATH/CodeIgniter.php(490): CodeIgniter\CodeIgniter->createController()
 3 SYSTEMPATH/CodeIgniter.php(368): CodeIgniter\CodeIgniter->handleRequest(null, Object(Config\Cache), false)
 4 FCPATH/index.php(67): CodeIgniter\CodeIgniter->run()
WARNING - 2024-11-11 13:31:52 --> [DEPRECATED] Creation of dynamic property App\Controllers\User::$simrs is deprecated in APPPATH/Controllers/Api.php on line 9.
 1 SYSTEMPATH/CodeIgniter.php(906): App\Controllers\Api->__construct()
 2 SYSTEMPATH/CodeIgniter.php(490): CodeIgniter\CodeIgniter->createController()
 3 SYSTEMPATH/CodeIgniter.php(368): CodeIgniter\CodeIgniter->handleRequest(null, Object(Config\Cache), false)
 4 FCPATH/index.php(67): CodeIgniter\CodeIgniter->run()
WARNING - 2024-11-11 13:32:00 --> [DEPRECATED] Creation of dynamic property App\Controllers\Rekammedisirna::$db is deprecated in APPPATH/Controllers/Api.php on line 8.
 1 SYSTEMPATH/CodeIgniter.php(906): App\Controllers\Api->__construct()
 2 SYSTEMPATH/CodeIgniter.php(490): CodeIgniter\CodeIgniter->createController()
 3 SYSTEMPATH/CodeIgniter.php(368): CodeIgniter\CodeIgniter->handleRequest(null, Object(Config\Cache), false)
 4 FCPATH/index.php(67): CodeIgniter\CodeIgniter->run()
WARNING - 2024-11-11 13:32:00 --> [DEPRECATED] Creation of dynamic property App\Controllers\Rekammedisirna::$simrs is deprecated in APPPATH/Controllers/Api.php on line 9.
 1 SYSTEMPATH/CodeIgniter.php(906): App\Controllers\Api->__construct()
 2 SYSTEMPATH/CodeIgniter.php(490): CodeIgniter\CodeIgniter->createController()
 3 SYSTEMPATH/CodeIgniter.php(368): CodeIgniter\CodeIgniter->handleRequest(null, Object(Config\Cache), false)
 4 FCPATH/index.php(67): CodeIgniter\CodeIgniter->run()
WARNING - 2024-11-11 13:32:00 --> [DEPRECATED] Creation of dynamic property App\Controllers\Rekammedisirna::$db is deprecated in APPPATH/Controllers/Api.php on line 8.
 1 SYSTEMPATH/CodeIgniter.php(906): App\Controllers\Api->__construct()
 2 SYSTEMPATH/CodeIgniter.php(490): CodeIgniter\CodeIgniter->createController()
 3 SYSTEMPATH/CodeIgniter.php(368): CodeIgniter\CodeIgniter->handleRequest(null, Object(Config\Cache), false)
 4 FCPATH/index.php(67): CodeIgniter\CodeIgniter->run()
WARNING - 2024-11-11 13:32:00 --> [DEPRECATED] Creation of dynamic property App\Controllers\Rekammedisirna::$simrs is deprecated in APPPATH/Controllers/Api.php on line 9.
 1 SYSTEMPATH/CodeIgniter.php(906): App\Controllers\Api->__construct()
 2 SYSTEMPATH/CodeIgniter.php(490): CodeIgniter\CodeIgniter->createController()
 3 SYSTEMPATH/CodeIgniter.php(368): CodeIgniter\CodeIgniter->handleRequest(null, Object(Config\Cache), false)
 4 FCPATH/index.php(67): CodeIgniter\CodeIgniter->run()
WARNING - 2024-11-11 13:32:00 --> [DEPRECATED] Creation of dynamic property App\Controllers\Rekammedisirna::$db is deprecated in APPPATH/Controllers/Api.php on line 8.
 1 SYSTEMPATH/CodeIgniter.php(906): App\Controllers\Api->__construct()
 2 SYSTEMPATH/CodeIgniter.php(490): CodeIgniter\CodeIgniter->createController()
 3 SYSTEMPATH/CodeIgniter.php(368): CodeIgniter\CodeIgniter->handleRequest(null, Object(Config\Cache), false)
 4 FCPATH/index.php(67): CodeIgniter\CodeIgniter->run()
WARNING - 2024-11-11 13:32:00 --> [DEPRECATED] Creation of dynamic property App\Controllers\Rekammedisirna::$simrs is deprecated in APPPATH/Controllers/Api.php on line 9.
 1 SYSTEMPATH/CodeIgniter.php(906): App\Controllers\Api->__construct()
 2 SYSTEMPATH/CodeIgniter.php(490): CodeIgniter\CodeIgniter->createController()
 3 SYSTEMPATH/CodeIgniter.php(368): CodeIgniter\CodeIgniter->handleRequest(null, Object(Config\Cache), false)
 4 FCPATH/index.php(67): CodeIgniter\CodeIgniter->run()
WARNING - 2024-11-11 13:36:08 --> [DEPRECATED] Creation of dynamic property App\Controllers\Rawatjalan::$db is deprecated in APPPATH/Controllers/Api.php on line 8.
 1 SYSTEMPATH/CodeIgniter.php(906): App\Controllers\Api->__construct()
 2 SYSTEMPATH/CodeIgniter.php(490): CodeIgniter\CodeIgniter->createController()
 3 SYSTEMPATH/CodeIgniter.php(368): CodeIgniter\CodeIgniter->handleRequest(null, Object(Config\Cache), false)
 4 FCPATH/index.php(67): CodeIgniter\CodeIgniter->run()
WARNING - 2024-11-11 13:36:08 --> [DEPRECATED] Creation of dynamic property App\Controllers\Rekammedisirja::$db is deprecated in APPPATH/Controllers/Api.php on line 8.
 1 SYSTEMPATH/CodeIgniter.php(906): App\Controllers\Api->__construct()
 2 SYSTEMPATH/CodeIgniter.php(490): CodeIgniter\CodeIgniter->createController()
 3 SYSTEMPATH/CodeIgniter.php(368): CodeIgniter\CodeIgniter->handleRequest(null, Object(Config\Cache), false)
 4 FCPATH/index.php(67): CodeIgniter\CodeIgniter->run()
WARNING - 2024-11-11 13:36:08 --> [DEPRECATED] Creation of dynamic property App\Controllers\Rekammedisirja::$db is deprecated in APPPATH/Controllers/Api.php on line 8.
 1 SYSTEMPATH/CodeIgniter.php(906): App\Controllers\Api->__construct()
 2 SYSTEMPATH/CodeIgniter.php(490): CodeIgniter\CodeIgniter->createController()
 3 SYSTEMPATH/CodeIgniter.php(368): CodeIgniter\CodeIgniter->handleRequest(null, Object(Config\Cache), false)
 4 FCPATH/index.php(67): CodeIgniter\CodeIgniter->run()
WARNING - 2024-11-11 13:36:08 --> [DEPRECATED] Creation of dynamic property App\Controllers\Rawatjalan::$simrs is deprecated in APPPATH/Controllers/Api.php on line 9.
 1 SYSTEMPATH/CodeIgniter.php(906): App\Controllers\Api->__construct()
 2 SYSTEMPATH/CodeIgniter.php(490): CodeIgniter\CodeIgniter->createController()
 3 SYSTEMPATH/CodeIgniter.php(368): CodeIgniter\CodeIgniter->handleRequest(null, Object(Config\Cache), false)
 4 FCPATH/index.php(67): CodeIgniter\CodeIgniter->run()
WARNING - 2024-11-11 13:36:08 --> [DEPRECATED] Creation of dynamic property App\Controllers\Rekammedisirja::$simrs is deprecated in APPPATH/Controllers/Api.php on line 9.
 1 SYSTEMPATH/CodeIgniter.php(906): App\Controllers\Api->__construct()
 2 SYSTEMPATH/CodeIgniter.php(490): CodeIgniter\CodeIgniter->createController()
 3 SYSTEMPATH/CodeIgniter.php(368): CodeIgniter\CodeIgniter->handleRequest(null, Object(Config\Cache), false)
 4 FCPATH/index.php(67): CodeIgniter\CodeIgniter->run()
WARNING - 2024-11-11 13:36:08 --> [DEPRECATED] Creation of dynamic property App\Controllers\Rekammedisirja::$simrs is deprecated in APPPATH/Controllers/Api.php on line 9.
 1 SYSTEMPATH/CodeIgniter.php(906): App\Controllers\Api->__construct()
 2 SYSTEMPATH/CodeIgniter.php(490): CodeIgniter\CodeIgniter->createController()
 3 SYSTEMPATH/CodeIgniter.php(368): CodeIgniter\CodeIgniter->handleRequest(null, Object(Config\Cache), false)
 4 FCPATH/index.php(67): CodeIgniter\CodeIgniter->run()
ERROR - 2024-11-11 13:36:08 --> ErrorException: pg_query(): Query failed: ERROR:  column &quot;jenis_pegawai&quot; does not exist
LINE 1: SELECT * FROM pegawai where jenis_pegawai='1'
                                    ^ in /var/www/html/SIMRSHEBAT/system/Database/Postgre/Connection.php:147
Stack trace:
#0 [internal function]: CodeIgniter\Debug\Exceptions->errorHandler()
#1 /var/www/html/SIMRSHEBAT/system/Database/Postgre/Connection.php(147): pg_query()
#2 /var/www/html/SIMRSHEBAT/system/Database/BaseConnection.php(691): CodeIgniter\Database\Postgre\Connection->execute()
#3 /var/www/html/SIMRSHEBAT/system/Database/BaseConnection.php(605): CodeIgniter\Database\BaseConnection->simpleQuery()
#4 /var/www/html/SIMRSHEBAT/app/Controllers/Rawatjalan.php(32): CodeIgniter\Database\BaseConnection->query()
#5 /var/www/html/SIMRSHEBAT/system/CodeIgniter.php(934): App\Controllers\Rawatjalan->pegawai()
#6 /var/www/html/SIMRSHEBAT/system/CodeIgniter.php(499): CodeIgniter\CodeIgniter->runController()
#7 /var/www/html/SIMRSHEBAT/system/CodeIgniter.php(368): CodeIgniter\CodeIgniter->handleRequest()
#8 /var/www/html/SIMRSHEBAT/index.php(67): CodeIgniter\CodeIgniter->run()
#9 {main}
ERROR - 2024-11-11 13:36:08 --> ErrorException: pg_query(): Query failed: ERROR:  column &quot;id_penyakit&quot; specified in USING clause does not exist in left table in /var/www/html/SIMRSHEBAT/system/Database/Postgre/Connection.php:147
Stack trace:
#0 [internal function]: CodeIgniter\Debug\Exceptions->errorHandler()
#1 /var/www/html/SIMRSHEBAT/system/Database/Postgre/Connection.php(147): pg_query()
#2 /var/www/html/SIMRSHEBAT/system/Database/BaseConnection.php(691): CodeIgniter\Database\Postgre\Connection->execute()
#3 /var/www/html/SIMRSHEBAT/app/Controllers/Rekammedisirja.php(453): CodeIgniter\Database\BaseConnection->simpleQuery()
#4 /var/www/html/SIMRSHEBAT/system/CodeIgniter.php(934): App\Controllers\Rekammedisirja->datamrpenyakitirja()
#5 /var/www/html/SIMRSHEBAT/system/CodeIgniter.php(499): CodeIgniter\CodeIgniter->runController()
#6 /var/www/html/SIMRSHEBAT/system/CodeIgniter.php(368): CodeIgniter\CodeIgniter->handleRequest()
#7 /var/www/html/SIMRSHEBAT/index.php(67): CodeIgniter\CodeIgniter->run()
#8 {main}
CRITICAL - 2024-11-11 13:36:08 --> Call to a member function getResult() on bool
in APPPATH/Controllers/Rawatjalan.php on line 35.
 1 SYSTEMPATH/CodeIgniter.php(934): App\Controllers\Rawatjalan->pegawai()
 2 SYSTEMPATH/CodeIgniter.php(499): CodeIgniter\CodeIgniter->runController()
 3 SYSTEMPATH/CodeIgniter.php(368): CodeIgniter\CodeIgniter->handleRequest()
 4 FCPATH/index.php(67): CodeIgniter\CodeIgniter->run()
ERROR - 2024-11-11 13:36:08 --> ErrorException: pg_query(): Query failed: ERROR:  column &quot;id_kunjungan&quot; does not exist
LINE 2: ...mr_tindakan inner join icd_9 USING(kd_icd9) where id_kunjung...
                                                             ^ in /var/www/html/SIMRSHEBAT/system/Database/Postgre/Connection.php:147
Stack trace:
#0 [internal function]: CodeIgniter\Debug\Exceptions->errorHandler()
#1 /var/www/html/SIMRSHEBAT/system/Database/Postgre/Connection.php(147): pg_query()
#2 /var/www/html/SIMRSHEBAT/system/Database/BaseConnection.php(691): CodeIgniter\Database\Postgre\Connection->execute()
#3 /var/www/html/SIMRSHEBAT/app/Controllers/Rekammedisirja.php(411): CodeIgniter\Database\BaseConnection->simpleQuery()
#4 /var/www/html/SIMRSHEBAT/system/CodeIgniter.php(934): App\Controllers\Rekammedisirja->datamricd9irja()
#5 /var/www/html/SIMRSHEBAT/system/CodeIgniter.php(499): CodeIgniter\CodeIgniter->runController()
#6 /var/www/html/SIMRSHEBAT/system/CodeIgniter.php(368): CodeIgniter\CodeIgniter->handleRequest()
#7 /var/www/html/SIMRSHEBAT/index.php(67): CodeIgniter\CodeIgniter->run()
#8 {main}
WARNING - 2024-11-11 13:36:08 --> [DEPRECATED] Creation of dynamic property App\Controllers\Lab::$db is deprecated in APPPATH/Controllers/Api.php on line 8.
 1 SYSTEMPATH/CodeIgniter.php(906): App\Controllers\Api->__construct()
 2 SYSTEMPATH/CodeIgniter.php(490): CodeIgniter\CodeIgniter->createController()
 3 SYSTEMPATH/CodeIgniter.php(368): CodeIgniter\CodeIgniter->handleRequest(null, Object(Config\Cache), false)
 4 FCPATH/index.php(67): CodeIgniter\CodeIgniter->run()
WARNING - 2024-11-11 13:36:08 --> [DEPRECATED] Creation of dynamic property App\Controllers\Lab::$simrs is deprecated in APPPATH/Controllers/Api.php on line 9.
 1 SYSTEMPATH/CodeIgniter.php(906): App\Controllers\Api->__construct()
 2 SYSTEMPATH/CodeIgniter.php(490): CodeIgniter\CodeIgniter->createController()
 3 SYSTEMPATH/CodeIgniter.php(368): CodeIgniter\CodeIgniter->handleRequest(null, Object(Config\Cache), false)
 4 FCPATH/index.php(67): CodeIgniter\CodeIgniter->run()
WARNING - 2024-11-11 13:36:08 --> [DEPRECATED] Creation of dynamic property App\Controllers\Lab::$db is deprecated in APPPATH/Controllers/Api.php on line 8.
 1 SYSTEMPATH/CodeIgniter.php(906): App\Controllers\Api->__construct()
 2 SYSTEMPATH/CodeIgniter.php(490): CodeIgniter\CodeIgniter->createController()
 3 SYSTEMPATH/CodeIgniter.php(368): CodeIgniter\CodeIgniter->handleRequest(null, Object(Config\Cache), false)
 4 FCPATH/index.php(67): CodeIgniter\CodeIgniter->run()
WARNING - 2024-11-11 13:36:08 --> [DEPRECATED] Creation of dynamic property App\Controllers\Lab::$db is deprecated in APPPATH/Controllers/Api.php on line 8.
 1 SYSTEMPATH/CodeIgniter.php(906): App\Controllers\Api->__construct()
 2 SYSTEMPATH/CodeIgniter.php(490): CodeIgniter\CodeIgniter->createController()
 3 SYSTEMPATH/CodeIgniter.php(368): CodeIgniter\CodeIgniter->handleRequest(null, Object(Config\Cache), false)
 4 FCPATH/index.php(67): CodeIgniter\CodeIgniter->run()
WARNING - 2024-11-11 13:36:08 --> [DEPRECATED] Creation of dynamic property App\Controllers\Lab::$simrs is deprecated in APPPATH/Controllers/Api.php on line 9.
 1 SYSTEMPATH/CodeIgniter.php(906): App\Controllers\Api->__construct()
 2 SYSTEMPATH/CodeIgniter.php(490): CodeIgniter\CodeIgniter->createController()
 3 SYSTEMPATH/CodeIgniter.php(368): CodeIgniter\CodeIgniter->handleRequest(null, Object(Config\Cache), false)
 4 FCPATH/index.php(67): CodeIgniter\CodeIgniter->run()
WARNING - 2024-11-11 13:36:08 --> [DEPRECATED] Creation of dynamic property App\Controllers\Lab::$simrs is deprecated in APPPATH/Controllers/Api.php on line 9.
 1 SYSTEMPATH/CodeIgniter.php(906): App\Controllers\Api->__construct()
 2 SYSTEMPATH/CodeIgniter.php(490): CodeIgniter\CodeIgniter->createController()
 3 SYSTEMPATH/CodeIgniter.php(368): CodeIgniter\CodeIgniter->handleRequest(null, Object(Config\Cache), false)
 4 FCPATH/index.php(67): CodeIgniter\CodeIgniter->run()
ERROR - 2024-11-11 13:36:08 --> ErrorException: pg_query(): Query failed: ERROR:  function left(integer, integer) does not exist
LINE 1: SELECT * from produk WHERE left(kd_produk,2)='CT' 
                                   ^
HINT:  No function matches the given name and argument types. You might need to add explicit type casts. in /var/www/html/SIMRSHEBAT/system/Database/Postgre/Connection.php:147
Stack trace:
#0 [internal function]: CodeIgniter\Debug\Exceptions->errorHandler()
#1 /var/www/html/SIMRSHEBAT/system/Database/Postgre/Connection.php(147): pg_query()
#2 /var/www/html/SIMRSHEBAT/system/Database/BaseConnection.php(691): CodeIgniter\Database\Postgre\Connection->execute()
#3 /var/www/html/SIMRSHEBAT/system/Database/BaseConnection.php(605): CodeIgniter\Database\BaseConnection->simpleQuery()
#4 /var/www/html/SIMRSHEBAT/app/Controllers/Lab.php(465): CodeIgniter\Database\BaseConnection->query()
#5 /var/www/html/SIMRSHEBAT/system/CodeIgniter.php(934): App\Controllers\Lab->produkRad()
#6 /var/www/html/SIMRSHEBAT/system/CodeIgniter.php(499): CodeIgniter\CodeIgniter->runController()
#7 /var/www/html/SIMRSHEBAT/system/CodeIgniter.php(368): CodeIgniter\CodeIgniter->handleRequest()
#8 /var/www/html/SIMRSHEBAT/index.php(67): CodeIgniter\CodeIgniter->run()
#9 {main}
CRITICAL - 2024-11-11 13:36:08 --> Call to a member function getResult() on bool
in APPPATH/Controllers/Lab.php on line 465.
 1 SYSTEMPATH/CodeIgniter.php(934): App\Controllers\Lab->produkRad()
 2 SYSTEMPATH/CodeIgniter.php(499): CodeIgniter\CodeIgniter->runController()
 3 SYSTEMPATH/CodeIgniter.php(368): CodeIgniter\CodeIgniter->handleRequest()
 4 FCPATH/index.php(67): CodeIgniter\CodeIgniter->run()
ERROR - 2024-11-11 13:36:08 --> ErrorException: pg_query(): Query failed: ERROR:  function left(integer, integer) does not exist
LINE 1: SELECT * from produk WHERE left(kd_produk,2)='XR' 
                                   ^
HINT:  No function matches the given name and argument types. You might need to add explicit type casts. in /var/www/html/SIMRSHEBAT/system/Database/Postgre/Connection.php:147
Stack trace:
#0 [internal function]: CodeIgniter\Debug\Exceptions->errorHandler()
#1 /var/www/html/SIMRSHEBAT/system/Database/Postgre/Connection.php(147): pg_query()
#2 /var/www/html/SIMRSHEBAT/system/Database/BaseConnection.php(691): CodeIgniter\Database\Postgre\Connection->execute()
#3 /var/www/html/SIMRSHEBAT/system/Database/BaseConnection.php(605): CodeIgniter\Database\BaseConnection->simpleQuery()
#4 /var/www/html/SIMRSHEBAT/app/Controllers/Lab.php(465): CodeIgniter\Database\BaseConnection->query()
#5 /var/www/html/SIMRSHEBAT/system/CodeIgniter.php(934): App\Controllers\Lab->produkRad()
#6 /var/www/html/SIMRSHEBAT/system/CodeIgniter.php(499): CodeIgniter\CodeIgniter->runController()
#7 /var/www/html/SIMRSHEBAT/system/CodeIgniter.php(368): CodeIgniter\CodeIgniter->handleRequest()
#8 /var/www/html/SIMRSHEBAT/index.php(67): CodeIgniter\CodeIgniter->run()
#9 {main}
ERROR - 2024-11-11 13:36:08 --> ErrorException: pg_query(): Query failed: ERROR:  column &quot;id_jenis_produk&quot; does not exist
LINE 1: SELECT * from produk WHERE id_jenis_produk='3' 
                                   ^ in /var/www/html/SIMRSHEBAT/system/Database/Postgre/Connection.php:147
Stack trace:
#0 [internal function]: CodeIgniter\Debug\Exceptions->errorHandler()
#1 /var/www/html/SIMRSHEBAT/system/Database/Postgre/Connection.php(147): pg_query()
#2 /var/www/html/SIMRSHEBAT/system/Database/BaseConnection.php(691): CodeIgniter\Database\Postgre\Connection->execute()
#3 /var/www/html/SIMRSHEBAT/system/Database/BaseConnection.php(605): CodeIgniter\Database\BaseConnection->simpleQuery()
#4 /var/www/html/SIMRSHEBAT/app/Controllers/Lab.php(447): CodeIgniter\Database\BaseConnection->query()
#5 /var/www/html/SIMRSHEBAT/system/CodeIgniter.php(934): App\Controllers\Lab->produk()
#6 /var/www/html/SIMRSHEBAT/system/CodeIgniter.php(499): CodeIgniter\CodeIgniter->runController()
#7 /var/www/html/SIMRSHEBAT/system/CodeIgniter.php(368): CodeIgniter\CodeIgniter->handleRequest()
#8 /var/www/html/SIMRSHEBAT/index.php(67): CodeIgniter\CodeIgniter->run()
#9 {main}
CRITICAL - 2024-11-11 13:36:08 --> Call to a member function getResult() on bool
in APPPATH/Controllers/Lab.php on line 465.
 1 SYSTEMPATH/CodeIgniter.php(934): App\Controllers\Lab->produkRad()
 2 SYSTEMPATH/CodeIgniter.php(499): CodeIgniter\CodeIgniter->runController()
 3 SYSTEMPATH/CodeIgniter.php(368): CodeIgniter\CodeIgniter->handleRequest()
 4 FCPATH/index.php(67): CodeIgniter\CodeIgniter->run()
CRITICAL - 2024-11-11 13:36:08 --> Call to a member function getResult() on bool
in APPPATH/Controllers/Lab.php on line 447.
 1 SYSTEMPATH/CodeIgniter.php(934): App\Controllers\Lab->produk()
 2 SYSTEMPATH/CodeIgniter.php(499): CodeIgniter\CodeIgniter->runController()
 3 SYSTEMPATH/CodeIgniter.php(368): CodeIgniter\CodeIgniter->handleRequest()
 4 FCPATH/index.php(67): CodeIgniter\CodeIgniter->run()
WARNING - 2024-11-11 13:36:08 --> [DEPRECATED] Creation of dynamic property App\Controllers\Lab::$db is deprecated in APPPATH/Controllers/Api.php on line 8.
 1 SYSTEMPATH/CodeIgniter.php(906): App\Controllers\Api->__construct()
 2 SYSTEMPATH/CodeIgniter.php(490): CodeIgniter\CodeIgniter->createController()
 3 SYSTEMPATH/CodeIgniter.php(368): CodeIgniter\CodeIgniter->handleRequest(null, Object(Config\Cache), false)
 4 FCPATH/index.php(67): CodeIgniter\CodeIgniter->run()
WARNING - 2024-11-11 13:36:08 --> [DEPRECATED] Creation of dynamic property App\Controllers\Lab::$simrs is deprecated in APPPATH/Controllers/Api.php on line 9.
 1 SYSTEMPATH/CodeIgniter.php(906): App\Controllers\Api->__construct()
 2 SYSTEMPATH/CodeIgniter.php(490): CodeIgniter\CodeIgniter->createController()
 3 SYSTEMPATH/CodeIgniter.php(368): CodeIgniter\CodeIgniter->handleRequest(null, Object(Config\Cache), false)
 4 FCPATH/index.php(67): CodeIgniter\CodeIgniter->run()
WARNING - 2024-11-11 13:36:08 --> [DEPRECATED] Creation of dynamic property App\Controllers\Kunjungan::$db is deprecated in APPPATH/Controllers/Api.php on line 8.
 1 SYSTEMPATH/CodeIgniter.php(906): App\Controllers\Api->__construct()
 2 SYSTEMPATH/CodeIgniter.php(490): CodeIgniter\CodeIgniter->createController()
 3 SYSTEMPATH/CodeIgniter.php(368): CodeIgniter\CodeIgniter->handleRequest(null, Object(Config\Cache), false)
 4 FCPATH/index.php(67): CodeIgniter\CodeIgniter->run()
WARNING - 2024-11-11 13:36:08 --> [DEPRECATED] Creation of dynamic property App\Controllers\Kunjungan::$simrs is deprecated in APPPATH/Controllers/Api.php on line 9.
 1 SYSTEMPATH/CodeIgniter.php(906): App\Controllers\Api->__construct()
 2 SYSTEMPATH/CodeIgniter.php(490): CodeIgniter\CodeIgniter->createController()
 3 SYSTEMPATH/CodeIgniter.php(368): CodeIgniter\CodeIgniter->handleRequest(null, Object(Config\Cache), false)
 4 FCPATH/index.php(67): CodeIgniter\CodeIgniter->run()
WARNING - 2024-11-11 13:36:08 --> [DEPRECATED] Creation of dynamic property App\Controllers\Rekammedisirna::$db is deprecated in APPPATH/Controllers/Api.php on line 8.
 1 SYSTEMPATH/CodeIgniter.php(906): App\Controllers\Api->__construct()
 2 SYSTEMPATH/CodeIgniter.php(490): CodeIgniter\CodeIgniter->createController()
 3 SYSTEMPATH/CodeIgniter.php(368): CodeIgniter\CodeIgniter->handleRequest(null, Object(Config\Cache), false)
 4 FCPATH/index.php(67): CodeIgniter\CodeIgniter->run()
WARNING - 2024-11-11 13:36:08 --> [DEPRECATED] Creation of dynamic property App\Controllers\Rekammedisirna::$simrs is deprecated in APPPATH/Controllers/Api.php on line 9.
 1 SYSTEMPATH/CodeIgniter.php(906): App\Controllers\Api->__construct()
 2 SYSTEMPATH/CodeIgniter.php(490): CodeIgniter\CodeIgniter->createController()
 3 SYSTEMPATH/CodeIgniter.php(368): CodeIgniter\CodeIgniter->handleRequest(null, Object(Config\Cache), false)
 4 FCPATH/index.php(67): CodeIgniter\CodeIgniter->run()
ERROR - 2024-11-11 13:36:08 --> ErrorException: pg_query(): Query failed: ERROR:  function left(integer, integer) does not exist
LINE 1: SELECT * from produk WHERE left(kd_produk,2)='UR' 
                                   ^
HINT:  No function matches the given name and argument types. You might need to add explicit type casts. in /var/www/html/SIMRSHEBAT/system/Database/Postgre/Connection.php:147
Stack trace:
#0 [internal function]: CodeIgniter\Debug\Exceptions->errorHandler()
#1 /var/www/html/SIMRSHEBAT/system/Database/Postgre/Connection.php(147): pg_query()
#2 /var/www/html/SIMRSHEBAT/system/Database/BaseConnection.php(691): CodeIgniter\Database\Postgre\Connection->execute()
#3 /var/www/html/SIMRSHEBAT/system/Database/BaseConnection.php(605): CodeIgniter\Database\BaseConnection->simpleQuery()
#4 /var/www/html/SIMRSHEBAT/app/Controllers/Lab.php(465): CodeIgniter\Database\BaseConnection->query()
#5 /var/www/html/SIMRSHEBAT/system/CodeIgniter.php(934): App\Controllers\Lab->produkRad()
#6 /var/www/html/SIMRSHEBAT/system/CodeIgniter.php(499): CodeIgniter\CodeIgniter->runController()
#7 /var/www/html/SIMRSHEBAT/system/CodeIgniter.php(368): CodeIgniter\CodeIgniter->handleRequest()
#8 /var/www/html/SIMRSHEBAT/index.php(67): CodeIgniter\CodeIgniter->run()
#9 {main}
CRITICAL - 2024-11-11 13:36:08 --> Call to a member function getResult() on bool
in APPPATH/Controllers/Lab.php on line 465.
 1 SYSTEMPATH/CodeIgniter.php(934): App\Controllers\Lab->produkRad()
 2 SYSTEMPATH/CodeIgniter.php(499): CodeIgniter\CodeIgniter->runController()
 3 SYSTEMPATH/CodeIgniter.php(368): CodeIgniter\CodeIgniter->handleRequest()
 4 FCPATH/index.php(67): CodeIgniter\CodeIgniter->run()
ERROR - 2024-11-11 13:36:08 --> ErrorException: pg_query(): Query failed: ERROR:  column &quot;id_penyakit&quot; specified in USING clause does not exist in left table in /var/www/html/SIMRSHEBAT/system/Database/Postgre/Connection.php:147
Stack trace:
#0 [internal function]: CodeIgniter\Debug\Exceptions->errorHandler()
#1 /var/www/html/SIMRSHEBAT/system/Database/Postgre/Connection.php(147): pg_query()
#2 /var/www/html/SIMRSHEBAT/system/Database/BaseConnection.php(691): CodeIgniter\Database\Postgre\Connection->execute()
#3 /var/www/html/SIMRSHEBAT/app/Controllers/Kunjungan.php(585): CodeIgniter\Database\BaseConnection->simpleQuery()
#4 /var/www/html/SIMRSHEBAT/system/CodeIgniter.php(934): App\Controllers\Kunjungan->historipenyakit()
#5 /var/www/html/SIMRSHEBAT/system/CodeIgniter.php(499): CodeIgniter\CodeIgniter->runController()
#6 /var/www/html/SIMRSHEBAT/system/CodeIgniter.php(368): CodeIgniter\CodeIgniter->handleRequest()
#7 /var/www/html/SIMRSHEBAT/index.php(67): CodeIgniter\CodeIgniter->run()
#8 {main}
ERROR - 2024-11-11 13:36:08 --> ErrorException: pg_query(): Query failed: ERROR:  relation &quot;order_lab&quot; does not exist
LINE 2:         order_lab o inner join
                ^ in /var/www/html/SIMRSHEBAT/system/Database/Postgre/Connection.php:147
Stack trace:
#0 [internal function]: CodeIgniter\Debug\Exceptions->errorHandler()
#1 /var/www/html/SIMRSHEBAT/system/Database/Postgre/Connection.php(147): pg_query()
#2 /var/www/html/SIMRSHEBAT/system/Database/BaseConnection.php(691): CodeIgniter\Database\Postgre\Connection->execute()
#3 /var/www/html/SIMRSHEBAT/app/Controllers/Rekammedisirna.php(823): CodeIgniter\Database\BaseConnection->simpleQuery()
#4 /var/www/html/SIMRSHEBAT/system/CodeIgniter.php(934): App\Controllers\Rekammedisirna->datapenunjangpasienirna()
#5 /var/www/html/SIMRSHEBAT/system/CodeIgniter.php(499): CodeIgniter\CodeIgniter->runController()
#6 /var/www/html/SIMRSHEBAT/system/CodeIgniter.php(368): CodeIgniter\CodeIgniter->handleRequest()
#7 /var/www/html/SIMRSHEBAT/index.php(67): CodeIgniter\CodeIgniter->run()
#8 {main}
WARNING - 2024-11-11 13:36:08 --> [DEPRECATED] Creation of dynamic property App\Controllers\Kunjungan::$db is deprecated in APPPATH/Controllers/Api.php on line 8.
 1 SYSTEMPATH/CodeIgniter.php(906): App\Controllers\Api->__construct()
 2 SYSTEMPATH/CodeIgniter.php(490): CodeIgniter\CodeIgniter->createController()
 3 SYSTEMPATH/CodeIgniter.php(368): CodeIgniter\CodeIgniter->handleRequest(null, Object(Config\Cache), false)
 4 FCPATH/index.php(67): CodeIgniter\CodeIgniter->run()
WARNING - 2024-11-11 13:36:08 --> [DEPRECATED] Creation of dynamic property App\Controllers\Kunjungan::$simrs is deprecated in APPPATH/Controllers/Api.php on line 9.
 1 SYSTEMPATH/CodeIgniter.php(906): App\Controllers\Api->__construct()
 2 SYSTEMPATH/CodeIgniter.php(490): CodeIgniter\CodeIgniter->createController()
 3 SYSTEMPATH/CodeIgniter.php(368): CodeIgniter\CodeIgniter->handleRequest(null, Object(Config\Cache), false)
 4 FCPATH/index.php(67): CodeIgniter\CodeIgniter->run()
WARNING - 2024-11-11 13:36:08 --> [DEPRECATED] Creation of dynamic property App\Controllers\Kunjungan::$db is deprecated in APPPATH/Controllers/Api.php on line 8.
 1 SYSTEMPATH/CodeIgniter.php(906): App\Controllers\Api->__construct()
 2 SYSTEMPATH/CodeIgniter.php(490): CodeIgniter\CodeIgniter->createController()
 3 SYSTEMPATH/CodeIgniter.php(368): CodeIgniter\CodeIgniter->handleRequest(null, Object(Config\Cache), false)
 4 FCPATH/index.php(67): CodeIgniter\CodeIgniter->run()
WARNING - 2024-11-11 13:36:08 --> [DEPRECATED] Creation of dynamic property App\Controllers\Kunjungan::$simrs is deprecated in APPPATH/Controllers/Api.php on line 9.
 1 SYSTEMPATH/CodeIgniter.php(906): App\Controllers\Api->__construct()
 2 SYSTEMPATH/CodeIgniter.php(490): CodeIgniter\CodeIgniter->createController()
 3 SYSTEMPATH/CodeIgniter.php(368): CodeIgniter\CodeIgniter->handleRequest(null, Object(Config\Cache), false)
 4 FCPATH/index.php(67): CodeIgniter\CodeIgniter->run()
WARNING - 2024-11-11 13:36:08 --> [DEPRECATED] Creation of dynamic property App\Controllers\Datasosial::$db is deprecated in APPPATH/Controllers/Api.php on line 8.
 1 SYSTEMPATH/CodeIgniter.php(906): App\Controllers\Api->__construct()
 2 SYSTEMPATH/CodeIgniter.php(490): CodeIgniter\CodeIgniter->createController()
 3 SYSTEMPATH/CodeIgniter.php(368): CodeIgniter\CodeIgniter->handleRequest(null, Object(Config\Cache), false)
 4 FCPATH/index.php(67): CodeIgniter\CodeIgniter->run()
WARNING - 2024-11-11 13:36:08 --> [DEPRECATED] Creation of dynamic property App\Controllers\Datasosial::$simrs is deprecated in APPPATH/Controllers/Api.php on line 9.
 1 SYSTEMPATH/CodeIgniter.php(906): App\Controllers\Api->__construct()
 2 SYSTEMPATH/CodeIgniter.php(490): CodeIgniter\CodeIgniter->createController()
 3 SYSTEMPATH/CodeIgniter.php(368): CodeIgniter\CodeIgniter->handleRequest(null, Object(Config\Cache), false)
 4 FCPATH/index.php(67): CodeIgniter\CodeIgniter->run()
ERROR - 2024-11-11 13:36:08 --> ErrorException: pg_query(): Query failed: ERROR:  relation &quot;alergi&quot; does not exist
LINE 1: SELECT * from alergi where no_rm='6-34-87-73' 
                      ^ in /var/www/html/SIMRSHEBAT/system/Database/Postgre/Connection.php:147
Stack trace:
#0 [internal function]: CodeIgniter\Debug\Exceptions->errorHandler()
#1 /var/www/html/SIMRSHEBAT/system/Database/Postgre/Connection.php(147): pg_query()
#2 /var/www/html/SIMRSHEBAT/system/Database/BaseConnection.php(691): CodeIgniter\Database\Postgre\Connection->execute()
#3 /var/www/html/SIMRSHEBAT/app/Controllers/Kunjungan.php(632): CodeIgniter\Database\BaseConnection->simpleQuery()
#4 /var/www/html/SIMRSHEBAT/system/CodeIgniter.php(934): App\Controllers\Kunjungan->historialergi()
#5 /var/www/html/SIMRSHEBAT/system/CodeIgniter.php(499): CodeIgniter\CodeIgniter->runController()
#6 /var/www/html/SIMRSHEBAT/system/CodeIgniter.php(368): CodeIgniter\CodeIgniter->handleRequest()
#7 /var/www/html/SIMRSHEBAT/index.php(67): CodeIgniter\CodeIgniter->run()
#8 {main}
ERROR - 2024-11-11 13:36:08 --> ErrorException: pg_query(): Query failed: ERROR:  column &quot;id_penyakit&quot; specified in USING clause does not exist in left table in /var/www/html/SIMRSHEBAT/system/Database/Postgre/Connection.php:147
Stack trace:
#0 [internal function]: CodeIgniter\Debug\Exceptions->errorHandler()
#1 /var/www/html/SIMRSHEBAT/system/Database/Postgre/Connection.php(147): pg_query()
#2 /var/www/html/SIMRSHEBAT/system/Database/BaseConnection.php(691): CodeIgniter\Database\Postgre\Connection->execute()
#3 /var/www/html/SIMRSHEBAT/app/Controllers/Kunjungan.php(617): CodeIgniter\Database\BaseConnection->simpleQuery()
#4 /var/www/html/SIMRSHEBAT/system/CodeIgniter.php(934): App\Controllers\Kunjungan->historipenyakitkeluarga()
#5 /var/www/html/SIMRSHEBAT/system/CodeIgniter.php(499): CodeIgniter\CodeIgniter->runController()
#6 /var/www/html/SIMRSHEBAT/system/CodeIgniter.php(368): CodeIgniter\CodeIgniter->handleRequest()
#7 /var/www/html/SIMRSHEBAT/index.php(67): CodeIgniter\CodeIgniter->run()
#8 {main}
WARNING - 2024-11-11 13:36:08 --> [DEPRECATED] Creation of dynamic property App\Controllers\Datasosial::$db is deprecated in APPPATH/Controllers/Api.php on line 8.
 1 SYSTEMPATH/CodeIgniter.php(906): App\Controllers\Api->__construct()
 2 SYSTEMPATH/CodeIgniter.php(490): CodeIgniter\CodeIgniter->createController()
 3 SYSTEMPATH/CodeIgniter.php(368): CodeIgniter\CodeIgniter->handleRequest(null, Object(Config\Cache), false)
 4 FCPATH/index.php(67): CodeIgniter\CodeIgniter->run()
WARNING - 2024-11-11 13:36:08 --> [DEPRECATED] Creation of dynamic property App\Controllers\Datasosial::$simrs is deprecated in APPPATH/Controllers/Api.php on line 9.
 1 SYSTEMPATH/CodeIgniter.php(906): App\Controllers\Api->__construct()
 2 SYSTEMPATH/CodeIgniter.php(490): CodeIgniter\CodeIgniter->createController()
 3 SYSTEMPATH/CodeIgniter.php(368): CodeIgniter\CodeIgniter->handleRequest(null, Object(Config\Cache), false)
 4 FCPATH/index.php(67): CodeIgniter\CodeIgniter->run()
INFO - 2024-11-11 14:17:01 --> Session: Class initialized using 'CodeIgniter\Session\Handlers\FileHandler' driver.
WARNING - 2024-11-11 14:17:03 --> [DEPRECATED] Creation of dynamic property App\Controllers\User::$db is deprecated in APPPATH/Controllers/Api.php on line 8.
 1 SYSTEMPATH/CodeIgniter.php(906): App\Controllers\Api->__construct()
 2 SYSTEMPATH/CodeIgniter.php(490): CodeIgniter\CodeIgniter->createController()
 3 SYSTEMPATH/CodeIgniter.php(368): CodeIgniter\CodeIgniter->handleRequest(null, Object(Config\Cache), false)
 4 FCPATH/index.php(67): CodeIgniter\CodeIgniter->run()
WARNING - 2024-11-11 14:17:03 --> [DEPRECATED] Creation of dynamic property App\Controllers\User::$simrs is deprecated in APPPATH/Controllers/Api.php on line 9.
 1 SYSTEMPATH/CodeIgniter.php(906): App\Controllers\Api->__construct()
 2 SYSTEMPATH/CodeIgniter.php(490): CodeIgniter\CodeIgniter->createController()
 3 SYSTEMPATH/CodeIgniter.php(368): CodeIgniter\CodeIgniter->handleRequest(null, Object(Config\Cache), false)
 4 FCPATH/index.php(67): CodeIgniter\CodeIgniter->run()
WARNING - 2024-11-11 14:17:04 --> [DEPRECATED] Creation of dynamic property App\Controllers\Laporan::$db is deprecated in APPPATH/Controllers/Api.php on line 8.
 1 SYSTEMPATH/CodeIgniter.php(906): App\Controllers\Api->__construct()
 2 SYSTEMPATH/CodeIgniter.php(490): CodeIgniter\CodeIgniter->createController()
 3 SYSTEMPATH/CodeIgniter.php(368): CodeIgniter\CodeIgniter->handleRequest(null, Object(Config\Cache), false)
 4 FCPATH/index.php(67): CodeIgniter\CodeIgniter->run()
WARNING - 2024-11-11 14:17:04 --> [DEPRECATED] Creation of dynamic property App\Controllers\Laporan::$simrs is deprecated in APPPATH/Controllers/Api.php on line 9.
 1 SYSTEMPATH/CodeIgniter.php(906): App\Controllers\Api->__construct()
 2 SYSTEMPATH/CodeIgniter.php(490): CodeIgniter\CodeIgniter->createController()
 3 SYSTEMPATH/CodeIgniter.php(368): CodeIgniter\CodeIgniter->handleRequest(null, Object(Config\Cache), false)
 4 FCPATH/index.php(67): CodeIgniter\CodeIgniter->run()
WARNING - 2024-11-11 14:17:04 --> [DEPRECATED] Creation of dynamic property App\Controllers\User::$db is deprecated in APPPATH/Controllers/Api.php on line 8.
 1 SYSTEMPATH/CodeIgniter.php(906): App\Controllers\Api->__construct()
 2 SYSTEMPATH/CodeIgniter.php(490): CodeIgniter\CodeIgniter->createController()
 3 SYSTEMPATH/CodeIgniter.php(368): CodeIgniter\CodeIgniter->handleRequest(null, Object(Config\Cache), false)
 4 FCPATH/index.php(67): CodeIgniter\CodeIgniter->run()
WARNING - 2024-11-11 14:17:04 --> [DEPRECATED] Creation of dynamic property App\Controllers\User::$simrs is deprecated in APPPATH/Controllers/Api.php on line 9.
 1 SYSTEMPATH/CodeIgniter.php(906): App\Controllers\Api->__construct()
 2 SYSTEMPATH/CodeIgniter.php(490): CodeIgniter\CodeIgniter->createController()
 3 SYSTEMPATH/CodeIgniter.php(368): CodeIgniter\CodeIgniter->handleRequest(null, Object(Config\Cache), false)
 4 FCPATH/index.php(67): CodeIgniter\CodeIgniter->run()
WARNING - 2024-11-11 14:17:24 --> [DEPRECATED] Creation of dynamic property App\Controllers\Rekammedisirna::$db is deprecated in APPPATH/Controllers/Api.php on line 8.
 1 SYSTEMPATH/CodeIgniter.php(906): App\Controllers\Api->__construct()
 2 SYSTEMPATH/CodeIgniter.php(490): CodeIgniter\CodeIgniter->createController()
 3 SYSTEMPATH/CodeIgniter.php(368): CodeIgniter\CodeIgniter->handleRequest(null, Object(Config\Cache), false)
 4 FCPATH/index.php(67): CodeIgniter\CodeIgniter->run()
WARNING - 2024-11-11 14:17:24 --> [DEPRECATED] Creation of dynamic property App\Controllers\Rekammedisirna::$simrs is deprecated in APPPATH/Controllers/Api.php on line 9.
 1 SYSTEMPATH/CodeIgniter.php(906): App\Controllers\Api->__construct()
 2 SYSTEMPATH/CodeIgniter.php(490): CodeIgniter\CodeIgniter->createController()
 3 SYSTEMPATH/CodeIgniter.php(368): CodeIgniter\CodeIgniter->handleRequest(null, Object(Config\Cache), false)
 4 FCPATH/index.php(67): CodeIgniter\CodeIgniter->run()
WARNING - 2024-11-11 14:17:24 --> [DEPRECATED] Creation of dynamic property App\Controllers\Rekammedisirna::$db is deprecated in APPPATH/Controllers/Api.php on line 8.
 1 SYSTEMPATH/CodeIgniter.php(906): App\Controllers\Api->__construct()
 2 SYSTEMPATH/CodeIgniter.php(490): CodeIgniter\CodeIgniter->createController()
 3 SYSTEMPATH/CodeIgniter.php(368): CodeIgniter\CodeIgniter->handleRequest(null, Object(Config\Cache), false)
 4 FCPATH/index.php(67): CodeIgniter\CodeIgniter->run()
WARNING - 2024-11-11 14:17:24 --> [DEPRECATED] Creation of dynamic property App\Controllers\Rekammedisirna::$simrs is deprecated in APPPATH/Controllers/Api.php on line 9.
 1 SYSTEMPATH/CodeIgniter.php(906): App\Controllers\Api->__construct()
 2 SYSTEMPATH/CodeIgniter.php(490): CodeIgniter\CodeIgniter->createController()
 3 SYSTEMPATH/CodeIgniter.php(368): CodeIgniter\CodeIgniter->handleRequest(null, Object(Config\Cache), false)
 4 FCPATH/index.php(67): CodeIgniter\CodeIgniter->run()
WARNING - 2024-11-11 14:17:24 --> [DEPRECATED] Creation of dynamic property App\Controllers\Rekammedisirna::$db is deprecated in APPPATH/Controllers/Api.php on line 8.
 1 SYSTEMPATH/CodeIgniter.php(906): App\Controllers\Api->__construct()
 2 SYSTEMPATH/CodeIgniter.php(490): CodeIgniter\CodeIgniter->createController()
 3 SYSTEMPATH/CodeIgniter.php(368): CodeIgniter\CodeIgniter->handleRequest(null, Object(Config\Cache), false)
 4 FCPATH/index.php(67): CodeIgniter\CodeIgniter->run()
WARNING - 2024-11-11 14:17:24 --> [DEPRECATED] Creation of dynamic property App\Controllers\Rekammedisirna::$simrs is deprecated in APPPATH/Controllers/Api.php on line 9.
 1 SYSTEMPATH/CodeIgniter.php(906): App\Controllers\Api->__construct()
 2 SYSTEMPATH/CodeIgniter.php(490): CodeIgniter\CodeIgniter->createController()
 3 SYSTEMPATH/CodeIgniter.php(368): CodeIgniter\CodeIgniter->handleRequest(null, Object(Config\Cache), false)
 4 FCPATH/index.php(67): CodeIgniter\CodeIgniter->run()
